{"v":"5.6.3","fr":60,"ip":0,"op":180,"w":1100,"h":1100,"nm":"Child Pose Extended","ddd":0,"assets":[],"layers":[{"ddd":0,"ind":1,"ty":4,"nm":"hand","sr":1,"ks":{"o":{"a":0,"k":100,"ix":11},"r":{"a":0,"k":0,"ix":10},"p":{"a":0,"k":[871.727,783.543,0],"ix":2},"a":{"a":0,"k":[779.727,727.543,0],"ix":1},"s":{"a":0,"k":[100,100,100],"ix":6}},"ao":0,"shapes":[{"ty":"gr","it":[{"ind":0,"ty":"sh","ix":1,"ks":{"a":0,"k":{"i":[[0.476,3.215],[0,0],[1.667,0.705],[15.437,5.943],[-0.155,1.035],[2.161,0.086],[3.198,-1.467],[0.893,-0.13],[5.307,-0.724],[1.281,-6.266],[-8.733,-0.524],[0,0],[-6.213,0.126],[-5.439,-0.479],[0,0],[-4.83,0.578],[0,0]],"o":[[-0.476,-3.215],[0,0],[-1.283,-0.542],[0.14,-0.744],[0.26,-1.727],[-2.161,-0.087],[-0.958,0.442],[-7.631,-1.052],[-7.458,1.016],[-3.913,19.176],[8.733,0.525],[0,0],[6.214,-0.126],[5.437,0.476],[0,0],[4.83,-0.578],[0,0]],"v":[[59.542,12.945],[55.21,8.626],[52.169,3.918],[1.772,-15.542],[4.029,-19.148],[1.506,-24.013],[-8.164,-20.027],[-10.978,-19.213],[-37.906,-21.259],[-56.105,-11.316],[-28.304,13.857],[-7.172,18.279],[2.846,18.453],[23.722,23.624],[30.766,19.377],[43.108,22.375],[51.289,17.526]],"c":true},"ix":2},"nm":"Path 1","mn":"ADBE Vector Shape - Group","hd":false},{"ty":"fl","c":{"a":0,"k":[0.847000002394,0.607999973671,0.501999978458,1],"ix":4},"o":{"a":0,"k":100,"ix":5},"r":1,"bm":0,"nm":"Fill 1","mn":"ADBE Vector Graphic - Fill","hd":false},{"ty":"tr","p":{"a":0,"k":[778.221,727.722],"ix":2},"a":{"a":0,"k":[0,0],"ix":1},"s":{"a":0,"k":[100,100],"ix":3},"r":{"a":0,"k":0,"ix":6},"o":{"a":0,"k":100,"ix":7},"sk":{"a":0,"k":0,"ix":4},"sa":{"a":0,"k":0,"ix":5},"nm":"Transform"}],"nm":"Group 1","np":2,"cix":2,"bm":0,"ix":1,"mn":"ADBE Vector Group","hd":false}],"ip":0,"op":180,"st":0,"bm":0},{"ddd":0,"ind":2,"ty":4,"nm":"forearm","sr":1,"ks":{"o":{"a":0,"k":100,"ix":11},"r":{"a":0,"k":0,"ix":10},"p":{"a":0,"k":[749.18,742.188,0],"ix":2},"a":{"a":0,"k":[657.18,686.188,0],"ix":1},"s":{"a":0,"k":[100,100,100],"ix":6}},"ao":0,"shapes":[{"ty":"gr","it":[{"ind":0,"ty":"sh","ix":1,"ks":{"a":0,"k":{"i":[[-22.7,-33.533],[-19.032,-3.959],[-29.037,-1.237],[-6.607,7.107],[11.712,5.459],[19.022,11.999],[17.688,8.387],[15.812,5.491]],"o":[[3.721,5.497],[28.958,6.026],[7.039,0.293],[4.758,-5.116],[-28.422,-13.248],[-8.965,-5.657],[-16.229,-7.696],[-18.246,-6.334]],"v":[[-78.656,5.525],[-19.268,32.93],[70.781,45.213],[96.597,41.015],[89.421,21.761],[39.138,-2.412],[-7.737,-27.538],[-53.862,-41.788]],"c":true},"ix":2},"nm":"Path 1","mn":"ADBE Vector Shape - Group","hd":false},{"ty":"fl","c":{"a":0,"k":[0.847000002394,0.607999973671,0.501999978458,1],"ix":4},"o":{"a":0,"k":100,"ix":5},"r":1,"bm":0,"nm":"Fill 1","mn":"ADBE Vector Graphic - Fill","hd":false},{"ty":"tr","p":{"a":0,"k":[650.893,684.701],"ix":2},"a":{"a":0,"k":[0,0],"ix":1},"s":{"a":0,"k":[100,100],"ix":3},"r":{"a":0,"k":0,"ix":6},"o":{"a":0,"k":100,"ix":7},"sk":{"a":0,"k":0,"ix":4},"sa":{"a":0,"k":0,"ix":5},"nm":"Transform"}],"nm":"Group 1","np":2,"cix":2,"bm":0,"ix":1,"mn":"ADBE Vector Group","hd":false}],"ip":0,"op":180,"st":0,"bm":0},{"ddd":0,"ind":3,"ty":4,"nm":"arm_shadow","sr":1,"ks":{"o":{"a":0,"k":100,"ix":11},"r":{"a":0,"k":0,"ix":10},"p":{"a":0,"k":[559.22,676.841,0],"ix":2},"a":{"a":0,"k":[467.22,620.841,0],"ix":1},"s":{"a":0,"k":[100,100,100],"ix":6}},"ao":0,"shapes":[{"ty":"gr","it":[{"ind":0,"ty":"sh","ix":1,"ks":{"a":0,"k":{"i":[[4.078,6.785],[4.787,16.032],[0,0],[12.375,1.97],[0,0],[-0.004,-0.032],[-0.939,-2.913],[-13.622,-15.75],[-16.635,-12.045]],"o":[[-7.805,-12.983],[-4.787,-16.031],[0,0],[-12.375,-1.969],[0.004,0.028],[0.777,3.814],[5.314,16.484],[7.078,8.182],[-6.616,-6.139]],"v":[[20.687,25.352],[4.368,-15.992],[6.062,-39.123],[-18.969,-35.398],[-37.533,-42.846],[-37.52,-42.753],[-34.813,-32.492],[-7.813,-0.053],[37.533,42.846]],"c":true},"ix":2},"nm":"Path 1","mn":"ADBE Vector Shape - Group","hd":false},{"ty":"fl","c":{"a":0,"k":[0.804000016755,0.560999971278,0.458999992819,1],"ix":4},"o":{"a":0,"k":100,"ix":5},"r":1,"bm":0,"nm":"Fill 1","mn":"ADBE Vector Graphic - Fill","hd":false},{"ty":"tr","p":{"a":0,"k":[467.22,620.841],"ix":2},"a":{"a":0,"k":[0,0],"ix":1},"s":{"a":0,"k":[100,100],"ix":3},"r":{"a":0,"k":0,"ix":6},"o":{"a":0,"k":100,"ix":7},"sk":{"a":0,"k":0,"ix":4},"sa":{"a":0,"k":0,"ix":5},"nm":"Transform"}],"nm":"Group 1","np":2,"cix":2,"bm":0,"ix":1,"mn":"ADBE Vector Group","hd":false}],"ip":0,"op":180,"st":0,"bm":0},{"ddd":0,"ind":4,"ty":4,"nm":"arm","sr":1,"ks":{"o":{"a":0,"k":100,"ix":11},"r":{"a":0,"k":0,"ix":10},"p":{"a":0,"k":[609.887,668.434,0],"ix":2},"a":{"a":0,"k":[517.887,612.434,0],"ix":1},"s":{"a":0,"k":[100,100,100],"ix":6}},"ao":0,"shapes":[{"ty":"gr","it":[{"ind":0,"ty":"sh","ix":1,"ks":{"a":0,"k":{"i":[[-7.402,10.758],[-13.362,1.368],[-13.934,-13.813],[-0.561,-3.27],[-18.428,-14.634],[8.25,-20.49],[10.138,3.106],[32.898,14.735],[9.402,10.872],[5.314,16.484]],"o":[[8.681,-12.613],[13.271,-1.359],[18.189,18.031],[0.637,3.72],[25.5,20.25],[-4.028,9.999],[-4.051,-1.238],[-22.183,-9.938],[-13.623,-15.75],[-3.361,-10.421]],"v":[[-85.534,-64.173],[-54.176,-78.986],[-9.064,-58.948],[17.131,-18.795],[54.731,10.244],[84.686,64.052],[54.266,77.239],[-1.263,58.427],[-58.564,7.802],[-85.564,-24.637]],"c":true},"ix":2},"nm":"Path 1","mn":"ADBE Vector Shape - Group","hd":false},{"ty":"fl","c":{"a":0,"k":[0.847000002394,0.607999973671,0.501999978458,1],"ix":4},"o":{"a":0,"k":100,"ix":5},"r":1,"bm":0,"nm":"Fill 1","mn":"ADBE Vector Graphic - Fill","hd":false},{"ty":"tr","p":{"a":0,"k":[519.15,612.987],"ix":2},"a":{"a":0,"k":[0,0],"ix":1},"s":{"a":0,"k":[100,100],"ix":3},"r":{"a":0,"k":0,"ix":6},"o":{"a":0,"k":100,"ix":7},"sk":{"a":0,"k":0,"ix":4},"sa":{"a":0,"k":0,"ix":5},"nm":"Transform"}],"nm":"Group 1","np":2,"cix":2,"bm":0,"ix":1,"mn":"ADBE Vector Group","hd":false}],"ip":0,"op":180,"st":0,"bm":0},{"ddd":0,"ind":5,"ty":4,"nm":"hair","sr":1,"ks":{"o":{"a":0,"k":100,"ix":11},"r":{"a":0,"k":0,"ix":10},"p":{"a":0,"k":[650.745,654.481,0],"ix":2},"a":{"a":0,"k":[558.745,598.481,0],"ix":1},"s":{"a":0,"k":[100,100,100],"ix":6}},"ao":0,"shapes":[{"ty":"gr","it":[{"ind":0,"ty":"sh","ix":1,"ks":{"a":0,"k":{"i":[[12.569,-21.318],[13.108,-8.958],[1.363,-1.727],[1.018,-1.305],[1.097,-0.294],[1.216,-1.326],[0,0],[2.732,-0.7],[1.859,-0.914],[-0.052,-0.682],[0.531,0.134],[0.57,-0.193],[-0.28,-0.466],[0,0],[-0.046,-0.485],[0,0],[0.167,0.052],[0.344,-0.595],[1.273,0.715],[0.125,0.023],[0.015,0.046],[0.584,-0.376],[-0.962,-0.79],[1.052,0.578],[1.007,0.834],[-2.515,6.649],[-6.253,10.126],[3.122,4.187],[-2.338,-0.733],[-11.825,-4.713]],"o":[[-7.873,13.353],[-1.813,1.237],[-1.024,1.302],[-0.697,0.894],[-1.734,0.466],[-1.217,1.327],[0,0],[-1.986,0.506],[-0.118,0.692],[-0.531,-0.134],[-0.554,-0.137],[-0.569,0.196],[0,0],[0.045,0.484],[0,0],[-0.129,-0.108],[-0.632,-0.196],[-0.653,-0.68],[-0.127,-0.024],[-0.006,-0.029],[-0.553,-0.204],[-1.612,1.037],[-0.877,-0.718],[-1.165,-0.637],[-5.174,-4.281],[1.721,-4.556],[6.272,-10.158],[-3.875,-5.196],[4.685,1.47],[25.861,10.307]],"v":[[39.03,15.15],[17.633,41.574],[11.221,45.881],[10.13,50.422],[7.065,51.78],[2.487,54.56],[-2.341,60.866],[-9.38,59.461],[-14.876,62.305],[-15.008,64.372],[-16.6,63.97],[-18.318,63.888],[-19.076,65.223],[-20.245,64.948],[-20.112,66.404],[-22.126,64.683],[-22.555,64.411],[-24.128,65.52],[-27.151,62.442],[-27.534,62.367],[-27.566,62.25],[-29.284,62.422],[-28.573,66.211],[-32.272,64.631],[-35.536,62.415],[-41.367,44.322],[-45.345,18.816],[-40.832,-17.184],[-40.154,-63.699],[6.966,-61.691]],"c":true},"ix":2},"nm":"Path 1","mn":"ADBE Vector Shape - Group","hd":false},{"ty":"fl","c":{"a":0,"k":[0.26699999641,0.172999991623,0.144999994016,1],"ix":4},"o":{"a":0,"k":100,"ix":5},"r":1,"bm":0,"nm":"Fill 1","mn":"ADBE Vector Graphic - Fill","hd":false},{"ty":"tr","p":{"a":0,"k":[560.814,597.285],"ix":2},"a":{"a":0,"k":[0,0],"ix":1},"s":{"a":0,"k":[100,100],"ix":3},"r":{"a":0,"k":0,"ix":6},"o":{"a":0,"k":100,"ix":7},"sk":{"a":0,"k":0,"ix":4},"sa":{"a":0,"k":0,"ix":5},"nm":"Transform"}],"nm":"Group 1","np":2,"cix":2,"bm":0,"ix":1,"mn":"ADBE Vector Group","hd":false}],"ip":0,"op":180,"st":0,"bm":0},{"ddd":0,"ind":6,"ty":4,"nm":"neck_shadow","sr":1,"ks":{"o":{"a":0,"k":100,"ix":11},"r":{"a":0,"k":0,"ix":10},"p":{"a":0,"k":[601.33,610.602,0],"ix":2},"a":{"a":0,"k":[509.33,554.602,0],"ix":1},"s":{"a":0,"k":[100,100,100],"ix":6}},"ao":0,"shapes":[{"ty":"gr","it":[{"ind":0,"ty":"sh","ix":1,"ks":{"a":0,"k":{"i":[[0,0],[0,0],[0,0],[0,0],[0,0]],"o":[[0,0],[0,0],[0,0],[0,0],[0,0]],"v":[[-14.576,-19.85],[14.576,3.935],[-5.861,19.85],[-10.397,-8.954],[-14.576,-17.408]],"c":false},"ix":2},"nm":"Path 1","mn":"ADBE Vector Shape - Group","hd":false},{"ty":"fl","c":{"a":0,"k":[0.804000016755,0.560999971278,0.458999992819,1],"ix":4},"o":{"a":0,"k":100,"ix":5},"r":1,"bm":0,"nm":"Fill 1","mn":"ADBE Vector Graphic - Fill","hd":false},{"ty":"tr","p":{"a":0,"k":[509.33,554.602],"ix":2},"a":{"a":0,"k":[0,0],"ix":1},"s":{"a":0,"k":[100,100],"ix":3},"r":{"a":0,"k":0,"ix":6},"o":{"a":0,"k":100,"ix":7},"sk":{"a":0,"k":0,"ix":4},"sa":{"a":0,"k":0,"ix":5},"nm":"Transform"}],"nm":"Group 1","np":2,"cix":2,"bm":0,"ix":1,"mn":"ADBE Vector Group","hd":false}],"ip":0,"op":180,"st":0,"bm":0},{"ddd":0,"ind":7,"ty":4,"nm":"head_skin","sr":1,"ks":{"o":{"a":0,"k":100,"ix":11},"r":{"a":0,"k":0,"ix":10},"p":{"a":0,"k":[609.886,644.265,0],"ix":2},"a":{"a":0,"k":[517.886,588.265,0],"ix":1},"s":{"a":0,"k":[100,100,100],"ix":6}},"ao":0,"shapes":[{"ty":"gr","it":[{"ind":0,"ty":"sh","ix":1,"ks":{"a":0,"k":{"i":[[17.152,8.24],[1.492,0.788],[6.55,1.517],[12.024,-3.905],[10.962,-8.877],[2.061,-2.687],[-2.196,-3.163],[-3.68,-4.286],[0.099,-0.102],[0,0],[0,0],[-2.357,-2.041],[-2.736,-2.069],[-9.567,-0.944],[-12.314,10.917],[3.357,8.157]],"o":[[-1.508,-0.732],[-17.807,-9.415],[-3.401,-0.797],[-13.399,4.353],[-2.625,2.125],[-2.501,3.265],[3.22,4.633],[0.744,0.897],[-5.795,5.932],[0,0],[2.617,1.69],[2.586,2.24],[7.422,5.612],[15.637,1.543],[17.169,-15.22],[-9.613,-16.446]],"v":[[27,-44.475],[22.411,-46.573],[-2.844,-39.04],[-19.474,-39.767],[-62.274,-29.193],[-69.864,-22.445],[-69.643,-13],[-59.734,0.832],[-51.494,10.4],[-57.308,20.238],[-31.465,31.326],[-24.249,37.885],[-16.277,44.364],[8.316,54.446],[55.196,43.601],[68.664,-7.263]],"c":true},"ix":2},"nm":"Path 1","mn":"ADBE Vector Shape - Group","hd":false},{"ty":"fl","c":{"a":0,"k":[0.847000002394,0.607999973671,0.501999978458,1],"ix":4},"o":{"a":0,"k":100,"ix":5},"r":1,"bm":0,"nm":"Fill 1","mn":"ADBE Vector Graphic - Fill","hd":false},{"ty":"tr","p":{"a":0,"k":[518.406,585.416],"ix":2},"a":{"a":0,"k":[0,0],"ix":1},"s":{"a":0,"k":[100,100],"ix":3},"r":{"a":0,"k":0,"ix":6},"o":{"a":0,"k":100,"ix":7},"sk":{"a":0,"k":0,"ix":4},"sa":{"a":0,"k":0,"ix":5},"nm":"Transform"}],"nm":"Group 1","np":2,"cix":2,"bm":0,"ix":1,"mn":"ADBE Vector Group","hd":false}],"ip":0,"op":180,"st":0,"bm":0},{"ddd":0,"ind":8,"ty":4,"nm":"shirt_shadow","sr":1,"ks":{"o":{"a":0,"k":100,"ix":11},"r":{"a":0,"k":0,"ix":10},"p":{"a":0,"k":[461.432,572.503,0],"ix":2},"a":{"a":0,"k":[369.432,516.503,0],"ix":1},"s":{"a":0,"k":[100,100,100],"ix":6}},"ao":0,"shapes":[{"ty":"gr","it":[{"ind":0,"ty":"sh","ix":1,"ks":{"a":0,"k":{"i":[[5.711,18.681],[11.362,2.936],[21.094,3.375],[11.113,-0.944],[0,0],[-16.312,-1.689],[-17.067,-13.298],[-19.125,-9.283],[0,0]],"o":[[-12.085,-0.162],[-18.337,-4.741],[-15.979,-2.558],[2.724,4.696],[0,0],[16.313,1.686],[5.946,4.636],[19.125,9.281],[0,0]],"v":[[64.674,6.151],[23.188,2.278],[-53.256,-37.137],[-105.193,-37.111],[-100.224,-30.399],[-62.537,-34.887],[-3.766,-6.732],[30.557,18.414],[105.193,39.694]],"c":true},"ix":2},"nm":"Path 1","mn":"ADBE Vector Shape - Group","hd":false},{"ty":"fl","c":{"a":0,"k":[0.2,0.231000010173,0.277999997606,1],"ix":4},"o":{"a":0,"k":100,"ix":5},"r":1,"bm":0,"nm":"Fill 1","mn":"ADBE Vector Graphic - Fill","hd":false},{"ty":"tr","p":{"a":0,"k":[318.974,559.581],"ix":2},"a":{"a":0,"k":[0,0],"ix":1},"s":{"a":0,"k":[100,100],"ix":3},"r":{"a":0,"k":0,"ix":6},"o":{"a":0,"k":100,"ix":7},"sk":{"a":0,"k":0,"ix":4},"sa":{"a":0,"k":0,"ix":5},"nm":"Transform"}],"nm":"Group 1","np":2,"cix":2,"bm":0,"ix":1,"mn":"ADBE Vector Group","hd":false},{"ty":"gr","it":[{"ind":0,"ty":"sh","ix":1,"ks":{"a":0,"k":{"i":[[21.375,8.438],[0,0],[19.125,-0.638],[22.869,-5.653],[-29.813,-11.671],[-10.829,-10.199],[-8.859,-9.141],[0,0],[0,0],[9,13.781]],"o":[[-21.375,-8.438],[0,0],[-15.016,0.5],[42.203,1.945],[10.798,4.228],[6.587,-11.963],[5.002,5.161],[0,0],[0,0],[-9,-13.782]],"v":[[63.534,-31.413],[18.534,-42.776],[-59.372,-48.362],[-128.836,-41.885],[26.549,-24.101],[60.762,-2.61],[111.909,24.556],[121.637,38.524],[128.836,49],[108.504,5.431]],"c":true},"ix":2},"nm":"Path 1","mn":"ADBE Vector Shape - Group","hd":false},{"ty":"fl","c":{"a":0,"k":[0.2,0.231000010173,0.277999997606,1],"ix":4},"o":{"a":0,"k":100,"ix":5},"r":1,"bm":0,"nm":"Fill 1","mn":"ADBE Vector Graphic - Fill","hd":false},{"ty":"tr","p":{"a":0,"k":[396.248,482.138],"ix":2},"a":{"a":0,"k":[0,0],"ix":1},"s":{"a":0,"k":[100,100],"ix":3},"r":{"a":0,"k":0,"ix":6},"o":{"a":0,"k":100,"ix":7},"sk":{"a":0,"k":0,"ix":4},"sa":{"a":0,"k":0,"ix":5},"nm":"Transform"}],"nm":"Group 2","np":2,"cix":2,"bm":0,"ix":2,"mn":"ADBE Vector Group","hd":false}],"ip":0,"op":180,"st":0,"bm":0},{"ddd":0,"ind":9,"ty":4,"nm":"shirt","sr":1,"ks":{"o":{"a":0,"k":100,"ix":11},"r":{"a":0,"k":0,"ix":10},"p":{"a":0,"k":[457.173,572.502,0],"ix":2},"a":{"a":0,"k":[365.173,516.502,0],"ix":1},"s":{"a":0,"k":[100,100,100],"ix":6}},"ao":0,"shapes":[{"ty":"gr","it":[{"ind":0,"ty":"sh","ix":1,"ks":{"a":0,"k":{"i":[[18.343,-4.567],[24.054,-11.201],[7.5,-13.219],[-4.218,-12.093],[0,0],[-16.312,-1.687],[-17.066,-13.299],[-19.125,-9.281],[0,0],[2.812,19.969],[-23.625,5.614],[0,0],[5.96,6.438],[-0.363,13.791],[-5.386,-4.759],[0,0],[0,0],[9,13.781],[21.375,8.437],[0,0],[19.125,-0.637]],"o":[[0,0],[-8.103,3.773],[-3.911,6.892],[4.219,12.094],[0,0],[16.313,1.688],[5.946,4.633],[19.125,9.281],[0,0],[-2.813,-19.968],[23.625,-5.615],[0,0],[-10.838,-11.706],[0.562,-21.375],[6.047,5.343],[0,0],[0,0],[-9,-13.782],[-21.375,-8.438],[0,0],[-19.125,0.637]],"v":[[-88.584,-77.25],[-121.219,-67.196],[-150.094,-41.575],[-154.688,-3.888],[-145.125,12.977],[-107.438,8.487],[-48.667,36.645],[-14.344,61.788],[60.292,83.068],[19.125,46.737],[85.219,12.977],[131.344,25.081],[117.844,4.45],[92.25,-32.856],[144.281,-10.778],[153.219,3.424],[158.906,11.581],[138.168,-32.57],[95.906,-65.481],[50.906,-76.844],[-27,-82.431]],"c":true},"ix":2},"nm":"Path 1","mn":"ADBE Vector Shape - Group","hd":false},{"ty":"fl","c":{"a":0,"k":[0.226999993418,0.263000009574,0.317999985639,1],"ix":4},"o":{"a":0,"k":100,"ix":5},"r":1,"bm":0,"nm":"Fill 1","mn":"ADBE Vector Graphic - Fill","hd":false},{"ty":"tr","p":{"a":0,"k":[363.875,516.206],"ix":2},"a":{"a":0,"k":[0,0],"ix":1},"s":{"a":0,"k":[100,100],"ix":3},"r":{"a":0,"k":0,"ix":6},"o":{"a":0,"k":100,"ix":7},"sk":{"a":0,"k":0,"ix":4},"sa":{"a":0,"k":0,"ix":5},"nm":"Transform"}],"nm":"Group 1","np":2,"cix":2,"bm":0,"ix":1,"mn":"ADBE Vector Group","hd":false}],"ip":0,"op":180,"st":0,"bm":0},{"ddd":0,"ind":10,"ty":4,"nm":"body_shadow","sr":1,"ks":{"o":{"a":0,"k":100,"ix":11},"r":{"a":0,"k":0,"ix":10},"p":{"a":0,"k":[549.086,586.339,0],"ix":2},"a":{"a":0,"k":[457.086,530.339,0],"ix":1},"s":{"a":0,"k":[100,100,100],"ix":6}},"ao":0,"shapes":[{"ty":"gr","it":[{"ind":0,"ty":"sh","ix":1,"ks":{"a":0,"k":{"i":[[0,0],[0,0],[-7.312,-6.817],[-0.562,-0.75],[0,0],[0,0]],"o":[[0,0],[0,0],[7.312,6.818],[0.563,0.75],[0,0],[0,0]],"v":[[-22.781,-16.153],[-22.781,-31.716],[-2.156,0.841],[22.219,21.91],[4.66,31.716],[-10.48,4.106]],"c":true},"ix":2},"nm":"Path 1","mn":"ADBE Vector Shape - Group","hd":false},{"ty":"fl","c":{"a":0,"k":[0.804000016755,0.560999971278,0.458999992819,1],"ix":4},"o":{"a":0,"k":100,"ix":5},"r":1,"bm":0,"nm":"Fill 1","mn":"ADBE Vector Graphic - Fill","hd":false},{"ty":"tr","p":{"a":0,"k":[497.75,534.752],"ix":2},"a":{"a":0,"k":[0,0],"ix":1},"s":{"a":0,"k":[100,100],"ix":3},"r":{"a":0,"k":0,"ix":6},"o":{"a":0,"k":100,"ix":7},"sk":{"a":0,"k":0,"ix":4},"sa":{"a":0,"k":0,"ix":5},"nm":"Transform"}],"nm":"Group 1","np":2,"cix":2,"bm":0,"ix":1,"mn":"ADBE Vector Group","hd":false},{"ty":"gr","it":[{"ind":0,"ty":"sh","ix":1,"ks":{"a":0,"k":{"i":[[0,0],[-13.218,-7.593],[-7.031,-5.626],[0,0],[9.671,3.516],[7.312,8.436],[-1.688,5.905]],"o":[[0,0],[13.219,7.594],[7.031,5.625],[0,0],[-9.671,-3.513],[-7.312,-8.439],[1.688,-5.907]],"v":[[-23.484,-27.548],[-3.797,-10.392],[24.891,9.016],[30.789,28.109],[5.297,22.983],[-23.484,2.547],[-30.234,-22.203]],"c":true},"ix":2},"nm":"Path 1","mn":"ADBE Vector Shape - Group","hd":false},{"ty":"fl","c":{"a":0,"k":[0.804000016755,0.560999971278,0.458999992819,1],"ix":4},"o":{"a":0,"k":100,"ix":5},"r":1,"bm":0,"nm":"Fill 1","mn":"ADBE Vector Graphic - Fill","hd":false},{"ty":"tr","p":{"a":0,"k":[411.546,574.178],"ix":2},"a":{"a":0,"k":[0,0],"ix":1},"s":{"a":0,"k":[100,100],"ix":3},"r":{"a":0,"k":0,"ix":6},"o":{"a":0,"k":100,"ix":7},"sk":{"a":0,"k":0,"ix":4},"sa":{"a":0,"k":0,"ix":5},"nm":"Transform"}],"nm":"Group 2","np":2,"cix":2,"bm":0,"ix":2,"mn":"ADBE Vector Group","hd":false},{"ty":"gr","it":[{"ind":0,"ty":"sh","ix":1,"ks":{"a":0,"k":{"i":[[0,0],[-7.688,-5.625],[-3.059,-5.388],[0.144,-13.229],[2.438,-2.062],[0,0],[0,0]],"o":[[0,0],[7.687,5.625],[3.059,5.389],[-0.144,13.229],[-2.437,2.063],[0,0],[0,0]],"v":[[-31.575,-42.563],[5.181,-22.688],[23.608,-4.376],[31.431,20.027],[28.243,40.5],[15.775,24],[4.056,1.688]],"c":true},"ix":2},"nm":"Path 1","mn":"ADBE Vector Shape - Group","hd":false},{"ty":"fl","c":{"a":0,"k":[0.804000016755,0.560999971278,0.458999992819,1],"ix":4},"o":{"a":0,"k":100,"ix":5},"r":1,"bm":0,"nm":"Fill 1","mn":"ADBE Vector Graphic - Fill","hd":false},{"ty":"tr","p":{"a":0,"k":[502.113,500.952],"ix":2},"a":{"a":0,"k":[0,0],"ix":1},"s":{"a":0,"k":[100,100],"ix":3},"r":{"a":0,"k":0,"ix":6},"o":{"a":0,"k":100,"ix":7},"sk":{"a":0,"k":0,"ix":4},"sa":{"a":0,"k":0,"ix":5},"nm":"Transform"}],"nm":"Group 3","np":2,"cix":2,"bm":0,"ix":3,"mn":"ADBE Vector Group","hd":false},{"ty":"gr","it":[{"ind":0,"ty":"sh","ix":1,"ks":{"a":0,"k":{"i":[[0,0],[-5.978,-6],[-8.438,-5.438],[0,0],[0,0],[6.554,5.062],[6.563,1.5],[4.875,-0.938]],"o":[[0,0],[5.978,6],[8.437,5.437],[0,0],[0,0],[-6.554,-5.063],[-6.562,-1.501],[-4.875,0.938]],"v":[[-39.188,-32.156],[-11.791,-4.781],[15.75,21.094],[39.188,34.969],[25.48,24.844],[-2.592,-9.281],[-16.501,-30.093],[-32.813,-34.031]],"c":true},"ix":2},"nm":"Path 1","mn":"ADBE Vector Shape - Group","hd":false},{"ty":"fl","c":{"a":0,"k":[0.804000016755,0.560999971278,0.458999992819,1],"ix":4},"o":{"a":0,"k":100,"ix":5},"r":1,"bm":0,"nm":"Fill 1","mn":"ADBE Vector Graphic - Fill","hd":false},{"ty":"tr","p":{"a":0,"k":[492.406,506.694],"ix":2},"a":{"a":0,"k":[0,0],"ix":1},"s":{"a":0,"k":[100,100],"ix":3},"r":{"a":0,"k":0,"ix":6},"o":{"a":0,"k":100,"ix":7},"sk":{"a":0,"k":0,"ix":4},"sa":{"a":0,"k":0,"ix":5},"nm":"Transform"}],"nm":"Group 4","np":2,"cix":2,"bm":0,"ix":4,"mn":"ADBE Vector Group","hd":false}],"ip":0,"op":180,"st":0,"bm":0},{"ddd":0,"ind":11,"ty":4,"nm":"body_skin","sr":1,"ks":{"o":{"a":0,"k":100,"ix":11},"r":{"a":0,"k":0,"ix":10},"p":{"a":0,"k":[544.909,587.807,0],"ix":2},"a":{"a":0,"k":[452.909,531.807,0],"ix":1},"s":{"a":0,"k":[100,100,100],"ix":6}},"ao":0,"shapes":[{"ty":"gr","it":[{"ind":0,"ty":"sh","ix":1,"ks":{"a":0,"k":{"i":[[12,-16.937],[-0.75,-19.875],[-5.625,-2.25],[-9.75,-1.248],[-14.625,21.75],[1.125,21.75],[10.875,8.91],[30.75,3.75]],"o":[[0,0],[0.75,19.875],[5.625,2.25],[9.75,1.249],[14.625,-21.75],[-1.125,-21.75],[-10.875,-8.911],[-30.75,-3.75]],"v":[[-72.797,-44.405],[-77.672,18.656],[-49.36,61.421],[-13.547,71.407],[55.828,35.531],[77.297,-1.698],[64.807,-39.553],[7.547,-68.906]],"c":true},"ix":2},"nm":"Path 1","mn":"ADBE Vector Shape - Group","hd":false},{"ty":"fl","c":{"a":0,"k":[0.847000002394,0.607999973671,0.501999978458,1],"ix":4},"o":{"a":0,"k":100,"ix":5},"r":1,"bm":0,"nm":"Fill 1","mn":"ADBE Vector Graphic - Fill","hd":false},{"ty":"tr","p":{"a":0,"k":[453.078,530.881],"ix":2},"a":{"a":0,"k":[0,0],"ix":1},"s":{"a":0,"k":[100,100],"ix":3},"r":{"a":0,"k":0,"ix":6},"o":{"a":0,"k":100,"ix":7},"sk":{"a":0,"k":0,"ix":4},"sa":{"a":0,"k":0,"ix":5},"nm":"Transform"}],"nm":"Group 1","np":2,"cix":2,"bm":0,"ix":1,"mn":"ADBE Vector Group","hd":false}],"ip":0,"op":180,"st":0,"bm":0},{"ddd":0,"ind":12,"ty":4,"nm":"neck","sr":1,"ks":{"o":{"a":0,"k":100,"ix":11},"r":{"a":0,"k":0,"ix":10},"p":{"a":0,"k":[605.772,606.797,0],"ix":2},"a":{"a":0,"k":[513.772,550.797,0],"ix":1},"s":{"a":0,"k":[100,100,100],"ix":6}},"ao":0,"shapes":[{"ty":"gr","it":[{"ind":0,"ty":"sh","ix":1,"ks":{"a":0,"k":{"i":[[-4.604,-10.451],[-11.313,1.541],[-9.109,11.551],[4.704,2.075],[17.156,10.968],[8.86,1.942],[4.408,0.511]],"o":[[1.074,2.441],[12.56,-1.714],[5.015,-6.362],[-7.896,-3.483],[-7.588,-4.853],[-10.76,-2.356],[-20.958,-2.425]],"v":[[-38.42,3.339],[1.485,37.695],[36.878,18.192],[40.611,-10.161],[7.424,-23.94],[-15.249,-36.88],[-24.357,-32.661]],"c":true},"ix":2},"nm":"Path 1","mn":"ADBE Vector Shape - Group","hd":false},{"ty":"fl","c":{"a":0,"k":[0.847000002394,0.607999973671,0.501999978458,1],"ix":4},"o":{"a":0,"k":100,"ix":5},"r":1,"bm":0,"nm":"Fill 1","mn":"ADBE Vector Graphic - Fill","hd":false},{"ty":"tr","p":{"a":0,"k":[513.107,550.604],"ix":2},"a":{"a":0,"k":[0,0],"ix":1},"s":{"a":0,"k":[100,100],"ix":3},"r":{"a":0,"k":0,"ix":6},"o":{"a":0,"k":100,"ix":7},"sk":{"a":0,"k":0,"ix":4},"sa":{"a":0,"k":0,"ix":5},"nm":"Transform"}],"nm":"Group 1","np":2,"cix":2,"bm":0,"ix":1,"mn":"ADBE Vector Group","hd":false}],"ip":0,"op":180,"st":0,"bm":0},{"ddd":0,"ind":13,"ty":4,"nm":"hand_1","sr":1,"ks":{"o":{"a":0,"k":100,"ix":11},"r":{"a":0,"k":0,"ix":10},"p":{"a":0,"k":[896.857,739.994,0],"ix":2},"a":{"a":0,"k":[804.857,683.994,0],"ix":1},"s":{"a":0,"k":[100,100,100],"ix":6}},"ao":0,"shapes":[{"ty":"gr","it":[{"ind":0,"ty":"sh","ix":1,"ks":{"a":0,"k":{"i":[[-13.311,2.421],[-12.907,-2.716],[-7.664,-3.429],[-6.051,-2.927],[-2.017,-3.43],[3.63,-0.805],[0,0],[7.462,1.009],[0,0],[0,0],[5.849,-1.009],[0,0],[6.655,3.43]],"o":[[0.818,-0.148],[12.908,2.715],[7.663,3.43],[6.051,2.925],[2.017,3.428],[-3.631,0.807],[0,0],[-7.463,-1.006],[0,0],[0,0],[-5.849,1.01],[0,0],[-6.655,-3.428]],"v":[[-48.807,-23.566],[-28.639,-23.092],[2.824,-13.116],[25.412,-1.519],[60.101,18.146],[55.059,25.001],[46.185,22.581],[36.101,23.791],[-1.614,13.103],[-9.498,11.97],[-12.101,23.388],[-22.993,16.934],[-39.933,11.892]],"c":true},"ix":2},"nm":"Path 1","mn":"ADBE Vector Shape - Group","hd":false},{"ty":"fl","c":{"a":0,"k":[0.804000016755,0.560999971278,0.458999992819,1],"ix":4},"o":{"a":0,"k":100,"ix":5},"r":1,"bm":0,"nm":"Fill 1","mn":"ADBE Vector Graphic - Fill","hd":false},{"ty":"tr","p":{"a":0,"k":[801.524,683.667],"ix":2},"a":{"a":0,"k":[0,0],"ix":1},"s":{"a":0,"k":[100,100],"ix":3},"r":{"a":0,"k":0,"ix":6},"o":{"a":0,"k":100,"ix":7},"sk":{"a":0,"k":0,"ix":4},"sa":{"a":0,"k":0,"ix":5},"nm":"Transform"}],"nm":"Group 1","np":2,"cix":2,"bm":0,"ix":1,"mn":"ADBE Vector Group","hd":false}],"ip":0,"op":180,"st":0,"bm":0},{"ddd":0,"ind":14,"ty":4,"nm":"forearm_1","sr":1,"ks":{"o":{"a":0,"k":100,"ix":11},"r":{"a":0,"k":0,"ix":10},"p":{"a":0,"k":[785.997,695.253,0],"ix":2},"a":{"a":0,"k":[693.997,639.253,0],"ix":1},"s":{"a":0,"k":[100,100,100],"ix":6}},"ao":0,"shapes":[{"ty":"gr","it":[{"ind":0,"ty":"sh","ix":1,"ks":{"a":0,"k":{"i":[[-12.688,-34.521],[-29.12,-8.642],[-24.777,-7.117],[-8.521,-3.31],[-3.562,6.563],[2.365,1.235],[21.936,13.156],[28.601,8.004]],"o":[[2.364,6.435],[23.733,7.046],[5.798,1.666],[5.1,1.982],[3.372,-6.212],[-22.529,-11.751],[-20.176,-12.101],[-23.22,-6.498]],"v":[[-73.255,-3.794],[-36.692,18.28],[11.683,31.269],[61.557,41.769],[82.571,40.081],[75.462,21.271],[18.433,-12.419],[-45.693,-40.147]],"c":true},"ix":2},"nm":"Path 1","mn":"ADBE Vector Shape - Group","hd":false},{"ty":"fl","c":{"a":0,"k":[0.804000016755,0.560999971278,0.458999992819,1],"ix":4},"o":{"a":0,"k":100,"ix":5},"r":1,"bm":0,"nm":"Fill 1","mn":"ADBE Vector Graphic - Fill","hd":false},{"ty":"tr","p":{"a":0,"k":[691.099,638.268],"ix":2},"a":{"a":0,"k":[0,0],"ix":1},"s":{"a":0,"k":[100,100],"ix":3},"r":{"a":0,"k":0,"ix":6},"o":{"a":0,"k":100,"ix":7},"sk":{"a":0,"k":0,"ix":4},"sa":{"a":0,"k":0,"ix":5},"nm":"Transform"}],"nm":"Group 1","np":2,"cix":2,"bm":0,"ix":1,"mn":"ADBE Vector Group","hd":false}],"ip":0,"op":180,"st":0,"bm":0},{"ddd":0,"ind":15,"ty":4,"nm":"arm_1","sr":1,"ks":{"o":{"a":0,"k":100,"ix":11},"r":{"a":0,"k":0,"ix":10},"p":{"a":0,"k":[659.319,624.607,0],"ix":2},"a":{"a":0,"k":[567.319,568.607,0],"ix":1},"s":{"a":0,"k":[100,100,100],"ix":6}},"ao":0,"shapes":[{"ty":"gr","it":[{"ind":0,"ty":"sh","ix":1,"ks":{"a":0,"k":{"i":[[-62.168,-0.003],[-7.1,-6.858],[-4.255,-2.083],[-21.102,-17.45],[-4.167,-15.831],[6.993,-5.939],[1.93,0],[23.044,14.85],[8.195,5.035],[8.729,6.594]],"o":[[10.241,0],[13.344,12.893],[18,8.812],[2.951,2.441],[2.182,8.281],[-7.474,6.349],[-9.938,0],[-13.391,-8.629],[-9.29,-5.709],[-9.407,-7.105]],"v":[[-34.518,-73.479],[4.877,-52.148],[25.502,-32.135],[79.791,23.752],[94.503,42.3],[87.948,67.133],[66.377,72.829],[18.377,50.927],[-10.874,26.319],[-38.435,17.395]],"c":true},"ix":2},"nm":"Path 1","mn":"ADBE Vector Shape - Group","hd":false},{"ty":"fl","c":{"a":0,"k":[0.804000016755,0.560999971278,0.458999992819,1],"ix":4},"o":{"a":0,"k":100,"ix":5},"r":1,"bm":0,"nm":"Fill 1","mn":"ADBE Vector Graphic - Fill","hd":false},{"ty":"tr","p":{"a":0,"k":[552.404,568.923],"ix":2},"a":{"a":0,"k":[0,0],"ix":1},"s":{"a":0,"k":[100,100],"ix":3},"r":{"a":0,"k":0,"ix":6},"o":{"a":0,"k":100,"ix":7},"sk":{"a":0,"k":0,"ix":4},"sa":{"a":0,"k":0,"ix":5},"nm":"Transform"}],"nm":"Group 1","np":2,"cix":2,"bm":0,"ix":1,"mn":"ADBE Vector Group","hd":false}],"ip":0,"op":180,"st":0,"bm":0},{"ddd":0,"ind":16,"ty":4,"nm":"thigh","sr":1,"ks":{"o":{"a":0,"k":100,"ix":11},"r":{"a":0,"k":0,"ix":10},"p":{"a":0,"k":[378.602,642.665,0],"ix":2},"a":{"a":0,"k":[286.602,586.665,0],"ix":1},"s":{"a":0,"k":[100,100,100],"ix":6}},"ao":0,"shapes":[{"ty":"gr","it":[{"ind":0,"ty":"sh","ix":1,"ks":{"a":0,"k":{"i":[[-25.294,-16.486],[-10.283,-6.062],[-9.798,14.984],[0.011,0.022],[0,0],[55.146,12.219],[13.844,-21.236]],"o":[[3.063,1.996],[32.258,19.011],[9.382,-14.345],[-7.071,-14.903],[0,0],[-22.987,-7.6],[-16.488,25.296]],"v":[[-53.21,8.281],[45.509,45.255],[105.88,63.221],[112.727,35.281],[94.727,10.053],[-5.96,-61.749],[-98.773,-56.969]],"c":true},"ix":2},"nm":"Path 1","mn":"ADBE Vector Shape - Group","hd":false},{"ty":"fl","c":{"a":0,"k":[0.156999999402,0.156999999402,0.156999999402,1],"ix":4},"o":{"a":0,"k":100,"ix":5},"r":1,"bm":0,"nm":"Fill 1","mn":"ADBE Vector Graphic - Fill","hd":false},{"ty":"tr","p":{"a":0,"k":[281.523,587.006],"ix":2},"a":{"a":0,"k":[0,0],"ix":1},"s":{"a":0,"k":[100,100],"ix":3},"r":{"a":0,"k":0,"ix":6},"o":{"a":0,"k":100,"ix":7},"sk":{"a":0,"k":0,"ix":4},"sa":{"a":0,"k":0,"ix":5},"nm":"Transform"}],"nm":"Group 1","np":2,"cix":2,"bm":0,"ix":1,"mn":"ADBE Vector Group","hd":false}],"ip":0,"op":180,"st":0,"bm":0},{"ddd":0,"ind":17,"ty":4,"nm":"hips","sr":1,"ks":{"o":{"a":0,"k":100,"ix":11},"r":{"a":0,"k":0,"ix":10},"p":{"a":0,"k":[316.346,576.656,0],"ix":2},"a":{"a":0,"k":[224.346,520.656,0],"ix":1},"s":{"a":0,"k":[100,100,100],"ix":6}},"ao":0,"shapes":[{"ty":"gr","it":[{"ind":0,"ty":"sh","ix":1,"ks":{"a":0,"k":{"i":[[65.531,22.291],[21.466,3.158],[10.451,-7.233],[-15.175,-32.444],[-26.625,0.562],[-7.488,5.296]],"o":[[-7.387,-2.513],[-11.097,-1.633],[-23.85,16.509],[15.591,33.332],[14.741,-0.312],[48.942,-34.613]],"v":[[26.291,-64.527],[-8.209,-70.902],[-56.397,-61.902],[-76.647,23.973],[3.041,71.973],[42.791,27.535]],"c":true},"ix":2},"nm":"Path 1","mn":"ADBE Vector Shape - Group","hd":false},{"ty":"fl","c":{"a":0,"k":[0.156999999402,0.156999999402,0.156999999402,1],"ix":4},"o":{"a":0,"k":100,"ix":5},"r":1,"bm":0,"nm":"Fill 1","mn":"ADBE Vector Graphic - Fill","hd":false},{"ty":"tr","p":{"a":0,"k":[227.24,520.315],"ix":2},"a":{"a":0,"k":[0,0],"ix":1},"s":{"a":0,"k":[100,100],"ix":3},"r":{"a":0,"k":0,"ix":6},"o":{"a":0,"k":100,"ix":7},"sk":{"a":0,"k":0,"ix":4},"sa":{"a":0,"k":0,"ix":5},"nm":"Transform"}],"nm":"Group 1","np":2,"cix":2,"bm":0,"ix":1,"mn":"ADBE Vector Group","hd":false}],"ip":0,"op":180,"st":0,"bm":0},{"ddd":0,"ind":18,"ty":4,"nm":"hips_1","sr":1,"ks":{"o":{"a":0,"k":100,"ix":11},"r":{"a":0,"k":0,"ix":10},"p":{"a":0,"k":[329.527,526.344,0],"ix":2},"a":{"a":0,"k":[237.527,470.344,0],"ix":1},"s":{"a":0,"k":[100,100,100],"ix":6}},"ao":0,"shapes":[{"ty":"gr","it":[{"ind":0,"ty":"sh","ix":1,"ks":{"a":0,"k":{"i":[[-33.09,1.741],[-7.227,-3.392],[6.507,-9.547],[3.788,-22.206],[9.876,-0.91],[18,7.585]],"o":[[9.68,-0.509],[18.282,8.578],[-6.508,9.549],[-2.515,14.742],[-9.876,0.91],[-18,-7.584]],"v":[[6.147,-36.397],[39.84,-31.851],[59.792,-3.29],[48.194,22.164],[3.952,-1.501],[-48.299,1.743]],"c":true},"ix":2},"nm":"Path 1","mn":"ADBE Vector Shape - Group","hd":false},{"ty":"fl","c":{"a":0,"k":[0.105999995213,0.105999995213,0.105999995213,1],"ix":4},"o":{"a":0,"k":100,"ix":5},"r":1,"bm":0,"nm":"Fill 1","mn":"ADBE Vector Graphic - Fill","hd":false},{"ty":"tr","p":{"a":0,"k":[232.934,475.85],"ix":2},"a":{"a":0,"k":[0,0],"ix":1},"s":{"a":0,"k":[100,100],"ix":3},"r":{"a":0,"k":0,"ix":6},"o":{"a":0,"k":100,"ix":7},"sk":{"a":0,"k":0,"ix":4},"sa":{"a":0,"k":0,"ix":5},"nm":"Transform"}],"nm":"Group 1","np":2,"cix":2,"bm":0,"ix":1,"mn":"ADBE Vector Group","hd":false}],"ip":0,"op":180,"st":0,"bm":0},{"ddd":0,"ind":19,"ty":4,"nm":"calf","sr":1,"ks":{"o":{"a":0,"k":100,"ix":11},"r":{"a":0,"k":0,"ix":10},"p":{"a":0,"k":[384.517,673.993,0],"ix":2},"a":{"a":0,"k":[292.517,617.993,0],"ix":1},"s":{"a":0,"k":[100,100,100],"ix":6}},"ao":0,"shapes":[{"ty":"gr","it":[{"ind":0,"ty":"sh","ix":1,"ks":{"a":0,"k":{"i":[[13.766,12.643],[5.154,5.077],[23.285,10.527],[10.739,-3.166],[8.601,-0.875],[-0.309,-10.972],[0,0],[-30.886,-9.309],[-5.773,-1.445],[-8.437,-0.564],[-12.077,12.495]],"o":[[-4.602,-4.226],[-5.155,-5.076],[-23.286,-10.526],[-10.739,3.166],[-8.601,0.875],[0.308,10.975],[0,0],[30.884,9.313],[12.375,3.092],[7.609,0.507],[13.59,-14.062]],"v":[[79.638,-7.326],[59.271,-16.278],[22.049,-38.371],[-47.952,-36.979],[-89.211,-27.835],[-102.655,-3.139],[-91.065,18.188],[-47.766,27.697],[11.75,43.152],[51.951,47.136],[89.375,36.402]],"c":true},"ix":2},"nm":"Path 1","mn":"ADBE Vector Shape - Group","hd":false},{"ty":"fl","c":{"a":0,"k":[0.156999999402,0.156999999402,0.156999999402,1],"ix":4},"o":{"a":0,"k":100,"ix":5},"r":1,"bm":0,"nm":"Fill 1","mn":"ADBE Vector Graphic - Fill","hd":false},{"ty":"tr","p":{"a":0,"k":[295.875,615.98],"ix":2},"a":{"a":0,"k":[0,0],"ix":1},"s":{"a":0,"k":[100,100],"ix":3},"r":{"a":0,"k":0,"ix":6},"o":{"a":0,"k":100,"ix":7},"sk":{"a":0,"k":0,"ix":4},"sa":{"a":0,"k":0,"ix":5},"nm":"Transform"}],"nm":"Group 1","np":2,"cix":2,"bm":0,"ix":1,"mn":"ADBE Vector Group","hd":false}],"ip":0,"op":180,"st":0,"bm":0},{"ddd":0,"ind":20,"ty":4,"nm":"foot","sr":1,"ks":{"o":{"a":0,"k":100,"ix":11},"r":{"a":0,"k":0,"ix":10},"p":{"a":0,"k":[234.745,658.92,0],"ix":2},"a":{"a":0,"k":[142.745,602.92,0],"ix":1},"s":{"a":0,"k":[100,100,100],"ix":6}},"ao":0,"shapes":[{"ty":"gr","it":[{"ind":0,"ty":"sh","ix":1,"ks":{"a":0,"k":{"i":[[0,0],[-10.199,4.868],[-3.708,-6.025],[-2.318,-1.622],[0.591,-2.122],[2.086,-0.811],[5.795,-0.464],[2.781,-6.026],[-1.624,-3.244],[0,0],[-6.491,-5.207],[2.549,-1.623],[0,0],[8.113,1.313],[0,0],[7.186,0.694],[4.867,6.49],[-11.59,6.49]],"o":[[0,0],[10.199,-4.869],[3.709,6.026],[2.318,1.623],[-0.591,2.121],[-2.086,0.812],[-5.795,0.464],[-2.782,6.028],[1.622,3.245],[0,0],[6.491,5.207],[-2.55,1.621],[0,0],[-8.112,-1.316],[0,0],[-7.185,-0.695],[-4.868,-6.489],[11.589,-6.489]],"v":[[0.748,-13.095],[23.695,-34.536],[43.397,-26.888],[49.888,-17.153],[54.292,-15.332],[49.888,-13.095],[38.53,-8.808],[23.464,0.927],[22.769,17.153],[27.561,23.876],[38.544,29.341],[39.226,37.784],[22.536,35.621],[5.615,35.621],[-9.915,33.843],[-31.936,35.621],[-50.015,28.279],[-27.299,2.318]],"c":true},"ix":2},"nm":"Path 1","mn":"ADBE Vector Shape - Group","hd":false},{"ty":"fl","c":{"a":0,"k":[0.086000001197,0.086000001197,0.086000001197,1],"ix":4},"o":{"a":0,"k":100,"ix":5},"r":1,"bm":0,"nm":"Fill 1","mn":"ADBE Vector Graphic - Fill","hd":false},{"ty":"tr","p":{"a":0,"k":[141.014,601.948],"ix":2},"a":{"a":0,"k":[0,0],"ix":1},"s":{"a":0,"k":[100,100],"ix":3},"r":{"a":0,"k":0,"ix":6},"o":{"a":0,"k":100,"ix":7},"sk":{"a":0,"k":0,"ix":4},"sa":{"a":0,"k":0,"ix":5},"nm":"Transform"}],"nm":"Group 1","np":2,"cix":2,"bm":0,"ix":1,"mn":"ADBE Vector Group","hd":false}],"ip":0,"op":180,"st":0,"bm":0},{"ddd":0,"ind":21,"ty":4,"nm":"sole","sr":1,"ks":{"o":{"a":0,"k":100,"ix":11},"r":{"a":0,"k":0,"ix":10},"p":{"a":0,"k":[226.326,653.059,0],"ix":2},"a":{"a":0,"k":[134.326,597.059,0],"ix":1},"s":{"a":0,"k":[100,100,100],"ix":6}},"ao":0,"shapes":[{"ty":"gr","it":[{"ind":0,"ty":"sh","ix":1,"ks":{"a":0,"k":{"i":[[0,0],[2.782,3.129],[5.215,-3.213],[2.782,-0.73],[13.241,-9.604],[-15.299,2.434],[0,0]],"o":[[0,0],[-2.782,-3.13],[-5.216,3.213],[-2.782,0.731],[-9.188,6.666],[15.298,-2.432],[0,0]],"v":[[48.676,-24.782],[46.242,-34.002],[26.424,-31.651],[7.996,-10.742],[-30.25,10.502],[-33.726,34.698],[5.563,10.502]],"c":true},"ix":2},"nm":"Path 1","mn":"ADBE Vector Shape - Group","hd":false},{"ty":"fl","c":{"a":0,"k":[0.630999995213,0.630999995213,0.630999995213,1],"ix":4},"o":{"a":0,"k":100,"ix":5},"r":1,"bm":0,"nm":"Fill 1","mn":"ADBE Vector Graphic - Fill","hd":false},{"ty":"tr","p":{"a":0,"k":[130.867,597.357],"ix":2},"a":{"a":0,"k":[0,0],"ix":1},"s":{"a":0,"k":[100,100],"ix":3},"r":{"a":0,"k":0,"ix":6},"o":{"a":0,"k":100,"ix":7},"sk":{"a":0,"k":0,"ix":4},"sa":{"a":0,"k":0,"ix":5},"nm":"Transform"}],"nm":"Group 1","np":2,"cix":2,"bm":0,"ix":1,"mn":"ADBE Vector Group","hd":false}],"ip":0,"op":180,"st":0,"bm":0},{"ddd":0,"ind":22,"ty":4,"nm":"calf_skin","sr":1,"ks":{"o":{"a":0,"k":100,"ix":11},"r":{"a":0,"k":0,"ix":10},"p":{"a":0,"k":[288.71,668.091,0],"ix":2},"a":{"a":0,"k":[196.71,612.091,0],"ix":1},"s":{"a":0,"k":[100,100,100],"ix":6}},"ao":0,"shapes":[{"ty":"gr","it":[{"ind":0,"ty":"sh","ix":1,"ks":{"a":0,"k":{"i":[[11.572,9.718],[0,0],[8.143,2.346],[7.99,-7.358],[-10.375,-6.4],[-19.441,-3.276],[-1.27,0.765]],"o":[[0,0],[0,0],[-8.757,-2.521],[-7.99,7.36],[15.193,9.375],[19.44,3.277],[1.272,-0.768]],"v":[[35.477,-23.143],[5.923,-22.606],[-10.002,-24.025],[-38.339,-15.738],[-36.674,15.814],[8.827,22.851],[38.001,25.781]],"c":true},"ix":2},"nm":"Path 1","mn":"ADBE Vector Shape - Group","hd":false},{"ty":"fl","c":{"a":0,"k":[0.847000002394,0.607999973671,0.501999978458,1],"ix":4},"o":{"a":0,"k":100,"ix":5},"r":1,"bm":0,"nm":"Fill 1","mn":"ADBE Vector Graphic - Fill","hd":false},{"ty":"tr","p":{"a":0,"k":[198.042,611.458],"ix":2},"a":{"a":0,"k":[0,0],"ix":1},"s":{"a":0,"k":[100,100],"ix":3},"r":{"a":0,"k":0,"ix":6},"o":{"a":0,"k":100,"ix":7},"sk":{"a":0,"k":0,"ix":4},"sa":{"a":0,"k":0,"ix":5},"nm":"Transform"}],"nm":"Group 1","np":2,"cix":2,"bm":0,"ix":1,"mn":"ADBE Vector Group","hd":false}],"ip":0,"op":180,"st":0,"bm":0},{"ddd":0,"ind":23,"ty":4,"nm":"foot_1","sr":1,"ks":{"o":{"a":0,"k":100,"ix":11},"r":{"a":0,"k":0,"ix":10},"p":{"a":0,"k":[275.745,650.92,0],"ix":2},"a":{"a":0,"k":[183.745,594.92,0],"ix":1},"s":{"a":0,"k":[100,100,100],"ix":6}},"ao":0,"shapes":[{"ty":"gr","it":[{"ind":0,"ty":"sh","ix":1,"ks":{"a":0,"k":{"i":[[0,0],[-10.199,4.868],[-3.708,-6.025],[-2.318,-1.622],[0.591,-2.122],[2.086,-0.811],[5.795,-0.464],[2.781,-6.026],[-1.624,-3.244],[0,0],[-6.491,-5.207],[2.549,-1.623],[0,0],[8.113,1.313],[0,0],[7.186,0.694],[4.867,6.49],[-11.59,6.49]],"o":[[0,0],[10.199,-4.869],[3.709,6.026],[2.318,1.623],[-0.591,2.121],[-2.086,0.812],[-5.795,0.464],[-2.782,6.028],[1.622,3.245],[0,0],[6.491,5.207],[-2.55,1.621],[0,0],[-8.112,-1.316],[0,0],[-7.185,-0.695],[-4.868,-6.489],[11.589,-6.489]],"v":[[0.748,-13.095],[23.695,-34.536],[43.397,-26.888],[49.888,-17.153],[54.292,-15.332],[49.888,-13.095],[38.53,-8.808],[23.464,0.927],[22.769,17.153],[27.561,23.876],[38.544,29.341],[39.226,37.784],[22.536,35.621],[5.615,35.621],[-9.915,33.843],[-31.936,35.621],[-50.015,28.279],[-27.299,2.318]],"c":true},"ix":2},"nm":"Path 1","mn":"ADBE Vector Shape - Group","hd":false},{"ty":"fl","c":{"a":0,"k":[0.067000003889,0.067000003889,0.067000003889,1],"ix":4},"o":{"a":0,"k":100,"ix":5},"r":1,"bm":0,"nm":"Fill 1","mn":"ADBE Vector Graphic - Fill","hd":false},{"ty":"tr","p":{"a":0,"k":[182.014,593.948],"ix":2},"a":{"a":0,"k":[0,0],"ix":1},"s":{"a":0,"k":[100,100],"ix":3},"r":{"a":0,"k":0,"ix":6},"o":{"a":0,"k":100,"ix":7},"sk":{"a":0,"k":0,"ix":4},"sa":{"a":0,"k":0,"ix":5},"nm":"Transform"}],"nm":"Group 1","np":2,"cix":2,"bm":0,"ix":1,"mn":"ADBE Vector Group","hd":false}],"ip":0,"op":180,"st":0,"bm":0},{"ddd":0,"ind":24,"ty":4,"nm":"calf_1","sr":1,"ks":{"o":{"a":0,"k":100,"ix":11},"r":{"a":0,"k":0,"ix":10},"p":{"a":0,"k":[440.841,658.289,0],"ix":2},"a":{"a":0,"k":[348.841,602.289,0],"ix":1},"s":{"a":0,"k":[100,100,100],"ix":6}},"ao":0,"shapes":[{"ty":"gr","it":[{"ind":0,"ty":"sh","ix":1,"ks":{"a":0,"k":{"i":[[9.911,8.655],[3.717,3.481],[16.574,6.999],[7.503,-2.417],[5.914,-2.583],[-0.41,-7.717],[0,0],[-21.901,-6.011],[-4.055,-1.056],[-4.546,-2.855],[-6.095,10.608]],"o":[[-3.313,-2.893],[-3.717,-3.484],[-16.574,-6.999],[-7.503,2.417],[-5.578,2.434],[0.41,7.717],[0,0],[21.9,6.01],[4.053,1.059],[4.546,2.856],[7.834,-13.632]],"v":[[61.484,-11.33],[52.484,-18.36],[12.828,-34.11],[-36.11,-41.985],[-63.32,-34.11],[-70.985,-11.892],[-65.079,5.545],[-28.139,13.369],[18.543,28.245],[37.859,41.545],[62.931,30.708]],"c":true},"ix":2},"nm":"Path 1","mn":"ADBE Vector Shape - Group","hd":false},{"ty":"fl","c":{"a":0,"k":[0.105999995213,0.105999995213,0.105999995213,1],"ix":4},"o":{"a":0,"k":100,"ix":5},"r":1,"bm":0,"nm":"Fill 1","mn":"ADBE Vector Graphic - Fill","hd":false},{"ty":"tr","p":{"a":0,"k":[349.922,602.398],"ix":2},"a":{"a":0,"k":[0,0],"ix":1},"s":{"a":0,"k":[100,100],"ix":3},"r":{"a":0,"k":0,"ix":6},"o":{"a":0,"k":100,"ix":7},"sk":{"a":0,"k":0,"ix":4},"sa":{"a":0,"k":0,"ix":5},"nm":"Transform"}],"nm":"Group 1","np":2,"cix":2,"bm":0,"ix":1,"mn":"ADBE Vector Group","hd":false}],"ip":0,"op":180,"st":0,"bm":0}],"markers":[]}