{"v":"5.6.3","fr":60,"ip":0,"op":150,"w":1100,"h":1100,"nm":"Dynamic Hamstring Stretch (Right)","ddd":0,"assets":[],"layers":[{"ddd":0,"ind":1,"ty":4,"nm":"head","parent":8,"sr":1,"ks":{"o":{"a":0,"k":100,"ix":11},"r":{"a":0,"k":0,"ix":10},"p":{"a":0,"k":[577.769,191.613,0],"ix":2},"a":{"a":0,"k":[577.769,191.613,0],"ix":1},"s":{"a":0,"k":[100,100,100],"ix":6}},"ao":0,"shapes":[{"ty":"gr","it":[{"ty":"gr","it":[{"ind":0,"ty":"sh","ix":1,"ks":{"a":0,"k":{"i":[[15.219,8.391],[0.571,0.649],[0.984,0.288],[0.564,0.601],[4.425,0.469],[1.759,-0.093],[3.103,0.294],[2.289,1.096],[0.829,0.777],[0.498,-0.694],[0.142,1.054],[1.385,-0.876],[0.256,0.357],[1.658,0.233],[0.578,-0.008],[0.921,-0.872],[1.002,0.783],[0.163,0.368],[0.864,-0.971],[0.222,0.709],[0.236,-0.875],[0.176,-1.555],[-3.206,-4.216],[-0.726,-0.381],[-0.515,-0.143],[-5.362,1.516],[-7.43,-4.582],[-0.714,-2.883],[0.263,-1.675],[-1.214,-0.326],[-0.666,1.664],[-3.137,-2.002],[-0.181,-2.258],[1.864,-2.79],[0.597,-0.633],[-3.767,-5.786],[-2.041,6.106],[-1.169,3.498],[0.235,5.799],[-0.156,0.073],[-0.035,0.345]],"o":[[-0.414,0.752],[-0.57,-0.651],[-0.803,-0.235],[-2.99,-3.185],[-1.751,-0.186],[-3.112,0.164],[-2.542,-0.241],[-1.035,-0.495],[-0.68,0.533],[-1.067,-0.263],[-1.543,0.58],[-0.257,-0.358],[-0.323,1.586],[-0.572,-0.08],[-1.289,0.015],[-0.92,0.872],[-0.164,-0.366],[-0.548,1.166],[-0.223,-0.709],[0.233,0.744],[-0.409,1.514],[-0.565,4.998],[0.506,0.665],[0.47,0.248],[1.914,0.533],[4.224,-1.194],[7.43,4.584],[0.714,2.881],[1.485,0.381],[0.529,-2.309],[2.496,-6.243],[1.791,1.143],[0.269,3.354],[-0.503,0.753],[0.915,9.252],[0.919,-3.223],[1.17,-3.498],[1.849,-5.532],[0.112,0.12],[0.324,-0.147],[0.555,-5.502]],"v":[[28.658,-35.638],[25.537,-37.621],[21.645,-37.936],[19.746,-39.482],[7.49,-43.8],[2.22,-44.079],[-7.061,-43.173],[-14.245,-45.625],[-17.161,-47.405],[-18.94,-45.553],[-21.005,-47.798],[-25.413,-45.608],[-26.182,-46.681],[-30.03,-44.894],[-31.872,-45.798],[-34.746,-42.446],[-37.132,-41.842],[-38.659,-42.738],[-40.79,-39.511],[-41.497,-42.861],[-42.963,-37.355],[-43.84,-32.745],[-40.967,-17.047],[-39.083,-15.488],[-37.596,-14.905],[-25.12,-14.415],[-4.393,-13.915],[5.776,7.065],[6.607,14.71],[10.363,15.122],[12.162,8.962],[23.803,5.137],[26.722,10.825],[23.466,19.69],[21.789,21.737],[26.366,47.798],[29.74,33.895],[39.491,12.486],[42.961,-4.53],[43.409,-4.405],[43.849,-5.3]],"c":true},"ix":2},"nm":"Path 1","mn":"ADBE Vector Shape - Group","hd":false},{"ty":"fl","c":{"a":0,"k":[0.266999989748,0.172999992967,0.144999995828,1],"ix":4},"o":{"a":0,"k":100,"ix":5},"r":1,"bm":0,"nm":"Fill 1","mn":"ADBE Vector Graphic - Fill","hd":false},{"ty":"tr","p":{"a":0,"k":[334.84,210.727],"ix":2},"a":{"a":0,"k":[0,0],"ix":1},"s":{"a":0,"k":[100,100],"ix":3},"r":{"a":0,"k":0,"ix":6},"o":{"a":0,"k":100,"ix":7},"sk":{"a":0,"k":0,"ix":4},"sa":{"a":0,"k":0,"ix":5},"nm":"Transform"}],"nm":"Group 1","np":4,"cix":2,"bm":0,"ix":1,"mn":"ADBE Vector Group","hd":false},{"ty":"tr","p":{"a":0,"k":[578.791,182.727],"ix":2},"a":{"a":0,"k":[334.791,210.727],"ix":1},"s":{"a":0,"k":[100,100],"ix":3},"r":{"a":0,"k":0,"ix":6},"o":{"a":0,"k":100,"ix":7},"sk":{"a":0,"k":0,"ix":4},"sa":{"a":0,"k":0,"ix":5},"nm":"Transform"}],"nm":"hair","np":1,"cix":2,"bm":0,"ix":1,"mn":"ADBE Vector Group","hd":false},{"ty":"gr","it":[{"ty":"gr","it":[{"ind":0,"ty":"sh","ix":1,"ks":{"a":0,"k":{"i":[[1.803,0.456],[3.254,0.326],[0.005,1.373],[-1.13,1.066],[-1.42,-0.088],[-1.539,1.008],[1.609,0.173],[1.866,0.119],[1.402,0.589],[0.017,0.062],[-0.278,2.837],[2.085,2.019],[1.494,0.434],[0.006,-6.565],[-0.748,-7.129],[-2.975,0.415]],"o":[[-1.803,-0.446],[-3.255,-0.326],[-0.005,-1.529],[1.164,-1.098],[1.839,0.115],[0.428,-0.281],[-1.841,-0.199],[-1.518,-0.086],[-0.313,-0.121],[0,0],[0.277,-2.838],[-0.282,-0.271],[-0.81,6.408],[-0.006,7.167],[1.783,0.154],[3.26,-0.455]],"v":[[8.241,14.447],[-4.03,13.323],[-6.62,11.058],[-4.825,6.458],[-0.682,5.878],[4.122,4.415],[5.442,1.502],[-0.105,1.698],[-4.544,0.667],[-7.572,-0.636],[-2.537,-17.537],[-3.657,-22.918],[-6.961,-24.13],[-8.546,-4.503],[-7.119,16.948],[0.167,17.103]],"c":true},"ix":2},"nm":"Path 1","mn":"ADBE Vector Shape - Group","hd":false},{"ty":"mm","mm":1,"nm":"Merge Paths 1","mn":"ADBE Vector Filter - Merge","hd":false},{"ty":"fl","c":{"a":0,"k":[0.787999987602,0.549000024796,0.458999991417,1],"ix":4},"o":{"a":0,"k":100,"ix":5},"r":1,"bm":0,"nm":"Fill 1","mn":"ADBE Vector Graphic - Fill","hd":false},{"ty":"tr","p":{"a":0,"k":[297.263,237.827],"ix":2},"a":{"a":0,"k":[0,0],"ix":1},"s":{"a":0,"k":[100,100],"ix":3},"r":{"a":0,"k":0,"ix":6},"o":{"a":0,"k":100,"ix":7},"sk":{"a":0,"k":0,"ix":4},"sa":{"a":0,"k":0,"ix":5},"nm":"Transform"}],"nm":"Group 1","np":6,"cix":2,"bm":0,"ix":1,"mn":"ADBE Vector Group","hd":false},{"ty":"gr","it":[{"ind":0,"ty":"sh","ix":1,"ks":{"a":0,"k":{"i":[[0,0],[0,0],[1.669,-2.498],[1.512,-2.473],[0.964,1.42],[-3.501,-0.809],[-5.061,5.5]],"o":[[0,0],[-0.103,2.891],[-1.607,2.403],[-5.344,8.456],[0.312,1.164],[3.501,0.807],[5.75,-6.25]],"v":[[8.733,-11.342],[8.705,-11.327],[5.438,-3.489],[0,2.886],[-10,5.572],[-6.187,9.822],[4.25,1.011]],"c":true},"ix":2},"nm":"Path 1","mn":"ADBE Vector Shape - Group","hd":false},{"ty":"mm","mm":1,"nm":"Merge Paths 1","mn":"ADBE Vector Filter - Merge","hd":false},{"ty":"fl","c":{"a":0,"k":[0.787999987602,0.549000024796,0.458999991417,1],"ix":4},"o":{"a":0,"k":100,"ix":5},"r":1,"bm":0,"nm":"Fill 1","mn":"ADBE Vector Graphic - Fill","hd":false},{"ty":"tr","p":{"a":0,"k":[352.869,233.908],"ix":2},"a":{"a":0,"k":[0,0],"ix":1},"s":{"a":0,"k":[100,100],"ix":3},"r":{"a":0,"k":0,"ix":6},"o":{"a":0,"k":100,"ix":7},"sk":{"a":0,"k":0,"ix":4},"sa":{"a":0,"k":0,"ix":5},"nm":"Transform"}],"nm":"Group 2","np":6,"cix":2,"bm":0,"ix":2,"mn":"ADBE Vector Group","hd":false},{"ty":"tr","p":{"a":0,"k":[596.295,205.199],"ix":2},"a":{"a":0,"k":[352.295,233.199],"ix":1},"s":{"a":0,"k":[100,100],"ix":3},"r":{"a":0,"k":0,"ix":6},"o":{"a":0,"k":100,"ix":7},"sk":{"a":0,"k":0,"ix":4},"sa":{"a":0,"k":0,"ix":5},"nm":"Transform"}],"nm":"head_shadow","np":2,"cix":2,"bm":0,"ix":2,"mn":"ADBE Vector Group","hd":false},{"ty":"gr","it":[{"ty":"gr","it":[{"ind":0,"ty":"sh","ix":1,"ks":{"a":0,"k":{"i":[[0.005,-6.564],[-0.01,-0.291],[-0.427,-4.67],[-0.228,-2.19],[-0.078,-0.757],[-0.05,-0.725],[-0.05,-0.716],[-0.23,-1.449],[-0.99,-1.773],[-5.647,1.201],[-5.364,2.463],[-4.269,3.433],[-1.732,3.732],[-1.057,2.99],[-0.932,2.739],[0.771,5.927],[14.248,5.503],[1.375,-6],[0.688,-4.727]],"o":[[0,0.291],[0.027,4.664],[0.189,2.188],[0.078,0.758],[0.071,0.707],[0.051,0.705],[0.098,1.48],[0.323,1.987],[3.218,5.757],[5.769,-1.223],[4.929,-2.274],[3.274,-2.633],[1.335,-2.877],[0.964,-2.728],[1.931,-5.672],[-1.926,-14.796],[-19.663,-5.128],[-1.375,6],[-0.689,4.728]],"v":[[-37.608,5.551],[-37.599,6.435],[-36.828,20.431],[-36.182,27.001],[-35.939,29.274],[-35.757,31.422],[-35.605,33.558],[-35.15,37.97],[-33.3,43.662],[-17.808,47.776],[-1.036,42.276],[13.254,34.407],[20.006,24.354],[23.605,15.549],[34.897,-0.068],[36.837,-13.143],[3.581,-44.292],[-32.886,-34.716],[-36.023,-14.076]],"c":true},"ix":2},"nm":"Path 1","mn":"ADBE Vector Shape - Group","hd":false},{"ty":"fl","c":{"a":0,"k":[0.847000002861,0.60799998045,0.501999974251,1],"ix":4},"o":{"a":0,"k":100,"ix":5},"r":1,"bm":0,"nm":"Fill 1","mn":"ADBE Vector Graphic - Fill","hd":false},{"ty":"tr","p":{"a":0,"k":[326.324,227.772],"ix":2},"a":{"a":0,"k":[0,0],"ix":1},"s":{"a":0,"k":[100,100],"ix":3},"r":{"a":0,"k":0,"ix":6},"o":{"a":0,"k":100,"ix":7},"sk":{"a":0,"k":0,"ix":4},"sa":{"a":0,"k":0,"ix":5},"nm":"Transform"}],"nm":"Group 1","np":4,"cix":2,"bm":0,"ix":1,"mn":"ADBE Vector Group","hd":false},{"ty":"tr","p":{"a":0,"k":[570.086,201.112],"ix":2},"a":{"a":0,"k":[326.086,229.112],"ix":1},"s":{"a":0,"k":[100,100],"ix":3},"r":{"a":0,"k":0,"ix":6},"o":{"a":0,"k":100,"ix":7},"sk":{"a":0,"k":0,"ix":4},"sa":{"a":0,"k":0,"ix":5},"nm":"Transform"}],"nm":"head_skin","np":1,"cix":2,"bm":0,"ix":3,"mn":"ADBE Vector Group","hd":false}],"ip":0,"op":150,"st":0,"bm":0},{"ddd":0,"ind":2,"ty":4,"nm":"arm","parent":6,"sr":1,"ks":{"o":{"a":0,"k":100,"ix":11},"r":{"a":1,"k":[{"i":{"x":[0.531],"y":[1]},"o":{"x":[0.333],"y":[0]},"t":10,"s":[0]},{"i":{"x":[0.667],"y":[1]},"o":{"x":[0.479],"y":[0]},"t":70,"s":[87]},{"t":134,"s":[0]}],"ix":10},"p":{"a":1,"k":[{"i":{"x":0.531,"y":1},"o":{"x":0.333,"y":0},"t":10,"s":[635.338,318.471,0],"to":[-12.024,8.997,0],"ti":[0,0,0]},{"i":{"x":0.667,"y":1},"o":{"x":0.479,"y":0},"t":70,"s":[563.194,372.451,0],"to":[0,0,0],"ti":[-12.024,8.997,0]},{"t":134,"s":[635.338,318.471,0]}],"ix":2},"a":{"a":0,"k":[391.338,346.471,0],"ix":1},"s":{"a":0,"k":[100,100,100],"ix":6}},"ao":0,"shapes":[{"ty":"gr","it":[{"ind":0,"ty":"sh","ix":1,"ks":{"a":1,"k":[{"i":{"x":0.531,"y":1},"o":{"x":0.333,"y":0},"t":10,"s":[{"i":[[8.251,9.282],[10.776,-0.585],[2.2,-13.22],[-2.711,-4.851],[0.392,-9.667],[-1.77,-10.686],[-2.149,-8.308],[-3.746,-7.237],[-2.97,-3.194],[-5.321,-0.398],[-3.848,2.119],[-0.519,7.044],[-0.287,7.427],[0.47,7.52],[2.692,8.084],[0.201,3.88],[-0.723,3.991],[0.479,4.233]],"o":[[-7.244,-8.149],[-13.478,0.732],[-3.734,22.441],[4.901,8.771],[-0.341,8.409],[1.409,8.509],[2.05,7.922],[1.957,3.779],[3.645,3.918],[4.418,0.331],[6.536,-3.601],[0.548,-7.449],[0.291,-7.524],[-0.529,-8.476],[-1.224,-3.673],[-0.213,-4.109],[0.761,-4.206],[-1.385,-12.23]],"v":[[22.546,-72.589],[-7.747,-84.432],[-37.118,-55.695],[-30.553,-20.516],[-20.582,-1.242],[-17.924,23.91],[-12.622,44.679],[-2.964,67.134],[2.965,78.01],[17.068,84.686],[30.671,81.387],[40.072,63.04],[40.421,40.598],[40.382,18.013],[35.845,-7.026],[34.72,-14.156],[36.777,-26.273],[36.786,-39.133]],"c":true}]},{"i":{"x":0.667,"y":1},"o":{"x":0.479,"y":0},"t":70,"s":[{"i":[[8.251,9.282],[10.776,-0.585],[2.2,-13.22],[-2.711,-4.851],[-1.364,-5.928],[-1.77,-10.686],[-2.149,-8.308],[-2.345,-6.665],[-2.97,-3.194],[-5.321,-0.398],[-3.848,2.119],[-0.519,7.044],[-0.287,7.427],[0.47,7.52],[2.692,8.084],[0.201,3.88],[-0.723,3.991],[0.479,4.233]],"o":[[-7.244,-8.149],[-13.478,0.732],[-3.734,22.441],[4.901,8.771],[1.887,8.202],[1.409,8.509],[2.05,7.922],[1.412,4.014],[3.645,3.918],[4.418,0.331],[6.536,-3.601],[0.548,-7.449],[0.291,-7.524],[-0.529,-8.476],[-1.224,-3.673],[-0.213,-4.109],[0.761,-4.206],[-1.385,-12.23]],"v":[[27.179,-76.67],[-8.004,-88.063],[-39.382,-57.531],[-33.415,-18.144],[-20.582,-1.242],[-19.356,23.633],[-16.145,45.962],[-9.157,69.122],[-2.16,81.472],[16.215,88.189],[30.223,85.274],[45.521,71.432],[47.408,47.367],[47.175,23.522],[42.297,-2.457],[42.41,-13.496],[45.279,-24.844],[44.497,-40.609]],"c":true}]},{"t":134,"s":[{"i":[[8.251,9.282],[10.776,-0.585],[2.2,-13.22],[-2.711,-4.851],[0.392,-9.667],[-1.77,-10.686],[-2.149,-8.308],[-3.746,-7.237],[-2.97,-3.194],[-5.321,-0.398],[-3.848,2.119],[-0.519,7.044],[-0.287,7.427],[0.47,7.52],[2.692,8.084],[0.201,3.88],[-0.723,3.991],[0.479,4.233]],"o":[[-7.244,-8.149],[-13.478,0.732],[-3.734,22.441],[4.901,8.771],[-0.341,8.409],[1.409,8.509],[2.05,7.922],[1.957,3.779],[3.645,3.918],[4.418,0.331],[6.536,-3.601],[0.548,-7.449],[0.291,-7.524],[-0.529,-8.476],[-1.224,-3.673],[-0.213,-4.109],[0.761,-4.206],[-1.385,-12.23]],"v":[[22.546,-72.589],[-7.747,-84.432],[-37.118,-55.695],[-30.553,-20.516],[-20.582,-1.242],[-17.924,23.91],[-12.622,44.679],[-2.964,67.134],[2.965,78.01],[17.068,84.686],[30.671,81.387],[40.072,63.04],[40.421,40.598],[40.382,18.013],[35.845,-7.026],[34.72,-14.156],[36.777,-26.273],[36.786,-39.133]],"c":true}]}],"ix":2},"nm":"Path 1","mn":"ADBE Vector Shape - Group","hd":false},{"ty":"fl","c":{"a":0,"k":[0.847000002394,0.607999973671,0.501999978458,1],"ix":4},"o":{"a":0,"k":100,"ix":5},"r":1,"bm":0,"nm":"Fill 1","mn":"ADBE Vector Graphic - Fill","hd":false},{"ty":"tr","p":{"a":0,"k":[389.059,394.347],"ix":2},"a":{"a":0,"k":[0,0],"ix":1},"s":{"a":0,"k":[100,100],"ix":3},"r":{"a":0,"k":0,"ix":6},"o":{"a":0,"k":100,"ix":7},"sk":{"a":0,"k":0,"ix":4},"sa":{"a":0,"k":0,"ix":5},"nm":"Transform"}],"nm":"Group 1","np":4,"cix":2,"bm":0,"ix":1,"mn":"ADBE Vector Group","hd":false}],"ip":0,"op":150,"st":0,"bm":0},{"ddd":0,"ind":3,"ty":4,"nm":"hand","parent":4,"sr":1,"ks":{"o":{"a":0,"k":100,"ix":11},"r":{"a":0,"k":0,"ix":10},"p":{"a":1,"k":[{"i":{"x":0.531,"y":1},"o":{"x":0.333,"y":0},"t":10,"s":[379.651,582.526,0],"to":[-2.415,6.82,0],"ti":[0,0,0]},{"i":{"x":0.667,"y":1},"o":{"x":0.479,"y":0},"t":70,"s":[365.163,623.444,0],"to":[0,0,0],"ti":[-2.415,6.82,0]},{"t":134,"s":[379.651,582.526,0]}],"ix":2},"a":{"a":0,"k":[379.651,582.526,0],"ix":1},"s":{"a":1,"k":[{"i":{"x":[0.531,0.531,0.667],"y":[1,1,1]},"o":{"x":[0.333,0.333,0.333],"y":[0,0,0]},"t":10,"s":[100,100,100]},{"i":{"x":[0.667,0.667,0.667],"y":[1,1,1]},"o":{"x":[0.479,0.479,0.333],"y":[0,0,0]},"t":70,"s":[108,108,100]},{"t":134,"s":[100,100,100]}],"ix":6}},"ao":0,"shapes":[{"ty":"gr","it":[{"ind":0,"ty":"sh","ix":1,"ks":{"a":0,"k":{"i":[[-0.108,0.148],[-3.651,5.008],[-0.7,1.908],[-0.16,1.956],[-1.072,5.955],[2.867,4.474],[2.829,-5.898],[3.708,-3.407],[2.038,-4.023],[0,0],[1.726,-6.272],[-1.482,2.295],[-1.108,2.396],[-1.832,1.83],[0.136,-1.739],[2.597,-4.783],[-0.433,-2.622],[-0.888,0.827],[-0.266,-1.297],[-1.683,1.341],[-0.469,0.236],[-0.851,0.008],[-3.073,1.093],[-0.907,0.124],[-2.035,2.791]],"o":[[3.651,-5.007],[1.192,-1.636],[0.68,-1.85],[0.434,-5.31],[0.88,-4.89],[-5.753,-8.265],[-2.051,4.326],[-3.472,3.188],[-3.295,4.969],[0,0],[-1.319,4.79],[1.427,-2.208],[1.052,-2.277],[3.22,-0.06],[-0.439,5.628],[-1.383,2.549],[0.196,1.191],[0.865,0.955],[0.547,2.671],[0.414,-0.331],[0.776,-0.391],[3.789,-0.033],[0.871,-0.309],[3.686,-0.501],[0.108,-0.148]],"v":[[10.126,33.005],[20.996,17.174],[24.035,11.45],[24.424,3.771],[25.361,-27.495],[24.729,-41.654],[4.59,-39.472],[-1.458,-28.997],[-13,-20.637],[-21.258,-4.395],[-26.277,13.537],[-20.12,14.515],[-16.227,7.647],[-13.223,0.841],[-11.076,14.911],[-17.444,29.74],[-22.267,42.202],[-19.693,43.472],[-18.733,47.248],[-12.889,48.113],[-11.646,47.128],[-9.122,46.914],[-1.801,41.952],[0.919,41.7],[9.802,33.45]],"c":true},"ix":2},"nm":"Path 1","mn":"ADBE Vector Shape - Group","hd":false},{"ty":"fl","c":{"a":0,"k":[0.847000002394,0.607999973671,0.501999978458,1],"ix":4},"o":{"a":0,"k":100,"ix":5},"r":1,"bm":0,"nm":"Fill 1","mn":"ADBE Vector Graphic - Fill","hd":false},{"ty":"tr","p":{"a":0,"k":[364.653,618.01],"ix":2},"a":{"a":0,"k":[0,0],"ix":1},"s":{"a":0,"k":[100,100],"ix":3},"r":{"a":0,"k":0,"ix":6},"o":{"a":0,"k":100,"ix":7},"sk":{"a":0,"k":0,"ix":4},"sa":{"a":0,"k":0,"ix":5},"nm":"Transform"}],"nm":"Group 1","np":4,"cix":2,"bm":0,"ix":1,"mn":"ADBE Vector Group","hd":false}],"ip":0,"op":150,"st":0,"bm":0},{"ddd":0,"ind":4,"ty":4,"nm":"forearm","parent":2,"sr":1,"ks":{"o":{"a":0,"k":100,"ix":11},"r":{"a":1,"k":[{"i":{"x":[0.531],"y":[1]},"o":{"x":[0.333],"y":[0]},"t":10,"s":[0]},{"i":{"x":[0.667],"y":[1]},"o":{"x":[0.479],"y":[0]},"t":70,"s":[-15]},{"t":134,"s":[0]}],"ix":10},"p":{"a":0,"k":[407.743,460.198,0],"ix":2},"a":{"a":0,"k":[407.743,460.198,0],"ix":1},"s":{"a":0,"k":[100,100,100],"ix":6}},"ao":0,"shapes":[{"ty":"gr","it":[{"ind":0,"ty":"sh","ix":1,"ks":{"a":0,"k":{"i":[[-5.046,-10.364],[-10.364,5.046],[5.047,10.364],[10.365,-5.046]],"o":[[5.046,10.364],[10.365,-5.047],[-5.046,-10.366],[-10.364,5.047]],"v":[[-18.767,9.137],[9.137,18.767],[18.766,-9.137],[-9.138,-18.767]],"c":true},"ix":2},"nm":"Path 1","mn":"ADBE Vector Shape - Group","hd":false},{"ty":"fl","c":{"a":0,"k":[0.788000009574,0.54900004069,0.458999992819,1],"ix":4},"o":{"a":0,"k":100,"ix":5},"r":1,"bm":0,"nm":"Fill 1","mn":"ADBE Vector Graphic - Fill","hd":false},{"ty":"tr","p":{"a":0,"k":[407.661,458.22],"ix":2},"a":{"a":0,"k":[0,0],"ix":1},"s":{"a":0,"k":[100,100],"ix":3},"r":{"a":0,"k":0,"ix":6},"o":{"a":0,"k":100,"ix":7},"sk":{"a":0,"k":0,"ix":4},"sa":{"a":0,"k":0,"ix":5},"nm":"Transform"}],"nm":"Group 1","np":4,"cix":2,"bm":0,"ix":1,"mn":"ADBE Vector Group","hd":false},{"ty":"gr","it":[{"ind":0,"ty":"sh","ix":1,"ks":{"a":1,"k":[{"i":{"x":0.531,"y":1},"o":{"x":0.333,"y":0},"t":10,"s":[{"i":[[-4.665,-8.204],[0.01,-5.695],[6.138,-15.211],[6.671,-16.119],[7.695,-14.684],[5.293,3.011],[-0.249,6.007],[-0.871,18.656],[-6.373,20.96],[-2.518,7.199],[-7.418,3.596]],"o":[[1.411,2.481],[-0.018,10.481],[-6.528,16.177],[-6.335,15.306],[-3.332,6.359],[-2.788,-1.585],[0.169,-4.082],[1.009,-21.59],[2.212,-7.273],[2.795,-7.986],[9.672,-4.689]],"v":[[27.618,-65.689],[30.947,-50.891],[19.595,5.211],[1.25,46.789],[-10.678,74.886],[-25.196,77.962],[-30.708,67.068],[-26.039,14.993],[-18.577,-41.917],[-12.51,-62.023],[0.785,-76.557]],"c":true}]},{"i":{"x":0.667,"y":1},"o":{"x":0.479,"y":0},"t":70,"s":[{"i":[[-4.665,-8.204],[0.01,-5.695],[6.138,-15.211],[6.671,-16.119],[7.695,-14.684],[5.293,3.011],[-0.249,6.007],[-0.871,18.656],[-6.373,20.96],[-2.518,7.199],[-7.418,3.596]],"o":[[1.411,2.481],[-0.018,10.481],[-6.528,16.177],[-6.335,15.306],[-3.332,6.359],[-2.788,-1.585],[0.169,-4.082],[1.009,-21.59],[2.212,-7.273],[2.795,-7.986],[9.672,-4.689]],"v":[[27.618,-65.689],[33.232,-50.589],[25.681,5.934],[7.934,51.474],[-22.44,112.555],[-38.365,116.758],[-43.78,104.099],[-32.751,18.592],[-18.577,-41.917],[-12.51,-62.023],[0.785,-76.557]],"c":true}]},{"t":134,"s":[{"i":[[-4.665,-8.204],[0.01,-5.695],[6.138,-15.211],[6.671,-16.119],[7.695,-14.684],[5.293,3.011],[-0.249,6.007],[-0.871,18.656],[-6.373,20.96],[-2.518,7.199],[-7.418,3.596]],"o":[[1.411,2.481],[-0.018,10.481],[-6.528,16.177],[-6.335,15.306],[-3.332,6.359],[-2.788,-1.585],[0.169,-4.082],[1.009,-21.59],[2.212,-7.273],[2.795,-7.986],[9.672,-4.689]],"v":[[27.618,-65.689],[30.947,-50.891],[19.595,5.211],[1.25,46.789],[-10.678,74.886],[-25.196,77.962],[-30.708,67.068],[-26.039,14.993],[-18.577,-41.917],[-12.51,-62.023],[0.785,-76.557]],"c":true}]}],"ix":2},"nm":"Path 1","mn":"ADBE Vector Shape - Group","hd":false},{"ty":"fl","c":{"a":0,"k":[0.847000002394,0.607999973671,0.501999978458,1],"ix":4},"o":{"a":0,"k":100,"ix":5},"r":1,"bm":0,"nm":"Fill 1","mn":"ADBE Vector Graphic - Fill","hd":false},{"ty":"tr","p":{"a":0,"k":[399.631,515.2],"ix":2},"a":{"a":0,"k":[0,0],"ix":1},"s":{"a":0,"k":[100,100],"ix":3},"r":{"a":0,"k":0,"ix":6},"o":{"a":0,"k":100,"ix":7},"sk":{"a":0,"k":0,"ix":4},"sa":{"a":0,"k":0,"ix":5},"nm":"Transform"}],"nm":"Group 2","np":4,"cix":2,"bm":0,"ix":2,"mn":"ADBE Vector Group","hd":false}],"ip":0,"op":150,"st":0,"bm":0},{"ddd":0,"ind":5,"ty":4,"nm":"hand_1","parent":19,"sr":1,"ks":{"o":{"a":0,"k":100,"ix":11},"r":{"a":1,"k":[{"i":{"x":[0.833],"y":[0.833]},"o":{"x":[0.167],"y":[0.167]},"t":10,"s":[0]},{"i":{"x":[0.833],"y":[0.833]},"o":{"x":[0.167],"y":[0.167]},"t":61,"s":[-16]},{"i":{"x":[0.833],"y":[0.833]},"o":{"x":[0.167],"y":[0.167]},"t":70,"s":[0]},{"i":{"x":[0.833],"y":[0.833]},"o":{"x":[0.167],"y":[0.167]},"t":80,"s":[-16]},{"t":134,"s":[0]}],"ix":10},"p":{"a":1,"k":[{"i":{"x":0.531,"y":1},"o":{"x":0.333,"y":0},"t":10,"s":[289.463,540.788,0],"to":[2.08,-5.629,0],"ti":[0,0,0]},{"i":{"x":0.667,"y":1},"o":{"x":0.333,"y":0},"t":70,"s":[301.94,507.015,0],"to":[0,0,0],"ti":[2.08,-5.629,0]},{"t":134,"s":[289.463,540.788,0]}],"ix":2},"a":{"a":0,"k":[289.463,540.788,0],"ix":1},"s":{"a":0,"k":[100,100,100],"ix":6}},"ao":0,"shapes":[{"ty":"gr","it":[{"ind":0,"ty":"sh","ix":1,"ks":{"a":0,"k":{"i":[[-0.072,0.132],[-2.42,4.431],[-0.363,1.615],[0.078,1.598],[-0.236,4.925],[2.789,3.312],[1.662,-5.065],[2.636,-3.145],[1.222,-3.465],[0,0],[0.731,-5.251],[-0.954,2.011],[-0.642,2.053],[-1.287,1.672],[-0.075,-1.42],[1.592,-4.138],[-0.627,-2.073],[-0.63,0.762],[-0.351,-1.021],[-1.218,1.261],[-0.354,0.24],[-0.686,0.096],[-2.367,1.208],[-0.72,0.195],[-1.349,2.469]],"o":[[2.42,-4.432],[0.791,-1.448],[0.354,-1.567],[-0.211,-4.336],[0.195,-4.044],[-5.522,-6.07],[-1.2,3.711],[-2.467,2.943],[-2.136,4.364],[0,0],[-0.558,4.01],[0.919,-1.935],[0.609,-1.951],[2.596,-0.389],[0.24,4.594],[-0.848,2.206],[0.284,0.941],[0.8,0.681],[0.725,2.099],[0.3,-0.311],[0.586,-0.399],[3.058,-0.428],[0.671,-0.343],[2.925,-0.795],[0.071,-0.132]],"v":[[11.359,25.637],[18.466,11.697],[20.316,6.751],[19.819,0.505],[17.268,-24.854],[15.26,-36.227],[-0.78,-32.334],[-4.56,-23.231],[-13,-15.257],[-17.953,-1.261],[-20.112,13.759],[-15.034,13.897],[-12.615,7.937],[-10.908,2.12],[-7.684,13.261],[-11.262,25.915],[-13.84,36.494],[-11.626,37.247],[-10.452,40.198],[-5.638,40.278],[-4.738,39.351],[-2.723,38.911],[2.669,34.127],[4.841,33.636],[11.143,26.032]],"c":true},"ix":2},"nm":"Path 1","mn":"ADBE Vector Shape - Group","hd":false},{"ty":"fl","c":{"a":0,"k":[0.788235353956,0.549019607843,0.458823559331,1],"ix":4},"o":{"a":0,"k":100,"ix":5},"r":1,"bm":0,"nm":"Fill 1","mn":"ADBE Vector Graphic - Fill","hd":false},{"ty":"tr","p":{"a":0,"k":[280.837,572.553],"ix":2},"a":{"a":0,"k":[0,0],"ix":1},"s":{"a":0,"k":[100,100],"ix":3},"r":{"a":0,"k":0,"ix":6},"o":{"a":0,"k":100,"ix":7},"sk":{"a":0,"k":0,"ix":4},"sa":{"a":0,"k":0,"ix":5},"nm":"Transform"}],"nm":"Group 1","np":4,"cix":2,"bm":0,"ix":1,"mn":"ADBE Vector Group","hd":false}],"ip":61,"op":81,"st":0,"bm":0},{"ddd":0,"ind":6,"ty":4,"nm":"body","parent":7,"sr":1,"ks":{"o":{"a":0,"k":100,"ix":11},"r":{"a":0,"k":0,"ix":10},"p":{"a":1,"k":[{"i":{"x":0.531,"y":1},"o":{"x":0.333,"y":0},"t":10,"s":[-5,-120,0],"to":[1.165,6.611,0],"ti":[0,0,0]},{"i":{"x":0.667,"y":1},"o":{"x":0.479,"y":0},"t":70,"s":[1.987,-80.333,0],"to":[0,0,0],"ti":[1.165,6.611,0]},{"t":134,"s":[-5,-120,0]}],"ix":2},"a":{"a":0,"k":[569.278,414.294,0],"ix":1},"s":{"a":0,"k":[100,100,100],"ix":6}},"ao":0,"shapes":[{"ty":"gr","it":[{"ty":"gr","it":[{"ind":0,"ty":"sh","ix":1,"ks":{"a":0,"k":{"i":[[-2.125,0.62],[-3.408,1.346],[-3.594,1.418],[-4.927,1.945],[12.511,-5.077],[10.815,6.165],[2.731,3.092],[0.574,0.729],[-11.878,1.411]],"o":[[3.445,-1.004],[3.594,-1.418],[4.926,-1.944],[0.257,0.692],[-11.868,3.604],[-3.582,-2.041],[-0.617,-0.693],[9.152,7.841],[2.276,-0.271]],"v":[[4.61,2.73],[14.779,-0.973],[25.559,-5.227],[35.914,-10.03],[11.528,8.036],[-24.557,4.195],[-34.137,-3.533],[-35.918,-5.675],[-1.965,4.107]],"c":true},"ix":2},"nm":"Path 1","mn":"ADBE Vector Shape - Group","hd":false},{"ty":"fl","c":{"a":0,"k":[0.188235309077,0.215686289469,0.258823529412,1],"ix":4},"o":{"a":0,"k":100,"ix":5},"r":1,"bm":0,"nm":"Fill 1","mn":"ADBE Vector Graphic - Fill","hd":false},{"ty":"tr","p":{"a":0,"k":[340.015,399.52],"ix":2},"a":{"a":0,"k":[0,0],"ix":1},"s":{"a":0,"k":[100,100],"ix":3},"r":{"a":0,"k":0,"ix":6},"o":{"a":0,"k":100,"ix":7},"sk":{"a":0,"k":0,"ix":4},"sa":{"a":0,"k":0,"ix":5},"nm":"Transform"}],"nm":"Group 1","np":4,"cix":2,"bm":0,"ix":1,"mn":"ADBE Vector Group","hd":false},{"ty":"gr","it":[{"ind":0,"ty":"sh","ix":1,"ks":{"a":0,"k":{"i":[[6.32,4.02],[-0.04,-1.15],[-6.18,2.5],[-0.1,0.24],[0.36,-0.14]],"o":[[0.03,1.109],[5.77,2.719],[1.33,-0.53],[-0.47,0.2],[-7.33,2.97]],"v":[[-11.285,-2.927],[-11.195,0.463],[7.365,1.383],[11.285,-0.917],[10.115,-0.407]],"c":true},"ix":2},"nm":"Path 1","mn":"ADBE Vector Shape - Group","hd":false},{"ty":"fl","c":{"a":0,"k":[0.188235309077,0.215686289469,0.258823529412,1],"ix":4},"o":{"a":0,"k":100,"ix":5},"r":1,"bm":0,"nm":"Fill 1","mn":"ADBE Vector Graphic - Fill","hd":false},{"ty":"tr","p":{"a":0,"k":[271.467,393.056],"ix":2},"a":{"a":0,"k":[0,0],"ix":1},"s":{"a":0,"k":[100,100],"ix":3},"r":{"a":0,"k":0,"ix":6},"o":{"a":0,"k":100,"ix":7},"sk":{"a":0,"k":0,"ix":4},"sa":{"a":0,"k":0,"ix":5},"nm":"Transform"}],"nm":"Group 2","np":4,"cix":2,"bm":0,"ix":2,"mn":"ADBE Vector Group","hd":false},{"ty":"tr","p":{"a":0,"k":[562.057,371.52],"ix":2},"a":{"a":0,"k":[318.057,399.52],"ix":1},"s":{"a":0,"k":[100,100],"ix":3},"r":{"a":0,"k":0,"ix":6},"o":{"a":0,"k":100,"ix":7},"sk":{"a":0,"k":0,"ix":4},"sa":{"a":0,"k":0,"ix":5},"nm":"Transform"}],"nm":"shirt_shadow","np":2,"cix":2,"bm":0,"ix":1,"mn":"ADBE Vector Group","hd":false},{"ty":"gr","it":[{"ty":"gr","it":[{"ind":0,"ty":"sh","ix":1,"ks":{"a":0,"k":{"i":[[-0.718,0.281],[0.114,-0.476],[0.848,1.806],[1.028,0.768]],"o":[[0,0],[-0.114,0.476],[-0.82,-1.749],[-0.997,-0.744]],"v":[[4.574,-3.346],[0.116,2.239],[-2.005,2.507],[-4.5,-2.772]],"c":true},"ix":2},"nm":"Path 1","mn":"ADBE Vector Shape - Group","hd":false},{"ty":"mm","mm":4,"nm":"Merge Paths 1","mn":"ADBE Vector Filter - Merge","hd":false},{"ty":"fl","c":{"a":0,"k":[0.792156922583,0.552941176471,0.462745127958,1],"ix":4},"o":{"a":0,"k":100,"ix":5},"r":1,"bm":0,"nm":"Fill 1","mn":"ADBE Vector Graphic - Fill","hd":false},{"ty":"tr","p":{"a":1,"k":[{"i":{"x":0.531,"y":1},"o":{"x":0.333,"y":0},"t":10,"s":[316.775,304.709],"to":[-2.58,2.453],"ti":[0,0]},{"i":{"x":0.667,"y":1},"o":{"x":0.479,"y":0},"t":70,"s":[301.295,319.427],"to":[0,0],"ti":[-2.58,2.453]},{"t":134,"s":[316.775,304.709]}],"ix":2,"x":"var $bm_rt;\n$bm_rt = content('body_shadow').content('Group 1').transform.position;"},"a":{"a":0,"k":[0,0],"ix":1},"s":{"a":0,"k":[100,100],"ix":3},"r":{"a":0,"k":0,"ix":6,"x":"var $bm_rt;\n$bm_rt = content('body_shadow').content('Group 1').transform.rotation;"},"o":{"a":0,"k":100,"ix":7},"sk":{"a":0,"k":0,"ix":4},"sa":{"a":0,"k":0,"ix":5},"nm":"Transform"}],"nm":"Group 1","np":3,"cix":2,"bm":0,"ix":1,"mn":"ADBE Vector Group","hd":false},{"ty":"gr","it":[{"ind":0,"ty":"sh","ix":1,"ks":{"a":0,"k":{"i":[[0.32,-0.471],[-0.31,-0.17],[-4.11,-4.67],[-1.2,-0.67],[-1.07,-0.24],[-0.96,-0.21],[-0.42,0.13],[-0.31,0.31],[-2.92,1.489],[-0.77,0.05],[-3.65,-0.03],[-3.64,-0.28],[-0.88,0.69],[-0.8,0.659],[-0.53,0.439],[7.92,-2.2],[2.27,-2.011],[0.84,-0.26],[0.58,0.059],[1.05,1.79],[0.25,0.45],[0.6,0.54],[3.42,1.35]],"o":[[0.31,0.149],[3.79,2.04],[0.92,1.049],[0.95,0.521],[0.91,0.21],[0.43,0.099],[0.4,-0.131],[2.23,-2.16],[0.67,-0.341],[3.23,-0.21],[3.2,0.029],[0.88,-0.681],[0.81,-0.64],[0.53,-0.44],[-11.72,0.58],[-3.1,0.859],[-0.72,0.63],[-0.57,0.181],[-1.91,-0.21],[-0.26,-0.441],[-0.44,-0.821],[-3.76,-3.391],[-0.35,0.449]],"v":[[-30.305,-7.381],[-29.385,-6.911],[-18.025,4.179],[-14.915,6.978],[-11.835,7.989],[-9.035,8.629],[-7.745,8.699],[-6.705,7.949],[0.675,1.699],[2.885,1.249],[13.395,0.289],[23.645,0.989],[26.285,-1.071],[28.705,-3.011],[30.305,-4.331],[0.875,-1.041],[-7.415,2.989],[-9.665,4.608],[-11.405,4.669],[-16.385,2.339],[-17.075,0.929],[-18.745,-1.001],[-29.295,-8.761]],"c":true},"ix":2},"nm":"Path 1","mn":"ADBE Vector Shape - Group","hd":false},{"ty":"mm","mm":4,"nm":"Merge Paths 1","mn":"ADBE Vector Filter - Merge","hd":false},{"ty":"fl","c":{"a":0,"k":[0.792156922583,0.552941176471,0.462745127958,1],"ix":4},"o":{"a":0,"k":100,"ix":5},"r":1,"bm":0,"nm":"Fill 1","mn":"ADBE Vector Graphic - Fill","hd":false},{"ty":"tr","p":{"a":1,"k":[{"i":{"x":0.531,"y":1},"o":{"x":0.333,"y":0},"t":10,"s":[322.457,317.17],"to":[-3.126,2.232],"ti":[0,0]},{"i":{"x":0.667,"y":1},"o":{"x":0.479,"y":0},"t":70,"s":[303.7,330.564],"to":[0,0],"ti":[-3.126,2.232]},{"t":134,"s":[322.457,317.17]}],"ix":2},"a":{"a":0,"k":[0,0],"ix":1},"s":{"a":0,"k":[100,100],"ix":3},"r":{"a":1,"k":[{"i":{"x":[0.531],"y":[1]},"o":{"x":[0.333],"y":[0]},"t":10,"s":[0]},{"i":{"x":[0.667],"y":[1]},"o":{"x":[0.479],"y":[0]},"t":70,"s":[31.171]},{"t":134,"s":[0]}],"ix":6},"o":{"a":0,"k":100,"ix":7},"sk":{"a":0,"k":0,"ix":4},"sa":{"a":0,"k":0,"ix":5},"nm":"Transform"}],"nm":"Group 2","np":3,"cix":2,"bm":0,"ix":2,"mn":"ADBE Vector Group","hd":false},{"ty":"tr","p":{"a":0,"k":[566.457,285.647],"ix":2},"a":{"a":0,"k":[322.457,313.647],"ix":1},"s":{"a":0,"k":[100,100],"ix":3},"r":{"a":0,"k":0,"ix":6},"o":{"a":0,"k":100,"ix":7},"sk":{"a":0,"k":0,"ix":4},"sa":{"a":0,"k":0,"ix":5},"nm":"Transform"}],"nm":"body_shadow","np":2,"cix":2,"bm":0,"ix":2,"mn":"ADBE Vector Group","hd":false},{"ty":"gr","it":[{"ty":"gr","it":[{"ind":0,"ty":"sh","ix":1,"ks":{"a":1,"k":[{"i":{"x":0.531,"y":1},"o":{"x":0.333,"y":0},"t":10,"s":[{"i":[[-0.36,-6.189],[-1.98,-2.391],[-7.06,4.07],[-1.47,1.04],[-9.14,7.109],[-0.88,0.691],[-0.8,0.659],[-0.53,0.44],[-1.38,1.121],[-2.09,1.43],[-2.26,1.08],[-0.02,0.01],[-2.82,0.49],[-0.261,0.01],[20.681,-1.163],[11.47,-6.469],[2.39,-1.399],[1.81,-2.37],[0.32,-0.471],[0.86,-1.901]],"o":[[0.17,3.07],[6.46,7.799],[1.52,-0.96],[9.47,-6.67],[0.88,-0.681],[0.81,-0.64],[0.53,-0.441],[1.37,-1.13],[1.97,-1.58],[2.07,-1.41],[0.02,-0.02],[2.59,-1.23],[0.54,-0.09],[-4.29,-2.32],[-12.438,0.7],[-2.44,1.37],[-2.59,1.52],[-0.35,0.449],[-1.19,1.739],[-2.55,5.599]],"v":[[-48.796,16.216],[-45.646,24.817],[-20.016,23.676],[-15.456,20.817],[12.464,0.147],[15.104,-1.913],[17.524,-3.853],[19.124,-5.173],[23.254,-8.553],[29.314,-13.094],[35.794,-16.884],[35.864,-16.923],[44.024,-19.584],[49.156,-20.642],[5.564,-31.454],[-26.806,-20.043],[-33.896,-15.574],[-40.476,-9.603],[-41.486,-8.223],[-44.556,-2.723]],"c":true}]},{"i":{"x":0.667,"y":1},"o":{"x":0.479,"y":0},"t":70,"s":[{"i":[[3.023,-5.413],[-2.346,-2.034],[-7.06,4.07],[-1.707,0.573],[-9.631,5.5],[-0.88,0.691],[-0.8,0.659],[0.107,1.145],[0.441,1.722],[1.213,3.047],[0.28,2.31],[0.01,0.02],[0.077,0.245],[-0.261,0.01],[20.681,-1.163],[11.47,-6.469],[2.39,-1.399],[2.786,-1.064],[0.471,-0.32],[1.333,-1.605]],"o":[[-2.142,3.836],[12.446,10.791],[1.52,-0.96],[11.422,-3.836],[0.966,-0.552],[0.81,-0.64],[0.53,-0.441],[-0.165,-1.768],[-0.667,-2.603],[-0.926,-2.327],[0.02,-0.02],[-0.582,-1.116],[-0.442,-0.323],[-4.29,-2.32],[-12.438,0.7],[-2.44,1.37],[-2.59,1.52],[-1.022,0.39],[-1.685,1.146],[-3.791,4.565]],"v":[[-66.594,17.796],[-67.543,34.655],[-18.403,31.954],[-5.335,27.385],[22.266,18.121],[27.999,14.069],[30.014,10.536],[31.15,5.882],[31.199,0.567],[29.357,-6.594],[27.471,-11.857],[25.892,-14.184],[23.597,-17.159],[25.336,-28.932],[5.564,-31.454],[-26.806,-20.043],[-33.896,-15.574],[-41.587,-11.1],[-46.129,-8.764],[-53.253,-3.376]],"c":true}]},{"t":134,"s":[{"i":[[-0.36,-6.189],[-1.98,-2.391],[-7.06,4.07],[-1.47,1.04],[-9.14,7.109],[-0.88,0.691],[-0.8,0.659],[-0.53,0.44],[-1.38,1.121],[-2.09,1.43],[-2.26,1.08],[-0.02,0.01],[-2.82,0.49],[-0.261,0.01],[20.681,-1.163],[11.47,-6.469],[2.39,-1.399],[1.81,-2.37],[0.32,-0.471],[0.86,-1.901]],"o":[[0.17,3.07],[6.46,7.799],[1.52,-0.96],[9.47,-6.67],[0.88,-0.681],[0.81,-0.64],[0.53,-0.441],[1.37,-1.13],[1.97,-1.58],[2.07,-1.41],[0.02,-0.02],[2.59,-1.23],[0.54,-0.09],[-4.29,-2.32],[-12.438,0.7],[-2.44,1.37],[-2.59,1.52],[-0.35,0.449],[-1.19,1.739],[-2.55,5.599]],"v":[[-48.796,16.216],[-45.646,24.817],[-20.016,23.676],[-15.456,20.817],[12.464,0.147],[15.104,-1.913],[17.524,-3.853],[19.124,-5.173],[23.254,-8.553],[29.314,-13.094],[35.794,-16.884],[35.864,-16.923],[44.024,-19.584],[49.156,-20.642],[5.564,-31.454],[-26.806,-20.043],[-33.896,-15.574],[-40.476,-9.603],[-41.486,-8.223],[-44.556,-2.723]],"c":true}]}],"ix":2},"nm":"Path 1","mn":"ADBE Vector Shape - Group","hd":false},{"ty":"fl","c":{"a":0,"k":[0.847000002861,0.60799998045,0.501999974251,1],"ix":4},"o":{"a":0,"k":100,"ix":5},"r":1,"bm":0,"nm":"Fill 1","mn":"ADBE Vector Graphic - Fill","hd":false},{"ty":"tr","p":{"a":0,"k":[333.638,318.013],"ix":2},"a":{"a":0,"k":[0,0],"ix":1},"s":{"a":0,"k":[100,100],"ix":3},"r":{"a":0,"k":0,"ix":6},"o":{"a":0,"k":100,"ix":7},"sk":{"a":0,"k":0,"ix":4},"sa":{"a":0,"k":0,"ix":5},"nm":"Transform"}],"nm":"Group 1","np":4,"cix":2,"bm":0,"ix":1,"mn":"ADBE Vector Group","hd":false},{"ty":"tr","p":{"a":0,"k":[577.798,288.718],"ix":2},"a":{"a":0,"k":[333.798,316.718],"ix":1},"s":{"a":0,"k":[100,100],"ix":3},"r":{"a":0,"k":0,"ix":6},"o":{"a":0,"k":100,"ix":7},"sk":{"a":0,"k":0,"ix":4},"sa":{"a":0,"k":0,"ix":5},"nm":"Transform"}],"nm":"body_skin","np":1,"cix":2,"bm":0,"ix":3,"mn":"ADBE Vector Group","hd":false},{"ty":"gr","it":[{"ty":"gr","it":[{"ind":0,"ty":"sh","ix":1,"ks":{"a":1,"k":[{"i":{"x":0.531,"y":1},"o":{"x":0.333,"y":0},"t":10,"s":[{"i":[[2.288,-32.92],[-32.919,-2.288],[-2.288,32.92],[32.92,2.288]],"o":[[-2.288,32.919],[32.92,2.288],[2.288,-32.92],[-32.919,-2.288]],"v":[[-59.264,-4.143],[-3.801,59.606],[59.265,1.633],[4.485,-59.607]],"c":true}]},{"i":{"x":0.667,"y":1},"o":{"x":0.479,"y":0},"t":70,"s":[{"i":[[-12.624,-30.489],[-32.919,-2.288],[-2.288,32.92],[32.92,2.288]],"o":[[13.467,32.525],[32.92,2.288],[2.288,-32.92],[-32.919,-2.288]],"v":[[-33.194,3.531],[15.218,65.384],[73.089,9.888],[18.309,-51.352]],"c":true}]},{"t":134,"s":[{"i":[[2.288,-32.92],[-32.919,-2.288],[-2.288,32.92],[32.92,2.288]],"o":[[-2.288,32.919],[32.92,2.288],[2.288,-32.92],[-32.919,-2.288]],"v":[[-59.264,-4.143],[-3.801,59.606],[59.265,1.633],[4.485,-59.607]],"c":true}]}],"ix":2},"nm":"Path 1","mn":"ADBE Vector Shape - Group","hd":false},{"ty":"fl","c":{"a":0,"k":[0.208000004292,0.238999992609,0.289999991655,1],"ix":4},"o":{"a":0,"k":100,"ix":5},"r":1,"bm":0,"nm":"Fill 1","mn":"ADBE Vector Graphic - Fill","hd":false},{"ty":"tr","p":{"a":0,"k":[324.499,440.385],"ix":2},"a":{"a":0,"k":[0,0],"ix":1},"s":{"a":0,"k":[100,100],"ix":3},"r":{"a":0,"k":0,"ix":6},"o":{"a":0,"k":100,"ix":7},"sk":{"a":0,"k":0,"ix":4},"sa":{"a":0,"k":0,"ix":5},"nm":"Transform"}],"nm":"Group 1","np":4,"cix":2,"bm":0,"ix":1,"mn":"ADBE Vector Group","hd":false},{"ty":"gr","it":[{"ind":0,"ty":"sh","ix":1,"ks":{"a":1,"k":[{"i":{"x":0.531,"y":1},"o":{"x":0.333,"y":0},"t":10,"s":[{"i":[[-1.26,-7.41],[-2.35,-5.491],[0,0],[-0.04,-1.15],[-0.38,-6.79],[-2.32,-12.361],[-23.72,-5.519],[-12.92,2.88],[-2.48,3.39],[-1.38,4.671],[-1.45,5.03],[17.35,29.18],[4.66,0.82],[4.28,0.25],[1.43,-0.02],[0.57,-0.04],[8.98,-1.36],[12.39,-1.06],[4.55,-22.07]],"o":[[0.92,5.39],[0,0],[0.03,1.109],[0.18,6],[0.14,2.35],[16.54,5.67],[13.04,3.041],[7.37,-17.2],[0.47,-0.63],[2.54,-5.399],[1.92,-6.62],[-5.51,-9.28],[-4.23,-0.741],[-1.44,-0.09],[-0.57,0.01],[-9.06,0.63],[-12.32,1.859],[-23.64,2.03],[-1.51,7.34]],"v":[[-87.41,-8.03],[-83.36,8.441],[-83.36,8.55],[-83.27,11.94],[-82.42,31.331],[-78.453,58.984],[-17.68,77.199],[33.89,81.5],[61.17,17.93],[64.22,8.87],[71.21,-8.45],[71.32,-62.32],[37.67,-83.64],[26.45,-83.49],[23.05,-82.919],[21.34,-82.849],[-5.64,-79.159],[-38.62,-81.21],[-86.12,-30.669]],"c":true}]},{"i":{"x":0.667,"y":1},"o":{"x":0.479,"y":0},"t":70,"s":[{"i":[[-1.26,-7.41],[-2.35,-5.491],[0,0],[-0.04,-1.15],[-2.342,-6.384],[-2.32,-12.361],[-23.72,-5.519],[-12.92,2.88],[-2.48,3.39],[-1.38,4.671],[0.653,5.194],[7.424,17.861],[3.555,3.122],[4.28,0.25],[1.43,-0.02],[0.57,-0.04],[8.98,-1.36],[-13.29,47.262],[4.55,-22.07]],"o":[[0.92,5.39],[0,0],[0.03,1.109],[0.18,6],[1.968,5.365],[16.54,5.67],[13.04,3.041],[7.37,-17.2],[0.47,-0.63],[0.508,-6.369],[-1.032,-8.202],[-4.142,-9.966],[-3.031,-2.662],[-1.44,-0.09],[-0.57,0.01],[-9.06,0.63],[-12.32,1.859],[-23.7,1.141],[-1.51,7.34]],"v":[[-87.41,-8.03],[-83.36,8.441],[-83.36,8.551],[-83.27,11.941],[-60.7,44.11],[-49.612,72.543],[-17.68,77.199],[53.487,81.601],[55.119,30.548],[57.56,7.895],[56.676,-10.699],[43.468,-48.596],[28.008,-80.489],[16.497,-90.943],[11.224,-89.985],[5.996,-88.286],[-5.64,-79.159],[-41.68,-93.218],[-87.201,-31.297]],"c":true}]},{"t":134,"s":[{"i":[[-1.26,-7.41],[-2.35,-5.491],[0,0],[-0.04,-1.15],[-0.38,-6.79],[-2.32,-12.361],[-23.72,-5.519],[-12.92,2.88],[-2.48,3.39],[-1.38,4.671],[-1.45,5.03],[17.35,29.18],[4.66,0.82],[4.28,0.25],[1.43,-0.02],[0.57,-0.04],[8.98,-1.36],[12.39,-1.06],[4.55,-22.07]],"o":[[0.92,5.39],[0,0],[0.03,1.109],[0.18,6],[0.14,2.35],[16.54,5.67],[13.04,3.041],[7.37,-17.2],[0.47,-0.63],[2.54,-5.399],[1.92,-6.62],[-5.51,-9.28],[-4.23,-0.741],[-1.44,-0.09],[-0.57,0.01],[-9.06,0.63],[-12.32,1.859],[-23.64,2.03],[-1.51,7.34]],"v":[[-87.41,-8.03],[-83.36,8.441],[-83.36,8.55],[-83.27,11.94],[-82.42,31.331],[-78.453,58.984],[-17.68,77.199],[33.89,81.5],[61.17,17.93],[64.22,8.87],[71.21,-8.45],[71.32,-62.32],[37.67,-83.64],[26.45,-83.49],[23.05,-82.919],[21.34,-82.849],[-5.64,-79.159],[-38.62,-81.21],[-86.12,-30.669]],"c":true}]}],"ix":2},"nm":"Path 1","mn":"ADBE Vector Shape - Group","hd":false},{"ty":"fl","c":{"a":0,"k":[0.208000004292,0.238999992609,0.289999991655,1],"ix":4},"o":{"a":0,"k":100,"ix":5},"r":1,"bm":0,"nm":"Fill 1","mn":"ADBE Vector Graphic - Fill","hd":false},{"ty":"tr","p":{"a":0,"k":[343.542,380.579],"ix":2},"a":{"a":0,"k":[0,0],"ix":1},"s":{"a":0,"k":[100,100],"ix":3},"r":{"a":0,"k":0,"ix":6},"o":{"a":0,"k":100,"ix":7},"sk":{"a":0,"k":0,"ix":4},"sa":{"a":0,"k":0,"ix":5},"nm":"Transform"}],"nm":"Group 2","np":4,"cix":2,"bm":0,"ix":2,"mn":"ADBE Vector Group","hd":false},{"ty":"tr","p":{"a":0,"k":[583.278,370.405],"ix":2},"a":{"a":0,"k":[339.278,398.405],"ix":1},"s":{"a":0,"k":[100,100],"ix":3},"r":{"a":0,"k":0,"ix":6},"o":{"a":0,"k":100,"ix":7},"sk":{"a":0,"k":0,"ix":4},"sa":{"a":0,"k":0,"ix":5},"nm":"Transform"}],"nm":"shirt","np":2,"cix":2,"bm":0,"ix":4,"mn":"ADBE Vector Group","hd":false}],"ip":0,"op":150,"st":0,"bm":0},{"ddd":0,"ind":7,"ty":3,"nm":"Null 1","sr":1,"ks":{"o":{"a":0,"k":0,"ix":11},"r":{"a":1,"k":[{"i":{"x":[0.531],"y":[1]},"o":{"x":[0.333],"y":[0]},"t":10,"s":[0]},{"i":{"x":[0.667],"y":[1]},"o":{"x":[0.479],"y":[0]},"t":70,"s":[67]},{"t":134,"s":[0]}],"ix":10},"p":{"a":1,"k":[{"i":{"x":0.531,"y":1},"o":{"x":0.333,"y":0},"t":10,"s":[525,543.5,0],"to":[-5,13.167,0],"ti":[0,0,0]},{"i":{"x":0.667,"y":1},"o":{"x":0.479,"y":0},"t":70,"s":[495,622.5,0],"to":[0,0,0],"ti":[-5,13.167,0]},{"t":134,"s":[525,543.5,0]}],"ix":2},"a":{"a":0,"k":[0,0,0],"ix":1},"s":{"a":0,"k":[-100,100,100],"ix":6}},"ao":0,"ip":0,"op":150,"st":0,"bm":0},{"ddd":0,"ind":8,"ty":4,"nm":"neck","parent":6,"sr":1,"ks":{"o":{"a":0,"k":100,"ix":11},"r":{"a":1,"k":[{"i":{"x":[0.531],"y":[1]},"o":{"x":[0.333],"y":[0]},"t":10,"s":[0]},{"i":{"x":[0.667],"y":[1]},"o":{"x":[0.479],"y":[0]},"t":70,"s":[28]},{"t":134,"s":[0]}],"ix":10},"p":{"a":1,"k":[{"i":{"x":0.531,"y":1},"o":{"x":0.333,"y":0},"t":10,"s":[584.428,279.108,0],"to":[-3.796,2.788,0],"ti":[0,0,0]},{"i":{"x":0.667,"y":1},"o":{"x":0.479,"y":0},"t":70,"s":[561.654,295.836,0],"to":[0,0,0],"ti":[-3.796,2.788,0]},{"t":134,"s":[584.428,279.108,0]}],"ix":2},"a":{"a":0,"k":[584.428,279.108,0],"ix":1},"s":{"a":0,"k":[100,100,100],"ix":6}},"ao":0,"shapes":[{"ty":"gr","it":[{"ty":"gr","it":[{"ind":0,"ty":"sh","ix":1,"ks":{"a":0,"k":{"i":[[-3.188,3.898],[-13.491,4.886],[-1.566,0.164],[1.283,-5.673],[2.683,-5.836],[3.156,-2.777],[4.159,-1.376],[0.249,0.968],[0.469,1.322],[0.749,1.626],[1.252,2.031],[-1.201,0.689]],"o":[[9.082,-11.106],[1.492,-0.539],[-0.916,5.742],[-1.413,6.251],[-1.742,3.791],[-3.341,2.94],[-3.739,1.238],[-0.299,-1.165],[-0.585,-1.685],[-0.992,-2.174],[0.654,-0.035],[4.345,-2.525]],"v":[[-11.845,-2.45],[22.852,-27.023],[27.482,-28.213],[24.288,-11.059],[17.81,7.032],[10.645,17.244],[-1.048,23.029],[-20.66,27.245],[-22.112,22.228],[-24.112,17.257],[-27.482,10.939],[-22.324,8.279]],"c":true},"ix":2},"nm":"Path 1","mn":"ADBE Vector Shape - Group","hd":false},{"ty":"fl","c":{"a":0,"k":[0.787999987602,0.549000024796,0.458999991417,1],"ix":4},"o":{"a":0,"k":100,"ix":5},"r":1,"bm":0,"nm":"Fill 1","mn":"ADBE Vector Graphic - Fill","hd":false},{"ty":"tr","p":{"a":0,"k":[330.448,252.849],"ix":2},"a":{"a":0,"k":[0,0],"ix":1},"s":{"a":0,"k":[100,100],"ix":3},"r":{"a":0,"k":0,"ix":6},"o":{"a":0,"k":100,"ix":7},"sk":{"a":0,"k":0,"ix":4},"sa":{"a":0,"k":0,"ix":5},"nm":"Transform"}],"nm":"Group 1","np":4,"cix":2,"bm":0,"ix":1,"mn":"ADBE Vector Group","hd":false},{"ty":"tr","p":{"a":0,"k":[574.448,224.44],"ix":2},"a":{"a":0,"k":[330.448,252.44],"ix":1},"s":{"a":0,"k":[100,100],"ix":3},"r":{"a":0,"k":0,"ix":6},"o":{"a":0,"k":100,"ix":7},"sk":{"a":0,"k":0,"ix":4},"sa":{"a":0,"k":0,"ix":5},"nm":"Transform"}],"nm":"neck_shadow","np":1,"cix":2,"bm":0,"ix":1,"mn":"ADBE Vector Group","hd":false},{"ty":"gr","it":[{"ty":"gr","it":[{"ind":0,"ty":"sh","ix":1,"ks":{"a":0,"k":{"i":[[15.416,-4.252],[5.064,6.729],[0.425,5.135],[0.41,5.338],[1.707,4.913],[0.733,1.625],[1.226,2.031],[-1.176,0.688],[-3.121,3.899],[-13.206,4.887],[-2.547,-0.782],[1.432,-4.75],[-3.287,-13.731]],"o":[[-18.175,5.014],[-2.856,-3.793],[-0.614,-7.405],[-0.399,-5.187],[-0.573,-1.684],[-0.971,-2.174],[0.64,-0.035],[4.254,-2.525],[8.891,-11.106],[2.507,-0.925],[4.652,1.432],[-4.402,17.833],[3.286,13.731]],"v":[[10.919,52.837],[-21.874,41.024],[-26.899,26.963],[-26.423,6.604],[-28.901,-6.878],[-30.859,-11.848],[-34.158,-18.167],[-29.11,-20.826],[-18.852,-31.556],[15.113,-56.129],[22.9,-57.069],[25.081,-27.962],[30.872,17.127]],"c":true},"ix":2},"nm":"Path 1","mn":"ADBE Vector Shape - Group","hd":false},{"ty":"fl","c":{"a":0,"k":[0.847000002861,0.60799998045,0.501999974251,1],"ix":4},"o":{"a":0,"k":100,"ix":5},"r":1,"bm":0,"nm":"Fill 1","mn":"ADBE Vector Graphic - Fill","hd":false},{"ty":"tr","p":{"a":0,"k":[337.124,281.955],"ix":2},"a":{"a":0,"k":[0,0],"ix":1},"s":{"a":0,"k":[100,100],"ix":3},"r":{"a":0,"k":0,"ix":6},"o":{"a":0,"k":100,"ix":7},"sk":{"a":0,"k":0,"ix":4},"sa":{"a":0,"k":0,"ix":5},"nm":"Transform"}],"nm":"Group 1","np":4,"cix":2,"bm":0,"ix":1,"mn":"ADBE Vector Group","hd":false},{"ty":"gr","it":[{"ind":0,"ty":"sh","ix":1,"ks":{"a":0,"k":{"i":[[0,-16.656],[-16.226,0],[0,16.657],[16.226,0]],"o":[[0,16.657],[16.226,0],[0,-16.656],[-16.226,0]],"v":[[-29.38,-0.001],[0,30.16],[29.38,-0.001],[0,-30.16]],"c":true},"ix":2},"nm":"Path 1","mn":"ADBE Vector Shape - Group","hd":false},{"ty":"fl","c":{"a":0,"k":[0.787999987602,0.549000024796,0.458999991417,1],"ix":4},"o":{"a":0,"k":100,"ix":5},"r":1,"bm":0,"nm":"Fill 1","mn":"ADBE Vector Graphic - Fill","hd":false},{"ty":"tr","p":{"a":0,"k":[339.51,306.487],"ix":2},"a":{"a":0,"k":[0,0],"ix":1},"s":{"a":0,"k":[100,100],"ix":3},"r":{"a":0,"k":0,"ix":6},"o":{"a":0,"k":100,"ix":7},"sk":{"a":0,"k":0,"ix":4},"sa":{"a":0,"k":0,"ix":5},"nm":"Transform"}],"nm":"Group 2","np":4,"cix":2,"bm":0,"ix":2,"mn":"ADBE Vector Group","hd":false},{"ty":"tr","p":{"a":0,"k":[579.928,252.608],"ix":2},"a":{"a":0,"k":[335.928,280.608],"ix":1},"s":{"a":0,"k":[100,100],"ix":3},"r":{"a":0,"k":0,"ix":6},"o":{"a":0,"k":100,"ix":7},"sk":{"a":0,"k":0,"ix":4},"sa":{"a":0,"k":0,"ix":5},"nm":"Transform"}],"nm":"neck_skin","np":2,"cix":2,"bm":0,"ix":2,"mn":"ADBE Vector Group","hd":false}],"ip":0,"op":150,"st":0,"bm":0},{"ddd":0,"ind":10,"ty":4,"nm":"lower_shirt","parent":7,"sr":1,"ks":{"o":{"a":0,"k":100,"ix":11},"r":{"a":0,"k":0,"ix":10},"p":{"a":0,"k":[-5.215,-81.858,0],"ix":2},"a":{"a":0,"k":[325.785,489.642,0],"ix":1},"s":{"a":0,"k":[100,100,100],"ix":6}},"ao":0,"shapes":[{"ty":"gr","it":[{"ind":0,"ty":"sh","ix":1,"ks":{"a":1,"k":[{"i":{"x":0.531,"y":1},"o":{"x":0.333,"y":0},"t":10,"s":[{"i":[[-13.959,-0.713],[-10.327,-3.059],[-1.178,-31.105],[0,0],[0.571,-0.645],[11.48,-2.411],[12.463,-0.432],[11.774,2.446],[4.901,2.462],[-0.797,23.168],[0.738,13.705]],"o":[[9.491,0.484],[3.024,19.052],[0.252,6.64],[0,0],[-7.966,8.97],[-12.206,2.564],[-11.978,0.414],[-5.329,-1.108],[0,0],[0.623,-18.076],[17.142,2.43]],"v":[[18.808,-40.387],[57.541,-59.005],[53.101,2.689],[61.941,38.734],[57.453,43.988],[25.432,58.678],[-11.559,61.618],[-47.006,59.618],[-61.941,53.815],[-56.482,12.406],[-59.889,-38.131]],"c":true}]},{"i":{"x":0.667,"y":1},"o":{"x":0.479,"y":0},"t":70,"s":[{"i":[[-10.751,4.165],[-10.327,-3.059],[-1.178,-31.105],[0,0],[0.713,-0.483],[4.431,-2.581],[5.433,-1.689],[4.115,-0.885],[4.901,2.462],[4.79,9.596],[0.738,13.705]],"o":[[8.862,-3.433],[0.067,18.588],[0.252,6.64],[0,0],[-2.639,1.789],[-3.468,2.021],[-3.804,1.183],[-5.321,1.144],[0,0],[-2.947,-5.904],[17.142,2.43]],"v":[[26.796,-24.767],[81.387,-53.375],[80.162,8.856],[79.656,42.078],[73.85,48.706],[63.949,55.365],[51.208,61.048],[37.898,65.132],[6.867,62.359],[-11.193,44.241],[-35.538,-17.234]],"c":true}]},{"t":134,"s":[{"i":[[-13.959,-0.713],[-10.327,-3.059],[-1.178,-31.105],[0,0],[0.571,-0.645],[11.48,-2.411],[12.463,-0.432],[11.774,2.446],[4.901,2.462],[-0.797,23.168],[0.738,13.705]],"o":[[9.491,0.484],[3.024,19.052],[0.252,6.64],[0,0],[-7.966,8.97],[-12.206,2.564],[-11.978,0.414],[-5.329,-1.108],[0,0],[0.623,-18.076],[17.142,2.43]],"v":[[18.808,-40.387],[57.541,-59.005],[53.101,2.689],[61.941,38.734],[57.453,43.988],[25.432,58.678],[-11.559,61.618],[-47.006,59.618],[-61.941,53.815],[-56.482,12.406],[-59.889,-38.131]],"c":true}]}],"ix":2},"nm":"Path 1","mn":"ADBE Vector Shape - Group","hd":false},{"ty":"fl","c":{"a":0,"k":[0.20800000359,0.238999998803,0.289999988032,1],"ix":4},"o":{"a":0,"k":100,"ix":5},"r":1,"bm":0,"nm":"Fill 1","mn":"ADBE Vector Graphic - Fill","hd":false},{"ty":"tr","p":{"a":0,"k":[325.785,488.374],"ix":2},"a":{"a":0,"k":[0,0],"ix":1},"s":{"a":0,"k":[100,100],"ix":3},"r":{"a":0,"k":0,"ix":6},"o":{"a":0,"k":100,"ix":7},"sk":{"a":0,"k":0,"ix":4},"sa":{"a":0,"k":0,"ix":5},"nm":"Transform"}],"nm":"Group 1","np":4,"cix":2,"bm":0,"ix":1,"mn":"ADBE Vector Group","hd":false}],"ip":0,"op":150,"st":0,"bm":0},{"ddd":0,"ind":11,"ty":4,"nm":"thigh","sr":1,"ks":{"o":{"a":0,"k":100,"ix":11},"r":{"a":1,"k":[{"i":{"x":[0.833],"y":[0.833]},"o":{"x":[0.363],"y":[0]},"t":10,"s":[0]},{"i":{"x":[0.614],"y":[1]},"o":{"x":[0.167],"y":[0.167]},"t":50,"s":[-22.749]},{"i":{"x":[0.667],"y":[1]},"o":{"x":[0.479],"y":[0]},"t":70,"s":[-25]},{"t":134,"s":[0]}],"ix":10},"p":{"a":1,"k":[{"i":{"x":0.531,"y":1},"o":{"x":0.333,"y":0},"t":10,"s":[494.006,568.564,0],"to":[-4.167,5.5,0],"ti":[0,0,0]},{"i":{"x":0.667,"y":1},"o":{"x":0.479,"y":0},"t":70,"s":[469.006,601.564,0],"to":[0,0,0],"ti":[-4.167,5.5,0]},{"t":134,"s":[494.006,568.564,0]}],"ix":2},"a":{"a":0,"k":[361.994,596.564,0],"ix":1},"s":{"a":0,"k":[-100,100,100],"ix":6}},"ao":0,"shapes":[{"ty":"gr","it":[{"ind":0,"ty":"sh","ix":1,"ks":{"a":0,"k":{"i":[[0,26.758],[-26.384,0],[0,-26.759],[26.383,0]],"o":[[0,-26.759],[26.383,0],[0,26.758],[-26.384,0]],"v":[[-47.772,0],[0,-48.449],[47.771,0],[0,48.449]],"c":true},"ix":2},"nm":"Path 1","mn":"ADBE Vector Shape - Group","hd":false},{"ty":"fl","c":{"a":0,"k":[0.109999997008,0.113999998803,0.118000000598,1],"ix":4},"o":{"a":0,"k":100,"ix":5},"r":1,"bm":0,"nm":"Fill 1","mn":"ADBE Vector Graphic - Fill","hd":false},{"ty":"tr","p":{"a":0,"k":[362.867,598.859],"ix":2},"a":{"a":0,"k":[0,0],"ix":1},"s":{"a":0,"k":[100,100],"ix":3},"r":{"a":0,"k":0,"ix":6},"o":{"a":0,"k":100,"ix":7},"sk":{"a":0,"k":0,"ix":4},"sa":{"a":0,"k":0,"ix":5},"nm":"Transform"}],"nm":"Group 1","np":4,"cix":2,"bm":0,"ix":1,"mn":"ADBE Vector Group","hd":false},{"ty":"gr","it":[{"ind":0,"ty":"sh","ix":1,"ks":{"a":0,"k":{"i":[[-19.071,-6.243],[-1.791,-19.807],[0.806,-12.02],[0.284,-13.314],[2.881,-23.706],[2.453,-11.274],[9.967,-2.786],[9.736,13.392],[2.533,12.174],[2.031,16.602],[-10.07,36.09]],"o":[[14.424,4.665],[1.086,12.007],[-0.895,13.34],[-0.552,25.883],[-1.393,11.452],[-2.294,10.543],[-9.112,2.548],[-7.051,-9.701],[-3.928,-18.88],[-4.445,-36.335],[7.905,-27.984]],"v":[[16.69,-127],[50.91,-84.812],[48.321,-53.328],[49.274,-11.864],[38.372,62.34],[38.431,102.257],[23.573,129.984],[-12.939,119.852],[-30.085,58.272],[-36.671,9.982],[-41.926,-95.383]],"c":true},"ix":2},"nm":"Path 1","mn":"ADBE Vector Shape - Group","hd":false},{"ty":"fl","c":{"a":0,"k":[0.109999997008,0.113999998803,0.118000000598,1],"ix":4},"o":{"a":0,"k":100,"ix":5},"r":1,"bm":0,"nm":"Fill 1","mn":"ADBE Vector Graphic - Fill","hd":false},{"ty":"tr","p":{"a":0,"k":[359.422,679.254],"ix":2},"a":{"a":0,"k":[0,0],"ix":1},"s":{"a":0,"k":[100,100],"ix":3},"r":{"a":0,"k":0,"ix":6},"o":{"a":0,"k":100,"ix":7},"sk":{"a":0,"k":0,"ix":4},"sa":{"a":0,"k":0,"ix":5},"nm":"Transform"}],"nm":"Group 2","np":4,"cix":2,"bm":0,"ix":2,"mn":"ADBE Vector Group","hd":false}],"ip":0,"op":150,"st":0,"bm":0},{"ddd":0,"ind":12,"ty":4,"nm":"foot","sr":1,"ks":{"o":{"a":0,"k":100,"ix":11},"r":{"a":0,"k":0,"ix":10},"p":{"a":0,"k":[498.851,974.008,0],"ix":2},"a":{"a":0,"k":[601.149,974.008,0],"ix":1},"s":{"a":0,"k":[-100,100,100],"ix":6}},"ao":0,"shapes":[{"ty":"gr","it":[{"ty":"gr","it":[{"ind":0,"ty":"sh","ix":1,"ks":{"a":0,"k":{"i":[[-0.022,0.034],[-0.063,0.302],[-0.388,1.278],[-1.229,0.52],[-0.837,-0.021],[-0.136,-11.836],[-3.067,0.732],[-0.141,0.972],[-0.707,4.415],[-0.347,-0.948],[1.254,-3.446],[18.896,-4.807],[19.035,-2.096],[0.484,3.827],[1.626,0.867],[1.993,0.562],[0.26,-0.062],[0.135,-0.301],[0.066,-0.324],[0.086,-0.27],[0.211,-0.138],[-0.106,0.402],[-4.328,2.053],[-5.303,2.946],[-1.479,0.584],[-1.158,1.339],[-0.454,0.567],[-0.967,0.403],[-0.264,1.315],[-0.357,0.486],[-0.269,0.111],[-0.763,1.289],[-0.559,1.003],[-0.821,0.822],[-1.195,1.425],[-1.477,0.295],[-0.388,0.491]],"o":[[0.167,-0.257],[0.275,-1.307],[0.389,-1.277],[0.771,-0.326],[10.324,0.248],[2.463,3.963],[4.762,-1.135],[0.645,-4.425],[0.325,-1.196],[2.266,3.071],[-1.39,6.599],[-10.031,2.552],[-37.446,2.318],[-0.101,-1.86],[-1.832,-0.976],[-0.258,-0.072],[-0.323,0.077],[-0.135,0.303],[-0.055,0.278],[-0.076,0.24],[-1.03,0.672],[0.504,-1.915],[4.328,-2.054],[1.404,-0.779],[1.574,-0.621],[0.476,-0.549],[0.653,-0.819],[1.238,-0.517],[0.118,-0.591],[0.172,-0.235],[1.423,-0.585],[0.585,-0.987],[0.565,-1.015],[1.271,-1.273],[0.999,-1.191],[0.613,-0.122],[0.026,-0.033]],"v":[[4.333,-24.503],[4.642,-25.37],[5.38,-29.303],[7.776,-32.35],[10.249,-32.662],[30.254,-17.444],[40.001,-11.354],[45.169,-16.331],[45.767,-25.988],[47.863,-25.33],[53.352,9.323],[26.878,23.194],[-5.335,30.365],[-42.582,24.204],[-45.523,19.74],[-51.238,17.408],[-52.027,17.325],[-52.728,17.979],[-52.977,18.939],[-53.189,19.76],[-53.576,20.391],[-54.273,17.857],[-48.456,10.851],[-28.538,2.229],[-24.353,0.014],[-20.06,-2.354],[-18.777,-4.115],[-16.294,-5.986],[-13.147,-8.183],[-12.887,-9.945],[-12.171,-10.425],[-6.512,-11.59],[-6.044,-14.951],[-3.185,-16.852],[-1.572,-21.585],[2.581,-23.665],[4.26,-24.402]],"c":true},"ix":2},"nm":"Path 1","mn":"ADBE Vector Shape - Group","hd":false},{"ty":"fl","c":{"a":0,"k":[0.07500000298,0.071000002325,0.067000001669,1],"ix":4},"o":{"a":0,"k":100,"ix":5},"r":1,"bm":0,"nm":"Fill 1","mn":"ADBE Vector Graphic - Fill","hd":false},{"ty":"tr","p":{"a":0,"k":[357.525,1004.802],"ix":2},"a":{"a":0,"k":[0,0],"ix":1},"s":{"a":0,"k":[100,100],"ix":3},"r":{"a":0,"k":0,"ix":6},"o":{"a":0,"k":100,"ix":7},"sk":{"a":0,"k":0,"ix":4},"sa":{"a":0,"k":0,"ix":5},"nm":"Transform"}],"nm":"Group 1","np":4,"cix":2,"bm":0,"ix":1,"mn":"ADBE Vector Group","hd":false},{"ty":"tr","p":{"a":0,"k":[601.124,975.96],"ix":2},"a":{"a":0,"k":[357.124,1003.96],"ix":1},"s":{"a":0,"k":[100,100],"ix":3},"r":{"a":0,"k":0,"ix":6},"o":{"a":0,"k":100,"ix":7},"sk":{"a":0,"k":0,"ix":4},"sa":{"a":0,"k":0,"ix":5},"nm":"Transform"}],"nm":"foot","np":1,"cix":2,"bm":0,"ix":1,"mn":"ADBE Vector Group","hd":false},{"ty":"gr","it":[{"ty":"gr","it":[{"ind":0,"ty":"sh","ix":1,"ks":{"a":0,"k":{"i":[[-17.563,9.39],[1.553,9.438],[0.987,6.816],[0.771,0.268],[2.968,-0.997],[9.187,-4.025],[10.111,-1.477],[4.373,-1.627],[2.5,-3.94],[-1.426,-3.008],[-9.365,-3.595]],"o":[[1.956,-1.392],[0.353,-7.074],[-0.09,-0.622],[-2.958,-1.029],[-9.508,3.192],[-9.359,4.102],[-4.616,0.674],[-4.372,1.627],[-0.322,0.508],[1.483,3.126],[22.138,4.468]],"v":[[50.768,5.858],[53.227,-8.066],[52.704,-18.006],[51.005,-21.235],[41.806,-20.597],[10.602,-11.286],[-19.244,-0.9],[-48.83,-2.234],[-54.452,1.411],[-53.354,8.795],[-38.129,17.797]],"c":true},"ix":2},"nm":"Path 1","mn":"ADBE Vector Shape - Group","hd":false},{"ty":"fl","c":{"a":0,"k":[0.40000000596,0.40000000596,0.40000000596,1],"ix":4},"o":{"a":0,"k":100,"ix":5},"r":1,"bm":0,"nm":"Fill 1","mn":"ADBE Vector Graphic - Fill","hd":false},{"ty":"tr","p":{"a":0,"k":[357.576,1021.932],"ix":2},"a":{"a":0,"k":[0,0],"ix":1},"s":{"a":0,"k":[100,100],"ix":3},"r":{"a":0,"k":0,"ix":6},"o":{"a":0,"k":100,"ix":7},"sk":{"a":0,"k":0,"ix":4},"sa":{"a":0,"k":0,"ix":5},"nm":"Transform"}],"nm":"Group 1","np":4,"cix":2,"bm":0,"ix":1,"mn":"ADBE Vector Group","hd":false},{"ty":"tr","p":{"a":0,"k":[601.149,992.645],"ix":2},"a":{"a":0,"k":[357.149,1020.645],"ix":1},"s":{"a":0,"k":[100,100],"ix":3},"r":{"a":0,"k":0,"ix":6},"o":{"a":0,"k":100,"ix":7},"sk":{"a":0,"k":0,"ix":4},"sa":{"a":0,"k":0,"ix":5},"nm":"Transform"}],"nm":"sole","np":1,"cix":2,"bm":0,"ix":2,"mn":"ADBE Vector Group","hd":false},{"ty":"gr","it":[{"ty":"gr","it":[{"ind":0,"ty":"sh","ix":1,"ks":{"a":0,"k":{"i":[[-0.725,-1.144],[-2.205,-0.841],[-3.729,-0.237],[-8.209,2.509],[-1.639,1.687],[0.106,2.62],[0.758,4.069],[3.176,7.889],[3.341,-6.508],[4.56,-10.434],[-0.039,-1.977]],"o":[[1.242,1.962],[3.49,1.331],[8.567,0.544],[2.234,-0.684],[1.873,-1.928],[-0.167,-4.144],[-1.558,-8.352],[-5.59,-13.886],[-5.187,10.106],[-0.792,1.813],[0.027,1.376]],"v":[[-27.508,19.127],[-21.995,23.47],[-10.945,25.026],[19.023,29.224],[26.172,26.432],[28.636,19.113],[26.991,6.715],[20.036,-17.846],[-8.513,-17.016],[-22.755,13.892],[-28.703,15.319]],"c":true},"ix":2},"nm":"Path 1","mn":"ADBE Vector Shape - Group","hd":false},{"ty":"fl","c":{"a":0,"k":[0.847000002861,0.60799998045,0.501999974251,1],"ix":4},"o":{"a":0,"k":100,"ix":5},"r":1,"bm":0,"nm":"Fill 1","mn":"ADBE Vector Graphic - Fill","hd":false},{"ty":"tr","p":{"a":0,"k":[380.808,988.335],"ix":2},"a":{"a":0,"k":[0,0],"ix":1},"s":{"a":0,"k":[100,100],"ix":3},"r":{"a":0,"k":0,"ix":6},"o":{"a":0,"k":100,"ix":7},"sk":{"a":0,"k":0,"ix":4},"sa":{"a":0,"k":0,"ix":5},"nm":"Transform"}],"nm":"Group 1","np":4,"cix":2,"bm":0,"ix":1,"mn":"ADBE Vector Group","hd":false},{"ty":"tr","p":{"a":0,"k":[624.78,962.532],"ix":2},"a":{"a":0,"k":[380.78,990.532],"ix":1},"s":{"a":0,"k":[100,100],"ix":3},"r":{"a":0,"k":0,"ix":6},"o":{"a":0,"k":100,"ix":7},"sk":{"a":0,"k":0,"ix":4},"sa":{"a":0,"k":0,"ix":5},"nm":"Transform"}],"nm":"foot_skin","np":1,"cix":2,"bm":0,"ix":3,"mn":"ADBE Vector Group","hd":false}],"ip":0,"op":150,"st":0,"bm":0},{"ddd":0,"ind":13,"ty":4,"nm":"calf","parent":11,"sr":1,"ks":{"o":{"a":0,"k":100,"ix":11},"r":{"a":1,"k":[{"i":{"x":[0.833],"y":[0.833]},"o":{"x":[0.363],"y":[0]},"t":10,"s":[0]},{"i":{"x":[0.614],"y":[1]},"o":{"x":[0.167],"y":[0.167]},"t":50,"s":[-38.161]},{"i":{"x":[0.667],"y":[1]},"o":{"x":[0.479],"y":[0]},"t":70,"s":[-42]},{"t":134,"s":[0]}],"ix":10},"p":{"a":0,"k":[371.273,781.54,0],"ix":2},"a":{"a":0,"k":[615.273,753.54,0],"ix":1},"s":{"a":0,"k":[100,100,100],"ix":6}},"ao":0,"shapes":[{"ty":"gr","it":[{"ty":"gr","it":[{"ind":0,"ty":"sh","ix":1,"ks":{"a":0,"k":{"i":[[-1.341,-7.48],[-0.166,-0.809],[-3.682,-16.219],[-3.178,-14.172],[-1.677,-10.835],[1.13,-10.341],[-5.231,-0.026],[-4.759,1.568],[-1.098,8.691],[-1.184,15.62],[1.287,15.924],[14.758,15.584],[7.729,-22.304]],"o":[[0.146,0.818],[3.347,16.287],[3.208,14.162],[2.417,10.816],[1.593,10.282],[5.097,1.182],[5.012,0.02],[1.568,-15.976],[1.962,-15.532],[1.396,-18.397],[-1.719,-21.251],[-15.03,-15.872],[-2.475,7.141]],"v":[[-34.103,-56.665],[-33.633,-54.223],[-24.044,-5.243],[-13.332,36.977],[-8.694,69.539],[-7.741,100.522],[7.758,102.486],[26.055,102.048],[30.328,64.634],[34.107,17.157],[34.568,-30.281],[15.176,-87.743],[-33.379,-79.067]],"c":true},"ix":2},"nm":"Path 1","mn":"ADBE Vector Shape - Group","hd":false},{"ty":"fl","c":{"a":0,"k":[0.109999999404,0.11400000006,0.118000000715,1],"ix":4},"o":{"a":0,"k":100,"ix":5},"r":1,"bm":0,"nm":"Fill 1","mn":"ADBE Vector Graphic - Fill","hd":false},{"ty":"tr","p":{"a":0,"k":[377.52,852.744],"ix":2},"a":{"a":0,"k":[0,0],"ix":1},"s":{"a":0,"k":[100,100],"ix":3},"r":{"a":0,"k":0,"ix":6},"o":{"a":0,"k":100,"ix":7},"sk":{"a":0,"k":0,"ix":4},"sa":{"a":0,"k":0,"ix":5},"nm":"Transform"}],"nm":"Group 1","np":4,"cix":2,"bm":0,"ix":1,"mn":"ADBE Vector Group","hd":false},{"ty":"gr","it":[{"ind":0,"ty":"sh","ix":1,"ks":{"a":0,"k":{"i":[[0.908,-15.87],[-15.869,-0.908],[-0.907,15.87],[15.87,0.908]],"o":[[-0.908,15.869],[15.87,0.908],[0.908,-15.869],[-15.869,-0.908]],"v":[[-28.734,-1.643],[-1.644,28.735],[28.734,1.643],[1.644,-28.734]],"c":true},"ix":2},"nm":"Path 1","mn":"ADBE Vector Shape - Group","hd":false},{"ty":"fl","c":{"a":0,"k":[0.109999999404,0.11400000006,0.118000000715,1],"ix":4},"o":{"a":0,"k":100,"ix":5},"r":1,"bm":0,"nm":"Fill 1","mn":"ADBE Vector Graphic - Fill","hd":false},{"ty":"tr","p":{"a":0,"k":[370.443,782.978],"ix":2},"a":{"a":0,"k":[0,0],"ix":1},"s":{"a":0,"k":[100,100],"ix":3},"r":{"a":0,"k":0,"ix":6},"o":{"a":0,"k":100,"ix":7},"sk":{"a":0,"k":0,"ix":4},"sa":{"a":0,"k":0,"ix":5},"nm":"Transform"}],"nm":"Group 2","np":4,"cix":2,"bm":0,"ix":2,"mn":"ADBE Vector Group","hd":false},{"ty":"tr","p":{"a":0,"k":[621.273,826.913],"ix":2},"a":{"a":0,"k":[377.273,854.913],"ix":1},"s":{"a":0,"k":[100,100],"ix":3},"r":{"a":0,"k":0,"ix":6},"o":{"a":0,"k":100,"ix":7},"sk":{"a":0,"k":0,"ix":4},"sa":{"a":0,"k":0,"ix":5},"nm":"Transform"}],"nm":"calf","np":2,"cix":2,"bm":0,"ix":1,"mn":"ADBE Vector Group","hd":false},{"ty":"gr","it":[{"ty":"gr","it":[{"ind":0,"ty":"sh","ix":1,"ks":{"a":0,"k":{"i":[[-0.709,-8.847],[-8.846,0.71],[0.709,8.846],[8.847,-0.709]],"o":[[0.709,8.847],[8.846,-0.709],[-0.709,-8.847],[-8.846,0.71]],"v":[[-16.018,1.284],[1.284,16.018],[16.018,-1.284],[-1.285,-16.018]],"c":true},"ix":2},"nm":"Path 1","mn":"ADBE Vector Shape - Group","hd":false},{"ty":"fl","c":{"a":0,"k":[0.847000002861,0.60799998045,0.501999974251,1],"ix":4},"o":{"a":0,"k":100,"ix":5},"r":1,"bm":0,"nm":"Fill 1","mn":"ADBE Vector Graphic - Fill","hd":false},{"ty":"tr","p":{"a":0,"k":[385.531,978.814],"ix":2},"a":{"a":0,"k":[0,0],"ix":1},"s":{"a":0,"k":[100,100],"ix":3},"r":{"a":0,"k":0,"ix":6},"o":{"a":0,"k":100,"ix":7},"sk":{"a":0,"k":0,"ix":4},"sa":{"a":0,"k":0,"ix":5},"nm":"Transform"}],"nm":"Group 1","np":4,"cix":2,"bm":0,"ix":1,"mn":"ADBE Vector Group","hd":false},{"ty":"gr","it":[{"ind":0,"ty":"sh","ix":1,"ks":{"a":0,"k":{"i":[[-8.502,-2.815],[-3.732,3.858],[-0.303,4.256],[-0.683,5.374],[0.012,2.695],[4.645,0.006],[4.721,1.192],[0.011,-1.014],[0.845,-7.354]],"o":[[8.502,2.815],[3.004,-3.104],[0.385,-5.417],[0.664,-5.221],[-4.416,1.613],[-4.85,-0.013],[-0.105,1.007],[-0.073,6.458],[-1.38,7.481]],"v":[[-7.002,21.359],[9.931,18.796],[15.583,6.43],[16.257,-12.731],[17.738,-24.174],[-0.92,-17.251],[-15.281,-19.211],[-15.631,-16.202],[-16.37,-0.009]],"c":true},"ix":2},"nm":"Path 1","mn":"ADBE Vector Shape - Group","hd":false},{"ty":"fl","c":{"a":0,"k":[0.847000002861,0.60799998045,0.501999974251,1],"ix":4},"o":{"a":0,"k":100,"ix":5},"r":1,"bm":0,"nm":"Fill 1","mn":"ADBE Vector Graphic - Fill","hd":false},{"ty":"tr","p":{"a":0,"k":[386.017,971.744],"ix":2},"a":{"a":0,"k":[0,0],"ix":1},"s":{"a":0,"k":[100,100],"ix":3},"r":{"a":0,"k":0,"ix":6},"o":{"a":0,"k":100,"ix":7},"sk":{"a":0,"k":0,"ix":4},"sa":{"a":0,"k":0,"ix":5},"nm":"Transform"}],"nm":"Group 2","np":4,"cix":2,"bm":0,"ix":2,"mn":"ADBE Vector Group","hd":false},{"ty":"tr","p":{"a":0,"k":[630.513,943.227],"ix":2},"a":{"a":0,"k":[386.513,971.227],"ix":1},"s":{"a":0,"k":[100,100],"ix":3},"r":{"a":0,"k":0,"ix":6},"o":{"a":0,"k":100,"ix":7},"sk":{"a":0,"k":0,"ix":4},"sa":{"a":0,"k":0,"ix":5},"nm":"Transform"}],"nm":"calf_skin","np":2,"cix":2,"bm":0,"ix":2,"mn":"ADBE Vector Group","hd":false}],"ip":0,"op":150,"st":0,"bm":0},{"ddd":0,"ind":14,"ty":4,"nm":"hips","parent":7,"sr":1,"ks":{"o":{"a":0,"k":100,"ix":11},"r":{"a":0,"k":0,"ix":10},"p":{"a":0,"k":[2.23,-1.365,0],"ix":2},"a":{"a":0,"k":[577.23,542.135,0],"ix":1},"s":{"a":0,"k":[100,100,100],"ix":6}},"ao":0,"shapes":[{"ty":"gr","it":[{"ty":"gr","it":[{"ind":0,"ty":"sh","ix":1,"ks":{"a":0,"k":{"i":[[-3.411,6.195],[-11.961,1.361],[-1.591,-16.49],[-4.665,-8.038],[-1.48,-2.23],[12.345,32.225],[-2.062,12.429]],"o":[[5.345,-9.707],[-1.862,11.311],[1.972,20.435],[1.152,1.986],[-7.208,-2.89],[-4.911,-12.819],[4.046,-24.394]],"v":[[-6.587,-40.982],[17.225,-61.122],[12.288,-2.434],[24.763,53.643],[28.793,60.048],[-23.883,28.897],[-13.523,-14.645]],"c":true},"ix":2},"nm":"Path 1","mn":"ADBE Vector Shape - Group","hd":false},{"ty":"fl","c":{"a":0,"k":[0.071000002325,0.07500000298,0.078000001609,1],"ix":4},"o":{"a":0,"k":100,"ix":5},"r":1,"bm":0,"nm":"Fill 1","mn":"ADBE Vector Graphic - Fill","hd":false},{"ty":"tr","p":{"a":0,"k":[282.094,575.941],"ix":2},"a":{"a":0,"k":[0,0],"ix":1},"s":{"a":0,"k":[100,100],"ix":3},"r":{"a":0,"k":0,"ix":6},"o":{"a":0,"k":100,"ix":7},"sk":{"a":0,"k":0,"ix":4},"sa":{"a":0,"k":0,"ix":5},"nm":"Transform"}],"nm":"Group 1","np":4,"cix":2,"bm":0,"ix":1,"mn":"ADBE Vector Group","hd":false},{"ty":"tr","p":{"a":0,"k":[527.423,547.405],"ix":2},"a":{"a":0,"k":[283.423,575.405],"ix":1},"s":{"a":0,"k":[100,100],"ix":3},"r":{"a":0,"k":0,"ix":6},"o":{"a":0,"k":100,"ix":7},"sk":{"a":0,"k":0,"ix":4},"sa":{"a":0,"k":0,"ix":5},"nm":"Transform"}],"nm":"hips_1","np":1,"cix":2,"bm":0,"ix":1,"mn":"ADBE Vector Group","hd":false},{"ty":"gr","it":[{"ty":"gr","it":[{"ind":0,"ty":"sh","ix":1,"ks":{"a":1,"k":[{"i":{"x":0.833,"y":0.833},"o":{"x":0.333,"y":0},"t":10,"s":[{"i":[[-2.062,12.429],[-3.411,6.195],[-16.465,0.058],[-10.23,1.081],[-12.5,-24.666],[15.077,-26.582],[13.894,-2.475],[8.108,0.301],[14.437,28.79]],"o":[[4.047,-24.395],[10.435,-18.952],[10.239,-0.035],[20.455,-2.162],[1.199,2.367],[-3.591,6.331],[-31.186,5.559],[-4.053,-0.151],[-6.154,-12.271]],"v":[[-79.078,-16.619],[-68.077,-45.722],[-8.063,-60.992],[19.469,-65.145],[60.181,-29.128],[66.064,45.698],[35.361,61.747],[-26.056,61.148],[-69.884,16.756]],"c":true}]},{"i":{"x":0.833,"y":0.833},"o":{"x":0.167,"y":0.167},"t":18,"s":[{"i":[[-2.062,12.429],[-3.411,6.195],[-16.465,0.058],[-10.23,1.081],[-12.672,-25.403],[15.164,-26.598],[14.828,-2.691],[8.108,0.301],[14.437,28.79]],"o":[[4.047,-24.395],[10.435,-18.952],[10.239,-0.035],[20.455,-2.162],[1.189,2.372],[-3.604,6.323],[-31.177,5.607],[-4.053,-0.151],[-6.154,-12.271]],"v":[[-74.978,-10.1],[-68.077,-45.722],[-8.063,-60.992],[19.469,-65.145],[61.272,-28.474],[66.197,44.712],[34.676,61.777],[-26.056,61.148],[-69.884,16.756]],"c":true}]},{"i":{"x":0.833,"y":0.833},"o":{"x":0.167,"y":0.167},"t":29,"s":[{"i":[[-2.062,12.429],[-3.411,6.195],[-16.465,0.058],[-10.23,1.081],[-13.605,-29.4],[15.635,-26.686],[19.887,-3.863],[8.108,0.301],[14.437,28.79]],"o":[[4.047,-24.395],[10.435,-18.952],[10.239,-0.035],[20.455,-2.162],[1.132,2.398],[-3.677,6.28],[-31.127,5.865],[-4.053,-0.151],[-6.154,-12.271]],"v":[[-76.233,-12.095],[-64.218,-43.091],[-8.063,-60.992],[19.469,-65.145],[67.185,-24.925],[66.919,39.37],[30.967,61.935],[-26.056,61.148],[-69.884,16.756]],"c":true}]},{"i":{"x":0.531,"y":1},"o":{"x":0.167,"y":0.167},"t":45,"s":[{"i":[[-2.062,12.429],[-3.411,6.195],[-16.465,0.058],[-10.23,1.081],[-14.805,-34.54],[16.24,-26.8],[26.393,-5.371],[8.108,0.301],[14.437,28.79]],"o":[[4.047,-24.395],[10.435,-18.952],[10.239,-0.035],[20.455,-2.162],[1.059,2.431],[-3.77,6.225],[-31.063,6.196],[-4.053,-0.151],[-6.154,-12.271]],"v":[[-66.776,-8.867],[-59.528,-40.035],[-8.063,-60.992],[19.469,-65.145],[74.789,-20.361],[67.848,32.499],[26.196,62.139],[-26.056,61.148],[-69.884,16.756]],"c":true}]},{"i":{"x":0.833,"y":0.833},"o":{"x":0.479,"y":0},"t":70,"s":[{"i":[[-2.062,12.429],[-3.411,6.195],[-16.465,0.058],[-10.23,1.081],[-15.721,-38.462],[16.702,-26.886],[31.358,-6.521],[8.108,0.301],[14.437,28.79]],"o":[[4.047,-24.395],[10.435,-18.952],[10.239,-0.035],[20.455,-2.162],[1.004,2.456],[-3.841,6.183],[-31.014,6.449],[-4.053,-0.151],[-6.154,-12.271]],"v":[[-68.065,-11.788],[-60.055,-39.622],[-8.063,-60.992],[19.469,-65.145],[80.59,-16.879],[68.557,27.258],[22.556,62.294],[-26.056,61.148],[-69.884,16.756]],"c":true}]},{"i":{"x":0.667,"y":1},"o":{"x":0.167,"y":0.167},"t":96,"s":[{"i":[[-2.062,12.429],[-3.411,6.195],[-16.465,0.058],[-10.23,1.081],[-14.805,-34.54],[16.24,-26.799],[26.393,-5.371],[8.108,0.301],[14.437,28.79]],"o":[[4.047,-24.395],[10.435,-18.952],[10.239,-0.035],[20.455,-2.162],[1.059,2.431],[-3.77,6.225],[-31.063,6.196],[-4.053,-0.151],[-6.154,-12.271]],"v":[[-66.776,-8.867],[-59.528,-40.036],[-8.063,-60.992],[19.469,-65.145],[74.789,-20.361],[67.848,32.499],[26.196,62.139],[-26.056,61.148],[-69.884,16.756]],"c":true}]},{"t":134,"s":[{"i":[[-2.062,12.429],[-3.411,6.195],[-16.465,0.058],[-10.23,1.081],[-12.5,-24.666],[15.077,-26.582],[13.894,-2.475],[8.108,0.301],[14.437,28.79]],"o":[[4.047,-24.395],[10.435,-18.952],[10.239,-0.035],[20.455,-2.162],[1.199,2.367],[-3.591,6.331],[-31.186,5.559],[-4.053,-0.151],[-6.154,-12.271]],"v":[[-79.078,-16.619],[-68.077,-45.722],[-8.063,-60.992],[19.469,-65.145],[60.181,-29.128],[66.064,45.698],[35.361,61.747],[-26.056,61.148],[-69.884,16.756]],"c":true}]}],"ix":2},"nm":"Path 1","mn":"ADBE Vector Shape - Group","hd":false},{"ty":"fl","c":{"a":0,"k":[0.109999999404,0.11400000006,0.118000000715,1],"ix":4},"o":{"a":0,"k":100,"ix":5},"r":1,"bm":0,"nm":"Fill 1","mn":"ADBE Vector Graphic - Fill","hd":false},{"ty":"tr","p":{"a":0,"k":[338.791,575.357],"ix":2},"a":{"a":0,"k":[0,0],"ix":1},"s":{"a":0,"k":[100,100],"ix":3},"r":{"a":0,"k":0,"ix":6},"o":{"a":0,"k":100,"ix":7},"sk":{"a":0,"k":0,"ix":4},"sa":{"a":0,"k":0,"ix":5},"nm":"Transform"}],"nm":"Group 1","np":4,"cix":2,"bm":0,"ix":1,"mn":"ADBE Vector Group","hd":false},{"ty":"gr","it":[{"ind":0,"ty":"sh","ix":1,"ks":{"a":0,"k":{"i":[[-5.164,-40.124],[-40.124,5.164],[5.164,40.123],[40.123,-5.164]],"o":[[5.164,40.124],[40.124,-5.164],[-5.163,-40.124],[-40.124,5.163]],"v":[[-72.65,17.292],[7.423,64.709],[72.651,-1.407],[-9.349,-64.708]],"c":true},"ix":2},"nm":"Path 1","mn":"ADBE Vector Shape - Group","hd":false},{"ty":"fl","c":{"a":0,"k":[0.071000002325,0.07500000298,0.078000001609,1],"ix":4},"o":{"a":0,"k":100,"ix":5},"r":1,"bm":0,"nm":"Fill 1","mn":"ADBE Vector Graphic - Fill","hd":false},{"ty":"tr","p":{"a":0,"k":[331.469,566.096],"ix":2},"a":{"a":0,"k":[0,0],"ix":1},"s":{"a":0,"k":[100,100],"ix":3},"r":{"a":0,"k":0,"ix":6},"o":{"a":0,"k":100,"ix":7},"sk":{"a":0,"k":0,"ix":4},"sa":{"a":0,"k":0,"ix":5},"nm":"Transform"}],"nm":"Group 2","np":4,"cix":2,"bm":0,"ix":2,"mn":"ADBE Vector Group","hd":false},{"ty":"tr","p":{"a":0,"k":[578.355,542.135],"ix":2},"a":{"a":0,"k":[334.355,570.135],"ix":1},"s":{"a":0,"k":[100,100],"ix":3},"r":{"a":0,"k":0,"ix":6},"o":{"a":0,"k":100,"ix":7},"sk":{"a":0,"k":0,"ix":4},"sa":{"a":0,"k":0,"ix":5},"nm":"Transform"}],"nm":"hips","np":2,"cix":2,"bm":0,"ix":2,"mn":"ADBE Vector Group","hd":false}],"ip":0,"op":150,"st":0,"bm":0},{"ddd":0,"ind":15,"ty":4,"nm":"thigh_1","sr":1,"ks":{"o":{"a":0,"k":100,"ix":11},"r":{"a":1,"k":[{"i":{"x":[0.833],"y":[0.833]},"o":{"x":[0.37],"y":[0]},"t":10,"s":[0]},{"i":{"x":[0.563],"y":[1]},"o":{"x":[0.167],"y":[0.167]},"t":33,"s":[-23.342]},{"i":{"x":[0.833],"y":[0.833]},"o":{"x":[0.479],"y":[0]},"t":70,"s":[-24]},{"i":{"x":[0.667],"y":[1]},"o":{"x":[0.167],"y":[0.167]},"t":112,"s":[-23.342]},{"t":134,"s":[0]}],"ix":10},"p":{"a":1,"k":[{"i":{"x":0.531,"y":1},"o":{"x":0.333,"y":0},"t":10,"s":[558.365,565.298,0],"to":[-4.167,8.167,0],"ti":[0,0,0]},{"i":{"x":0.667,"y":1},"o":{"x":0.479,"y":0},"t":70,"s":[533.365,614.298,0],"to":[0,0,0],"ti":[-4.167,8.167,0]},{"t":134,"s":[558.365,565.298,0]}],"ix":2},"a":{"a":0,"k":[297.635,593.298,0],"ix":1},"s":{"a":0,"k":[-100,100,100],"ix":6}},"ao":0,"shapes":[{"ty":"gr","it":[{"ind":0,"ty":"sh","ix":1,"ks":{"a":0,"k":{"i":[[0,23.645],[-23.181,0],[0,-23.644],[23.181,0]],"o":[[0,-23.644],[23.181,0],[0,23.645],[-23.181,0]],"v":[[-41.973,0],[0,-42.812],[41.973,0],[0,42.812]],"c":true},"ix":2},"nm":"Path 1","mn":"ADBE Vector Shape - Group","hd":false},{"ty":"fl","c":{"a":0,"k":[0.071000005685,0.075,0.078000005086,1],"ix":4},"o":{"a":0,"k":100,"ix":5},"r":1,"bm":0,"nm":"Fill 1","mn":"ADBE Vector Graphic - Fill","hd":false},{"ty":"tr","p":{"a":0,"k":[298.532,591.88],"ix":2},"a":{"a":0,"k":[0,0],"ix":1},"s":{"a":0,"k":[100,100],"ix":3},"r":{"a":0,"k":0,"ix":6},"o":{"a":0,"k":100,"ix":7},"sk":{"a":0,"k":0,"ix":4},"sa":{"a":0,"k":0,"ix":5},"nm":"Transform"}],"nm":"Group 1","np":4,"cix":2,"bm":0,"ix":1,"mn":"ADBE Vector Group","hd":false},{"ty":"gr","it":[{"ind":0,"ty":"sh","ix":1,"ks":{"a":0,"k":{"i":[[-3.032,-12.565],[-5.661,0.577],[-3.914,9.722],[-0.333,6.62],[-3.067,17.195],[2.049,18.65],[1.608,14.485],[5.58,7.984],[20.643,-2.683],[2.276,-5.714],[-0.383,-12.262],[-2.211,-17.205]],"o":[[5.004,20.738],[9.56,-0.977],[2.475,-6.148],[1.083,-21.503],[3.267,-18.312],[-1.591,-14.488],[-1.45,-13.05],[-5.579,-7.985],[-20.643,2.682],[-4.559,13.25],[0.417,13.357],[7.503,58.384]],"v":[[-20.98,99.542],[7.567,125.559],[33.734,106.105],[35.408,71.126],[41.152,28.564],[42.544,-30.234],[41.469,-78.644],[32.361,-107.438],[-7.176,-123.454],[-40.034,-97.129],[-43.071,-61.973],[-37.705,3.271]],"c":true},"ix":2},"nm":"Path 1","mn":"ADBE Vector Shape - Group","hd":false},{"ty":"fl","c":{"a":0,"k":[0.071000005685,0.075,0.078000005086,1],"ix":4},"o":{"a":0,"k":100,"ix":5},"r":1,"bm":0,"nm":"Fill 1","mn":"ADBE Vector Graphic - Fill","hd":false},{"ty":"tr","p":{"a":0,"k":[299.433,672.437],"ix":2},"a":{"a":0,"k":[0,0],"ix":1},"s":{"a":0,"k":[100,100],"ix":3},"r":{"a":0,"k":0,"ix":6},"o":{"a":0,"k":100,"ix":7},"sk":{"a":0,"k":0,"ix":4},"sa":{"a":0,"k":0,"ix":5},"nm":"Transform"}],"nm":"Group 2","np":4,"cix":2,"bm":0,"ix":2,"mn":"ADBE Vector Group","hd":false}],"ip":0,"op":150,"st":0,"bm":0},{"ddd":0,"ind":16,"ty":4,"nm":"calf_1","parent":15,"sr":1,"ks":{"o":{"a":0,"k":100,"ix":11},"r":{"a":1,"k":[{"i":{"x":[0.833],"y":[0.833]},"o":{"x":[0.167],"y":[0.167]},"t":10,"s":[0]},{"i":{"x":[0.346],"y":[1]},"o":{"x":[0.167],"y":[0.167]},"t":33,"s":[-34]},{"i":{"x":[0.833],"y":[0.833]},"o":{"x":[0.632],"y":[0]},"t":70,"s":[0]},{"i":{"x":[0.833],"y":[0.833]},"o":{"x":[0.167],"y":[0.167]},"t":112,"s":[-34]},{"t":131,"s":[0]}],"ix":10},"p":{"a":0,"k":[306.946,768.498,0],"ix":2},"a":{"a":0,"k":[550.946,740.498,0],"ix":1},"s":{"a":0,"k":[100,100,100],"ix":6}},"ao":0,"shapes":[{"ty":"gr","it":[{"ty":"gr","it":[{"ind":0,"ty":"sh","ix":1,"ks":{"a":0,"k":{"i":[[-0.928,-16.012],[-15.645,0.918],[0.929,16.011],[15.644,-0.917]],"o":[[0.929,16.012],[15.644,-0.918],[-0.928,-16.013],[-15.645,0.918]],"v":[[-28.327,1.661],[1.681,28.992],[28.326,-1.661],[-1.681,-28.992]],"c":true},"ix":2},"nm":"Path 1","mn":"ADBE Vector Shape - Group","hd":false},{"ty":"fl","c":{"a":0,"k":[0.071000002325,0.07500000298,0.078000001609,1],"ix":4},"o":{"a":0,"k":100,"ix":5},"r":1,"bm":0,"nm":"Fill 1","mn":"ADBE Vector Graphic - Fill","hd":false},{"ty":"tr","p":{"a":0,"k":[306.697,768.058],"ix":2},"a":{"a":0,"k":[0,0],"ix":1},"s":{"a":0,"k":[100,100],"ix":3},"r":{"a":0,"k":0,"ix":6},"o":{"a":0,"k":100,"ix":7},"sk":{"a":0,"k":0,"ix":4},"sa":{"a":0,"k":0,"ix":5},"nm":"Transform"}],"nm":"Group 1","np":4,"cix":2,"bm":0,"ix":1,"mn":"ADBE Vector Group","hd":false},{"ty":"gr","it":[{"ind":0,"ty":"sh","ix":1,"ks":{"a":0,"k":{"i":[[1.08,6.896],[-1.551,4.033],[-7.707,2.411],[-4.606,-0.398],[-3.03,-12.669],[-0.788,-3.743],[-2.291,-12.707],[0.685,-11.3],[4.316,-25.743],[0.929,-6.356],[0.059,-3.941],[0.01,-1.127],[2.448,0.087],[4.508,0.425],[2.202,0.658],[0.03,1.106],[1.316,14.636],[2.548,18.074],[2.534,12.774],[2.247,6.13]],"o":[[-0.676,-4.315],[3.147,-8.178],[4.416,-1.382],[14.547,1.257],[0.887,3.711],[2.177,10.342],[2.01,11.145],[-1.587,26.183],[-0.514,3.07],[-0.572,3.908],[-0.019,1.127],[-2.365,0.807],[-5.425,-0.191],[-2.304,-0.217],[-0.02,-1.095],[-0.326,-14.673],[-1.629,-18.182],[-1.816,-12.885],[-1.272,-6.411],[-2.189,-5.973]],"v":[[-35.023,-69.916],[-34.055,-82.562],[-13.858,-97.717],[-2.442,-99.132],[23.202,-71.125],[27.336,-56.349],[33.689,-30.497],[34.678,4.547],[27.963,62.442],[26.309,77.451],[24.934,90.288],[23.876,98.723],[13.54,98.943],[-0.644,98.305],[-7.419,96.997],[-7.499,93.702],[-10.437,50.128],[-18.146,7.438],[-23.54,-31.227],[-28.711,-50.107]],"c":true},"ix":2},"nm":"Path 1","mn":"ADBE Vector Shape - Group","hd":false},{"ty":"fl","c":{"a":0,"k":[0.071000002325,0.07500000298,0.078000001609,1],"ix":4},"o":{"a":0,"k":100,"ix":5},"r":1,"bm":0,"nm":"Fill 1","mn":"ADBE Vector Graphic - Fill","hd":false},{"ty":"tr","p":{"a":0,"k":[313.052,838.431],"ix":2},"a":{"a":0,"k":[0,0],"ix":1},"s":{"a":0,"k":[100,100],"ix":3},"r":{"a":0,"k":0,"ix":6},"o":{"a":0,"k":100,"ix":7},"sk":{"a":0,"k":0,"ix":4},"sa":{"a":0,"k":0,"ix":5},"nm":"Transform"}],"nm":"Group 2","np":4,"cix":2,"bm":0,"ix":2,"mn":"ADBE Vector Group","hd":false},{"ty":"tr","p":{"a":0,"k":[556.946,810.312],"ix":2},"a":{"a":0,"k":[312.946,838.312],"ix":1},"s":{"a":0,"k":[100,100],"ix":3},"r":{"a":0,"k":0,"ix":6},"o":{"a":0,"k":100,"ix":7},"sk":{"a":0,"k":0,"ix":4},"sa":{"a":0,"k":0,"ix":5},"nm":"Transform"}],"nm":"calf_1","np":2,"cix":2,"bm":0,"ix":1,"mn":"ADBE Vector Group","hd":false},{"ty":"gr","it":[{"ty":"gr","it":[{"ind":0,"ty":"sh","ix":1,"ks":{"a":0,"k":{"i":[[-0.274,-3.804],[-2.05,-1.806],[-4.172,4.283],[-0.351,4.88],[-0.022,3.946],[2.252,-0.442],[4.211,0.45],[2.058,0.688],[-0.016,-2.435]],"o":[[0.21,2.836],[4.878,4.278],[3.301,-3.374],[0.476,-6.606],[-2.208,0.835],[-4.151,0.814],[-2.153,-0.23],[0.044,2.434],[0.032,3.819]],"v":[[-14.71,3.206],[-10.235,11.916],[7.969,13.05],[14.27,2.042],[14.984,-17.333],[4.078,-15.003],[-8.536,-14.29],[-14.865,-15.661],[-14.77,-8.356]],"c":true},"ix":2},"nm":"Path 1","mn":"ADBE Vector Shape - Group","hd":false},{"ty":"fl","c":{"a":0,"k":[0.787999987602,0.549000024796,0.458999991417,1],"ix":4},"o":{"a":0,"k":100,"ix":5},"r":1,"bm":0,"nm":"Fill 1","mn":"ADBE Vector Graphic - Fill","hd":false},{"ty":"tr","p":{"a":0,"k":[321.383,949.985],"ix":2},"a":{"a":0,"k":[0,0],"ix":1},"s":{"a":0,"k":[100,100],"ix":3},"r":{"a":0,"k":0,"ix":6},"o":{"a":0,"k":100,"ix":7},"sk":{"a":0,"k":0,"ix":4},"sa":{"a":0,"k":0,"ix":5},"nm":"Transform"}],"nm":"Group 1","np":4,"cix":2,"bm":0,"ix":1,"mn":"ADBE Vector Group","hd":false},{"ty":"gr","it":[{"ind":0,"ty":"sh","ix":1,"ks":{"a":0,"k":{"i":[[-0.349,-8.217],[-8.029,0.341],[0.349,8.216],[8.03,-0.341]],"o":[[0.349,8.218],[8.029,-0.341],[-0.349,-8.218],[-8.029,0.341]],"v":[[-14.537,0.617],[0.633,14.879],[14.538,-0.616],[-0.632,-14.878]],"c":true},"ix":2},"nm":"Path 1","mn":"ADBE Vector Shape - Group","hd":false},{"ty":"fl","c":{"a":0,"k":[0.787999987602,0.549000024796,0.458999991417,1],"ix":4},"o":{"a":0,"k":100,"ix":5},"r":1,"bm":0,"nm":"Fill 1","mn":"ADBE Vector Graphic - Fill","hd":false},{"ty":"tr","p":{"a":0,"k":[321.128,951.088],"ix":2},"a":{"a":0,"k":[0,0],"ix":1},"s":{"a":0,"k":[100,100],"ix":3},"r":{"a":0,"k":0,"ix":6},"o":{"a":0,"k":100,"ix":7},"sk":{"a":0,"k":0,"ix":4},"sa":{"a":0,"k":0,"ix":5},"nm":"Transform"}],"nm":"Group 2","np":4,"cix":2,"bm":0,"ix":2,"mn":"ADBE Vector Group","hd":false},{"ty":"tr","p":{"a":0,"k":[565.442,921.316],"ix":2},"a":{"a":0,"k":[321.442,949.316],"ix":1},"s":{"a":0,"k":[100,100],"ix":3},"r":{"a":0,"k":0,"ix":6},"o":{"a":0,"k":100,"ix":7},"sk":{"a":0,"k":0,"ix":4},"sa":{"a":0,"k":0,"ix":5},"nm":"Transform"}],"nm":"calf_skin_1","np":2,"cix":2,"bm":0,"ix":2,"mn":"ADBE Vector Group","hd":false}],"ip":0,"op":150,"st":0,"bm":0},{"ddd":0,"ind":17,"ty":4,"nm":"foot_1","parent":16,"sr":1,"ks":{"o":{"a":0,"k":100,"ix":11},"r":{"a":0,"k":0,"ix":10},"p":{"a":0,"k":[564.473,923.045,0],"ix":2},"a":{"a":0,"k":[564.473,923.045,0],"ix":1},"s":{"a":0,"k":[100,100,100],"ix":6}},"ao":0,"shapes":[{"ty":"gr","it":[{"ty":"gr","it":[{"ind":0,"ty":"sh","ix":1,"ks":{"a":0,"k":{"i":[[-0.084,-0.019],[-0.22,0.12],[-0.108,0.172],[-0.726,0.732],[-1.009,-0.2],[-0.857,0.786],[-0.97,-0.641],[-1.521,0.358],[-0.359,2.033],[0.058,1.236],[-0.166,1.378],[-5.15,-2.252],[-0.291,-1.197],[0.083,-1.23],[0.116,-1.709],[-0.235,-0.039],[-1.587,-1.198],[-2.081,-1.312],[-2.409,-0.588],[-3.035,2.873],[-0.507,1.169],[-0.85,1.078],[-1.812,0.846],[-0.23,-0.259],[-0.449,-0.822],[-0.986,-3.38],[-0.487,-3.776],[0.671,-1.492],[1.416,-0.66],[2.836,-0.404],[3.16,-0.362],[9.581,-1.504],[9.97,-1.274],[5.071,0.17],[3.477,2.596],[0.28,2.847],[-1.575,0.791],[-3.944,0.746],[-2.87,1.553],[-1.063,0.396],[-0.589,0.414],[-0.597,0.612],[-1.466,-0.342]],"o":[[0.252,0.056],[0.18,-0.098],[0.541,-0.868],[0.726,-0.729],[0.235,-1.139],[0.858,-0.785],[0.083,-1.559],[1.973,-0.466],[0.213,-1.212],[-0.066,-1.384],[0.491,-4.058],[1.129,0.493],[0.291,1.197],[-0.117,1.708],[0.021,-0.317],[2.017,0.332],[1.959,1.475],[2.095,1.322],[4.074,0.995],[0.938,-0.889],[0.54,-1.241],[1.252,-1.588],[0.358,-0.166],[0.623,0.703],[1.7,3.118],[1.066,3.649],[0.21,1.622],[-0.64,1.425],[-2.622,1.223],[-3.149,0.449],[-9.631,1.103],[-9.842,1.545],[-5.028,0.643],[-4.092,-0.137],[-1.802,-1.345],[-0.227,-2.308],[3.594,-1.803],[3.172,-0.6],[0.997,-0.54],[0.674,-0.251],[0.699,-0.491],[1.052,-1.077],[0.082,0.019]],"v":[[-20.637,3.359],[-19.909,3.326],[-19.505,2.875],[-17.741,0.343],[-14.969,-0.704],[-13.454,-3.782],[-10.249,-4.229],[-7.137,-7.292],[-3.551,-10.84],[-3.685,-14.602],[-3.578,-18.753],[5.078,-26.735],[7.227,-23.889],[7.353,-20.209],[6.904,-14.399],[9.303,-14.518],[14.467,-11.709],[20.242,-7.146],[27.167,-4.13],[38.221,-7.122],[40.294,-10.023],[42.087,-13.669],[46.949,-17.229],[49.034,-15.495],[50.622,-13.178],[54.113,-3.202],[56.624,7.918],[56.272,12.747],[52.922,15.883],[44.337,17.848],[34.863,18.973],[5.983,22.414],[-23.749,27.605],[-38.922,28.452],[-53.746,26.391],[-56.715,19.52],[-52.566,14.753],[-40.958,11.521],[-31.758,8.792],[-28.741,7.227],[-26.755,6.401],[-25.035,4.51],[-20.887,3.3]],"c":true},"ix":2},"nm":"Path 1","mn":"ADBE Vector Shape - Group","hd":false},{"ty":"fl","c":{"a":0,"k":[0.07500000298,0.071000002325,0.067000001669,1],"ix":4},"o":{"a":0,"k":100,"ix":5},"r":1,"bm":0,"nm":"Fill 1","mn":"ADBE Vector Graphic - Fill","hd":false},{"ty":"tr","p":{"a":0,"k":[293.22,971.803],"ix":2},"a":{"a":0,"k":[0,0],"ix":1},"s":{"a":0,"k":[100,100],"ix":3},"r":{"a":0,"k":0,"ix":6},"o":{"a":0,"k":100,"ix":7},"sk":{"a":0,"k":0,"ix":4},"sa":{"a":0,"k":0,"ix":5},"nm":"Transform"}],"nm":"Group 1","np":4,"cix":2,"bm":0,"ix":1,"mn":"ADBE Vector Group","hd":false},{"ty":"tr","p":{"a":0,"k":[537.248,944.441],"ix":2},"a":{"a":0,"k":[293.248,972.441],"ix":1},"s":{"a":0,"k":[100,100],"ix":3},"r":{"a":0,"k":0,"ix":6},"o":{"a":0,"k":100,"ix":7},"sk":{"a":0,"k":0,"ix":4},"sa":{"a":0,"k":0,"ix":5},"nm":"Transform"}],"nm":"foot_1","np":1,"cix":2,"bm":0,"ix":1,"mn":"ADBE Vector Group","hd":false},{"ty":"gr","it":[{"ty":"gr","it":[{"ind":0,"ty":"sh","ix":1,"ks":{"a":0,"k":{"i":[[-0.415,-1.96],[0.571,-1.188],[1.231,-0.592],[5.413,-0.166],[5.951,-0.384],[8.867,-1.083],[8.993,0.152],[5.131,1.786],[1.919,2.429],[-2.261,2.222],[-1.189,0.231],[-6.867,-0.458],[-7.269,1.325],[-8.102,1.208],[-7.86,-0.864],[-3.688,1.036],[-1.399,-0.075],[-0.62,-0.185],[-0.363,-0.332],[-0.161,-0.614]],"o":[[0.329,1.554],[-0.592,1.231],[-4.988,2.402],[-5.961,0.183],[-8.916,0.574],[-8.9,1.086],[-5.392,-0.091],[-2.896,-1.008],[-1.674,-2.12],[0.864,-0.849],[6.755,-1.314],[7.372,0.492],[8.059,-1.469],[7.821,-1.166],[3.807,0.418],[1.348,-0.378],[0.646,0.034],[0.455,0.137],[0.49,0.448],[0.39,1.485]],"v":[[58.417,-3.323],[58.256,0.936],[55.189,3.534],[39.596,6.331],[21.726,7.181],[-4.979,9.569],[-31.784,11.938],[-48.271,9.822],[-55.852,4.699],[-56.566,-3.407],[-53.292,-4.856],[-32.783,-3.494],[-10.808,-5.871],[13.456,-9.757],[37.063,-11.227],[48.467,-10.958],[52.537,-11.897],[54.43,-11.491],[56.093,-10.947],[56.803,-8.786]],"c":true},"ix":2},"nm":"Path 1","mn":"ADBE Vector Shape - Group","hd":false},{"ty":"fl","c":{"a":0,"k":[0.40000000596,0.40000000596,0.40000000596,1],"ix":4},"o":{"a":0,"k":100,"ix":5},"r":1,"bm":0,"nm":"Fill 1","mn":"ADBE Vector Graphic - Fill","hd":false},{"ty":"tr","p":{"a":0,"k":[293.023,993.923],"ix":2},"a":{"a":0,"k":[0,0],"ix":1},"s":{"a":0,"k":[100,100],"ix":3},"r":{"a":0,"k":0,"ix":6},"o":{"a":0,"k":100,"ix":7},"sk":{"a":0,"k":0,"ix":4},"sa":{"a":0,"k":0,"ix":5},"nm":"Transform"}],"nm":"Group 1","np":4,"cix":2,"bm":0,"ix":1,"mn":"ADBE Vector Group","hd":false},{"ty":"tr","p":{"a":0,"k":[537.473,965.946],"ix":2},"a":{"a":0,"k":[293.473,993.946],"ix":1},"s":{"a":0,"k":[100,100],"ix":3},"r":{"a":0,"k":0,"ix":6},"o":{"a":0,"k":100,"ix":7},"sk":{"a":0,"k":0,"ix":4},"sa":{"a":0,"k":0,"ix":5},"nm":"Transform"}],"nm":"sole_1","np":1,"cix":2,"bm":0,"ix":2,"mn":"ADBE Vector Group","hd":false},{"ty":"gr","it":[{"ty":"gr","it":[{"ind":0,"ty":"sh","ix":1,"ks":{"a":0,"k":{"i":[[10.483,-0.509],[6.459,-6.357],[8.794,-2.987],[4.516,-2.906],[0.765,-1.333],[-0.655,-1.39],[-3.083,-0.024],[-2.752,0.398],[-4.667,0.639],[-4.378,0.836],[-1.18,0.582],[-1.364,1.148],[-3.014,0.528],[-3.595,-0.231],[-5.645,1.061],[-0.919,14.386],[3.67,9.912]],"o":[[-12.99,1.366],[-5.255,5.171],[-5.036,1.71],[-1.293,0.832],[-0.765,1.334],[1.487,3.158],[2.782,0.023],[4.664,-0.673],[4.417,-0.606],[1.292,-0.248],[1.599,-0.788],[2.399,-2.023],[3.545,-0.621],[5.638,0.363],[2.292,-0.431],[0.088,-14.933],[-1.27,-3.43]],"v":[[27.192,-33.877],[4.998,-9.123],[-33.009,16.766],[-47.463,22.71],[-50.74,25.892],[-51.1,30.313],[-41.43,34.363],[-33.141,33.487],[-19.109,31.797],[-5.933,29.518],[-2.152,28.436],[2.06,25.167],[10.525,22.138],[21.284,21.492],[37.785,21.414],[51.667,5.693],[42.46,-23.775]],"c":true},"ix":2},"nm":"Path 1","mn":"ADBE Vector Shape - Group","hd":false},{"ty":"fl","c":{"a":0,"k":[0.787999987602,0.549000024796,0.458999991417,1],"ix":4},"o":{"a":0,"k":100,"ix":5},"r":1,"bm":0,"nm":"Fill 1","mn":"ADBE Vector Graphic - Fill","hd":false},{"ty":"tr","p":{"a":0,"k":[292.541,970.12],"ix":2},"a":{"a":0,"k":[0,0],"ix":1},"s":{"a":0,"k":[100,100],"ix":3},"r":{"a":0,"k":0,"ix":6},"o":{"a":0,"k":100,"ix":7},"sk":{"a":0,"k":0,"ix":4},"sa":{"a":0,"k":0,"ix":5},"nm":"Transform"}],"nm":"Group 1","np":4,"cix":2,"bm":0,"ix":1,"mn":"ADBE Vector Group","hd":false},{"ty":"tr","p":{"a":0,"k":[536.637,942.35],"ix":2},"a":{"a":0,"k":[292.637,970.35],"ix":1},"s":{"a":0,"k":[100,100],"ix":3},"r":{"a":0,"k":0,"ix":6},"o":{"a":0,"k":100,"ix":7},"sk":{"a":0,"k":0,"ix":4},"sa":{"a":0,"k":0,"ix":5},"nm":"Transform"}],"nm":"foot_skin_1","np":1,"cix":2,"bm":0,"ix":3,"mn":"ADBE Vector Group","hd":false}],"ip":0,"op":150,"st":0,"bm":0},{"ddd":0,"ind":18,"ty":4,"nm":"hand_1","parent":19,"sr":1,"ks":{"o":{"a":0,"k":100,"ix":11},"r":{"a":1,"k":[{"i":{"x":[0.833],"y":[0.833]},"o":{"x":[0.167],"y":[0.167]},"t":10,"s":[0]},{"i":{"x":[0.833],"y":[0.833]},"o":{"x":[0.167],"y":[0.167]},"t":61,"s":[-16]},{"i":{"x":[0.833],"y":[0.833]},"o":{"x":[0.167],"y":[0.167]},"t":70,"s":[0]},{"i":{"x":[0.833],"y":[0.833]},"o":{"x":[0.167],"y":[0.167]},"t":80,"s":[-16]},{"t":134,"s":[0]}],"ix":10},"p":{"a":1,"k":[{"i":{"x":0.531,"y":1},"o":{"x":0.333,"y":0},"t":10,"s":[289.463,540.788,0],"to":[2.08,-5.629,0],"ti":[0,0,0]},{"i":{"x":0.667,"y":1},"o":{"x":0.333,"y":0},"t":70,"s":[301.94,507.015,0],"to":[0,0,0],"ti":[2.08,-5.629,0]},{"t":134,"s":[289.463,540.788,0]}],"ix":2},"a":{"a":0,"k":[289.463,540.788,0],"ix":1},"s":{"a":0,"k":[100,100,100],"ix":6}},"ao":0,"shapes":[{"ty":"gr","it":[{"ind":0,"ty":"sh","ix":1,"ks":{"a":0,"k":{"i":[[-0.072,0.132],[-2.42,4.431],[-0.363,1.615],[0.078,1.598],[-0.236,4.925],[2.789,3.312],[1.662,-5.065],[2.636,-3.145],[1.222,-3.465],[0,0],[0.731,-5.251],[-0.954,2.011],[-0.642,2.053],[-1.287,1.672],[-0.075,-1.42],[1.592,-4.138],[-0.627,-2.073],[-0.63,0.762],[-0.351,-1.021],[-1.218,1.261],[-0.354,0.24],[-0.686,0.096],[-2.367,1.208],[-0.72,0.195],[-1.349,2.469]],"o":[[2.42,-4.432],[0.791,-1.448],[0.354,-1.567],[-0.211,-4.336],[0.195,-4.044],[-5.522,-6.07],[-1.2,3.711],[-2.467,2.943],[-2.136,4.364],[0,0],[-0.558,4.01],[0.919,-1.935],[0.609,-1.951],[2.596,-0.389],[0.24,4.594],[-0.848,2.206],[0.284,0.941],[0.8,0.681],[0.725,2.099],[0.3,-0.311],[0.586,-0.399],[3.058,-0.428],[0.671,-0.343],[2.925,-0.795],[0.071,-0.132]],"v":[[11.359,25.637],[18.466,11.697],[20.316,6.751],[19.819,0.505],[17.268,-24.854],[15.26,-36.227],[-0.78,-32.334],[-4.56,-23.231],[-13,-15.257],[-17.953,-1.261],[-20.112,13.759],[-15.034,13.897],[-12.615,7.937],[-10.908,2.12],[-7.684,13.261],[-11.262,25.915],[-13.84,36.494],[-11.626,37.247],[-10.452,40.198],[-5.638,40.278],[-4.738,39.351],[-2.723,38.911],[2.669,34.127],[4.841,33.636],[11.143,26.032]],"c":true},"ix":2},"nm":"Path 1","mn":"ADBE Vector Shape - Group","hd":false},{"ty":"fl","c":{"a":0,"k":[0.788235353956,0.549019607843,0.458823559331,1],"ix":4},"o":{"a":0,"k":100,"ix":5},"r":1,"bm":0,"nm":"Fill 1","mn":"ADBE Vector Graphic - Fill","hd":false},{"ty":"tr","p":{"a":0,"k":[280.837,572.553],"ix":2},"a":{"a":0,"k":[0,0],"ix":1},"s":{"a":0,"k":[100,100],"ix":3},"r":{"a":0,"k":0,"ix":6},"o":{"a":0,"k":100,"ix":7},"sk":{"a":0,"k":0,"ix":4},"sa":{"a":0,"k":0,"ix":5},"nm":"Transform"}],"nm":"Group 1","np":4,"cix":2,"bm":0,"ix":1,"mn":"ADBE Vector Group","hd":false}],"ip":0,"op":150,"st":0,"bm":0},{"ddd":0,"ind":19,"ty":4,"nm":"forearm_1","parent":20,"sr":1,"ks":{"o":{"a":0,"k":100,"ix":11},"r":{"a":0,"k":0,"ix":10},"p":{"a":1,"k":[{"i":{"x":0.531,"y":1},"o":{"x":0.333,"y":0},"t":10,"s":[307.504,445.346,0],"to":[0.9,-4.98,0],"ti":[0,0,0]},{"i":{"x":0.667,"y":1},"o":{"x":0.333,"y":0},"t":70,"s":[312.902,415.466,0],"to":[0,0,0],"ti":[0.9,-4.98,0]},{"t":134,"s":[307.504,445.346,0]}],"ix":2},"a":{"a":0,"k":[307.504,445.346,0],"ix":1},"s":{"a":0,"k":[100,100,100],"ix":6}},"ao":0,"shapes":[{"ty":"gr","it":[{"ind":0,"ty":"sh","ix":1,"ks":{"a":0,"k":{"i":[[-5.632,-8.948],[-9.2,5.334],[5.632,8.947],[9.201,-5.334]],"o":[[5.632,8.947],[9.2,-5.333],[-5.632,-8.949],[-9.199,5.334]],"v":[[-16.658,9.658],[10.198,16.201],[16.658,-9.657],[-10.199,-16.201]],"c":true},"ix":2},"nm":"Path 1","mn":"ADBE Vector Shape - Group","hd":false},{"ty":"fl","c":{"a":0,"k":[0.788000009574,0.54900004069,0.458999992819,1],"ix":4},"o":{"a":0,"k":100,"ix":5},"r":1,"bm":0,"nm":"Fill 1","mn":"ADBE Vector Graphic - Fill","hd":false},{"ty":"tr","p":{"a":0,"k":[308.046,445.367],"ix":2},"a":{"a":0,"k":[0,0],"ix":1},"s":{"a":0,"k":[100,100],"ix":3},"r":{"a":0,"k":0,"ix":6},"o":{"a":0,"k":100,"ix":7},"sk":{"a":0,"k":0,"ix":4},"sa":{"a":0,"k":0,"ix":5},"nm":"Transform"}],"nm":"Group 1","np":4,"cix":2,"bm":0,"ix":1,"mn":"ADBE Vector Group","hd":false},{"ty":"gr","it":[{"ind":0,"ty":"sh","ix":1,"ks":{"a":0,"k":{"i":[[2.601,-16.101],[0.821,-21.266],[-0.483,-4.87],[-3.244,-1.95],[-2.799,1.834],[-0.724,2.499],[-1.981,7.164],[-4.37,10.677],[-1.957,22.264],[2.054,4.309],[6.176,-6.193]],"o":[[-1.133,7.012],[-0.488,12.671],[0.337,3.4],[2.876,1.727],[2.36,-1.546],[1.031,-3.559],[3.133,-11.326],[8.65,-21.136],[0.413,-4.701],[-5.652,-11.854],[-6.919,6.935]],"v":[[-18.035,-27.076],[-21.7,18.211],[-24.371,51.435],[-19.637,61.898],[-9.9,62.205],[-4.58,56.626],[-0.822,42.258],[7.932,15.679],[24.441,-41.382],[21.103,-52.185],[-7.709,-56.979]],"c":true},"ix":2},"nm":"Path 1","mn":"ADBE Vector Shape - Group","hd":false},{"ty":"fl","c":{"a":0,"k":[0.788000009574,0.54900004069,0.458999992819,1],"ix":4},"o":{"a":0,"k":100,"ix":5},"r":1,"bm":0,"nm":"Fill 1","mn":"ADBE Vector Graphic - Fill","hd":false},{"ty":"tr","p":{"a":0,"k":[302.856,488.79],"ix":2},"a":{"a":0,"k":[0,0],"ix":1},"s":{"a":0,"k":[100,100],"ix":3},"r":{"a":0,"k":0,"ix":6},"o":{"a":0,"k":100,"ix":7},"sk":{"a":0,"k":0,"ix":4},"sa":{"a":0,"k":0,"ix":5},"nm":"Transform"}],"nm":"Group 2","np":4,"cix":2,"bm":0,"ix":2,"mn":"ADBE Vector Group","hd":false}],"ip":0,"op":150,"st":0,"bm":0},{"ddd":0,"ind":20,"ty":4,"nm":"arm_1","parent":6,"sr":1,"ks":{"o":{"a":0,"k":100,"ix":11},"r":{"a":1,"k":[{"i":{"x":[0.531],"y":[1]},"o":{"x":[0.333],"y":[0]},"t":10,"s":[0]},{"i":{"x":[0.667],"y":[1]},"o":{"x":[0.479],"y":[0]},"t":70,"s":[-16]},{"t":134,"s":[0]}],"ix":10},"p":{"a":1,"k":[{"i":{"x":0.531,"y":1},"o":{"x":0.333,"y":0},"t":10,"s":[536.2,302.222,0],"to":[9.994,-0.983,0],"ti":[0,0,0]},{"i":{"x":0.667,"y":1},"o":{"x":0.479,"y":0},"t":70,"s":[596.162,296.324,0],"to":[0,0,0],"ti":[9.994,-0.983,0]},{"t":134,"s":[536.2,302.222,0]}],"ix":2},"a":{"a":0,"k":[292.2,330.222,0],"ix":1},"s":{"a":0,"k":[100,100,100],"ix":6}},"ao":0,"shapes":[{"ty":"gr","it":[{"ind":0,"ty":"sh","ix":1,"ks":{"a":0,"k":{"i":[[15.572,-0.643],[3.443,-4.372],[0.797,-8.121],[-3.807,-8.71],[-1.41,-2.99],[-0.779,-8.423],[-4.836,-16.939],[-0.81,-4.336],[-3.883,2.836],[-0.171,9.33],[6.523,13.454],[-1.197,7.396],[11.101,12.792]],"o":[[-5.684,0.234],[-5.082,6.454],[-0.92,9.375],[1.324,3.028],[3.015,6.395],[1.391,15.056],[0.961,3.366],[6.565,22.005],[8.555,-6.25],[0.274,-14.968],[-3.271,-6.747],[2.904,-17.941],[-1.567,-1.806]],"v":[[-5.538,-84.725],[-22.943,-76.635],[-32.935,-52.392],[-26.907,-25.244],[-22.423,-14.866],[-19.485,4.428],[-11.396,34.571],[-8.403,63.362],[24.05,73.129],[32.607,31.195],[27.331,-10.837],[24.768,-32.992],[18.689,-77.229]],"c":true},"ix":2},"nm":"Path 1","mn":"ADBE Vector Shape - Group","hd":false},{"ty":"fl","c":{"a":0,"k":[0.788000009574,0.54900004069,0.458999992819,1],"ix":4},"o":{"a":0,"k":100,"ix":5},"r":1,"bm":0,"nm":"Fill 1","mn":"ADBE Vector Graphic - Fill","hd":false},{"ty":"tr","p":{"a":0,"k":[297.337,385.826],"ix":2},"a":{"a":0,"k":[0,0],"ix":1},"s":{"a":0,"k":[100,100],"ix":3},"r":{"a":0,"k":0,"ix":6},"o":{"a":0,"k":100,"ix":7},"sk":{"a":0,"k":0,"ix":4},"sa":{"a":0,"k":0,"ix":5},"nm":"Transform"}],"nm":"Group 1","np":4,"cix":2,"bm":0,"ix":1,"mn":"ADBE Vector Group","hd":false}],"ip":0,"op":150,"st":0,"bm":0}],"markers":[]}