{"v":"5.6.3","fr":60,"ip":0,"op":75,"w":1100,"h":1100,"nm":"High Knee-Taps","ddd":0,"assets":[],"layers":[{"ddd":0,"ind":1,"ty":4,"nm":"arm","parent":8,"sr":1,"ks":{"o":{"a":0,"k":100,"ix":11},"r":{"a":0,"k":0,"ix":10},"p":{"a":0,"k":[496.842,303.915,0],"ix":2},"a":{"a":0,"k":[328.842,267.915,0],"ix":1},"s":{"a":0,"k":[100,100,100],"ix":6}},"ao":0,"shapes":[{"ty":"gr","it":[{"ind":0,"ty":"sh","ix":1,"ks":{"a":0,"k":{"i":[[19.515,-2.363],[-2.362,-19.515],[-19.514,2.363],[2.363,19.515]],"o":[[-19.514,2.363],[2.364,19.514],[19.514,-2.362],[-2.363,-19.514]],"v":[[-4.279,-35.334],[-35.335,4.279],[4.278,35.334],[35.334,-4.278]],"c":true},"ix":2},"nm":"Path 1","mn":"ADBE Vector Shape - Group","hd":false},{"ty":"fl","c":{"a":0,"k":[0.847000002394,0.607999973671,0.501999978458,1],"ix":4},"o":{"a":0,"k":100,"ix":5},"r":1,"bm":0,"nm":"Fill 1","mn":"ADBE Vector Graphic - Fill","hd":false},{"ty":"tr","p":{"a":0,"k":[329.097,268.439],"ix":2},"a":{"a":0,"k":[0,0],"ix":1},"s":{"a":0,"k":[100,100],"ix":3},"r":{"a":0,"k":0,"ix":6},"o":{"a":0,"k":100,"ix":7},"sk":{"a":0,"k":0,"ix":4},"sa":{"a":0,"k":0,"ix":5},"nm":"Transform"}],"nm":"Group 1","np":2,"cix":2,"bm":0,"ix":1,"mn":"ADBE Vector Group","hd":false},{"ty":"gr","it":[{"ind":0,"ty":"sh","ix":1,"ks":{"a":0,"k":{"i":[[-3.662,-0.703],[-4.98,-9.414],[1.008,-10.427],[3.508,-5.745],[2.69,-4.883],[-0.46,-5.057],[4.803,-17.394],[0.263,-3.984],[0.835,-3.637],[2.33,-2.632],[7.781,2.554],[1.187,8.553],[0.345,3.434],[0.301,4.315],[0.289,6.714],[0.174,4.683],[0.769,10.279],[-0.035,11.696],[-8.672,9.544],[-8.075,1.125]],"o":[[10.582,2.031],[4.944,9.349],[-0.643,6.661],[-2.903,4.753],[-2.556,4.638],[1.612,17.976],[-1.059,3.831],[-0.246,3.707],[-0.786,3.424],[-5.446,6.153],[-8.315,-2.729],[-0.474,-3.418],[-0.451,-4.307],[-0.479,-6.691],[-0.194,-4.681],[-0.382,-10.301],[-0.871,-11.65],[0.038,-12.603],[5.482,-6.034],[3.664,-0.51]],"v":[[6.972,-95.244],[32.39,-77.058],[37.676,-46.103],[31.715,-27.021],[22.57,-13.031],[21.343,1.941],[16.525,55.569],[14.132,67.118],[13.201,78.288],[8.451,87.576],[-13.863,93.531],[-29.164,74.478],[-30.398,64.201],[-31.52,51.273],[-32.626,31.16],[-33.17,17.103],[-34.98,-13.769],[-38.649,-47.121],[-25.18,-84.16],[-4.103,-95.575]],"c":true},"ix":2},"nm":"Path 1","mn":"ADBE Vector Shape - Group","hd":false},{"ty":"fl","c":{"a":0,"k":[0.847000002394,0.607999973671,0.501999978458,1],"ix":4},"o":{"a":0,"k":100,"ix":5},"r":1,"bm":0,"nm":"Fill 1","mn":"ADBE Vector Graphic - Fill","hd":false},{"ty":"tr","p":{"a":0,"k":[328.173,328.582],"ix":2},"a":{"a":0,"k":[0,0],"ix":1},"s":{"a":0,"k":[100,100],"ix":3},"r":{"a":0,"k":0,"ix":6},"o":{"a":0,"k":100,"ix":7},"sk":{"a":0,"k":0,"ix":4},"sa":{"a":0,"k":0,"ix":5},"nm":"Transform"}],"nm":"Group 2","np":2,"cix":2,"bm":0,"ix":2,"mn":"ADBE Vector Group","hd":false}],"ip":0,"op":75,"st":0,"bm":0},{"ddd":0,"ind":2,"ty":4,"nm":"forearm","parent":1,"sr":1,"ks":{"o":{"a":0,"k":100,"ix":11},"r":{"a":1,"k":[{"i":{"x":[0.667],"y":[1]},"o":{"x":[0.333],"y":[0]},"t":2,"s":[0]},{"i":{"x":[0.667],"y":[1]},"o":{"x":[0.333],"y":[0]},"t":18.25,"s":[11]},{"i":{"x":[0.667],"y":[1]},"o":{"x":[0.333],"y":[0]},"t":35.75,"s":[0]},{"i":{"x":[0.667],"y":[1]},"o":{"x":[0.333],"y":[0]},"t":55.75,"s":[6]},{"t":72,"s":[0]}],"ix":10},"p":{"a":0,"k":[321.109,401.438,0],"ix":2},"a":{"a":0,"k":[321.109,401.438,0],"ix":1},"s":{"a":0,"k":[100,100,100],"ix":6}},"ao":0,"shapes":[{"ty":"gr","it":[{"ind":0,"ty":"sh","ix":1,"ks":{"a":0,"k":{"i":[[6.165,-10.255],[-10.255,-6.164],[-6.164,10.254],[10.254,6.164]],"o":[[-6.164,10.254],[10.255,6.165],[6.165,-10.255],[-10.254,-6.165]],"v":[[-18.568,-11.162],[-11.163,18.567],[18.568,11.163],[11.161,-18.567]],"c":true},"ix":2},"nm":"Path 1","mn":"ADBE Vector Shape - Group","hd":false},{"ty":"fl","c":{"a":0,"k":[0.847000002394,0.607999973671,0.501999978458,1],"ix":4},"o":{"a":0,"k":100,"ix":5},"r":1,"bm":0,"nm":"Fill 1","mn":"ADBE Vector Graphic - Fill","hd":false},{"ty":"tr","p":{"a":0,"k":[320.758,401.767],"ix":2},"a":{"a":0,"k":[0,0],"ix":1},"s":{"a":0,"k":[100,100],"ix":3},"r":{"a":0,"k":0,"ix":6},"o":{"a":0,"k":100,"ix":7},"sk":{"a":0,"k":0,"ix":4},"sa":{"a":0,"k":0,"ix":5},"nm":"Transform"}],"nm":"Group 1","np":2,"cix":2,"bm":0,"ix":1,"mn":"ADBE Vector Group","hd":false},{"ty":"gr","it":[{"ind":0,"ty":"sh","ix":1,"ks":{"a":0,"k":{"i":[[-0.035,-0.23],[-3.241,-3.636],[-3.526,-2.676],[-5.628,-3.213],[-0.843,-0.46],[-0.176,-0.094],[-1.095,-0.566],[-20.549,-4.092],[-7.702,1.06],[-2.987,2.697],[-1.44,0.862],[-2.816,0.454],[20.17,12.993],[9.872,5.645],[4.411,1.563],[4.436,0.323],[4.201,-6.479],[-0.543,-4.653]],"o":[[0.734,4.811],[2.943,3.303],[5.165,3.925],[0.839,0.47],[0.177,0.094],[1.08,0.591],[18.66,9.525],[4.984,0.988],[1.352,-0.186],[1.307,-1.185],[2.706,-1.629],[-23.575,-12.747],[-9.522,-6.134],[-4.064,-2.324],[-4.147,-1.47],[-7.667,-0.539],[-2.548,3.931],[0.028,0.233]],"v":[[-66.284,-15.361],[-60.326,-2.599],[-50.237,6.201],[-33.917,16.828],[-31.401,18.235],[-30.863,18.524],[-27.598,20.255],[27.915,37.19],[52.944,38.527],[58.273,29.461],[62.401,26.401],[66.922,23.063],[9.414,-10.201],[-18.229,-29.869],[-30.975,-35.714],[-43.682,-39.049],[-63.216,-29.463],[-66.379,-16.055]],"c":true},"ix":2},"nm":"Path 1","mn":"ADBE Vector Shape - Group","hd":false},{"ty":"fl","c":{"a":0,"k":[0.847000002394,0.607999973671,0.501999978458,1],"ix":4},"o":{"a":0,"k":100,"ix":5},"r":1,"bm":0,"nm":"Fill 1","mn":"ADBE Vector Graphic - Fill","hd":false},{"ty":"tr","p":{"a":0,"k":[366.206,419.872],"ix":2},"a":{"a":0,"k":[0,0],"ix":1},"s":{"a":0,"k":[100,100],"ix":3},"r":{"a":0,"k":0,"ix":6},"o":{"a":0,"k":100,"ix":7},"sk":{"a":0,"k":0,"ix":4},"sa":{"a":0,"k":0,"ix":5},"nm":"Transform"}],"nm":"Group 2","np":2,"cix":2,"bm":0,"ix":2,"mn":"ADBE Vector Group","hd":false}],"ip":0,"op":75,"st":0,"bm":0},{"ddd":0,"ind":3,"ty":4,"nm":"hand","parent":2,"sr":1,"ks":{"o":{"a":0,"k":100,"ix":11},"r":{"a":0,"k":0,"ix":10},"p":{"a":0,"k":[417.059,448.032,0],"ix":2},"a":{"a":0,"k":[417.059,448.032,0],"ix":1},"s":{"a":0,"k":[100,100,100],"ix":6}},"ao":0,"shapes":[{"ty":"gr","it":[{"ind":0,"ty":"sh","ix":1,"ks":{"a":0,"k":{"i":[[0.088,0.236],[0.955,0.627],[1.814,2.498],[2.339,2.01],[3.945,2.949],[4.407,-0.011],[4.222,-0.805],[2.639,-0.836],[2.457,-0.475],[2.904,-2.893],[0.549,-2.75],[-1.556,-2.54],[-7.605,0.14],[-2.23,0.884],[-2.476,0.695],[-5.725,-6.133],[-2.981,0.119],[-1.446,-0.427],[-0.936,-1.328],[-1.62,0.313],[-1.816,0.462],[-1.135,-0.067],[0.211,2.365]],"o":[[-0.423,-1.127],[-2.464,-1.616],[-1.856,-2.553],[-3.757,-3.229],[-3.428,-2.562],[-4.164,0.01],[-2.655,0.507],[-2.477,0.784],[-4.688,0.908],[-2.341,2.333],[-0.654,3.282],[0.66,1.077],[2.267,-0.041],[2.439,-0.969],[7.789,-2.188],[1.851,1.985],[1.559,-0.062],[1.491,0.441],[0.935,1.327],[1.818,-0.352],[1.159,-0.295],[2.027,0.121],[-0.025,-0.277]],"v":[[39.598,9.138],[37.149,6.692],[30.869,0.814],[25.006,-6.546],[12.168,-13.574],[0.549,-17.725],[-12.304,-15.911],[-20.255,-13.947],[-27.691,-11.055],[-35.59,-7.612],[-39.327,0.706],[-37.044,8.454],[-27.144,10.925],[-20.372,8.844],[-13.02,6.15],[9.279,7.917],[15.582,12.181],[20.247,11.832],[23.565,15.136],[27.407,17.423],[32.494,14.394],[35.871,14.644],[39.771,9.905]],"c":true},"ix":2},"nm":"Path 1","mn":"ADBE Vector Shape - Group","hd":false},{"ty":"fl","c":{"a":0,"k":[0.847000002394,0.607999973671,0.501999978458,1],"ix":4},"o":{"a":0,"k":100,"ix":5},"r":1,"bm":0,"nm":"Fill 1","mn":"ADBE Vector Graphic - Fill","hd":false},{"ty":"tr","p":{"a":0,"k":[446.913,446.659],"ix":2},"a":{"a":0,"k":[0,0],"ix":1},"s":{"a":0,"k":[100,100],"ix":3},"r":{"a":0,"k":0,"ix":6},"o":{"a":0,"k":100,"ix":7},"sk":{"a":0,"k":0,"ix":4},"sa":{"a":0,"k":0,"ix":5},"nm":"Transform"}],"nm":"Group 1","np":2,"cix":2,"bm":0,"ix":1,"mn":"ADBE Vector Group","hd":false}],"ip":0,"op":75,"st":0,"bm":0},{"ddd":0,"ind":4,"ty":4,"nm":"thigh","parent":11,"sr":1,"ks":{"o":{"a":0,"k":100,"ix":11},"r":{"a":1,"k":[{"i":{"x":[0.667],"y":[1]},"o":{"x":[0.333],"y":[0]},"t":2,"s":[0]},{"i":{"x":[0.667],"y":[1]},"o":{"x":[0.333],"y":[0]},"t":35.75,"s":[-99]},{"i":{"x":[0.667],"y":[1]},"o":{"x":[0.333],"y":[0]},"t":61,"s":[0]},{"t":72,"s":[0]}],"ix":10},"p":{"a":0,"k":[317.604,524.979,0],"ix":2},"a":{"a":0,"k":[317.604,524.979,0],"ix":1},"s":{"a":0,"k":[100,100,100],"ix":6}},"ao":0,"shapes":[{"ty":"gr","it":[{"ind":0,"ty":"sh","ix":1,"ks":{"a":0,"k":{"i":[[2.084,-16.784],[-30.513,-3.789],[-4.008,32.277],[9.593,12.031],[14.472,1.797],[11.11,-8.612]],"o":[[-4.008,32.277],[30.513,3.789],[2.106,-16.969],[-8.653,-10.857],[-14.647,-1.819],[-12.033,9.331]],"v":[[-53.278,-7.792],[-7.324,57.458],[55.18,5.876],[42.756,-39.253],[7.19,-59.428],[-32.63,-48.26]],"c":true},"ix":2},"nm":"Path 1","mn":"ADBE Vector Shape - Group","hd":false},{"ty":"fl","c":{"a":0,"k":[0.109999997008,0.113999998803,0.118000000598,1],"ix":4},"o":{"a":0,"k":100,"ix":5},"r":1,"bm":0,"nm":"Fill 1","mn":"ADBE Vector Graphic - Fill","hd":false},{"ty":"tr","p":{"a":0,"k":[318.392,529.797],"ix":2},"a":{"a":0,"k":[0,0],"ix":1},"s":{"a":0,"k":[100,100],"ix":3},"r":{"a":0,"k":0,"ix":6},"o":{"a":0,"k":100,"ix":7},"sk":{"a":0,"k":0,"ix":4},"sa":{"a":0,"k":0,"ix":5},"nm":"Transform"}],"nm":"Group 1","np":2,"cix":2,"bm":0,"ix":1,"mn":"ADBE Vector Group","hd":false},{"ty":"gr","it":[{"ind":0,"ty":"sh","ix":1,"ks":{"a":0,"k":{"i":[[1.014,-4.62],[1.433,-3.423],[8.873,-2.449],[7.35,5.024],[1.615,10.845],[5.579,22.513],[2.744,14.792],[0.294,18.142],[-33.734,4.65],[-11.156,-9.549],[0.995,-26.875],[5.244,-39.886],[0.488,-4.568]],"o":[[-0.796,3.624],[-3.545,8.463],[-8.606,2.376],[-9.856,-6.74],[-3.42,-22.964],[-3.596,-14.603],[-3.307,-17.826],[-0.465,-28.646],[14.671,-2.023],[21.811,18.666],[-1.493,40.354],[-0.599,4.556],[-0.504,4.706]],"v":[[36.971,102.783],[33.698,113.387],[14.057,130.681],[-11.204,126.428],[-23.665,103.198],[-38.714,29.28],[-48.586,-14.744],[-55.368,-69.642],[-9.021,-131.034],[32.383,-118.335],[54.838,-45.113],[40.579,75.023],[39.099,88.727]],"c":true},"ix":2},"nm":"Path 1","mn":"ADBE Vector Shape - Group","hd":false},{"ty":"fl","c":{"a":0,"k":[0.109999997008,0.113999998803,0.118000000598,1],"ix":4},"o":{"a":0,"k":100,"ix":5},"r":1,"bm":0,"nm":"Fill 1","mn":"ADBE Vector Graphic - Fill","hd":false},{"ty":"tr","p":{"a":0,"k":[320.561,602.236],"ix":2},"a":{"a":0,"k":[0,0],"ix":1},"s":{"a":0,"k":[100,100],"ix":3},"r":{"a":0,"k":0,"ix":6},"o":{"a":0,"k":100,"ix":7},"sk":{"a":0,"k":0,"ix":4},"sa":{"a":0,"k":0,"ix":5},"nm":"Transform"}],"nm":"Group 2","np":2,"cix":2,"bm":0,"ix":2,"mn":"ADBE Vector Group","hd":false}],"ip":0,"op":75,"st":0,"bm":0},{"ddd":0,"ind":5,"ty":4,"nm":"foot","parent":6,"sr":1,"ks":{"o":{"a":0,"k":100,"ix":11},"r":{"a":1,"k":[{"i":{"x":[0.667],"y":[1]},"o":{"x":[0.333],"y":[0]},"t":2,"s":[0]},{"i":{"x":[0.667],"y":[1]},"o":{"x":[0.333],"y":[0]},"t":35.75,"s":[26]},{"i":{"x":[0.667],"y":[1]},"o":{"x":[0.333],"y":[0]},"t":61,"s":[0]},{"t":72,"s":[0]}],"ix":10},"p":{"a":0,"k":[471.03,923.55,0],"ix":2},"a":{"a":0,"k":[471.03,923.55,0],"ix":1},"s":{"a":0,"k":[100,100,100],"ix":6}},"ao":0,"shapes":[{"ty":"gr","it":[{"ty":"gr","it":[{"ind":0,"ty":"sh","ix":1,"ks":{"a":0,"k":{"i":[[-0.018,0.264],[-0.535,1.004],[-0.327,0.107],[-0.095,-0.013],[-7.701,-0.025],[-4.087,-0.236],[-3.504,-0.904],[-0.33,-0.09],[-0.671,-0.187],[-1.844,-0.411],[-0.161,-0.034],[-0.171,-0.035],[-0.294,-0.049],[-1.467,-0.232],[-0.124,-0.013],[-0.113,-0.014],[-0.987,-0.138],[-2.95,-0.284],[-3.26,-0.161],[-3.335,0.044],[-3.172,0.337],[-3.114,1.005],[-0.076,0.083],[-0.019,0.129],[-0.469,1.017],[-0.405,0.07],[-0.091,-0.51],[0.773,-2.74],[1.058,-0.33],[12.506,0.392],[7.588,0.64],[0,0],[6.48,-0.16],[2.4,3.32],[-0.111,0.819]],"o":[[0.183,-1.857],[0.204,-0.396],[0.549,-0.179],[15.659,3.098],[3.246,0.004],[4.971,0.293],[0.34,0.089],[0.689,0.187],[1.831,0.499],[0.161,0.024],[0.16,0.035],[0.284,0.058],[1.202,0.214],[0.115,0.014],[0.112,0.023],[0.909,0.146],[2.935,0.401],[3.248,0.313],[3.33,0.164],[3.188,-0.043],[3.243,-0.346],[0.107,-0.034],[0.089,-0.097],[0.16,-1.094],[0.182,-0.394],[0.448,-0.078],[0.321,2.167],[-0.299,1.079],[-12.325,3.81],[-7.343,-0.229],[0,0],[-9.116,-0.766],[-24.391,0.618],[-0.4,-0.63],[-0.069,-0.209]],"v":[[-63.326,-2.829],[-61.553,-8.078],[-60.693,-8.786],[-59.49,-8.856],[-28.856,-5.711],[-18.173,-5.454],[-5.868,-3.451],[-4.858,-3.193],[-2.828,-2.641],[2.603,-1.244],[3.085,-1.151],[3.577,-1.047],[4.439,-0.883],[8.453,-0.208],[8.815,-0.158],[9.164,-0.107],[12.018,0.305],[20.848,1.331],[30.609,2.049],[40.611,2.247],[50.161,1.715],[59.82,-0.123],[60.114,-0.279],[60.245,-0.644],[60.928,-3.946],[61.974,-4.602],[63.044,-4.055],[62.323,2.136],[60.158,4.392],[23.069,8.573],[0.703,7.079],[-1.138,6.923],[-24.581,6.385],[-62.816,0.04],[-63.253,-2.12]],"c":true},"ix":2},"nm":"Path 1","mn":"ADBE Vector Shape - Group","hd":false},{"ty":"fl","c":{"a":0,"k":[0.40000000596,0.40000000596,0.40000000596,1],"ix":4},"o":{"a":0,"k":100,"ix":5},"r":1,"bm":0,"nm":"Fill 1","mn":"ADBE Vector Graphic - Fill","hd":false},{"ty":"tr","p":{"a":0,"k":[334.608,939.911],"ix":2},"a":{"a":0,"k":[0,0],"ix":1},"s":{"a":0,"k":[100,100],"ix":3},"r":{"a":0,"k":0,"ix":6},"o":{"a":0,"k":100,"ix":7},"sk":{"a":0,"k":0,"ix":4},"sa":{"a":0,"k":0,"ix":5},"nm":"Transform"}],"nm":"Group 1","np":2,"cix":2,"bm":0,"ix":1,"mn":"ADBE Vector Group","hd":false},{"ty":"tr","p":{"a":0,"k":[502.53,975.797],"ix":2},"a":{"a":0,"k":[334.53,939.797],"ix":1},"s":{"a":0,"k":[100,100],"ix":3},"r":{"a":0,"k":0,"ix":6},"o":{"a":0,"k":100,"ix":7},"sk":{"a":0,"k":0,"ix":4},"sa":{"a":0,"k":0,"ix":5},"nm":"Transform"}],"nm":"sole","np":1,"cix":2,"bm":0,"ix":1,"mn":"ADBE Vector Group","hd":false},{"ty":"gr","it":[{"ty":"gr","it":[{"ind":0,"ty":"sh","ix":1,"ks":{"a":0,"k":{"i":[[0.206,1.886],[-0.004,2.306],[0.623,4.193],[-0.635,4.609],[-0.634,2.933],[-1.469,1.463],[-1.465,-0.84],[-0.624,-2.514],[-2.304,-0.843],[-1.887,0.416],[-1.05,1.045],[-0.213,1.885],[-1.259,2.092],[-1.046,-1.258],[-0.417,-1.258],[0,0],[-1.256,-0.84],[0,0],[0,0],[-1.046,-1.259],[0,0],[-2.004,-0.787],[-12.867,-3.379],[-2.299,-3.146],[2.284,-4.769],[10.969,-0.449],[2.514,0.213],[2.306,-0.416],[5.447,0.01],[2.4,0.776]],"o":[[-0.207,-1.885],[0.002,-2.303],[-0.621,-4.189],[0.636,-4.608],[0.632,-2.931],[1.469,-1.464],[1.465,0.841],[0.624,2.515],[2.302,0.841],[1.886,-0.417],[1.048,-1.047],[0.212,-1.885],[1.261,-2.094],[1.045,1.259],[0.417,1.257],[2.515,-0.415],[1.254,0.84],[0,0],[0,0],[1.045,1.258],[-0.401,0.107],[8.296,3.262],[8.961,2.354],[2.3,3.146],[-3.591,7.497],[-22.883,0.934],[-2.513,-0.214],[-2.306,0.415],[-5.447,-0.009],[-3.684,-1.195]],"v":[[-61.132,19.593],[-59.806,10.996],[-60.424,3.453],[-59.778,-7.439],[-55.987,-19.374],[-53.044,-26.282],[-48.646,-25.438],[-45.304,-18.938],[-41.329,-15.16],[-27.293,-15.138],[-21.422,-18.27],[-15.128,-24.128],[-12.605,-30.617],[-7.581,-27.468],[-3.819,-22.014],[-0.474,-18.029],[4.762,-16.554],[6.014,-14.039],[7.479,-12.779],[11.234,-10.688],[13.4,-6.062],[20.878,-0.536],[39.678,9.091],[58.711,16.03],[61.053,24.969],[32.998,31.777],[0.081,28.481],[-17.304,26.568],[-31.133,28.221],[-59.653,24.563]],"c":true},"ix":2},"nm":"Path 1","mn":"ADBE Vector Shape - Group","hd":false},{"ty":"fl","c":{"a":0,"k":[0.07500000298,0.071000002325,0.067000001669,1],"ix":4},"o":{"a":0,"k":100,"ix":5},"r":1,"bm":0,"nm":"Fill 1","mn":"ADBE Vector Graphic - Fill","hd":false},{"ty":"tr","p":{"a":0,"k":[335.194,913.486],"ix":2},"a":{"a":0,"k":[0,0],"ix":1},"s":{"a":0,"k":[100,100],"ix":3},"r":{"a":0,"k":0,"ix":6},"o":{"a":0,"k":100,"ix":7},"sk":{"a":0,"k":0,"ix":4},"sa":{"a":0,"k":0,"ix":5},"nm":"Transform"}],"nm":"Group 1","np":2,"cix":2,"bm":0,"ix":1,"mn":"ADBE Vector Group","hd":false},{"ty":"tr","p":{"a":0,"k":[503.33,949.837],"ix":2},"a":{"a":0,"k":[335.33,913.837],"ix":1},"s":{"a":0,"k":[100,100],"ix":3},"r":{"a":0,"k":0,"ix":6},"o":{"a":0,"k":100,"ix":7},"sk":{"a":0,"k":0,"ix":4},"sa":{"a":0,"k":0,"ix":5},"nm":"Transform"}],"nm":"foot","np":1,"cix":2,"bm":0,"ix":2,"mn":"ADBE Vector Group","hd":false},{"ty":"gr","it":[{"ty":"gr","it":[{"ind":0,"ty":"sh","ix":1,"ks":{"a":0,"k":{"i":[[-11.354,0.401],[-7.542,-6.27],[-9.756,-2.424],[-5.133,-2.726],[-0.946,-1.369],[0.581,-1.56],[3.324,-0.306],[3.006,0.179],[5.092,0.266],[4.799,0.506],[1.324,0.519],[1.574,1.115],[3.299,0.297],[3.856,-0.575],[6.186,0.632],[2.293,15.433],[-3.061,11.024]],"o":[[14.135,0.298],[6.136,5.102],[5.585,1.389],[1.47,0.781],[0.946,1.369],[-1.318,3.54],[-2.998,0.276],[-5.09,-0.303],[-4.819,-0.252],[-1.415,-0.149],[-1.797,-0.705],[-2.77,-1.963],[-3.88,-0.348],[-6.049,0.902],[-2.511,-0.257],[-1.448,-16.099],[1.06,-3.814]],"v":[[-33.289,-33.833],[-7.108,-9.143],[36.231,15.338],[52.358,20.44],[56.182,23.576],[56.97,28.313],[46.907,33.557],[37.887,33.362],[22.599,32.81],[8.181,31.544],[4.006,30.721],[-0.833,27.576],[-10.238,25.076],[-21.901,25.354],[-39.707,26.765],[-56.103,11.066],[-48.842,-21.553]],"c":true},"ix":2},"nm":"Path 1","mn":"ADBE Vector Shape - Group","hd":false},{"ty":"fl","c":{"a":0,"k":[0.847000002861,0.60799998045,0.501999974251,1],"ix":4},"o":{"a":0,"k":100,"ix":5},"r":1,"bm":0,"nm":"Fill 1","mn":"ADBE Vector Graphic - Fill","hd":false},{"ty":"tr","p":{"a":0,"k":[336.903,912.357],"ix":2},"a":{"a":0,"k":[0,0],"ix":1},"s":{"a":0,"k":[100,100],"ix":3},"r":{"a":0,"k":0,"ix":6},"o":{"a":0,"k":100,"ix":7},"sk":{"a":0,"k":0,"ix":4},"sa":{"a":0,"k":0,"ix":5},"nm":"Transform"}],"nm":"Group 1","np":2,"cix":2,"bm":0,"ix":1,"mn":"ADBE Vector Group","hd":false},{"ty":"tr","p":{"a":0,"k":[505.353,948.276],"ix":2},"a":{"a":0,"k":[337.353,912.276],"ix":1},"s":{"a":0,"k":[100,100],"ix":3},"r":{"a":0,"k":0,"ix":6},"o":{"a":0,"k":100,"ix":7},"sk":{"a":0,"k":0,"ix":4},"sa":{"a":0,"k":0,"ix":5},"nm":"Transform"}],"nm":"foot_skin","np":1,"cix":2,"bm":0,"ix":3,"mn":"ADBE Vector Group","hd":false}],"ip":0,"op":75,"st":0,"bm":0},{"ddd":0,"ind":6,"ty":4,"nm":"calf","parent":4,"sr":1,"ks":{"o":{"a":0,"k":100,"ix":11},"r":{"a":1,"k":[{"i":{"x":[0.667],"y":[1]},"o":{"x":[0.333],"y":[0]},"t":2,"s":[0]},{"i":{"x":[0.667],"y":[1]},"o":{"x":[0.333],"y":[0]},"t":35.75,"s":[108]},{"i":{"x":[0.667],"y":[1]},"o":{"x":[0.333],"y":[0]},"t":61,"s":[0]},{"t":72,"s":[0]}],"ix":10},"p":{"a":0,"k":[326.707,705.065,0],"ix":2},"a":{"a":0,"k":[494.707,741.065,0],"ix":1},"s":{"a":0,"k":[100,100,100],"ix":6}},"ao":0,"shapes":[{"ty":"gr","it":[{"ty":"gr","it":[{"ind":0,"ty":"sh","ix":1,"ks":{"a":0,"k":{"i":[[-4.522,-15.962],[-15.96,4.52],[4.522,15.961],[15.961,-4.521]],"o":[[4.521,15.961],[15.961,-4.523],[-4.523,-15.962],[-15.961,4.522]],"v":[[-28.899,8.188],[8.188,28.901],[28.9,-8.188],[-8.188,-28.9]],"c":true},"ix":2},"nm":"Path 1","mn":"ADBE Vector Shape - Group","hd":false},{"ty":"fl","c":{"a":0,"k":[0.109999999404,0.11400000006,0.118000000715,1],"ix":4},"o":{"a":0,"k":100,"ix":5},"r":1,"bm":0,"nm":"Fill 1","mn":"ADBE Vector Graphic - Fill","hd":false},{"ty":"tr","p":{"a":0,"k":[326.346,702.84],"ix":2},"a":{"a":0,"k":[0,0],"ix":1},"s":{"a":0,"k":[100,100],"ix":3},"r":{"a":0,"k":0,"ix":6},"o":{"a":0,"k":100,"ix":7},"sk":{"a":0,"k":0,"ix":4},"sa":{"a":0,"k":0,"ix":5},"nm":"Transform"}],"nm":"Group 1","np":2,"cix":2,"bm":0,"ix":1,"mn":"ADBE Vector Group","hd":false},{"ty":"gr","it":[{"ind":0,"ty":"sh","ix":1,"ks":{"a":0,"k":{"i":[[0,0.022],[-4.92,28.923],[-4.754,14.611],[-3.671,6.921],[-2.562,7.587],[9.446,4.185],[7.627,-2.784],[2.127,-11.529],[6.004,-21.253],[-2.002,-41.626],[-5.838,0.052]],"o":[[0.188,-29.24],[2.577,-15.157],[2.424,-7.45],[5.386,-10.159],[3.276,-9.699],[-7.424,-3.288],[-11.321,4.13],[-4.08,22.102],[-11.81,41.799],[4.639,1.511],[9.88,-0.086]],"v":[[11.06,97.834],[16.175,22.392],[27.462,-22.259],[35.247,-44.434],[45.802,-65.77],[30.468,-97.602],[6.716,-98.398],[-13.406,-75.47],[-37.267,-12.253],[-24.519,98.677],[-7.921,101.13]],"c":true},"ix":2},"nm":"Path 1","mn":"ADBE Vector Shape - Group","hd":false},{"ty":"fl","c":{"a":0,"k":[0.109999999404,0.11400000006,0.118000000715,1],"ix":4},"o":{"a":0,"k":100,"ix":5},"r":1,"bm":0,"nm":"Fill 1","mn":"ADBE Vector Graphic - Fill","hd":false},{"ty":"tr","p":{"a":0,"k":[309.694,777.154],"ix":2},"a":{"a":0,"k":[0,0],"ix":1},"s":{"a":0,"k":[100,100],"ix":3},"r":{"a":0,"k":0,"ix":6},"o":{"a":0,"k":100,"ix":7},"sk":{"a":0,"k":0,"ix":4},"sa":{"a":0,"k":0,"ix":5},"nm":"Transform"}],"nm":"Group 2","np":2,"cix":2,"bm":0,"ix":2,"mn":"ADBE Vector Group","hd":false},{"ty":"tr","p":{"a":0,"k":[480.707,811.541],"ix":2},"a":{"a":0,"k":[312.707,775.541],"ix":1},"s":{"a":0,"k":[100,100],"ix":3},"r":{"a":0,"k":0,"ix":6},"o":{"a":0,"k":100,"ix":7},"sk":{"a":0,"k":0,"ix":4},"sa":{"a":0,"k":0,"ix":5},"nm":"Transform"}],"nm":"calf","np":2,"cix":2,"bm":0,"ix":1,"mn":"ADBE Vector Group","hd":false},{"ty":"gr","it":[{"ty":"gr","it":[{"ind":0,"ty":"sh","ix":1,"ks":{"a":0,"k":{"i":[[-0.523,-4.207],[-2.429,-1.883],[-4.503,5.003],[-0.128,5.441],[0.195,4.384],[2.534,-0.625],[4.811,0.251],[2.377,0.642],[-0.154,-2.704]],"o":[[0.396,3.138],[5.782,4.463],[3.564,-3.944],[0.174,-7.365],[-2.462,1.058],[-4.672,1.15],[-2.459,-0.127],[0.186,2.702],[0.248,4.238]],"v":[[-15.908,4.987],[-10.338,14.395],[10.412,14.577],[16.96,1.979],[16.694,-19.581],[4.43,-16.346],[-9.865,-14.808],[-17.134,-15.956],[-16.619,-7.848]],"c":true},"ix":2},"nm":"Path 1","mn":"ADBE Vector Shape - Group","hd":false},{"ty":"fl","c":{"a":0,"k":[0.847000002861,0.60799998045,0.501999974251,1],"ix":4},"o":{"a":0,"k":100,"ix":5},"r":1,"bm":0,"nm":"Fill 1","mn":"ADBE Vector Graphic - Fill","hd":false},{"ty":"tr","p":{"a":0,"k":[303.12,885.978],"ix":2},"a":{"a":0,"k":[0,0],"ix":1},"s":{"a":0,"k":[100,100],"ix":3},"r":{"a":0,"k":0,"ix":6},"o":{"a":0,"k":100,"ix":7},"sk":{"a":0,"k":0,"ix":4},"sa":{"a":0,"k":0,"ix":5},"nm":"Transform"}],"nm":"Group 1","np":2,"cix":2,"bm":0,"ix":1,"mn":"ADBE Vector Group","hd":false},{"ty":"gr","it":[{"ind":0,"ty":"sh","ix":1,"ks":{"a":0,"k":{"i":[[-0.854,-9.105],[-9.105,0.855],[0.853,9.106],[9.106,-0.855]],"o":[[0.854,9.104],[9.105,-0.853],[-0.854,-9.104],[-9.104,0.853]],"v":[[-16.485,1.547],[1.547,16.486],[16.487,-1.547],[-1.546,-16.486]],"c":true},"ix":2},"nm":"Path 1","mn":"ADBE Vector Shape - Group","hd":false},{"ty":"fl","c":{"a":0,"k":[0.847000002861,0.60799998045,0.501999974251,1],"ix":4},"o":{"a":0,"k":100,"ix":5},"r":1,"bm":0,"nm":"Fill 1","mn":"ADBE Vector Graphic - Fill","hd":false},{"ty":"tr","p":{"a":0,"k":[303.522,887.774],"ix":2},"a":{"a":0,"k":[0,0],"ix":1},"s":{"a":0,"k":[100,100],"ix":3},"r":{"a":0,"k":0,"ix":6},"o":{"a":0,"k":100,"ix":7},"sk":{"a":0,"k":0,"ix":4},"sa":{"a":0,"k":0,"ix":5},"nm":"Transform"}],"nm":"Group 2","np":2,"cix":2,"bm":0,"ix":2,"mn":"ADBE Vector Group","hd":false},{"ty":"tr","p":{"a":0,"k":[471.063,921.365],"ix":2},"a":{"a":0,"k":[303.063,885.365],"ix":1},"s":{"a":0,"k":[100,100],"ix":3},"r":{"a":0,"k":0,"ix":6},"o":{"a":0,"k":100,"ix":7},"sk":{"a":0,"k":0,"ix":4},"sa":{"a":0,"k":0,"ix":5},"nm":"Transform"}],"nm":"calf_skin","np":2,"cix":2,"bm":0,"ix":2,"mn":"ADBE Vector Group","hd":false}],"ip":0,"op":75,"st":0,"bm":0},{"ddd":0,"ind":7,"ty":4,"nm":"head","parent":9,"sr":1,"ks":{"o":{"a":0,"k":100,"ix":11},"r":{"a":0,"k":0,"ix":10},"p":{"a":0,"k":[527.284,181.835,0],"ix":2},"a":{"a":0,"k":[527.284,181.835,0],"ix":1},"s":{"a":0,"k":[100,100,100],"ix":6}},"ao":0,"shapes":[{"ty":"gr","it":[{"ty":"gr","it":[{"ind":0,"ty":"sh","ix":1,"ks":{"a":0,"k":{"i":[[-0.48,2.174],[0.441,3.42],[0.381,1.877],[0.174,0.533],[0.752,1.556],[1.569,3.458],[-0.575,6.197],[-0.016,0.152],[-18.552,4.983],[-11.928,-2.24],[-1.685,0.215],[-1.267,0.168],[-0.743,-0.443],[-1.384,0.07],[0,0],[-1.833,-1.122],[-1.493,-0.517],[-0.354,0.41],[-0.206,-0.369],[-0.409,-0.207],[-0.113,0.415],[-0.155,-0.267],[-0.248,0.297],[-0.034,-0.693],[-0.06,-0.122],[-0.514,0.144],[-0.272,-1.104],[-0.054,-0.084],[0.019,-0.034],[-0.519,-0.113],[0.069,0.975],[-0.234,-0.905],[-0.066,-1.026],[5.045,-2.333],[3.391,1.295],[5.868,-2.789],[0.138,-0.774],[0.006,-0.356],[0.688,-0.432],[0.2,-1.423],[0.058,-1.859],[3.775,-4.475],[-0.362,-4.913],[1.194,0.365],[0.366,3.321],[2.021,1.359],[2.36,-1.581],[1.138,-2.417],[0.052,-0.321],[-0.944,-2.586],[-1.365,-2.47],[0.829,-1.007],[2.571,-2.459]],"o":[[0.236,-1.066],[-0.383,-2.174],[-0.168,-0.71],[-0.562,-1.635],[-1.651,-3.418],[-2.578,-5.683],[0.014,-0.153],[1.985,-19.015],[11.62,-3.121],[1.649,0.31],[1.27,-0.162],[0.868,-0.114],[1.177,0.7],[1.385,-0.07],[0,0],[1.332,0.816],[0.448,-0.321],[0.205,0.368],[0.214,0.384],[0.408,0.206],[0.154,0.267],[0.247,-0.296],[0.034,0.693],[0.007,0.133],[0.224,0.458],[-0.036,0.741],[0.054,0.085],[-0.014,0.019],[0.178,0.42],[1.43,0.313],[0.063,0.887],[0.257,1.002],[0.34,5.263],[-3.455,1.599],[-5.432,-2.075],[-0.747,0.355],[-0.063,0.351],[-0.014,0.845],[-1.221,0.767],[-0.262,1.852],[-0.181,5.724],[-3.243,3.843],[-1.83,0.13],[-0.106,-0.884],[-0.229,-2.073],[-2.357,-1.585],[-1.294,0.866],[-0.139,0.294],[-0.433,2.718],[0.605,1.655],[0.629,1.142],[-2.651,3.222],[-1.804,1.725]],"v":[[-37.37,46.149],[-38.19,38.053],[-39.418,31.007],[-39.931,29.134],[-41.922,24.348],[-47.086,14.201],[-50.107,-3.939],[-50.06,-4.398],[-14.366,-44.995],[10.625,-46.083],[16.417,-44.947],[19.531,-46.887],[21.906,-45.95],[25.879,-44.973],[31.953,-45.831],[34.883,-41.146],[39.375,-39.697],[40.599,-40.781],[41.216,-39.675],[42.077,-38.678],[43.223,-39.006],[43.686,-38.204],[44.428,-39.094],[44.531,-37.015],[44.605,-36.623],[46.056,-36.375],[45.93,-32.977],[46.091,-32.722],[46.042,-32.638],[47.046,-31.785],[48.785,-34.301],[49.858,-31.367],[50.341,-28.317],[43.307,-14.952],[32.391,-15.563],[15.189,-18.574],[13.555,-16.908],[13.56,-15.84],[12.039,-13.935],[9.759,-11.031],[9.961,-5.434],[3.096,7.096],[-3.02,16.632],[-8.733,18.274],[-9.849,13.217],[-13.507,7.674],[-21.339,7.522],[-25.147,12.255],[-25.431,13.192],[-24.668,21.277],[-20.228,28.955],[-25.664,35.292],[-34.484,45.451]],"c":true},"ix":2},"nm":"Path 1","mn":"ADBE Vector Shape - Group","hd":false},{"ty":"fl","c":{"a":0,"k":[0.266999989748,0.172999992967,0.144999995828,1],"ix":4},"o":{"a":0,"k":100,"ix":5},"r":1,"bm":0,"nm":"Fill 1","mn":"ADBE Vector Graphic - Fill","hd":false},{"ty":"tr","p":{"a":0,"k":[357.411,135.379],"ix":2},"a":{"a":0,"k":[0,0],"ix":1},"s":{"a":0,"k":[100,100],"ix":3},"r":{"a":0,"k":0,"ix":6},"o":{"a":0,"k":100,"ix":7},"sk":{"a":0,"k":0,"ix":4},"sa":{"a":0,"k":0,"ix":5},"nm":"Transform"}],"nm":"Group 1","np":2,"cix":2,"bm":0,"ix":1,"mn":"ADBE Vector Group","hd":false},{"ty":"tr","p":{"a":0,"k":[525.466,171.26],"ix":2},"a":{"a":0,"k":[357.466,135.26],"ix":1},"s":{"a":0,"k":[100,100],"ix":3},"r":{"a":0,"k":0,"ix":6},"o":{"a":0,"k":100,"ix":7},"sk":{"a":0,"k":0,"ix":4},"sa":{"a":0,"k":0,"ix":5},"nm":"Transform"}],"nm":"hair","np":1,"cix":2,"bm":0,"ix":1,"mn":"ADBE Vector Group","hd":false},{"ty":"gr","it":[{"ty":"gr","it":[{"ind":0,"ty":"sh","ix":1,"ks":{"a":0,"k":{"i":[[-11.091,-9.318],[-0.326,-1.269],[-2.01,-3.491],[-8.53,-4.47],[-10.75,-1.098],[-2.591,0.365],[-0.608,2.988],[-0.453,4.438],[-0.109,0.002],[0,0],[0,0],[0.104,2.448],[0.289,2.673],[4.522,5.827],[12.604,0.703],[2.788,-6.43]],"o":[[0.386,1.246],[1.233,4.803],[1.343,2.333],[9.507,4.981],[2.574,0.262],[3.144,-0.443],[0.891,-4.379],[0.11,-0.916],[6.374,-0.113],[0,0],[-0.437,-2.397],[-0.113,-2.687],[-0.779,-7.255],[-7.393,-9.523],[-17.571,-0.98],[-4.119,14.537]],"v":[[-31.573,14.023],[-30.111,20.976],[-25.793,32.344],[-13.697,42.95],[17.658,53.013],[25.435,53.435],[30.598,48.022],[33.099,34.786],[34.098,24.861],[42.664,22.57],[35.221,2.047],[35.078,-5.623],[34.491,-13.667],[27.145,-32.934],[-3.665,-52.819],[-34.096,-30.799]],"c":true},"ix":2},"nm":"Path 1","mn":"ADBE Vector Shape - Group","hd":false},{"ty":"fl","c":{"a":0,"k":[0.847000002861,0.60799998045,0.501999974251,1],"ix":4},"o":{"a":0,"k":100,"ix":5},"r":1,"bm":0,"nm":"Fill 1","mn":"ADBE Vector Graphic - Fill","hd":false},{"ty":"tr","p":{"a":0,"k":[368.756,150.311],"ix":2},"a":{"a":0,"k":[0,0],"ix":1},"s":{"a":0,"k":[100,100],"ix":3},"r":{"a":0,"k":0,"ix":6},"o":{"a":0,"k":100,"ix":7},"sk":{"a":0,"k":0,"ix":4},"sa":{"a":0,"k":0,"ix":5},"nm":"Transform"}],"nm":"Group 1","np":2,"cix":2,"bm":0,"ix":1,"mn":"ADBE Vector Group","hd":false},{"ty":"tr","p":{"a":0,"k":[538.808,186.66],"ix":2},"a":{"a":0,"k":[370.808,150.66],"ix":1},"s":{"a":0,"k":[100,100],"ix":3},"r":{"a":0,"k":0,"ix":6},"o":{"a":0,"k":100,"ix":7},"sk":{"a":0,"k":0,"ix":4},"sa":{"a":0,"k":0,"ix":5},"nm":"Transform"}],"nm":"head_skin","np":1,"cix":2,"bm":0,"ix":2,"mn":"ADBE Vector Group","hd":false}],"ip":0,"op":75,"st":0,"bm":0},{"ddd":0,"ind":8,"ty":4,"nm":"body","parent":11,"sr":1,"ks":{"o":{"a":0,"k":100,"ix":11},"r":{"a":0,"k":0,"ix":10},"p":{"a":0,"k":[340.785,408.973,0],"ix":2},"a":{"a":0,"k":[508.785,444.973,0],"ix":1},"s":{"a":0,"k":[100,100,100],"ix":6}},"ao":0,"shapes":[{"ty":"gr","it":[{"ty":"gr","it":[{"ind":0,"ty":"sh","ix":1,"ks":{"a":0,"k":{"i":[[2.92,0.64],[-0.895,-6.785],[0,0],[-1.047,-0.278],[0,0],[7.065,1.485],[6.398,3.407],[2.625,4.913],[0.548,1.222]],"o":[[1.651,7.165],[0,0],[2.357,-2.996],[38.387,10.343],[-7.212,-0.545],[-7.028,-1.472],[-4.985,-2.661],[-0.634,-1.17],[-3.102,0.055]],"v":[[-32.089,-16.754],[-28.393,4.341],[-27.836,8.73],[-20.532,6.41],[32.089,9.29],[10.596,6.152],[-10.066,-0.21],[-21.276,-12.292],[-23.03,-15.879]],"c":true},"ix":2},"nm":"Path 1","mn":"ADBE Vector Shape - Group","hd":false},{"ty":"fl","c":{"a":0,"k":[0.180000007153,0.203999996185,0.243000000715,1],"ix":4},"o":{"a":0,"k":100,"ix":5},"r":1,"bm":0,"nm":"Fill 1","mn":"ADBE Vector Graphic - Fill","hd":false},{"ty":"tr","p":{"a":0,"k":[356.712,330.233],"ix":2},"a":{"a":0,"k":[0,0],"ix":1},"s":{"a":0,"k":[100,100],"ix":3},"r":{"a":0,"k":0,"ix":6},"o":{"a":0,"k":100,"ix":7},"sk":{"a":0,"k":0,"ix":4},"sa":{"a":0,"k":0,"ix":5},"nm":"Transform"}],"nm":"Group 1","np":2,"cix":2,"bm":0,"ix":1,"mn":"ADBE Vector Group","hd":false},{"ty":"tr","p":{"a":0,"k":[524.712,363.803],"ix":2},"a":{"a":0,"k":[356.712,327.803],"ix":1},"s":{"a":0,"k":[100,100],"ix":3},"r":{"a":0,"k":0,"ix":6},"o":{"a":0,"k":100,"ix":7},"sk":{"a":0,"k":0,"ix":4},"sa":{"a":0,"k":0,"ix":5},"nm":"Transform"}],"nm":"shirt_shadow","np":1,"cix":2,"bm":0,"ix":1,"mn":"ADBE Vector Group","hd":false},{"ty":"gr","it":[{"ty":"gr","it":[{"ind":0,"ty":"sh","ix":1,"ks":{"a":0,"k":{"i":[[-6.982,-5.739],[5.431,-19.036],[5.759,-4.318],[2.219,-0.96],[4.597,-0.224],[0.423,-0.006],[2.92,0.64],[4.427,10.495],[-0.662,9.04],[-3.747,6.765],[-8.264,0.895]],"o":[[14.587,12.004],[-1.974,6.926],[-1.947,1.449],[-4.206,1.812],[-0.424,0.018],[-3.102,0.056],[-10.473,-2.266],[-3.519,-8.35],[0.565,-7.702],[3.919,-7.078],[9.117,-0.979]],"v":[[4.251,-76.869],[23.522,-26.18],[11.757,-8.523],[5.478,-4.911],[-7.927,-1.909],[-9.207,-1.869],[-18.266,-2.742],[-42.099,-22.135],[-45.493,-48.838],[-39.732,-71.097],[-20.708,-85.138]],"c":true},"ix":2},"nm":"Path 1","mn":"ADBE Vector Shape - Group","hd":false},{"ind":1,"ty":"sh","ix":2,"ks":{"a":0,"k":{"i":[[7.467,-3.621],[5.258,-8.469],[2.107,-6.168],[-0.683,-17.138],[-2.886,-16.921],[-1.201,-14.427],[0,0],[-21.46,-5.719],[-1.63,16.359],[-2.615,14.77],[9.108,10.631],[7.568,8.583],[14.724,5.434]],"o":[[-9.286,4.509],[-3.43,5.531],[-5.493,16.487],[0.55,17.155],[2.427,14.23],[0,0],[0,0],[1.39,-16.373],[1.49,-14.885],[2.595,-14.592],[-7.516,-8.788],[-9.989,-11.344],[-7.585,-2.795]],"v":[[-30.243,-92.956],[-50.672,-70.576],[-59.416,-53.063],[-63.489,-1.852],[-58.522,49.318],[-50.82,91.92],[-19.993,85.74],[47.053,96.576],[51.535,47.467],[62.314,8.07],[46.37,-43.799],[27.868,-63.721],[-6.27,-92.841]],"c":true},"ix":2},"nm":"Path 2","mn":"ADBE Vector Shape - Group","hd":false},{"ty":"mm","mm":1,"nm":"Merge Paths 1","mn":"ADBE Vector Filter - Merge","hd":false},{"ty":"fl","c":{"a":0,"k":[0.208000004292,0.238999992609,0.289999991655,1],"ix":4},"o":{"a":0,"k":100,"ix":5},"r":1,"bm":0,"nm":"Fill 1","mn":"ADBE Vector Graphic - Fill","hd":false},{"ty":"tr","p":{"a":0,"k":[342.889,316.222],"ix":2},"a":{"a":0,"k":[0,0],"ix":1},"s":{"a":0,"k":[100,100],"ix":3},"r":{"a":0,"k":0,"ix":6},"o":{"a":0,"k":100,"ix":7},"sk":{"a":0,"k":0,"ix":4},"sa":{"a":0,"k":0,"ix":5},"nm":"Transform"}],"nm":"Group 1","np":4,"cix":2,"bm":0,"ix":1,"mn":"ADBE Vector Group","hd":false},{"ty":"gr","it":[{"ind":0,"ty":"sh","ix":1,"ks":{"a":0,"k":{"i":[[26.939,2.75],[2.751,-26.94],[0.01,-1.577],[-0.094,-1.237],[-19.038,-6.015],[-3.412,-0.349],[-4.087,0.648],[0,0],[-2.311,22.622]],"o":[[-26.95,-2.752],[-0.163,1.602],[-0.008,1.256],[1.414,20.017],[3.153,1.005],[4.308,0.439],[0,0],[21.454,-3.378],[2.751,-26.94]],"v":[[3.744,-47.625],[-50.025,-3.821],[-50.281,0.958],[-50.151,4.701],[-16.082,47.895],[-6.219,49.938],[6.421,49.6],[6.431,49.601],[47.538,6.142]],"c":true},"ix":2},"nm":"Path 1","mn":"ADBE Vector Shape - Group","hd":false},{"ty":"fl","c":{"a":0,"k":[0.208000004292,0.238999992609,0.289999991655,1],"ix":4},"o":{"a":0,"k":100,"ix":5},"r":1,"bm":0,"nm":"Fill 1","mn":"ADBE Vector Graphic - Fill","hd":false},{"ty":"tr","p":{"a":0,"k":[342.35,407.184],"ix":2},"a":{"a":0,"k":[0,0],"ix":1},"s":{"a":0,"k":[100,100],"ix":3},"r":{"a":0,"k":0,"ix":6},"o":{"a":0,"k":100,"ix":7},"sk":{"a":0,"k":0,"ix":4},"sa":{"a":0,"k":0,"ix":5},"nm":"Transform"}],"nm":"Group 2","np":2,"cix":2,"bm":0,"ix":2,"mn":"ADBE Vector Group","hd":false},{"ty":"tr","p":{"a":0,"k":[510.285,375.14],"ix":2},"a":{"a":0,"k":[342.285,339.14],"ix":1},"s":{"a":0,"k":[100,100],"ix":3},"r":{"a":0,"k":0,"ix":6},"o":{"a":0,"k":100,"ix":7},"sk":{"a":0,"k":0,"ix":4},"sa":{"a":0,"k":0,"ix":5},"nm":"Transform"}],"nm":"shirt","np":2,"cix":2,"bm":0,"ix":2,"mn":"ADBE Vector Group","hd":false},{"ty":"gr","it":[{"ty":"gr","it":[{"ind":0,"ty":"sh","ix":1,"ks":{"a":0,"k":{"i":[[30.089,1.047],[12.176,16.579],[-5.82,13.612],[-8.477,12.109],[-13.262,-13.632],[-0.649,-6.621],[-3.345,-4.378],[-6.804,-10.225],[-3.655,-12.57]],"o":[[-20.109,-0.699],[1.047,-21.797],[3.298,-7.718],[13.241,-18.915],[3.453,3.55],[0.538,5.482],[7.446,9.747],[7.289,10.954],[-13.668,23.513]],"v":[[-10.545,79.349],[-59.264,47.828],[-51.569,-12.451],[-26.762,-56.482],[10.705,-66.764],[25.108,-52.405],[21.701,-33.929],[43.949,-4.608],[59.264,30.347]],"c":true},"ix":2},"nm":"Path 1","mn":"ADBE Vector Shape - Group","hd":false},{"ty":"fl","c":{"a":0,"k":[0.847000002861,0.60799998045,0.501999974251,1],"ix":4},"o":{"a":0,"k":100,"ix":5},"r":1,"bm":0,"nm":"Fill 1","mn":"ADBE Vector Graphic - Fill","hd":false},{"ty":"tr","p":{"a":0,"k":[339.261,267.06],"ix":2},"a":{"a":0,"k":[0,0],"ix":1},"s":{"a":0,"k":[100,100],"ix":3},"r":{"a":0,"k":0,"ix":6},"o":{"a":0,"k":100,"ix":7},"sk":{"a":0,"k":0,"ix":4},"sa":{"a":0,"k":0,"ix":5},"nm":"Transform"}],"nm":"Group 1","np":2,"cix":2,"bm":0,"ix":1,"mn":"ADBE Vector Group","hd":false},{"ty":"tr","p":{"a":0,"k":[507.261,305.503],"ix":2},"a":{"a":0,"k":[339.261,269.503],"ix":1},"s":{"a":0,"k":[100,100],"ix":3},"r":{"a":0,"k":0,"ix":6},"o":{"a":0,"k":100,"ix":7},"sk":{"a":0,"k":0,"ix":4},"sa":{"a":0,"k":0,"ix":5},"nm":"Transform"}],"nm":"body_skin","np":1,"cix":2,"bm":0,"ix":3,"mn":"ADBE Vector Group","hd":false}],"ip":0,"op":75,"st":0,"bm":0},{"ddd":0,"ind":9,"ty":4,"nm":"neck","parent":8,"sr":1,"ks":{"o":{"a":0,"k":100,"ix":11},"r":{"a":0,"k":0,"ix":10},"p":{"a":0,"k":[506.57,258.026,0],"ix":2},"a":{"a":0,"k":[506.57,258.026,0],"ix":1},"s":{"a":0,"k":[100,100,100],"ix":6}},"ao":0,"shapes":[{"ty":"gr","it":[{"ty":"gr","it":[{"ind":0,"ty":"sh","ix":1,"ks":{"a":0,"k":{"i":[[-4.136,-6.34],[-6.693,-4.422],[-5.549,-2.165],[-1.153,-0.419],[-0.688,4.172],[1,0.343],[2.764,10.435],[0.493,-1.688],[0.066,-0.355]],"o":[[2.372,3.636],[4.802,3.172],[1.14,0.448],[1.353,-4.084],[-1.018,-0.274],[-11.777,-4.068],[-1.907,0.66],[-0.121,0.39],[-0.552,3.141]],"v":[[-13.425,0.929],[-0.731,12.71],[14.821,20.871],[18.266,22.168],[21.422,9.785],[18.399,8.863],[-5.414,-14.858],[-18.646,-20.48],[-20.87,-19.631]],"c":true},"ix":2},"nm":"Path 1","mn":"ADBE Vector Shape - Group","hd":false},{"ty":"fl","c":{"a":0,"k":[0.787999987602,0.549000024796,0.458999991417,1],"ix":4},"o":{"a":0,"k":100,"ix":5},"r":1,"bm":0,"nm":"Fill 1","mn":"ADBE Vector Graphic - Fill","hd":false},{"ty":"tr","p":{"a":0,"k":[355.203,185.004],"ix":2},"a":{"a":0,"k":[0,0],"ix":1},"s":{"a":0,"k":[100,100],"ix":3},"r":{"a":0,"k":0,"ix":6},"o":{"a":0,"k":100,"ix":7},"sk":{"a":0,"k":0,"ix":4},"sa":{"a":0,"k":0,"ix":5},"nm":"Transform"}],"nm":"Group 1","np":2,"cix":2,"bm":0,"ix":1,"mn":"ADBE Vector Group","hd":false},{"ty":"tr","p":{"a":0,"k":[523.453,221.73],"ix":2},"a":{"a":0,"k":[355.453,185.73],"ix":1},"s":{"a":0,"k":[100,100],"ix":3},"r":{"a":0,"k":0,"ix":6},"o":{"a":0,"k":100,"ix":7},"sk":{"a":0,"k":0,"ix":4},"sa":{"a":0,"k":0,"ix":5},"nm":"Transform"}],"nm":"neck_shadow","np":1,"cix":2,"bm":0,"ix":1,"mn":"ADBE Vector Group","hd":false},{"ty":"gr","it":[{"ty":"gr","it":[{"ind":0,"ty":"sh","ix":1,"ks":{"a":0,"k":{"i":[[-8.17,12.882],[12.881,8.171],[8.176,-12.887],[-12.875,-8.175]],"o":[[8.171,-12.881],[-12.882,-8.17],[-8.176,12.875],[12.888,8.171]],"v":[[23.326,14.795],[14.799,-23.323],[-23.32,-14.795],[-14.799,23.323]],"c":true},"ix":2},"nm":"Path 1","mn":"ADBE Vector Shape - Group","hd":false},{"ty":"fl","c":{"a":0,"k":[0.847000002861,0.60799998045,0.501999974251,1],"ix":4},"o":{"a":0,"k":100,"ix":5},"r":1,"bm":0,"nm":"Fill 1","mn":"ADBE Vector Graphic - Fill","hd":false},{"ty":"tr","p":{"a":0,"k":[337.796,222.186],"ix":2},"a":{"a":0,"k":[0,0],"ix":1},"s":{"a":0,"k":[100,100],"ix":3},"r":{"a":0,"k":0,"ix":6},"o":{"a":0,"k":100,"ix":7},"sk":{"a":0,"k":0,"ix":4},"sa":{"a":0,"k":0,"ix":5},"nm":"Transform"}],"nm":"Group 1","np":2,"cix":2,"bm":0,"ix":1,"mn":"ADBE Vector Group","hd":false},{"ty":"gr","it":[{"ind":0,"ty":"sh","ix":1,"ks":{"a":0,"k":{"i":[[-15.738,-1.315],[-5.462,8.398],[-0.835,2.177],[-2.806,8.479],[-0.687,4.171],[-0.053,2.678],[4.605,8.251],[10.536,1.951],[4.854,-3.234],[0.629,-0.549],[0.896,-1.185],[-0.117,-4.666],[0.995,-7.905],[3.27,-7.497],[0.942,-3.955]],"o":[[10.155,0.856],[1.276,-1.961],[3.104,-8.046],[1.353,-4.084],[0.44,-2.639],[0.16,-9.352],[-5.116,-9.157],[-5.801,-1.075],[-0.69,0.462],[-1.082,0.945],[-2.932,3.912],[0.196,7.834],[-1.032,8.193],[-1.651,3.786],[-3.913,16.267]],"v":[[-6.864,54.618],[18.577,43.148],[21.706,36.913],[31.427,12.102],[34.582,-0.281],[35.336,-8.256],[28.515,-35.269],[4.383,-54.399],[-12.547,-51.323],[-14.533,-49.797],[-17.418,-47.428],[-21.262,-32.813],[-21.969,-8.902],[-28.335,13.813],[-31.582,26.017]],"c":true},"ix":2},"nm":"Path 1","mn":"ADBE Vector Shape - Group","hd":false},{"ty":"fl","c":{"a":0,"k":[0.847000002861,0.60799998045,0.501999974251,1],"ix":4},"o":{"a":0,"k":100,"ix":5},"r":1,"bm":0,"nm":"Fill 1","mn":"ADBE Vector Graphic - Fill","hd":false},{"ty":"tr","p":{"a":0,"k":[342.043,195.07],"ix":2},"a":{"a":0,"k":[0,0],"ix":1},"s":{"a":0,"k":[100,100],"ix":3},"r":{"a":0,"k":0,"ix":6},"o":{"a":0,"k":100,"ix":7},"sk":{"a":0,"k":0,"ix":4},"sa":{"a":0,"k":0,"ix":5},"nm":"Transform"}],"nm":"Group 2","np":2,"cix":2,"bm":0,"ix":2,"mn":"ADBE Vector Group","hd":false},{"ty":"tr","p":{"a":0,"k":[511.57,231.026],"ix":2},"a":{"a":0,"k":[343.57,195.026],"ix":1},"s":{"a":0,"k":[100,100],"ix":3},"r":{"a":0,"k":0,"ix":6},"o":{"a":0,"k":100,"ix":7},"sk":{"a":0,"k":0,"ix":4},"sa":{"a":0,"k":0,"ix":5},"nm":"Transform"}],"nm":"neck_skin","np":2,"cix":2,"bm":0,"ix":2,"mn":"ADBE Vector Group","hd":false}],"ip":0,"op":75,"st":0,"bm":0},{"ddd":0,"ind":10,"ty":4,"nm":"lower_shirt","parent":11,"sr":1,"ks":{"o":{"a":0,"k":100,"ix":11},"r":{"a":0,"k":0,"ix":10},"p":{"a":0,"k":[335.182,433.305,0],"ix":2},"a":{"a":0,"k":[335.182,433.305,0],"ix":1},"s":{"a":0,"k":[100,100,100],"ix":6}},"ao":0,"shapes":[{"ty":"gr","it":[{"ind":0,"ty":"sh","ix":1,"ks":{"a":0,"k":{"i":[[-0.064,0.456],[0,0],[25.834,7.206],[0,0],[-0.015,-0.396],[-0.011,-0.355],[5.079,-8.612],[-23.971,-3.397],[0,0],[-0.773,3.844],[-0.854,6.949],[-0.446,3.573]],"o":[[0,0],[0,0],[-25.823,-7.215],[0.025,0.398],[0.019,0.356],[0.345,9.957],[22.278,7.429],[29.872,4.233],[0.798,-3.917],[1.376,-6.855],[0.436,-3.574],[0.055,-0.457]],"v":[[54.748,-19.986],[54.727,-19.979],[4.81,-16.929],[-43.105,-28.288],[-43.041,-27.097],[-42.99,-26.029],[-54.748,9.401],[-6.231,23.441],[47.61,28.288],[50.218,12.772],[53.25,-7.917],[54.576,-18.627]],"c":true},"ix":2},"nm":"Path 1","mn":"ADBE Vector Shape - Group","hd":false},{"ty":"fl","c":{"a":0,"k":[0.20800000359,0.238999998803,0.289999988032,1],"ix":4},"o":{"a":0,"k":100,"ix":5},"r":1,"bm":0,"nm":"Fill 1","mn":"ADBE Vector Graphic - Fill","hd":false},{"ty":"tr","p":{"a":0,"k":[335.182,433.305],"ix":2},"a":{"a":0,"k":[0,0],"ix":1},"s":{"a":0,"k":[100,100],"ix":3},"r":{"a":0,"k":0,"ix":6},"o":{"a":0,"k":100,"ix":7},"sk":{"a":0,"k":0,"ix":4},"sa":{"a":0,"k":0,"ix":5},"nm":"Transform"}],"nm":"Group 1","np":2,"cix":2,"bm":0,"ix":1,"mn":"ADBE Vector Group","hd":false}],"ip":0,"op":75,"st":0,"bm":0},{"ddd":0,"ind":11,"ty":4,"nm":"hips","sr":1,"ks":{"o":{"a":0,"k":100,"ix":11},"r":{"a":0,"k":0,"ix":10},"p":{"a":1,"k":[{"i":{"x":0.667,"y":0.648},"o":{"x":0.333,"y":0},"t":2,"s":[487.77,544.591,0],"to":[0,-4.5,0],"ti":[0,0,0]},{"i":{"x":0.667,"y":1},"o":{"x":0.333,"y":0.481},"t":15,"s":[487.77,517.591,0],"to":[0,0,0],"ti":[0,-4.5,0]},{"i":{"x":0.667,"y":0.667},"o":{"x":0.333,"y":0.333},"t":27,"s":[487.77,544.591,0],"to":[0,0,0],"ti":[0,0,0]},{"i":{"x":0.667,"y":0.476},"o":{"x":0.333,"y":0},"t":36,"s":[487.77,544.591,0],"to":[0,-4.5,0],"ti":[0,0,0]},{"i":{"x":0.667,"y":1},"o":{"x":0.333,"y":0.457},"t":51,"s":[487.77,517.591,0],"to":[0,0,0],"ti":[0,-4.5,0]},{"t":61,"s":[487.77,544.591,0]}],"ix":2},"a":{"a":0,"k":[319.77,508.591,0],"ix":1},"s":{"a":0,"k":[100,100,100],"ix":6}},"ao":0,"shapes":[{"ty":"gr","it":[{"ind":0,"ty":"sh","ix":1,"ks":{"a":0,"k":{"i":[[-1.032,-0.219],[-38.277,-4.581],[0,0],[0.078,-0.965],[0.899,-14.195],[3.363,-13.601],[6.856,-6.083],[0.423,-0.354],[6.124,-2.859],[13.053,4.19],[-0.939,28.817],[-2.927,8.027],[-3.448,8.145]],"o":[[7.53,1.599],[9.689,1.16],[-0.426,0.029],[-1.15,14.179],[-0.882,13.927],[-2.198,8.89],[-0.413,0.366],[-5.181,4.333],[-12.537,5.853],[-28.348,-9.101],[0.28,-8.589],[3.036,-8.327],[0.859,-2.028]],"v":[[-34.489,-73.026],[12.505,-65.349],[63.715,-62.388],[62.788,-51.773],[60.063,-9.188],[55.286,32.673],[41.357,55.576],[40.103,56.656],[22.946,67.392],[-17.667,69.047],[-62.775,0.899],[-57.895,-24.268],[-46.962,-48.395]],"c":true},"ix":2},"nm":"Path 1","mn":"ADBE Vector Shape - Group","hd":false},{"ty":"fl","c":{"a":0,"k":[0.109999997008,0.113999998803,0.118000000598,1],"ix":4},"o":{"a":0,"k":100,"ix":5},"r":1,"bm":0,"nm":"Fill 1","mn":"ADBE Vector Graphic - Fill","hd":false},{"ty":"tr","p":{"a":0,"k":[319.319,509.099],"ix":2},"a":{"a":0,"k":[0,0],"ix":1},"s":{"a":0,"k":[100,100],"ix":3},"r":{"a":0,"k":0,"ix":6},"o":{"a":0,"k":100,"ix":7},"sk":{"a":0,"k":0,"ix":4},"sa":{"a":0,"k":0,"ix":5},"nm":"Transform"}],"nm":"Group 1","np":2,"cix":2,"bm":0,"ix":1,"mn":"ADBE Vector Group","hd":false}],"ip":0,"op":75,"st":0,"bm":0},{"ddd":0,"ind":12,"ty":4,"nm":"thigh_1","parent":11,"sr":1,"ks":{"o":{"a":0,"k":100,"ix":11},"r":{"a":1,"k":[{"i":{"x":[0.667],"y":[1]},"o":{"x":[0.333],"y":[0]},"t":2,"s":[0]},{"i":{"x":[0.667],"y":[1]},"o":{"x":[0.333],"y":[0]},"t":24,"s":[101]},{"i":{"x":[0.667],"y":[1]},"o":{"x":[0.333],"y":[0]},"t":36,"s":[101]},{"t":72,"s":[0]}],"ix":10},"p":{"a":0,"k":[317.757,524.426,0],"ix":2},"a":{"a":0,"k":[317.757,524.426,0],"ix":1},"s":{"a":0,"k":[100,100,100],"ix":6}},"ao":0,"shapes":[{"ty":"gr","it":[{"ind":0,"ty":"sh","ix":1,"ks":{"a":0,"k":{"i":[[4.306,15.041],[27.344,-7.827],[-8.28,-28.925],[-12.522,-6.766],[-12.969,3.713],[-6.336,11.354]],"o":[[-8.28,-28.925],[-27.344,7.828],[4.354,15.206],[11.298,6.107],[13.125,-3.757],[6.863,-12.3]],"v":[[50.62,-11.423],[-12.129,-50.317],[-46.646,16.229],[-19.726,50.141],[17.856,54.431],[47.703,30.502]],"c":true},"ix":2},"nm":"Path 1","mn":"ADBE Vector Shape - Group","hd":false},{"ty":"fl","c":{"a":0,"k":[0.118000000598,0.118000000598,0.118000000598,1],"ix":4},"o":{"a":0,"k":100,"ix":5},"r":1,"bm":0,"nm":"Fill 1","mn":"ADBE Vector Graphic - Fill","hd":false},{"ty":"tr","p":{"a":0,"k":[316.376,522.147],"ix":2},"a":{"a":0,"k":[0,0],"ix":1},"s":{"a":0,"k":[100,100],"ix":3},"r":{"a":0,"k":0,"ix":6},"o":{"a":0,"k":100,"ix":7},"sk":{"a":0,"k":0,"ix":4},"sa":{"a":0,"k":0,"ix":5},"nm":"Transform"}],"nm":"Group 1","np":2,"cix":2,"bm":0,"ix":1,"mn":"ADBE Vector Group","hd":false},{"ty":"gr","it":[{"ind":0,"ty":"sh","ix":1,"ks":{"a":0,"k":{"i":[[-4.374,0.103],[-3.268,-1.058],[-4.15,-7.435],[2.902,-7.708],[5.807,-2.748],[4.355,-1.778],[19.005,-9.956],[12.688,-5.714],[16.238,-4.249],[11.586,29.292],[-6.13,12.121],[-24.368,5.008],[-36.992,4.046],[-4.213,0.564]],"o":[[3.432,-0.081],[8.161,2.643],[4.024,7.211],[-2.086,5.543],[-5.471,2.589],[-19.885,8.115],[-12.333,6.439],[-15.292,6.886],[-25.638,6.708],[-5.039,-12.739],[11.984,-23.698],[36.59,-7.518],[4.225,-0.462],[4.339,-0.581]],"v":[[82.382,-63.732],[101.556,-62.373],[118.483,-50.056],[119.762,-22.934],[107.485,-11.006],[90.838,-7.556],[32.951,20.417],[-4.44,38.956],[-52.283,57.105],[-117.626,28.938],[-115.306,-11.055],[-54.44,-47.313],[56.645,-60.879],[69.284,-62.558]],"c":true},"ix":2},"nm":"Path 1","mn":"ADBE Vector Shape - Group","hd":false},{"ty":"fl","c":{"a":0,"k":[0.071000005685,0.075,0.078000005086,1],"ix":4},"o":{"a":0,"k":100,"ix":5},"r":1,"bm":0,"nm":"Fill 1","mn":"ADBE Vector Graphic - Fill","hd":false},{"ty":"tr","p":{"a":0,"k":[384.762,516.119],"ix":2},"a":{"a":0,"k":[0,0],"ix":1},"s":{"a":0,"k":[100,100],"ix":3},"r":{"a":0,"k":0,"ix":6},"o":{"a":0,"k":100,"ix":7},"sk":{"a":0,"k":0,"ix":4},"sa":{"a":0,"k":0,"ix":5},"nm":"Transform"}],"nm":"Group 2","np":2,"cix":2,"bm":0,"ix":2,"mn":"ADBE Vector Group","hd":false}],"ip":0,"op":75,"st":0,"bm":0},{"ddd":0,"ind":13,"ty":4,"nm":"arm_1","parent":8,"sr":1,"ks":{"o":{"a":0,"k":100,"ix":11},"r":{"a":0,"k":0,"ix":10},"p":{"a":0,"k":[518.25,300.481,0],"ix":2},"a":{"a":0,"k":[350.25,264.481,0],"ix":1},"s":{"a":0,"k":[100,100,100],"ix":6}},"ao":0,"shapes":[{"ty":"gr","it":[{"ind":0,"ty":"sh","ix":1,"ks":{"a":0,"k":{"i":[[-15.496,-1.666],[-3.148,-4.59],[-0.262,-8.156],[4.372,-8.441],[1.603,-2.891],[1.331,-8.353],[5.94,-16.584],[1.093,-4.273],[3.688,3.086],[-0.443,9.32],[-7.394,12.996],[0.708,7.458],[-11.918,12.035]],"o":[[5.655,0.608],[4.646,6.773],[0.301,9.415],[-1.519,2.934],[-3.43,6.182],[-2.379,14.933],[-1.181,3.296],[-7.998,21.525],[-8.125,-6.798],[0.71,-14.953],[3.708,-6.517],[-1.716,-18.094],[1.683,-1.698]],"v":[[11.261,-83.907],[28.096,-74.69],[36.472,-49.842],[28.67,-23.149],[23.514,-13.088],[19.313,5.97],[9.259,35.516],[4.378,64.048],[-28.647,71.658],[-34.427,29.253],[-26.398,-12.342],[-22.384,-34.28],[-13.407,-78.022]],"c":true},"ix":2},"nm":"Path 1","mn":"ADBE Vector Shape - Group","hd":false},{"ty":"fl","c":{"a":0,"k":[0.788000009574,0.54900004069,0.458999992819,1],"ix":4},"o":{"a":0,"k":100,"ix":5},"r":1,"bm":0,"nm":"Fill 1","mn":"ADBE Vector Graphic - Fill","hd":false},{"ty":"tr","p":{"a":0,"k":[343.473,319.367],"ix":2},"a":{"a":0,"k":[0,0],"ix":1},"s":{"a":0,"k":[100,100],"ix":3},"r":{"a":0,"k":0,"ix":6},"o":{"a":0,"k":100,"ix":7},"sk":{"a":0,"k":0,"ix":4},"sa":{"a":0,"k":0,"ix":5},"nm":"Transform"}],"nm":"Group 1","np":2,"cix":2,"bm":0,"ix":1,"mn":"ADBE Vector Group","hd":false},{"ty":"gr","it":[{"ind":0,"ty":"sh","ix":1,"ks":{"a":0,"k":{"i":[[16.346,2.19],[2.19,-16.345],[-16.346,-2.191],[-2.191,16.346]],"o":[[-16.346,-2.191],[-2.191,16.347],[16.346,2.19],[2.191,-16.346]],"v":[[3.967,-29.597],[-29.596,-3.967],[-3.966,29.598],[29.596,3.967]],"c":true},"ix":2},"nm":"Path 1","mn":"ADBE Vector Shape - Group","hd":false},{"ty":"fl","c":{"a":0,"k":[0.788000009574,0.54900004069,0.458999992819,1],"ix":4},"o":{"a":0,"k":100,"ix":5},"r":1,"bm":0,"nm":"Fill 1","mn":"ADBE Vector Graphic - Fill","hd":false},{"ty":"tr","p":{"a":0,"k":[350.099,264.34],"ix":2},"a":{"a":0,"k":[0,0],"ix":1},"s":{"a":0,"k":[100,100],"ix":3},"r":{"a":0,"k":0,"ix":6},"o":{"a":0,"k":100,"ix":7},"sk":{"a":0,"k":0,"ix":4},"sa":{"a":0,"k":0,"ix":5},"nm":"Transform"}],"nm":"Group 2","np":2,"cix":2,"bm":0,"ix":2,"mn":"ADBE Vector Group","hd":false}],"ip":0,"op":75,"st":0,"bm":0},{"ddd":0,"ind":14,"ty":4,"nm":"hand_1","parent":15,"sr":1,"ks":{"o":{"a":0,"k":100,"ix":11},"r":{"a":0,"k":0,"ix":10},"p":{"a":0,"k":[405.765,437.532,0],"ix":2},"a":{"a":0,"k":[405.765,437.532,0],"ix":1},"s":{"a":0,"k":[100,100,100],"ix":6}},"ao":0,"shapes":[{"ty":"gr","it":[{"ind":0,"ty":"sh","ix":1,"ks":{"a":0,"k":{"i":[[0.02,0.25],[0.747,0.865],[1.058,2.901],[1.696,2.575],[2.983,3.918],[4.241,1.201],[4.281,0.387],[2.767,-0.079],[2.492,0.218],[3.587,-1.984],[1.283,-2.494],[-0.799,-2.87],[-7.35,-1.956],[-2.387,0.239],[-2.572,-0.011],[-3.82,-7.471],[-2.899,-0.705],[-1.273,-0.809],[-0.535,-1.533],[-1.644,-0.143],[-1.873,-0.055],[-1.073,-0.377],[-0.446,2.331]],"o":[[-0.097,-1.201],[-1.924,-2.231],[-1.082,-2.965],[-2.725,-4.137],[-2.593,-3.407],[-4.006,-1.134],[-2.692,-0.243],[-2.598,0.074],[-4.758,-0.416],[-2.892,1.6],[-1.532,2.975],[0.339,1.216],[2.192,0.583],[2.611,-0.26],[8.09,0.037],[1.235,2.416],[1.516,0.369],[1.311,0.833],[0.535,1.534],[1.845,0.162],[1.196,0.035],[1.916,0.673],[0.053,-0.273]],"v":[[37.541,16.903],[35.857,13.879],[31.435,6.501],[27.821,-2.186],[17.408,-12.472],[7.376,-19.655],[-5.48,-21.444],[-13.664,-21.741],[-21.608,-21.002],[-30.15,-19.863],[-36.028,-12.892],[-35.963,-4.814],[-26.756,0.921],[-20.04,0.14],[-12.23,-0.429],[8.725,7.399],[13.614,13.23],[18.195,14.176],[20.477,18.264],[23.543,21.519],[29.266,20.004],[32.444,21.173],[37.496,17.689]],"c":true},"ix":2},"nm":"Path 1","mn":"ADBE Vector Shape - Group","hd":false},{"ty":"fl","c":{"a":0,"k":[0.788000009574,0.54900004069,0.458999992819,1],"ix":4},"o":{"a":0,"k":100,"ix":5},"r":1,"bm":0,"nm":"Fill 1","mn":"ADBE Vector Graphic - Fill","hd":false},{"ty":"tr","p":{"a":0,"k":[432.939,448.649],"ix":2},"a":{"a":0,"k":[0,0],"ix":1},"s":{"a":0,"k":[100,100],"ix":3},"r":{"a":0,"k":0,"ix":6},"o":{"a":0,"k":100,"ix":7},"sk":{"a":0,"k":0,"ix":4},"sa":{"a":0,"k":0,"ix":5},"nm":"Transform"}],"nm":"Group 1","np":2,"cix":2,"bm":0,"ix":1,"mn":"ADBE Vector Group","hd":false}],"ip":0,"op":75,"st":0,"bm":0},{"ddd":0,"ind":15,"ty":4,"nm":"forearm_1","parent":13,"sr":1,"ks":{"o":{"a":0,"k":100,"ix":11},"r":{"a":1,"k":[{"i":{"x":[0.667],"y":[1]},"o":{"x":[0.333],"y":[0]},"t":2,"s":[0]},{"i":{"x":[0.667],"y":[1]},"o":{"x":[0.333],"y":[0]},"t":18.25,"s":[11]},{"i":{"x":[0.667],"y":[1]},"o":{"x":[0.333],"y":[0]},"t":35.75,"s":[0]},{"i":{"x":[0.667],"y":[1]},"o":{"x":[0.333],"y":[0]},"t":54.5,"s":[6]},{"t":72,"s":[0]}],"ix":10},"p":{"a":0,"k":[328.979,380.072,0],"ix":2},"a":{"a":0,"k":[328.979,380.072,0],"ix":1},"s":{"a":0,"k":[100,100,100],"ix":6}},"ao":0,"shapes":[{"ty":"gr","it":[{"ind":0,"ty":"sh","ix":1,"ks":{"a":0,"k":{"i":[[-12.588,-10.371],[-14.661,-15.425],[-2.853,-3.976],[1.149,-3.606],[3.313,-0.472],[2.193,1.398],[6.221,4.071],[10.333,5.131],[16.174,15.424],[1.304,4.592],[-8.727,-0.57]],"o":[[5.481,4.516],[8.735,9.191],[1.993,2.776],[-1.018,3.196],[-2.792,0.397],[-3.126,-1.992],[-9.832,-6.435],[-20.454,-10.157],[-3.415,-3.257],[-3.585,-12.634],[9.776,0.638]],"v":[[-5.779,-28.465],[26.883,3.118],[50.832,26.3],[54.188,37.284],[47.079,43.945],[39.402,43.269],[27.089,34.964],[2.962,20.789],[-47.121,-11.151],[-51.751,-21.468],[-33.284,-44.098]],"c":true},"ix":2},"nm":"Path 1","mn":"ADBE Vector Shape - Group","hd":false},{"ty":"fl","c":{"a":0,"k":[0.788000009574,0.54900004069,0.458999992819,1],"ix":4},"o":{"a":0,"k":100,"ix":5},"r":1,"bm":0,"nm":"Fill 1","mn":"ADBE Vector Graphic - Fill","hd":false},{"ty":"tr","p":{"a":0,"k":[361.415,404.488],"ix":2},"a":{"a":0,"k":[0,0],"ix":1},"s":{"a":0,"k":[100,100],"ix":3},"r":{"a":0,"k":0,"ix":6},"o":{"a":0,"k":100,"ix":7},"sk":{"a":0,"k":0,"ix":4},"sa":{"a":0,"k":0,"ix":5},"nm":"Transform"}],"nm":"Group 1","np":2,"cix":2,"bm":0,"ix":1,"mn":"ADBE Vector Group","hd":false},{"ty":"gr","it":[{"ind":0,"ty":"sh","ix":1,"ks":{"a":0,"k":{"i":[[-1.995,-10.383],[10.363,-2.387],[1.996,10.382],[-10.362,2.386]],"o":[[1.996,10.383],[-10.364,2.386],[-1.995,-10.383],[10.363,-2.386]],"v":[[18.764,-4.321],[3.613,18.8],[-18.764,4.321],[-3.615,-18.8]],"c":true},"ix":2},"nm":"Path 1","mn":"ADBE Vector Shape - Group","hd":false},{"ty":"fl","c":{"a":0,"k":[0.788000009574,0.54900004069,0.458999992819,1],"ix":4},"o":{"a":0,"k":100,"ix":5},"r":1,"bm":0,"nm":"Fill 1","mn":"ADBE Vector Graphic - Fill","hd":false},{"ty":"tr","p":{"a":0,"k":[328.847,380.097],"ix":2},"a":{"a":0,"k":[0,0],"ix":1},"s":{"a":0,"k":[100,100],"ix":3},"r":{"a":0,"k":0,"ix":6},"o":{"a":0,"k":100,"ix":7},"sk":{"a":0,"k":0,"ix":4},"sa":{"a":0,"k":0,"ix":5},"nm":"Transform"}],"nm":"Group 2","np":2,"cix":2,"bm":0,"ix":2,"mn":"ADBE Vector Group","hd":false}],"ip":0,"op":75,"st":0,"bm":0},{"ddd":0,"ind":16,"ty":4,"nm":"foot_1","parent":17,"sr":1,"ks":{"o":{"a":0,"k":100,"ix":11},"r":{"a":1,"k":[{"i":{"x":[0.667],"y":[1]},"o":{"x":[0.333],"y":[0]},"t":2,"s":[0]},{"i":{"x":[0.667],"y":[1]},"o":{"x":[0.333],"y":[0]},"t":24,"s":[-30]},{"i":{"x":[0.667],"y":[1]},"o":{"x":[0.333],"y":[0]},"t":35.75,"s":[-30]},{"t":72,"s":[0]}],"ix":10},"p":{"a":0,"k":[616.626,687.186,0],"ix":2},"a":{"a":0,"k":[616.626,687.186,0],"ix":1},"s":{"a":0,"k":[100,100,100],"ix":6}},"ao":0,"shapes":[{"ty":"gr","it":[{"ty":"gr","it":[{"ind":0,"ty":"sh","ix":1,"ks":{"a":0,"k":{"i":[[-0.156,0.188],[-0.945,0.462],[-0.303,-0.097],[-0.064,-0.06],[-5.756,-4.193],[-2.934,-2.391],[-2.136,-2.576],[-0.199,-0.245],[-0.402,-0.504],[-1.158,-1.306],[-0.103,-0.112],[-0.108,-0.119],[-0.194,-0.196],[-0.973,-0.969],[-0.086,-0.077],[-0.078,-0.071],[-0.663,-0.639],[-2.056,-1.812],[-2.354,-1.887],[-2.522,-1.773],[-2.558,-1.465],[-2.877,-0.935],[-0.103,0.021],[-0.085,0.088],[-0.903,0.508],[-0.342,-0.168],[0.209,-0.431],[2.063,-1.636],[0.971,0.327],[9.158,7.071],[5.337,4.59],[0,0],[4.942,3.391],[-0.001,3.788],[-0.527,0.554]],"o":[[1.143,-1.293],[0.366,-0.185],[0.508,0.163],[10.053,10.807],[2.43,1.761],[3.565,2.913],[0.206,0.251],[0.414,0.515],[1.101,1.366],[0.108,0.106],[0.101,0.113],[0.182,0.196],[0.785,0.811],[0.079,0.073],[0.072,0.079],[0.601,0.603],[1.983,1.89],[2.263,1.994],[2.407,1.927],[2.412,1.696],[2.618,1.5],[0.099,0.032],[0.119,-0.025],[0.712,-0.733],[0.349,-0.196],[0.378,0.185],[-0.933,1.799],[-0.809,0.645],[-11.298,-3.823],[-5.377,-4.151],[0,0],[-6.414,-5.513],[-18.61,-12.753],[0.043,-0.689],[0.06,-0.193]],"v":[[-47.189,-34.745],[-43.016,-37.716],[-41.988,-37.781],[-41.049,-37.182],[-19.802,-18.225],[-11.937,-12.245],[-3.803,-4.078],[-3.186,-3.338],[-1.964,-1.823],[1.347,2.166],[1.659,2.497],[1.97,2.841],[2.527,3.432],[5.169,6.112],[5.413,6.346],[5.648,6.573],[7.561,8.428],[13.622,13.982],[20.546,19.808],[27.932,25.375],[35.375,30.151],[43.608,34.009],[43.914,34.052],[44.209,33.849],[46.51,31.745],[47.649,31.82],[48.154,32.81],[44.26,37.058],[41.415,37.574],[11.361,20.61],[-4.585,7.372],[-5.881,6.258],[-23.153,-6.848],[-48.362,-32.318],[-47.518,-34.174]],"c":true},"ix":2},"nm":"Path 1","mn":"ADBE Vector Shape - Group","hd":false},{"ty":"fl","c":{"a":0,"k":[0.40000000596,0.40000000596,0.40000000596,1],"ix":4},"o":{"a":0,"k":100,"ix":5},"r":1,"bm":0,"nm":"Fill 1","mn":"ADBE Vector Graphic - Fill","hd":false},{"ty":"tr","p":{"a":0,"k":[442.834,709.144],"ix":2},"a":{"a":0,"k":[0,0],"ix":1},"s":{"a":0,"k":[100,100],"ix":3},"r":{"a":0,"k":0,"ix":6},"o":{"a":0,"k":100,"ix":7},"sk":{"a":0,"k":0,"ix":4},"sa":{"a":0,"k":0,"ix":5},"nm":"Transform"}],"nm":"Group 1","np":2,"cix":2,"bm":0,"ix":1,"mn":"ADBE Vector Group","hd":false},{"ty":"tr","p":{"a":0,"k":[610.762,745.081],"ix":2},"a":{"a":0,"k":[442.762,709.081],"ix":1},"s":{"a":0,"k":[100,100],"ix":3},"r":{"a":0,"k":0,"ix":6},"o":{"a":0,"k":100,"ix":7},"sk":{"a":0,"k":0,"ix":4},"sa":{"a":0,"k":0,"ix":5},"nm":"Transform"}],"nm":"sole_1","np":1,"cix":2,"bm":0,"ix":1,"mn":"ADBE Vector Group","hd":false},{"ty":"gr","it":[{"ty":"gr","it":[{"ind":0,"ty":"sh","ix":1,"ks":{"a":0,"k":{"i":[[-0.867,1.524],[-1.252,1.726],[-1.805,3.479],[-2.974,3.109],[-2.064,1.854],[-1.894,0.301],[-0.643,-1.423],[0.894,-2.222],[-1.269,-1.879],[-1.639,-0.71],[-1.353,0.215],[-1.179,1.297],[-2.077,0.885],[-0.101,-1.511],[0.37,-1.169],[0,0],[-0.486,-1.31],[0,0],[0,0],[-0.102,-1.51],[0,0],[-1.075,-1.674],[-7.809,-9.503],[-0.018,-3.603],[4.296,-2.335],[8.46,5.608],[1.767,1.522],[1.953,0.937],[4.076,2.959],[1.378,1.882]],"o":[[0.866,-1.524],[1.251,-1.724],[1.804,-3.476],[2.973,-3.107],[2.062,-1.854],[1.894,-0.3],[0.641,1.424],[-0.895,2.224],[1.27,1.878],[1.639,0.71],[1.352,-0.215],[1.181,-1.298],[2.08,-0.886],[0.101,1.508],[-0.368,1.167],[2.108,1.051],[0.485,1.31],[0,0],[0,0],[0.102,1.509],[-0.358,-0.138],[4.449,6.94],[5.439,6.62],[0.018,3.602],[-6.752,3.671],[-17.652,-11.697],[-1.768,-1.521],[-1.953,-0.938],[-4.076,-2.958],[-2.113,-2.89]],"v":[[-44.614,-21.808],[-38.963,-27.53],[-35.338,-33.516],[-28.952,-41.327],[-19.645,-48.215],[-13.697,-51.796],[-10.859,-48.78],[-11.877,-42.1],[-10.947,-37.116],[-0.442,-29.494],[5.654,-28.66],[13.542,-29.637],[18.949,-33.131],[21.007,-28.049],[20.87,-21.925],[21.218,-17.127],[24.341,-13.186],[23.916,-10.622],[24.331,-8.885],[26.012,-5.284],[25.128,-0.644],[27.736,7.547],[36.605,24.947],[47.105,40.46],[44.016,48.425],[19.309,38.324],[-3.567,18.019],[-15.556,7.166],[-26.813,0.912],[-46.199,-17.283]],"c":true},"ix":2},"nm":"Path 1","mn":"ADBE Vector Shape - Group","hd":false},{"ty":"fl","c":{"a":0,"k":[0.07500000298,0.071000002325,0.067000001669,1],"ix":4},"o":{"a":0,"k":100,"ix":5},"r":1,"bm":0,"nm":"Fill 1","mn":"ADBE Vector Graphic - Fill","hd":false},{"ty":"tr","p":{"a":0,"k":[444.51,694.714],"ix":2},"a":{"a":0,"k":[0,0],"ix":1},"s":{"a":0,"k":[100,100],"ix":3},"r":{"a":0,"k":0,"ix":6},"o":{"a":0,"k":100,"ix":7},"sk":{"a":0,"k":0,"ix":4},"sa":{"a":0,"k":0,"ix":5},"nm":"Transform"}],"nm":"Group 1","np":2,"cix":2,"bm":0,"ix":1,"mn":"ADBE Vector Group","hd":false},{"ty":"tr","p":{"a":0,"k":[612.662,729.471],"ix":2},"a":{"a":0,"k":[444.662,693.471],"ix":1},"s":{"a":0,"k":[100,100],"ix":3},"r":{"a":0,"k":0,"ix":6},"o":{"a":0,"k":100,"ix":7},"sk":{"a":0,"k":0,"ix":4},"sa":{"a":0,"k":0,"ix":5},"nm":"Transform"}],"nm":"foot_1","np":1,"cix":2,"bm":0,"ix":2,"mn":"ADBE Vector Group","hd":false},{"ty":"gr","it":[{"ty":"gr","it":[{"ind":0,"ty":"sh","ix":1,"ks":{"a":0,"k":{"i":[[-5.325,-0.574],[-2.938,-2.389],[-1.3,-21.443],[-6.083,-7.187],[-2.406,-4.883],[0.031,-1.558],[1.295,-0.867],[2.692,1.588],[2.184,1.782],[3.722,2.992],[3.368,3.013],[0.722,1.12],[0.585,1.71],[2.373,2.059],[3.228,1.666],[4.338,3.856],[-6.711,12.979],[-8.364,6.697]],"o":[[3.764,0.405],[7.517,6.115],[0.677,11.178],[3.484,4.114],[0.69,1.397],[-0.033,1.558],[-2.941,1.966],[-2.428,-1.432],[-3.7,-3.019],[-3.522,-2.832],[-0.994,-0.888],[-0.979,-1.519],[-1.042,-3.047],[-2.743,-2.382],[-5.073,-2.618],[-1.767,-1.57],[7.72,-13.024],[2.05,-1.642]],"v":[[-1.242,-50.099],[8.986,-45.659],[17.404,-15.174],[31.917,27.49],[41.374,40.202],[42.561,44.677],[40.565,48.707],[30.047,47.177],[23.302,42.089],[11.992,33.296],[1.733,24.435],[-0.988,21.523],[-2.941,16.484],[-8.805,9.355],[-17.773,3.23],[-32.025,-5.427],[-35.882,-26.333],[-12.497,-47.135]],"c":true},"ix":2},"nm":"Path 1","mn":"ADBE Vector Shape - Group","hd":false},{"ty":"fl","c":{"a":0,"k":[0.787999987602,0.549000024796,0.458999991417,1],"ix":4},"o":{"a":0,"k":100,"ix":5},"r":1,"bm":0,"nm":"Fill 1","mn":"ADBE Vector Graphic - Fill","hd":false},{"ty":"tr","p":{"a":0,"k":[447.077,691.702],"ix":2},"a":{"a":0,"k":[0,0],"ix":1},"s":{"a":0,"k":[100,100],"ix":3},"r":{"a":0,"k":0,"ix":6},"o":{"a":0,"k":100,"ix":7},"sk":{"a":0,"k":0,"ix":4},"sa":{"a":0,"k":0,"ix":5},"nm":"Transform"}],"nm":"Group 1","np":2,"cix":2,"bm":0,"ix":1,"mn":"ADBE Vector Group","hd":false},{"ty":"tr","p":{"a":0,"k":[617.174,727.372],"ix":2},"a":{"a":0,"k":[449.174,691.372],"ix":1},"s":{"a":0,"k":[100,100],"ix":3},"r":{"a":0,"k":0,"ix":6},"o":{"a":0,"k":100,"ix":7},"sk":{"a":0,"k":0,"ix":4},"sa":{"a":0,"k":0,"ix":5},"nm":"Transform"}],"nm":"foot_skin_1","np":1,"cix":2,"bm":0,"ix":3,"mn":"ADBE Vector Group","hd":false}],"ip":0,"op":75,"st":0,"bm":0},{"ddd":0,"ind":17,"ty":4,"nm":"calf_1","parent":12,"sr":1,"ks":{"o":{"a":0,"k":100,"ix":11},"r":{"a":1,"k":[{"i":{"x":[0.667],"y":[1]},"o":{"x":[0.333],"y":[0]},"t":2,"s":[0]},{"i":{"x":[0.667],"y":[1]},"o":{"x":[0.333],"y":[0]},"t":24,"s":[-108]},{"i":{"x":[0.667],"y":[1]},"o":{"x":[0.333],"y":[0]},"t":35.75,"s":[-108]},{"t":72,"s":[0]}],"ix":10},"p":{"a":0,"k":[481.167,479.958,0],"ix":2},"a":{"a":0,"k":[649.167,515.958,0],"ix":1},"s":{"a":0,"k":[100,100,100],"ix":6}},"ao":0,"shapes":[{"ty":"gr","it":[{"ty":"gr","it":[{"ind":0,"ty":"sh","ix":1,"ks":{"a":0,"k":{"i":[[-2.191,-14.791],[-14.79,2.191],[2.191,14.79],[14.791,-2.19]],"o":[[2.191,14.79],[14.79,-2.19],[-2.192,-14.791],[-14.791,2.191]],"v":[[-26.78,3.967],[3.967,26.779],[26.78,-3.968],[-3.968,-26.781]],"c":true},"ix":2},"nm":"Path 1","mn":"ADBE Vector Shape - Group","hd":false},{"ty":"fl","c":{"a":0,"k":[0.071000002325,0.07500000298,0.078000001609,1],"ix":4},"o":{"a":0,"k":100,"ix":5},"r":1,"bm":0,"nm":"Fill 1","mn":"ADBE Vector Graphic - Fill","hd":false},{"ty":"tr","p":{"a":0,"k":[481.19,480.173],"ix":2},"a":{"a":0,"k":[0,0],"ix":1},"s":{"a":0,"k":[100,100],"ix":3},"r":{"a":0,"k":0,"ix":6},"o":{"a":0,"k":100,"ix":7},"sk":{"a":0,"k":0,"ix":4},"sa":{"a":0,"k":0,"ix":5},"nm":"Transform"}],"nm":"Group 1","np":2,"cix":2,"bm":0,"ix":1,"mn":"ADBE Vector Group","hd":false},{"ty":"gr","it":[{"ind":0,"ty":"sh","ix":1,"ks":{"a":0,"k":{"i":[[-0.001,0.021],[-6.595,26.831],[-5.463,13.398],[-3.066,6.71],[-1.22,10.011],[3.155,5.547],[6.585,1.996],[3.731,-14.312],[7.09,-19.551],[0.962,-39.234],[-5.487,-0.351]],"o":[[2.174,-27.451],[3.455,-14.06],[2.785,-6.833],[4.122,-9.02],[0.77,-6.318],[-3.465,-6.091],[-14.815,-4.491],[-5.34,20.48],[-13.945,38.454],[4.254,1.736],[9.287,0.594]],"v":[[4.561,93.341],[14.577,21.987],[28.226,-19.18],[37.05,-39.476],[46.429,-60.601],[42.819,-79.273],[25.938,-91.244],[-6.795,-71.017],[-33.254,-14.201],[-28.914,91.704],[-13.492,95.141]],"c":true},"ix":2},"nm":"Path 1","mn":"ADBE Vector Shape - Group","hd":false},{"ty":"fl","c":{"a":0,"k":[0.071000002325,0.07500000298,0.078000001609,1],"ix":4},"o":{"a":0,"k":100,"ix":5},"r":1,"bm":0,"nm":"Fill 1","mn":"ADBE Vector Graphic - Fill","hd":false},{"ty":"tr","p":{"a":0,"k":[461.411,545.633],"ix":2},"a":{"a":0,"k":[0,0],"ix":1},"s":{"a":0,"k":[100,100],"ix":3},"r":{"a":0,"k":0,"ix":6},"o":{"a":0,"k":100,"ix":7},"sk":{"a":0,"k":0,"ix":4},"sa":{"a":0,"k":0,"ix":5},"nm":"Transform"}],"nm":"Group 2","np":2,"cix":2,"bm":0,"ix":2,"mn":"ADBE Vector Group","hd":false},{"ty":"tr","p":{"a":0,"k":[633.667,582.983],"ix":2},"a":{"a":0,"k":[465.668,546.983],"ix":1},"s":{"a":0,"k":[100,100],"ix":3},"r":{"a":0,"k":0,"ix":6},"o":{"a":0,"k":100,"ix":7},"sk":{"a":0,"k":0,"ix":4},"sa":{"a":0,"k":0,"ix":5},"nm":"Transform"}],"nm":"calf_1","np":2,"cix":2,"bm":0,"ix":1,"mn":"ADBE Vector Group","hd":false},{"ty":"gr","it":[{"ty":"gr","it":[{"ind":0,"ty":"sh","ix":1,"ks":{"a":0,"k":{"i":[[-0.199,-4.089],[-2.203,-1.989],[-5.903,2.717],[-0.517,5.228],[-0.13,4.234],[2.485,-0.418],[4.612,0.589],[2.242,0.791],[0.047,-2.614]],"o":[[0.155,3.049],[5.242,4.714],[4.681,-2.156],[0.7,-7.077],[-2.447,0.841],[-4.58,0.769],[-2.357,-0.301],[-0.017,2.614],[-0.067,4.098]],"v":[[-16.481,3.559],[-11.799,13.02],[8.163,14.695],[15.378,3.041],[16.681,-17.734],[4.639,-15.506],[-9.232,-15.06],[-16.146,-16.692],[-16.237,-8.849]],"c":true},"ix":2},"nm":"Path 1","mn":"ADBE Vector Shape - Group","hd":false},{"ty":"fl","c":{"a":0,"k":[0.787999987602,0.549000024796,0.458999991417,1],"ix":4},"o":{"a":0,"k":100,"ix":5},"r":1,"bm":0,"nm":"Fill 1","mn":"ADBE Vector Graphic - Fill","hd":false},{"ty":"tr","p":{"a":0,"k":[448.966,649.166],"ix":2},"a":{"a":0,"k":[0,0],"ix":1},"s":{"a":0,"k":[100,100],"ix":3},"r":{"a":0,"k":0,"ix":6},"o":{"a":0,"k":100,"ix":7},"sk":{"a":0,"k":0,"ix":4},"sa":{"a":0,"k":0,"ix":5},"nm":"Transform"}],"nm":"Group 1","np":2,"cix":2,"bm":0,"ix":1,"mn":"ADBE Vector Group","hd":false},{"ty":"gr","it":[{"ind":0,"ty":"sh","ix":1,"ks":{"a":0,"k":{"i":[[-0.163,-8.827],[-8.827,0.163],[0.163,8.827],[8.827,-0.163]],"o":[[0.163,8.826],[8.827,-0.164],[-0.163,-8.826],[-8.827,0.163]],"v":[[-15.982,0.296],[0.296,15.983],[15.983,-0.296],[-0.296,-15.982]],"c":true},"ix":2},"nm":"Path 1","mn":"ADBE Vector Shape - Group","hd":false},{"ty":"fl","c":{"a":0,"k":[0.787999987602,0.549000024796,0.458999991417,1],"ix":4},"o":{"a":0,"k":100,"ix":5},"r":1,"bm":0,"nm":"Fill 1","mn":"ADBE Vector Graphic - Fill","hd":false},{"ty":"tr","p":{"a":0,"k":[448.416,650.833],"ix":2},"a":{"a":0,"k":[0,0],"ix":1},"s":{"a":0,"k":[100,100],"ix":3},"r":{"a":0,"k":0,"ix":6},"o":{"a":0,"k":100,"ix":7},"sk":{"a":0,"k":0,"ix":4},"sa":{"a":0,"k":0,"ix":5},"nm":"Transform"}],"nm":"Group 2","np":2,"cix":2,"bm":0,"ix":2,"mn":"ADBE Vector Group","hd":false},{"ty":"tr","p":{"a":0,"k":[617.037,685.125],"ix":2},"a":{"a":0,"k":[449.037,649.125],"ix":1},"s":{"a":0,"k":[100,100],"ix":3},"r":{"a":0,"k":0,"ix":6},"o":{"a":0,"k":100,"ix":7},"sk":{"a":0,"k":0,"ix":4},"sa":{"a":0,"k":0,"ix":5},"nm":"Transform"}],"nm":"calf_skin_1","np":2,"cix":2,"bm":0,"ix":2,"mn":"ADBE Vector Group","hd":false}],"ip":0,"op":75,"st":0,"bm":0}],"markers":[]}