{"v":"5.6.3","fr":60,"ip":0,"op":150,"w":1100,"h":1100,"nm":"Incline Push-Up","ddd":0,"assets":[],"layers":[{"ddd":0,"ind":1,"ty":4,"nm":"head","sr":1,"ks":{"o":{"a":0,"k":100,"ix":11},"r":{"a":0,"k":0,"ix":10},"p":{"a":1,"k":[{"i":{"x":0.487,"y":1},"o":{"x":0.333,"y":0},"t":9,"s":[531.691,298.152,0],"to":[0,25.833,0],"ti":[0,0,0]},{"i":{"x":0.667,"y":1},"o":{"x":0.515,"y":0},"t":84,"s":[531.691,453.152,0],"to":[0,0,0],"ti":[0,25.833,0]},{"t":133,"s":[531.691,298.152,0]}],"ix":2},"a":{"a":0,"k":[531.691,298.152,0],"ix":1},"s":{"a":0,"k":[100,100,100],"ix":6}},"ao":0,"shapes":[{"ty":"gr","it":[{"ty":"gr","it":[{"ind":0,"ty":"sh","ix":1,"ks":{"a":0,"k":{"i":[[1.984,26.089],[23.667,0.291],[0,0],[0.159,-0.001],[0.159,0],[0,0],[1.959,-25.746],[-3.922,4.063],[-0.945,4.158],[-1.705,-0.522],[-1.912,-1.736],[0.001,-0.001],[0.174,-1.198],[-6.858,2.061],[-2.197,1.559],[-0.829,-0.166],[0,0],[-0.307,0.095],[-0.945,-4.157],[0,0]],"o":[[-1.958,-25.746],[0,0],[-0.159,0],[-0.158,-0.001],[0,0],[-23.667,0.291],[-1.983,26.089],[0,0],[0.944,-4.157],[0.852,0.261],[0,0],[-0.961,6.666],[-10.108,1.177],[-3.173,1.723],[1.025,-0.727],[3.213,3.874],[0.444,-0.34],[1.704,-0.522],[0.945,4.158],[3.921,4.063]],"v":[[42.373,-2.764],[0.472,-40.025],[0.472,-40.04],[0,-40.033],[-0.472,-40.04],[-0.472,-40.025],[-42.373,-2.764],[-35.433,35.977],[-33.921,24.449],[-28.441,19.535],[-24.303,22.853],[-24.304,22.855],[-12.097,31.824],[-2.308,34.861],[2.74,34.796],[6.236,34.465],[27.312,20.207],[28.442,19.535],[33.922,24.449],[35.434,35.977]],"c":true},"ix":2},"nm":"Path 1","mn":"ADBE Vector Shape - Group","hd":false},{"ty":"fl","c":{"a":0,"k":[0.266999989748,0.172999992967,0.144999995828,1],"ix":4},"o":{"a":0,"k":100,"ix":5},"r":1,"bm":0,"nm":"Fill 1","mn":"ADBE Vector Graphic - Fill","hd":false},{"ty":"tr","p":{"a":0,"k":[440.899,91.447],"ix":2},"a":{"a":0,"k":[0,0],"ix":1},"s":{"a":0,"k":[100,100],"ix":3},"r":{"a":0,"k":0,"ix":6},"o":{"a":0,"k":100,"ix":7},"sk":{"a":0,"k":0,"ix":4},"sa":{"a":0,"k":0,"ix":5},"nm":"Transform"}],"nm":"Group 1","np":2,"cix":2,"bm":0,"ix":1,"mn":"ADBE Vector Group","hd":false},{"ty":"tr","p":{"a":0,"k":[531.691,266.896],"ix":2},"a":{"a":0,"k":[440.899,89.719],"ix":1},"s":{"a":0,"k":[108,108],"ix":3},"r":{"a":0,"k":0,"ix":6},"o":{"a":0,"k":100,"ix":7},"sk":{"a":0,"k":0,"ix":4},"sa":{"a":0,"k":0,"ix":5},"nm":"Transform"}],"nm":"hair","np":1,"cix":2,"bm":0,"ix":1,"mn":"ADBE Vector Group","hd":false},{"ty":"gr","it":[{"ty":"gr","it":[{"ind":0,"ty":"sh","ix":1,"ks":{"a":0,"k":{"i":[[1.134,4.682],[0,0],[0,0],[0,0],[1.133,-4.682],[-1.276,-0.709],[0,0],[-6.169,-6.33],[-12.756,0],[-9.138,9.663],[0,0],[-1.276,0.709]],"o":[[-1.134,-4.682],[0,0],[0,0],[0,0],[-1.134,4.682],[1.275,0.709],[0,0],[8.524,8.748],[12.756,0],[5.282,-5.585],[0,0],[1.276,-0.709]],"v":[[47.292,-31.115],[42.285,-31.115],[-0.001,-43.157],[-42.286,-31.115],[-47.292,-31.115],[-40.488,-4.465],[-38.363,-4.465],[-26.458,24.59],[-0.001,43.157],[26.457,24.59],[38.362,-4.465],[40.488,-4.465]],"c":true},"ix":2},"nm":"Path 1","mn":"ADBE Vector Shape - Group","hd":false},{"ty":"fl","c":{"a":0,"k":[0.847000002861,0.60799998045,0.501999974251,1],"ix":4},"o":{"a":0,"k":100,"ix":5},"r":1,"bm":0,"nm":"Fill 1","mn":"ADBE Vector Graphic - Fill","hd":false},{"ty":"tr","p":{"a":0,"k":[440.899,142.754],"ix":2},"a":{"a":0,"k":[0,0],"ix":1},"s":{"a":0,"k":[100,100],"ix":3},"r":{"a":0,"k":0,"ix":6},"o":{"a":0,"k":100,"ix":7},"sk":{"a":0,"k":0,"ix":4},"sa":{"a":0,"k":0,"ix":5},"nm":"Transform"}],"nm":"Group 1","np":2,"cix":2,"bm":0,"ix":1,"mn":"ADBE Vector Group","hd":false},{"ty":"tr","p":{"a":0,"k":[531.691,324.175],"ix":2},"a":{"a":0,"k":[440.899,142.754],"ix":1},"s":{"a":0,"k":[108,108],"ix":3},"r":{"a":0,"k":0,"ix":6},"o":{"a":0,"k":100,"ix":7},"sk":{"a":0,"k":0,"ix":4},"sa":{"a":0,"k":0,"ix":5},"nm":"Transform"}],"nm":"head_skin","np":1,"cix":2,"bm":0,"ix":2,"mn":"ADBE Vector Group","hd":false}],"ip":0,"op":150,"st":0,"bm":0},{"ddd":0,"ind":2,"ty":4,"nm":"neck_skin","parent":11,"sr":1,"ks":{"o":{"a":0,"k":100,"ix":11},"r":{"a":0,"k":0,"ix":10},"p":{"a":0,"k":[440.825,149.345,0],"ix":2},"a":{"a":0,"k":[440.825,149.345,0],"ix":1},"s":{"a":0,"k":[100,100,100],"ix":6}},"ao":0,"shapes":[{"ty":"gr","it":[{"ind":0,"ty":"sh","ix":1,"ks":{"a":0,"k":{"i":[[0,-17.325],[17.325,0],[0,17.325],[-17.325,0]],"o":[[0,17.325],[-17.325,0],[0,-17.325],[17.325,0]],"v":[[31.37,0],[0,31.37],[-31.37,0],[0,-31.37]],"c":true},"ix":2},"nm":"Path 1","mn":"ADBE Vector Shape - Group","hd":false},{"ty":"fl","c":{"a":0,"k":[0.847000002394,0.607999973671,0.501999978458,1],"ix":4},"o":{"a":0,"k":100,"ix":5},"r":1,"bm":0,"nm":"Fill 1","mn":"ADBE Vector Graphic - Fill","hd":false},{"ty":"tr","p":{"a":0,"k":[440.825,149.345],"ix":2},"a":{"a":0,"k":[0,0],"ix":1},"s":{"a":0,"k":[100,100],"ix":3},"r":{"a":0,"k":0,"ix":6},"o":{"a":0,"k":100,"ix":7},"sk":{"a":0,"k":0,"ix":4},"sa":{"a":0,"k":0,"ix":5},"nm":"Transform"}],"nm":"Group 1","np":2,"cix":2,"bm":0,"ix":1,"mn":"ADBE Vector Group","hd":false}],"ip":0,"op":150,"st":0,"bm":0},{"ddd":0,"ind":3,"ty":4,"nm":"shirt","parent":11,"sr":1,"ks":{"o":{"a":0,"k":100,"ix":11},"r":{"a":0,"k":0,"ix":10},"p":{"a":0,"k":[440.825,213.103,0],"ix":2},"a":{"a":0,"k":[531.611,400.152,0],"ix":1},"s":{"a":0,"k":[92.593,92.593,100],"ix":6}},"ao":0,"shapes":[{"ty":"gr","it":[{"ty":"gr","it":[{"ind":0,"ty":"sh","ix":1,"ks":{"a":0,"k":{"i":[[22.394,-2.039],[8.504,-1.224],[1.973,0.303],[2.494,0.885],[0.687,0.492],[1.536,1.672],[2.698,3.257],[4.173,3.743],[-1.66,-5.58],[0,0],[-1.228,-3.964],[-19.768,-18.673],[-14.473,1.713],[-2.594,5.357],[-1.081,7.34],[-1.931,1.223],[-0.397,2.039],[-1.984,2.039],[-5.994,-2.476],[-6.859,22.079]],"o":[[-22.394,2.039],[-8.504,1.223],[-3.019,-0.463],[-0.717,-0.406],[-1.665,-1.195],[-2.516,-2.74],[-2.735,-3.301],[-2.714,-2.435],[0,0],[0,0],[1.229,3.963],[16.305,15.405],[3.111,-0.369],[1.564,-3.23],[1.082,-7.341],[1.932,-1.223],[0.397,-2.039],[1.985,-2.039],[11.622,4.8],[0,0]],"v":[[34.316,-13.912],[1.331,-15.145],[-31.164,-14.592],[-39.415,-16.661],[-41.525,-18],[-46.064,-22.226],[-52.59,-31.007],[-59.865,-41.142],[-60.285,-33.597],[-60.285,-33.598],[-61.717,-15.543],[-41.582,28.172],[12.357,41.502],[-3.197,30.945],[0.574,23.877],[-1.633,17.08],[3.872,12.594],[5.118,-0.863],[15.324,-5.212],[62.945,-28.999]],"c":true},"ix":2},"nm":"Path 1","mn":"ADBE Vector Shape - Group","hd":false},{"ty":"fl","c":{"a":0,"k":[0.180000007153,0.203999996185,0.243000000715,1],"ix":4},"o":{"a":0,"k":100,"ix":5},"r":1,"bm":0,"nm":"Fill 1","mn":"ADBE Vector Graphic - Fill","hd":false},{"ty":"tr","p":{"a":0,"k":[439.087,269.194],"ix":2},"a":{"a":0,"k":[0,0],"ix":1},"s":{"a":0,"k":[100,100],"ix":3},"r":{"a":0,"k":0,"ix":6},"o":{"a":0,"k":100,"ix":7},"sk":{"a":0,"k":0,"ix":4},"sa":{"a":0,"k":0,"ix":5},"nm":"Transform"}],"nm":"Group 1","np":2,"cix":2,"bm":0,"ix":1,"mn":"ADBE Vector Group","hd":false},{"ty":"tr","p":{"a":0,"k":[530.222,460.99],"ix":2},"a":{"a":0,"k":[439.539,269.435],"ix":1},"s":{"a":0,"k":[108,108],"ix":3},"r":{"a":0,"k":0,"ix":6},"o":{"a":0,"k":100,"ix":7},"sk":{"a":0,"k":0,"ix":4},"sa":{"a":0,"k":0,"ix":5},"nm":"Transform"}],"nm":"shirt_shadow","np":1,"cix":2,"bm":0,"ix":1,"mn":"ADBE Vector Group","hd":false},{"ty":"gr","it":[{"ty":"gr","it":[{"ind":0,"ty":"sh","ix":1,"ks":{"a":1,"k":[{"i":{"x":0.487,"y":1},"o":{"x":0.333,"y":0},"t":9,"s":[{"i":[[0,0],[-6.688,3.329],[0.338,6.815],[1.537,3.381],[0,0],[0,0],[4.673,1.367],[0,0],[2.349,-7.438],[24.315,-0.042],[2.346,7.43],[0,0],[0,0],[3.674,-3.193],[0,0],[11.958,-26.316],[0.417,-8.386],[-11.878,-4.292],[-8.178,0.215]],"o":[[5.792,-0.153],[11.581,-5.765],[-0.417,-8.386],[-11.957,-26.316],[0,0],[-3.59,-3.289],[0,0],[0,0],[-2.346,7.43],[-24.314,-0.042],[-2.349,-7.438],[0,0],[-4.569,1.68],[0,0],[0,0],[-1.536,3.381],[-0.316,6.37],[7.693,2.781],[0,0]],"v":[[23.223,71.187],[49.584,61.328],[66.304,41.291],[67.727,20.934],[67.456,-63.492],[66.57,-64.304],[54.01,-71.381],[53.957,-71.396],[45.754,-10.106],[0,17.86],[-45.753,-10.106],[-53.956,-71.343],[-54.197,-71.254],[-66.665,-63.883],[-67.455,-63.197],[-67.727,20.934],[-66.303,41.291],[-47.347,63.027],[-14.469,71.181]],"c":true}]},{"i":{"x":0.667,"y":1},"o":{"x":0.515,"y":0},"t":84,"s":[{"i":[[0,0],[-6.688,3.329],[0.338,6.815],[1.537,3.381],[0,0],[0,0],[4.673,1.367],[0,0],[2.349,-7.438],[48.719,1.425],[2.346,7.43],[0,0],[0,0],[3.674,-3.193],[0,0],[11.958,-26.316],[0.417,-8.386],[-11.878,-4.292],[-8.178,0.215]],"o":[[5.792,-0.153],[11.581,-5.765],[-0.417,-8.386],[-11.957,-26.316],[0,0],[-3.59,-3.289],[0,0],[0,0],[-2.346,7.43],[-48.019,-1.405],[-2.349,-7.438],[0,0],[-4.569,1.68],[0,0],[0,0],[-1.536,3.381],[-0.316,6.37],[7.693,2.781],[0,0]],"v":[[23.223,71.187],[49.584,61.328],[66.304,41.291],[67.727,20.934],[67.456,-63.492],[66.57,-64.304],[54.01,-71.381],[53.957,-71.396],[48.3,-9.511],[-0.463,47.622],[-45.753,-10.106],[-53.956,-71.343],[-54.197,-71.254],[-66.665,-63.883],[-67.455,-63.197],[-67.727,20.934],[-66.303,41.291],[-47.347,63.027],[-14.469,71.181]],"c":true}]},{"t":133,"s":[{"i":[[0,0],[-6.688,3.329],[0.338,6.815],[1.537,3.381],[0,0],[0,0],[4.673,1.367],[0,0],[2.349,-7.438],[24.315,-0.042],[2.346,7.43],[0,0],[0,0],[3.674,-3.193],[0,0],[11.958,-26.316],[0.417,-8.386],[-11.878,-4.292],[-8.178,0.215]],"o":[[5.792,-0.153],[11.581,-5.765],[-0.417,-8.386],[-11.957,-26.316],[0,0],[-3.59,-3.289],[0,0],[0,0],[-2.346,7.43],[-24.314,-0.042],[-2.349,-7.438],[0,0],[-4.569,1.68],[0,0],[0,0],[-1.536,3.381],[-0.316,6.37],[7.693,2.781],[0,0]],"v":[[23.223,71.187],[49.584,61.328],[66.304,41.291],[67.727,20.934],[67.456,-63.492],[66.57,-64.304],[54.01,-71.381],[53.957,-71.396],[45.754,-10.106],[0,17.86],[-45.753,-10.106],[-53.956,-71.343],[-54.197,-71.254],[-66.665,-63.883],[-67.455,-63.197],[-67.727,20.934],[-66.303,41.291],[-47.347,63.027],[-14.469,71.181]],"c":true}]}],"ix":2},"nm":"Path 1","mn":"ADBE Vector Shape - Group","hd":false},{"ty":"fl","c":{"a":0,"k":[0.208000004292,0.238999992609,0.289999991655,1],"ix":4},"o":{"a":0,"k":100,"ix":5},"r":1,"bm":0,"nm":"Fill 1","mn":"ADBE Vector Graphic - Fill","hd":false},{"ty":"tr","p":{"a":0,"k":[440.825,186.097],"ix":2},"a":{"a":0,"k":[0,0],"ix":1},"s":{"a":0,"k":[100,100],"ix":3},"r":{"a":0,"k":0,"ix":6},"o":{"a":0,"k":100,"ix":7},"sk":{"a":0,"k":0,"ix":4},"sa":{"a":0,"k":0,"ix":5},"nm":"Transform"}],"nm":"Group 1","np":2,"cix":2,"bm":0,"ix":1,"mn":"ADBE Vector Group","hd":false},{"ty":"tr","p":{"a":0,"k":[531.611,370.872],"ix":2},"a":{"a":0,"k":[440.825,185.992],"ix":1},"s":{"a":0,"k":[108,108],"ix":3},"r":{"a":0,"k":0,"ix":6},"o":{"a":0,"k":100,"ix":7},"sk":{"a":0,"k":0,"ix":4},"sa":{"a":0,"k":0,"ix":5},"nm":"Transform"}],"nm":"shirt","np":1,"cix":2,"bm":0,"ix":2,"mn":"ADBE Vector Group","hd":false}],"ip":0,"op":150,"st":0,"bm":0},{"ddd":0,"ind":4,"ty":4,"nm":"neck_shadow","parent":11,"sr":1,"ks":{"o":{"a":0,"k":100,"ix":11},"r":{"a":0,"k":0,"ix":10},"p":{"a":0,"k":[440.344,155.732,0],"ix":2},"a":{"a":0,"k":[440.344,155.732,0],"ix":1},"s":{"a":0,"k":[100,100,100],"ix":6}},"ao":0,"shapes":[{"ty":"gr","it":[{"ind":0,"ty":"sh","ix":1,"ks":{"a":0,"k":{"i":[[0,0],[-1.972,-8.363],[-1.56,-0.709],[0.709,-1.985],[-0.025,-10.092],[-1.556,-5.311],[-12.614,7.937],[-3.685,1.984],[3.118,3.855],[0.283,0.567],[-0.992,0.708],[1.028,2.93]],"o":[[0,0],[1.972,8.361],[1.559,0.709],[-0.708,1.984],[0.005,1.961],[3.903,13.323],[8.797,-5.535],[3.685,-1.985],[-7.197,-8.898],[-0.284,-0.567],[0.992,-0.709],[-1.028,-2.929]],"v":[[-48.301,-44.788],[-48.306,-33.874],[-45.198,-17.716],[-42.364,-8.503],[-61.452,-3.023],[-22.191,26.079],[6.957,36.85],[25.666,16.725],[58.359,-8.503],[36.683,-8.503],[40.406,-16.724],[44.385,-40.596]],"c":true},"ix":2},"nm":"Path 1","mn":"ADBE Vector Shape - Group","hd":false},{"ty":"fl","c":{"a":0,"k":[0.788000009574,0.54900004069,0.458999992819,1],"ix":4},"o":{"a":0,"k":100,"ix":5},"r":1,"bm":0,"nm":"Fill 1","mn":"ADBE Vector Graphic - Fill","hd":false},{"ty":"tr","p":{"a":0,"k":[441.784,157.849],"ix":2},"a":{"a":0,"k":[0,0],"ix":1},"s":{"a":0,"k":[100,100],"ix":3},"r":{"a":0,"k":0,"ix":6},"o":{"a":0,"k":100,"ix":7},"sk":{"a":0,"k":0,"ix":4},"sa":{"a":0,"k":0,"ix":5},"nm":"Transform"}],"nm":"Group 1","np":2,"cix":2,"bm":0,"ix":1,"mn":"ADBE Vector Group","hd":false}],"ip":0,"op":150,"st":0,"bm":0},{"ddd":0,"ind":5,"ty":4,"nm":"hand_1","sr":1,"ks":{"o":{"a":0,"k":100,"ix":11},"r":{"a":0,"k":0,"ix":10},"p":{"a":0,"k":[684.854,630.39,0],"ix":2},"a":{"a":0,"k":[582.717,426.287,0],"ix":1},"s":{"a":0,"k":[108,108,100],"ix":6}},"ao":0,"shapes":[{"ty":"gr","it":[{"ind":0,"ty":"sh","ix":1,"ks":{"a":0,"k":{"i":[[7.305,1.127],[2.04,-0.515],[1.644,-0.292],[4.553,-2.955],[1.698,-0.548],[0.617,-1.363],[0.499,-2.39],[-2.932,0.767],[-1.852,1.532],[-3.395,0.548],[-0.617,-1.423],[0.277,-1.863],[-3.395,-1.095],[-0.09,1.383],[-0.308,1.094],[0,0],[-1.087,0.109],[-0.712,-1.898],[-2.779,-1.423],[-1.08,1.607],[0.617,1.612],[0,0],[-4.012,-4.05],[-3.03,-0.353],[-0.463,1.752],[0.771,0.548],[0,0],[-3.128,-2.061],[-1.389,-0.22],[-0.771,1.641],[2.218,0.944],[1.012,0.814],[1.39,0.765],[1.081,0.875]],"o":[[-9.465,-1.459],[-3.394,0.855],[-2.469,0.438],[-1.484,0.964],[-1.698,0.547],[-0.618,1.363],[-0.394,1.891],[2.933,-0.766],[1.852,-1.532],[3.395,-0.547],[0.617,1.424],[-0.309,2.081],[3.396,1.095],[0.09,-1.392],[0,0],[0,0],[1.086,-0.11],[0.599,1.601],[2.777,1.423],[0.811,-1.206],[-0.617,-1.613],[0,0],[1.991,2.009],[3.532,0.41],[0.463,-1.751],[-0.772,-0.547],[0,0],[1.264,0.833],[1.389,0.219],[0.772,-1.642],[-3.67,-1.563],[-2.257,-1.815],[-1.389,-0.767],[-1.042,-0.845]],"v":[[2.341,-18.339],[-13.548,-14.497],[-20.483,-12.39],[-31.073,-8.909],[-38.077,-4.837],[-42.723,-0.751],[-46.762,3.117],[-39.775,5.561],[-31.531,2.292],[-23.107,-1.554],[-17.461,-0.747],[-16.023,7.933],[-12.295,16.581],[-4.642,14.541],[-3.5,9.831],[-3.191,8.736],[-1.082,5.256],[1.107,9.319],[5.737,18.375],[14.629,17.505],[13.006,8.966],[12.08,6.477],[18.099,11.801],[26.06,15.673],[31.68,13.333],[27.295,6.587],[25.443,4.484],[31.757,6.601],[38.66,9.028],[46.383,8.011],[43.605,4.18],[36.287,0.48],[28.154,-4.569],[23.037,-8.851]],"c":true},"ix":2},"nm":"Path 1","mn":"ADBE Vector Shape - Group","hd":false},{"ty":"fl","c":{"a":0,"k":[0.847000002394,0.607999973671,0.501999978458,1],"ix":4},"o":{"a":0,"k":100,"ix":5},"r":1,"bm":0,"nm":"Fill 1","mn":"ADBE Vector Graphic - Fill","hd":false},{"ty":"tr","p":{"a":0,"k":[582.807,426.162],"ix":2},"a":{"a":0,"k":[0,0],"ix":1},"s":{"a":0,"k":[100,100],"ix":3},"r":{"a":0,"k":0,"ix":6},"o":{"a":0,"k":100,"ix":7},"sk":{"a":0,"k":0,"ix":4},"sa":{"a":0,"k":0,"ix":5},"nm":"Transform"}],"nm":"Group 1","np":2,"cix":2,"bm":0,"ix":1,"mn":"ADBE Vector Group","hd":false},{"ty":"gr","it":[{"ind":0,"ty":"sh","ix":1,"ks":{"a":0,"k":{"i":[[0,-6.433],[-6.433,0],[0,6.433],[6.433,0]],"o":[[0,6.433],[6.433,0],[0,-6.433],[-6.433,0]],"v":[[-11.648,0],[0,11.647],[11.648,0],[0,-11.647]],"c":true},"ix":2},"nm":"Path 1","mn":"ADBE Vector Shape - Group","hd":false},{"ty":"fl","c":{"a":0,"k":[0.847000002394,0.607999973671,0.501999978458,1],"ix":4},"o":{"a":0,"k":100,"ix":5},"r":1,"bm":0,"nm":"Fill 1","mn":"ADBE Vector Graphic - Fill","hd":false},{"ty":"tr","p":{"a":0,"k":[582.717,418.911],"ix":2},"a":{"a":0,"k":[0,0],"ix":1},"s":{"a":0,"k":[100,100],"ix":3},"r":{"a":0,"k":0,"ix":6},"o":{"a":0,"k":100,"ix":7},"sk":{"a":0,"k":0,"ix":4},"sa":{"a":0,"k":0,"ix":5},"nm":"Transform"}],"nm":"Group 2","np":2,"cix":2,"bm":0,"ix":2,"mn":"ADBE Vector Group","hd":false}],"ip":0,"op":150,"st":0,"bm":0},{"ddd":0,"ind":6,"ty":4,"nm":"forearm_1","parent":7,"sr":1,"ks":{"o":{"a":0,"k":100,"ix":11},"r":{"a":1,"k":[{"i":{"x":[0.833],"y":[0.731]},"o":{"x":[0.379],"y":[0]},"t":9,"s":[0]},{"i":{"x":[0.833],"y":[0.881]},"o":{"x":[0.167],"y":[0.237]},"t":31,"s":[48.13]},{"i":{"x":[0.833],"y":[0.901]},"o":{"x":[0.167],"y":[0.308]},"t":46,"s":[85.3]},{"i":{"x":[0.651],"y":[1.046]},"o":{"x":[0.167],"y":[0.258]},"t":59,"s":[97.788]},{"i":{"x":[0.833],"y":[0.546]},"o":{"x":[0.399],"y":[0.034]},"t":84,"s":[107]},{"i":{"x":[0.833],"y":[0.704]},"o":{"x":[0.167],"y":[0.1]},"t":101,"s":[97.48]},{"i":{"x":[0.618],"y":[1]},"o":{"x":[0.167],"y":[0.213]},"t":117,"s":[56.629]},{"t":133,"s":[0]}],"ix":10},"p":{"a":0,"k":[565.918,287.095,0],"ix":2},"a":{"a":0,"k":[565.918,287.095,0],"ix":1},"s":{"a":0,"k":[100,100,100],"ix":6}},"ao":0,"shapes":[{"ty":"gr","it":[{"ind":0,"ty":"sh","ix":1,"ks":{"a":0,"k":{"i":[[0,-7.613],[-7.613,0],[0,7.613],[7.613,0]],"o":[[0,7.613],[7.613,0],[0,-7.613],[-7.613,0]],"v":[[-13.785,0],[0,13.785],[13.785,0],[0,-13.785]],"c":true},"ix":2},"nm":"Path 1","mn":"ADBE Vector Shape - Group","hd":false},{"ty":"fl","c":{"a":0,"k":[0.847000002394,0.607999973671,0.501999978458,1],"ix":4},"o":{"a":0,"k":100,"ix":5},"r":1,"bm":0,"nm":"Fill 1","mn":"ADBE Vector Graphic - Fill","hd":false},{"ty":"tr","p":{"a":0,"k":[565.967,286.709],"ix":2},"a":{"a":0,"k":[0,0],"ix":1},"s":{"a":0,"k":[100,100],"ix":3},"r":{"a":0,"k":0,"ix":6},"o":{"a":0,"k":100,"ix":7},"sk":{"a":0,"k":0,"ix":4},"sa":{"a":0,"k":0,"ix":5},"nm":"Transform"}],"nm":"Group 1","np":2,"cix":2,"bm":0,"ix":1,"mn":"ADBE Vector Group","hd":false},{"ty":"gr","it":[{"ind":0,"ty":"sh","ix":1,"ks":{"a":0,"k":{"i":[[-18.822,-1.984],[-5.386,-16.725],[1.417,-16.442],[0,-5.103],[6.14,0],[0.737,7.087],[1.417,4.535],[0.85,9.638],[0,3.685]],"o":[[0,0],[5.386,16.724],[-1.418,16.44],[0,5.103],[-6.14,0],[-0.737,-7.087],[-1.418,-4.536],[-0.851,-9.638],[0,-3.685]],"v":[[-2.948,-74.977],[13.323,-56.268],[23.528,22.819],[21.827,69.023],[10.392,76.96],[-2.948,67.606],[-16.724,5.811],[-24.094,-32.457],[-24.094,-60.237]],"c":true},"ix":2},"nm":"Path 1","mn":"ADBE Vector Shape - Group","hd":false},{"ty":"fl","c":{"a":0,"k":[0.847000002394,0.607999973671,0.501999978458,1],"ix":4},"o":{"a":0,"k":100,"ix":5},"r":1,"bm":0,"nm":"Fill 1","mn":"ADBE Vector Graphic - Fill","hd":false},{"ty":"tr","p":{"a":0,"k":[572.77,345.464],"ix":2},"a":{"a":0,"k":[0,0],"ix":1},"s":{"a":0,"k":[100,100],"ix":3},"r":{"a":0,"k":0,"ix":6},"o":{"a":0,"k":100,"ix":7},"sk":{"a":0,"k":0,"ix":4},"sa":{"a":0,"k":0,"ix":5},"nm":"Transform"}],"nm":"Group 2","np":2,"cix":2,"bm":0,"ix":2,"mn":"ADBE Vector Group","hd":false}],"ip":0,"op":150,"st":0,"bm":0},{"ddd":0,"ind":7,"ty":4,"nm":"arm_1","sr":1,"ks":{"o":{"a":0,"k":100,"ix":11},"r":{"a":1,"k":[{"i":{"x":[0.833],"y":[0.721]},"o":{"x":[0.379],"y":[0]},"t":9,"s":[0]},{"i":{"x":[0.833],"y":[0.885]},"o":{"x":[0.167],"y":[0.222]},"t":31,"s":[-27.423]},{"i":{"x":[0.833],"y":[0.883]},"o":{"x":[0.167],"y":[0.341]},"t":46,"s":[-50.907]},{"i":{"x":[0.651],"y":[0.941]},"o":{"x":[0.167],"y":[0.214]},"t":59,"s":[-57.796]},{"i":{"x":[0.833],"y":[0.535]},"o":{"x":[0.399],"y":[-0.055]},"t":84,"s":[-65]},{"i":{"x":[0.833],"y":[0.714]},"o":{"x":[0.167],"y":[0.099]},"t":101,"s":[-58.99]},{"i":{"x":[0.618],"y":[1]},"o":{"x":[0.167],"y":[0.235]},"t":117,"s":[-32.427]},{"t":133,"s":[0]}],"ix":10},"p":{"a":1,"k":[{"i":{"x":0.487,"y":1},"o":{"x":0.333,"y":0},"t":9,"s":[623.11,342.01,0],"to":[0,25.5,0],"ti":[0,0,0]},{"i":{"x":0.667,"y":1},"o":{"x":0.515,"y":0},"t":84,"s":[623.11,495.01,0],"to":[0,0,0],"ti":[0,25.5,0]},{"t":133,"s":[623.11,342.01,0]}],"ix":2},"a":{"a":0,"k":[525.547,159.269,0],"ix":1},"s":{"a":0,"k":[108,108,100],"ix":6}},"ao":0,"shapes":[{"ty":"gr","it":[{"ind":0,"ty":"sh","ix":1,"ks":{"a":0,"k":{"i":[[4.592,10.488],[-10.082,12.61],[-15.781,0],[-7.181,-13.606],[-1.134,-3.024],[-1.134,-19.275],[-0.169,-10.377],[14.739,7.559],[2.886,19.12],[3.559,6.804]],"o":[[-6.476,-14.79],[3.859,-4.827],[12.684,0],[7.181,13.606],[1.134,3.023],[1.135,19.275],[0.249,15.297],[-14.741,-7.559],[-2.886,-19.121],[-7.169,-13.708]],"v":[[-36.43,-36.127],[-37.733,-82.099],[-16.33,-90.104],[18.084,-59.187],[27.911,-23.659],[38.871,4.19],[47.565,60.246],[23.754,82.545],[-7.377,37.037],[-17.444,-3.018]],"c":true},"ix":2},"nm":"Path 1","mn":"ADBE Vector Shape - Group","hd":false},{"ty":"fl","c":{"a":0,"k":[0.847000002394,0.607999973671,0.501999978458,1],"ix":4},"o":{"a":0,"k":100,"ix":5},"r":1,"bm":0,"nm":"Fill 1","mn":"ADBE Vector Graphic - Fill","hd":false},{"ty":"tr","p":{"a":0,"k":[536.937,220.352],"ix":2},"a":{"a":0,"k":[0,0],"ix":1},"s":{"a":0,"k":[100,100],"ix":3},"r":{"a":0,"k":0,"ix":6},"o":{"a":0,"k":100,"ix":7},"sk":{"a":0,"k":0,"ix":4},"sa":{"a":0,"k":0,"ix":5},"nm":"Transform"}],"nm":"Group 1","np":2,"cix":2,"bm":0,"ix":1,"mn":"ADBE Vector Group","hd":false},{"ty":"gr","it":[{"ind":0,"ty":"sh","ix":1,"ks":{"a":0,"k":{"i":[[0,-10.02],[10.02,0],[0,10.019],[-10.019,0]],"o":[[0,10.019],[-10.019,0],[0,-10.02],[10.02,0]],"v":[[18.141,0],[-0.001,18.142],[-18.142,0],[-0.001,-18.142]],"c":true},"ix":2},"nm":"Path 1","mn":"ADBE Vector Shape - Group","hd":false},{"ty":"fl","c":{"a":0,"k":[0.847000002394,0.607999973671,0.501999978458,1],"ix":4},"o":{"a":0,"k":100,"ix":5},"r":1,"bm":0,"nm":"Fill 1","mn":"ADBE Vector Graphic - Fill","hd":false},{"ty":"tr","p":{"a":0,"k":[525.68,159.37],"ix":2},"a":{"a":0,"k":[0,0],"ix":1},"s":{"a":0,"k":[100,100],"ix":3},"r":{"a":0,"k":0,"ix":6},"o":{"a":0,"k":100,"ix":7},"sk":{"a":0,"k":0,"ix":4},"sa":{"a":0,"k":0,"ix":5},"nm":"Transform"}],"nm":"Group 2","np":2,"cix":2,"bm":0,"ix":2,"mn":"ADBE Vector Group","hd":false}],"ip":0,"op":150,"st":0,"bm":0},{"ddd":0,"ind":8,"ty":4,"nm":"hand","sr":1,"ks":{"o":{"a":0,"k":100,"ix":11},"r":{"a":0,"k":0,"ix":10},"p":{"a":0,"k":[378.369,629.791,0],"ix":2},"a":{"a":0,"k":[298.934,425.732,0],"ix":1},"s":{"a":0,"k":[108,108,100],"ix":6}},"ao":0,"shapes":[{"ty":"gr","it":[{"ind":0,"ty":"sh","ix":1,"ks":{"a":0,"k":{"i":[[-7.305,1.126],[-2.041,-0.515],[-1.645,-0.291],[-4.553,-2.955],[-1.697,-0.547],[-0.617,-1.363],[-0.499,-2.39],[2.932,0.766],[1.852,1.532],[3.395,0.547],[0.617,-1.423],[-0.276,-1.863],[3.395,-1.095],[0.091,1.383],[0.308,1.095],[0,0],[1.086,0.109],[0.711,-1.898],[2.778,-1.424],[1.08,1.607],[-0.617,1.611],[0,0],[4.013,-4.05],[3.03,-0.352],[0.463,1.751],[-0.772,0.547],[0,0],[3.129,-2.061],[1.389,-0.219],[0.772,1.641],[-2.218,0.944],[-1.012,0.814],[-1.389,0.766],[-1.081,0.876]],"o":[[9.466,-1.459],[3.393,0.854],[2.469,0.439],[1.484,0.964],[1.698,0.548],[0.618,1.363],[0.394,1.892],[-2.932,-0.766],[-1.852,-1.533],[-3.395,-0.547],[-0.617,1.423],[0.309,2.081],[-3.395,1.095],[-0.09,-1.392],[0,0],[0,0],[-1.087,-0.11],[-0.599,1.6],[-2.778,1.423],[-0.811,-1.206],[0.618,-1.613],[0,0],[-1.991,2.008],[-3.532,0.411],[-0.463,-1.751],[0.771,-0.547],[0,0],[-1.264,0.833],[-1.389,0.219],[-0.771,-1.643],[3.671,-1.563],[2.257,-1.816],[1.389,-0.766],[1.043,-0.844]],"v":[[-2.342,-18.339],[13.548,-14.498],[20.483,-12.392],[31.073,-8.91],[38.076,-4.839],[42.722,-0.752],[46.761,3.115],[39.774,5.56],[31.53,2.291],[23.106,-1.555],[17.46,-0.748],[16.022,7.932],[12.294,16.579],[4.641,14.54],[3.499,9.829],[3.19,8.734],[1.082,5.255],[-1.107,9.318],[-5.737,18.374],[-14.63,17.504],[-13.007,8.965],[-12.081,6.476],[-18.1,11.8],[-26.061,15.671],[-31.681,13.332],[-27.295,6.586],[-25.443,4.483],[-31.758,6.6],[-38.661,9.026],[-46.384,8.01],[-43.606,4.179],[-36.288,0.48],[-28.155,-4.571],[-23.038,-8.853]],"c":true},"ix":2},"nm":"Path 1","mn":"ADBE Vector Shape - Group","hd":false},{"ty":"fl","c":{"a":0,"k":[0.847000002394,0.607999973671,0.501999978458,1],"ix":4},"o":{"a":0,"k":100,"ix":5},"r":1,"bm":0,"nm":"Fill 1","mn":"ADBE Vector Graphic - Fill","hd":false},{"ty":"tr","p":{"a":0,"k":[298.843,425.702],"ix":2},"a":{"a":0,"k":[0,0],"ix":1},"s":{"a":0,"k":[100,100],"ix":3},"r":{"a":0,"k":0,"ix":6},"o":{"a":0,"k":100,"ix":7},"sk":{"a":0,"k":0,"ix":4},"sa":{"a":0,"k":0,"ix":5},"nm":"Transform"}],"nm":"Group 1","np":2,"cix":2,"bm":0,"ix":1,"mn":"ADBE Vector Group","hd":false},{"ty":"gr","it":[{"ind":0,"ty":"sh","ix":1,"ks":{"a":0,"k":{"i":[[0,-6.433],[6.433,0],[0,6.434],[-6.433,0]],"o":[[0,6.434],[-6.433,0],[0,-6.433],[6.433,0]],"v":[[11.648,-0.001],[0,11.647],[-11.647,-0.001],[0,-11.647]],"c":true},"ix":2},"nm":"Path 1","mn":"ADBE Vector Shape - Group","hd":false},{"ty":"fl","c":{"a":0,"k":[0.847000002394,0.607999973671,0.501999978458,1],"ix":4},"o":{"a":0,"k":100,"ix":5},"r":1,"bm":0,"nm":"Fill 1","mn":"ADBE Vector Graphic - Fill","hd":false},{"ty":"tr","p":{"a":0,"k":[298.934,418.262],"ix":2},"a":{"a":0,"k":[0,0],"ix":1},"s":{"a":0,"k":[100,100],"ix":3},"r":{"a":0,"k":0,"ix":6},"o":{"a":0,"k":100,"ix":7},"sk":{"a":0,"k":0,"ix":4},"sa":{"a":0,"k":0,"ix":5},"nm":"Transform"}],"nm":"Group 2","np":2,"cix":2,"bm":0,"ix":2,"mn":"ADBE Vector Group","hd":false}],"ip":0,"op":150,"st":0,"bm":0},{"ddd":0,"ind":9,"ty":4,"nm":"forearm","parent":10,"sr":1,"ks":{"o":{"a":0,"k":100,"ix":11},"r":{"a":1,"k":[{"i":{"x":[0.833],"y":[0.74]},"o":{"x":[0.379],"y":[0]},"t":9,"s":[0]},{"i":{"x":[0.833],"y":[0.87]},"o":{"x":[0.167],"y":[0.227]},"t":31,"s":[-46.561]},{"i":{"x":[0.833],"y":[0.914]},"o":{"x":[0.167],"y":[0.247]},"t":46,"s":[-82.894]},{"i":{"x":[0.605],"y":[0.944]},"o":{"x":[0.167],"y":[0.322]},"t":59,"s":[-99.448]},{"i":{"x":[0.833],"y":[0.593]},"o":{"x":[0.399],"y":[-0.031]},"t":84,"s":[-108]},{"i":{"x":[0.833],"y":[0.665]},"o":{"x":[0.167],"y":[0.102]},"t":101,"s":[-97.357]},{"i":{"x":[0.618],"y":[1]},"o":{"x":[0.167],"y":[0.231]},"t":117,"s":[-57.553]},{"t":133,"s":[0]}],"ix":10},"p":{"a":0,"k":[315.733,287.095,0],"ix":2},"a":{"a":0,"k":[315.733,287.095,0],"ix":1},"s":{"a":0,"k":[100,100,100],"ix":6}},"ao":0,"shapes":[{"ty":"gr","it":[{"ind":0,"ty":"sh","ix":1,"ks":{"a":0,"k":{"i":[[0,-7.613],[7.613,0],[0,7.613],[-7.613,0]],"o":[[0,7.613],[-7.613,0],[0,-7.613],[7.613,0]],"v":[[13.784,0],[-0.001,13.785],[-13.785,0],[-0.001,-13.785]],"c":true},"ix":2},"nm":"Path 1","mn":"ADBE Vector Shape - Group","hd":false},{"ty":"fl","c":{"a":0,"k":[0.847000002394,0.607999973671,0.501999978458,1],"ix":4},"o":{"a":0,"k":100,"ix":5},"r":1,"bm":0,"nm":"Fill 1","mn":"ADBE Vector Graphic - Fill","hd":false},{"ty":"tr","p":{"a":0,"k":[315.684,286.709],"ix":2},"a":{"a":0,"k":[0,0],"ix":1},"s":{"a":0,"k":[100,100],"ix":3},"r":{"a":0,"k":0,"ix":6},"o":{"a":0,"k":100,"ix":7},"sk":{"a":0,"k":0,"ix":4},"sa":{"a":0,"k":0,"ix":5},"nm":"Transform"}],"nm":"Group 1","np":2,"cix":2,"bm":0,"ix":1,"mn":"ADBE Vector Group","hd":false},{"ty":"gr","it":[{"ind":0,"ty":"sh","ix":1,"ks":{"a":0,"k":{"i":[[18.822,-1.984],[5.386,-16.725],[-1.418,-16.442],[0,-5.103],[-6.139,0],[-0.737,7.087],[-1.418,4.535],[-0.85,9.638],[0,3.685]],"o":[[0,0],[-5.385,16.724],[1.417,16.44],[0,5.103],[6.14,0],[0.737,-7.087],[1.417,-4.536],[0.851,-9.638],[0,-3.685]],"v":[[2.948,-74.977],[-13.323,-56.268],[-23.527,22.819],[-21.826,69.023],[-10.392,76.96],[2.948,67.606],[16.725,5.811],[24.094,-32.457],[24.094,-60.237]],"c":true},"ix":2},"nm":"Path 1","mn":"ADBE Vector Shape - Group","hd":false},{"ty":"fl","c":{"a":0,"k":[0.847000002394,0.607999973671,0.501999978458,1],"ix":4},"o":{"a":0,"k":100,"ix":5},"r":1,"bm":0,"nm":"Fill 1","mn":"ADBE Vector Graphic - Fill","hd":false},{"ty":"tr","p":{"a":0,"k":[308.881,345.464],"ix":2},"a":{"a":0,"k":[0,0],"ix":1},"s":{"a":0,"k":[100,100],"ix":3},"r":{"a":0,"k":0,"ix":6},"o":{"a":0,"k":100,"ix":7},"sk":{"a":0,"k":0,"ix":4},"sa":{"a":0,"k":0,"ix":5},"nm":"Transform"}],"nm":"Group 2","np":2,"cix":2,"bm":0,"ix":2,"mn":"ADBE Vector Group","hd":false}],"ip":0,"op":150,"st":0,"bm":0},{"ddd":0,"ind":10,"ty":4,"nm":"arm","sr":1,"ks":{"o":{"a":0,"k":100,"ix":11},"r":{"a":1,"k":[{"i":{"x":[0.833],"y":[0.713]},"o":{"x":[0.379],"y":[0]},"t":9,"s":[0]},{"i":{"x":[0.833],"y":[0.862]},"o":{"x":[0.167],"y":[0.212]},"t":31,"s":[25.25]},{"i":{"x":[0.833],"y":[0.927]},"o":{"x":[0.167],"y":[0.219]},"t":46,"s":[48.64]},{"i":{"x":[0.605],"y":[1.135]},"o":{"x":[0.167],"y":[0.505]},"t":59,"s":[61.445]},{"i":{"x":[0.833],"y":[0.608]},"o":{"x":[0.399],"y":[0.046]},"t":84,"s":[65]},{"i":{"x":[0.833],"y":[0.648]},"o":{"x":[0.167],"y":[0.104]},"t":101,"s":[57.935]},{"i":{"x":[0.618],"y":[1]},"o":{"x":[0.167],"y":[0.27]},"t":117,"s":[32.783]},{"t":133,"s":[0]}],"ix":10},"p":{"a":1,"k":[{"i":{"x":0.487,"y":1},"o":{"x":0.333,"y":0},"t":9,"s":[440.538,342.01,0],"to":[0,25.5,0],"ti":[0,0,0]},{"i":{"x":0.667,"y":1},"o":{"x":0.515,"y":0},"t":84,"s":[440.538,495.01,0],"to":[0,0,0],"ti":[0,25.5,0]},{"t":133,"s":[440.538,342.01,0]}],"ix":2},"a":{"a":0,"k":[356.498,159.269,0],"ix":1},"s":{"a":0,"k":[108,108,100],"ix":6}},"ao":0,"shapes":[{"ty":"gr","it":[{"ind":0,"ty":"sh","ix":1,"ks":{"a":0,"k":{"i":[[0,-10.02],[10.019,0],[0,10.019],[-10.019,0]],"o":[[0,10.019],[-10.019,0],[0,-10.02],[10.019,0]],"v":[[18.142,0],[0,18.142],[-18.142,0],[0,-18.142]],"c":true},"ix":2},"nm":"Path 1","mn":"ADBE Vector Shape - Group","hd":false},{"ty":"fl","c":{"a":0,"k":[0.847000002394,0.607999973671,0.501999978458,1],"ix":4},"o":{"a":0,"k":100,"ix":5},"r":1,"bm":0,"nm":"Fill 1","mn":"ADBE Vector Graphic - Fill","hd":false},{"ty":"tr","p":{"a":0,"k":[356.339,159.37],"ix":2},"a":{"a":0,"k":[0,0],"ix":1},"s":{"a":0,"k":[100,100],"ix":3},"r":{"a":0,"k":0,"ix":6},"o":{"a":0,"k":100,"ix":7},"sk":{"a":0,"k":0,"ix":4},"sa":{"a":0,"k":0,"ix":5},"nm":"Transform"}],"nm":"Group 1","np":2,"cix":2,"bm":0,"ix":1,"mn":"ADBE Vector Group","hd":false},{"ty":"gr","it":[{"ind":0,"ty":"sh","ix":1,"ks":{"a":0,"k":{"i":[[-4.592,10.488],[10.082,12.61],[15.781,0],[7.181,-13.606],[1.134,-3.024],[1.134,-19.275],[0.169,-10.377],[-14.74,7.559],[-2.886,19.12],[-3.559,6.804]],"o":[[6.476,-14.79],[-3.859,-4.827],[-12.684,0],[-7.181,13.606],[-1.134,3.023],[-1.135,19.275],[-0.249,15.297],[14.74,-7.559],[2.886,-19.121],[7.169,-13.708]],"v":[[36.429,-36.127],[37.732,-82.099],[16.329,-90.104],[-18.085,-59.187],[-27.912,-23.659],[-38.872,4.19],[-47.565,60.246],[-23.754,82.545],[7.376,37.037],[17.443,-3.018]],"c":true},"ix":2},"nm":"Path 1","mn":"ADBE Vector Shape - Group","hd":false},{"ty":"fl","c":{"a":0,"k":[0.847000002394,0.607999973671,0.501999978458,1],"ix":4},"o":{"a":0,"k":100,"ix":5},"r":1,"bm":0,"nm":"Fill 1","mn":"ADBE Vector Graphic - Fill","hd":false},{"ty":"tr","p":{"a":0,"k":[345.108,220.352],"ix":2},"a":{"a":0,"k":[0,0],"ix":1},"s":{"a":0,"k":[100,100],"ix":3},"r":{"a":0,"k":0,"ix":6},"o":{"a":0,"k":100,"ix":7},"sk":{"a":0,"k":0,"ix":4},"sa":{"a":0,"k":0,"ix":5},"nm":"Transform"}],"nm":"Group 2","np":2,"cix":2,"bm":0,"ix":2,"mn":"ADBE Vector Group","hd":false}],"ip":0,"op":150,"st":0,"bm":0},{"ddd":0,"ind":11,"ty":4,"nm":"body_skin","sr":1,"ks":{"o":{"a":0,"k":100,"ix":11},"r":{"a":0,"k":0,"ix":10},"p":{"a":1,"k":[{"i":{"x":0.487,"y":1},"o":{"x":0.333,"y":0},"t":9,"s":[531.621,366.228,0],"to":[0,22.167,0],"ti":[0,0,0]},{"i":{"x":0.667,"y":1},"o":{"x":0.515,"y":0},"t":84,"s":[531.621,499.228,0],"to":[0,0,0],"ti":[0,22.167,0]},{"t":133,"s":[531.621,366.228,0]}],"ix":2},"a":{"a":0,"k":[440.835,181.692,0],"ix":1},"s":{"a":1,"k":[{"i":{"x":[0.487,0.667,0.667],"y":[2.862,1,1]},"o":{"x":[0.333,0.333,0.333],"y":[0,0,0]},"t":9,"s":[108,108,100]},{"i":{"x":[0.667,0.667,0.667],"y":[1,1,1]},"o":{"x":[0.515,0.333,0.333],"y":[-1.223,0,0]},"t":84,"s":[108,84,100]},{"t":133,"s":[108,108,100]}],"ix":6}},"ao":0,"shapes":[{"ty":"gr","it":[{"ind":0,"ty":"sh","ix":1,"ks":{"a":0,"k":{"i":[[7.246,2.415],[11.271,4.775],[0,0],[0,0],[0,0],[11.271,-4.775],[7.246,-2.415],[0,-15.296],[-2.415,-10.868],[-2.818,-4.83],[-54.423,0],[-2.818,4.83],[-2.415,10.869],[0,15.296]],"o":[[-7.246,-2.415],[-11.271,-4.775],[0,0],[0,0],[0,0],[-11.271,4.775],[-7.246,2.415],[0,15.296],[2.415,10.869],[2.818,4.83],[54.422,0],[2.818,-4.83],[2.415,-10.868],[0,-15.296]],"v":[[74.388,-53.592],[53.858,-65.613],[33.329,-65.613],[0,-67.736],[-33.329,-65.613],[-53.858,-65.613],[-74.387,-53.592],[-93.708,-19.376],[-67.142,29.329],[-62.311,55.897],[0,70.387],[62.311,55.897],[67.142,29.329],[93.708,-19.376]],"c":true},"ix":2},"nm":"Path 1","mn":"ADBE Vector Shape - Group","hd":false},{"ty":"fl","c":{"a":0,"k":[0.847000002394,0.607999973671,0.501999978458,1],"ix":4},"o":{"a":0,"k":100,"ix":5},"r":1,"bm":0,"nm":"Fill 1","mn":"ADBE Vector Graphic - Fill","hd":false},{"ty":"tr","p":{"a":0,"k":[440.835,180.366],"ix":2},"a":{"a":0,"k":[0,0],"ix":1},"s":{"a":0,"k":[100,100],"ix":3},"r":{"a":0,"k":0,"ix":6},"o":{"a":0,"k":100,"ix":7},"sk":{"a":0,"k":0,"ix":4},"sa":{"a":0,"k":0,"ix":5},"nm":"Transform"}],"nm":"Group 1","np":2,"cix":2,"bm":0,"ix":1,"mn":"ADBE Vector Group","hd":false}],"ip":0,"op":150,"st":0,"bm":0},{"ddd":0,"ind":12,"ty":4,"nm":"lower_shirt","parent":11,"sr":1,"ks":{"o":{"a":0,"k":100,"ix":11},"r":{"a":0,"k":0,"ix":10},"p":{"a":0,"k":[440.986,273.688,0],"ix":2},"a":{"a":0,"k":[440.986,273.688,0],"ix":1},"s":{"a":0,"k":[100,100,100],"ix":6}},"ao":0,"shapes":[{"ty":"gr","it":[{"ind":0,"ty":"sh","ix":1,"ks":{"a":0,"k":{"i":[[0,0],[-0.267,-2.065],[-3.853,-12.394],[-8.126,-5.008],[-9.426,-0.144],[-5.292,4.131],[-7.776,18.062],[1.329,10.489],[0,0]],"o":[[0,0],[0.266,2.066],[3.853,12.395],[9.638,5.939],[10.908,0.167],[5.291,-4.132],[3.78,-8.78],[-1.33,-10.49],[0,0]],"v":[[-63.779,-43.16],[-66.467,-34.106],[-63.779,-3.143],[-38.194,34.815],[0.16,43.594],[33.995,35.59],[62.719,5.637],[66.303,-32.405],[47.495,-43.762]],"c":true},"ix":2},"nm":"Path 1","mn":"ADBE Vector Shape - Group","hd":false},{"ty":"fl","c":{"a":0,"k":[0.20800000359,0.238999998803,0.289999988032,1],"ix":4},"o":{"a":0,"k":100,"ix":5},"r":1,"bm":0,"nm":"Fill 1","mn":"ADBE Vector Graphic - Fill","hd":false},{"ty":"tr","p":{"a":0,"k":[440.825,273.769],"ix":2},"a":{"a":0,"k":[0,0],"ix":1},"s":{"a":0,"k":[100,100],"ix":3},"r":{"a":0,"k":0,"ix":6},"o":{"a":0,"k":100,"ix":7},"sk":{"a":0,"k":0,"ix":4},"sa":{"a":0,"k":0,"ix":5},"nm":"Transform"}],"nm":"Group 1","np":2,"cix":2,"bm":0,"ix":1,"mn":"ADBE Vector Group","hd":false}],"ip":0,"op":150,"st":0,"bm":0},{"ddd":0,"ind":13,"ty":4,"nm":"bench","sr":1,"ks":{"o":{"a":0,"k":100,"ix":11},"r":{"a":0,"k":0,"ix":10},"p":{"a":0,"k":[535.879,743.67,0],"ix":2},"a":{"a":0,"k":[444.777,531.176,0],"ix":1},"s":{"a":0,"k":[108,108,100],"ix":6}},"ao":0,"shapes":[{"ty":"gr","it":[{"ind":0,"ty":"sh","ix":1,"ks":{"a":0,"k":{"i":[[0,0],[0,0],[0,0],[0,0]],"o":[[0,0],[0,0],[0,0],[0,0]],"v":[[301.643,15.662],[-301.643,15.522],[-286.124,-15.662],[286.124,-15.662]],"c":true},"ix":2},"nm":"Path 1","mn":"ADBE Vector Shape - Group","hd":false},{"ty":"fl","c":{"a":0,"k":[0.866999966491,0.866999966491,0.866999966491,1],"ix":4},"o":{"a":0,"k":100,"ix":5},"r":1,"bm":0,"nm":"Fill 1","mn":"ADBE Vector Graphic - Fill","hd":false},{"ty":"tr","p":{"a":0,"k":[444.777,437.479],"ix":2},"a":{"a":0,"k":[0,0],"ix":1},"s":{"a":0,"k":[100,100],"ix":3},"r":{"a":0,"k":0,"ix":6},"o":{"a":0,"k":100,"ix":7},"sk":{"a":0,"k":0,"ix":4},"sa":{"a":0,"k":0,"ix":5},"nm":"Transform"}],"nm":"Group 1","np":2,"cix":2,"bm":0,"ix":1,"mn":"ADBE Vector Group","hd":false},{"ty":"gr","it":[{"ind":0,"ty":"sh","ix":1,"ks":{"a":0,"k":{"i":[[0,0],[0,0],[0,0],[0,0]],"o":[[0,0],[0,0],[0,0],[0,0]],"v":[[301.643,15.781],[-301.643,15.781],[-301.643,-15.781],[301.643,-15.781]],"c":true},"ix":2},"nm":"Path 1","mn":"ADBE Vector Shape - Group","hd":false},{"ty":"fl","c":{"a":0,"k":[0.783999992819,0.791999966491,0.8,1],"ix":4},"o":{"a":0,"k":100,"ix":5},"r":1,"bm":0,"nm":"Fill 1","mn":"ADBE Vector Graphic - Fill","hd":false},{"ty":"tr","p":{"a":0,"k":[444.777,467.673],"ix":2},"a":{"a":0,"k":[0,0],"ix":1},"s":{"a":0,"k":[100,100],"ix":3},"r":{"a":0,"k":0,"ix":6},"o":{"a":0,"k":100,"ix":7},"sk":{"a":0,"k":0,"ix":4},"sa":{"a":0,"k":0,"ix":5},"nm":"Transform"}],"nm":"Group 2","np":2,"cix":2,"bm":0,"ix":2,"mn":"ADBE Vector Group","hd":false},{"ty":"gr","it":[{"ind":0,"ty":"sh","ix":1,"ks":{"a":0,"k":{"i":[[0,0],[0,0],[0,0],[0,0]],"o":[[0,0],[0,0],[0,0],[0,0]],"v":[[-243.209,-3.672],[243.208,-3.672],[243.208,3.672],[-243.209,3.672]],"c":true},"ix":2},"nm":"Path 1","mn":"ADBE Vector Shape - Group","hd":false},{"ty":"fl","c":{"a":0,"k":[0.698000021542,0.709999952129,0.717999985639,1],"ix":4},"o":{"a":0,"k":100,"ix":5},"r":1,"bm":0,"nm":"Fill 1","mn":"ADBE Vector Graphic - Fill","hd":false},{"ty":"tr","p":{"a":0,"k":[449.393,560.917],"ix":2},"a":{"a":0,"k":[0,0],"ix":1},"s":{"a":0,"k":[100,100],"ix":3},"r":{"a":0,"k":0,"ix":6},"o":{"a":0,"k":100,"ix":7},"sk":{"a":0,"k":0,"ix":4},"sa":{"a":0,"k":0,"ix":5},"nm":"Transform"}],"nm":"Group 3","np":2,"cix":2,"bm":0,"ix":3,"mn":"ADBE Vector Group","hd":false},{"ty":"gr","it":[{"ind":0,"ty":"sh","ix":1,"ks":{"a":0,"k":{"i":[[0,0],[0,0],[0,0],[0,0]],"o":[[0,0],[0,0],[0,0],[0,0]],"v":[[-251.23,-5.412],[251.229,-5.412],[251.229,5.412],[-251.23,5.412]],"c":true},"ix":2},"nm":"Path 1","mn":"ADBE Vector Shape - Group","hd":false},{"ty":"fl","c":{"a":0,"k":[0.783999992819,0.791999966491,0.8,1],"ix":4},"o":{"a":0,"k":100,"ix":5},"r":1,"bm":0,"nm":"Fill 1","mn":"ADBE Vector Graphic - Fill","hd":false},{"ty":"tr","p":{"a":0,"k":[452.003,551.832],"ix":2},"a":{"a":0,"k":[0,0],"ix":1},"s":{"a":0,"k":[100,100],"ix":3},"r":{"a":0,"k":0,"ix":6},"o":{"a":0,"k":100,"ix":7},"sk":{"a":0,"k":0,"ix":4},"sa":{"a":0,"k":0,"ix":5},"nm":"Transform"}],"nm":"Group 4","np":2,"cix":2,"bm":0,"ix":4,"mn":"ADBE Vector Group","hd":false},{"ty":"gr","it":[{"ind":0,"ty":"sh","ix":1,"ks":{"a":0,"k":{"i":[[0,0],[0,0],[0,0],[0,0]],"o":[[0,0],[0,0],[0,0],[0,0]],"v":[[-3.672,87.951],[3.673,82.865],[3.673,-87.951],[-3.672,-87.951]],"c":true},"ix":2},"nm":"Path 1","mn":"ADBE Vector Shape - Group","hd":false},{"ty":"fl","c":{"a":0,"k":[0.698000021542,0.709999952129,0.717999985639,1],"ix":4},"o":{"a":0,"k":100,"ix":5},"r":1,"bm":0,"nm":"Fill 1","mn":"ADBE Vector Graphic - Fill","hd":false},{"ty":"tr","p":{"a":0,"k":[204.458,553.833],"ix":2},"a":{"a":0,"k":[0,0],"ix":1},"s":{"a":0,"k":[100,100],"ix":3},"r":{"a":0,"k":0,"ix":6},"o":{"a":0,"k":100,"ix":7},"sk":{"a":0,"k":0,"ix":4},"sa":{"a":0,"k":0,"ix":5},"nm":"Transform"}],"nm":"Group 5","np":2,"cix":2,"bm":0,"ix":5,"mn":"ADBE Vector Group","hd":false},{"ty":"gr","it":[{"ind":0,"ty":"sh","ix":1,"ks":{"a":0,"k":{"i":[[0,0],[0,0],[0,0],[0,0]],"o":[[0,0],[0,0],[0,0],[0,0]],"v":[[-5.413,87.951],[5.412,87.951],[5.412,-87.951],[-5.413,-87.951]],"c":true},"ix":2},"nm":"Path 1","mn":"ADBE Vector Shape - Group","hd":false},{"ty":"fl","c":{"a":0,"k":[0.783999992819,0.791999966491,0.8,1],"ix":4},"o":{"a":0,"k":100,"ix":5},"r":1,"bm":0,"nm":"Fill 1","mn":"ADBE Vector Graphic - Fill","hd":false},{"ty":"tr","p":{"a":0,"k":[195.374,553.833],"ix":2},"a":{"a":0,"k":[0,0],"ix":1},"s":{"a":0,"k":[100,100],"ix":3},"r":{"a":0,"k":0,"ix":6},"o":{"a":0,"k":100,"ix":7},"sk":{"a":0,"k":0,"ix":4},"sa":{"a":0,"k":0,"ix":5},"nm":"Transform"}],"nm":"Group 6","np":2,"cix":2,"bm":0,"ix":6,"mn":"ADBE Vector Group","hd":false},{"ty":"gr","it":[{"ind":0,"ty":"sh","ix":1,"ks":{"a":0,"k":{"i":[[0,0],[0,0],[0,0],[0,0]],"o":[[0,0],[0,0],[0,0],[0,0]],"v":[[3.672,87.951],[-3.673,82.865],[-3.673,-87.951],[3.672,-87.951]],"c":true},"ix":2},"nm":"Path 1","mn":"ADBE Vector Shape - Group","hd":false},{"ty":"fl","c":{"a":0,"k":[0.698000021542,0.709999952129,0.717999985639,1],"ix":4},"o":{"a":0,"k":100,"ix":5},"r":1,"bm":0,"nm":"Fill 1","mn":"ADBE Vector Graphic - Fill","hd":false},{"ty":"tr","p":{"a":0,"k":[689.078,553.833],"ix":2},"a":{"a":0,"k":[0,0],"ix":1},"s":{"a":0,"k":[100,100],"ix":3},"r":{"a":0,"k":0,"ix":6},"o":{"a":0,"k":100,"ix":7},"sk":{"a":0,"k":0,"ix":4},"sa":{"a":0,"k":0,"ix":5},"nm":"Transform"}],"nm":"Group 7","np":2,"cix":2,"bm":0,"ix":7,"mn":"ADBE Vector Group","hd":false},{"ty":"gr","it":[{"ind":0,"ty":"sh","ix":1,"ks":{"a":0,"k":{"i":[[0,0],[0,0],[0,0],[0,0]],"o":[[0,0],[0,0],[0,0],[0,0]],"v":[[5.412,87.951],[-5.412,87.951],[-5.412,-87.951],[5.412,-87.951]],"c":true},"ix":2},"nm":"Path 1","mn":"ADBE Vector Shape - Group","hd":false},{"ty":"fl","c":{"a":0,"k":[0.783999992819,0.791999966491,0.8,1],"ix":4},"o":{"a":0,"k":100,"ix":5},"r":1,"bm":0,"nm":"Fill 1","mn":"ADBE Vector Graphic - Fill","hd":false},{"ty":"tr","p":{"a":0,"k":[698.163,553.833],"ix":2},"a":{"a":0,"k":[0,0],"ix":1},"s":{"a":0,"k":[100,100],"ix":3},"r":{"a":0,"k":0,"ix":6},"o":{"a":0,"k":100,"ix":7},"sk":{"a":0,"k":0,"ix":4},"sa":{"a":0,"k":0,"ix":5},"nm":"Transform"}],"nm":"Group 8","np":2,"cix":2,"bm":0,"ix":8,"mn":"ADBE Vector Group","hd":false}],"ip":0,"op":150,"st":0,"bm":0},{"ddd":0,"ind":14,"ty":4,"nm":"hips","sr":1,"ks":{"o":{"a":0,"k":100,"ix":11},"r":{"a":0,"k":0,"ix":10},"p":{"a":1,"k":[{"i":{"x":0.487,"y":1},"o":{"x":0.333,"y":0},"t":9,"s":[531.645,512.757,0],"to":[0,9.167,0],"ti":[0,0,0]},{"i":{"x":0.667,"y":1},"o":{"x":0.515,"y":0},"t":84,"s":[531.645,567.757,0],"to":[0,0,0],"ti":[0,9.167,0]},{"t":133,"s":[531.645,512.757,0]}],"ix":2},"a":{"a":0,"k":[440.857,317.368,0],"ix":1},"s":{"a":0,"k":[108,108,100],"ix":6}},"ao":0,"shapes":[{"ty":"gr","it":[{"ind":0,"ty":"sh","ix":1,"ks":{"a":0,"k":{"i":[[5.024,11.099],[11.055,0],[2.268,0],[11.054,0],[5.025,-11.099],[-11.622,-12.721],[-27.801,0],[-11.622,12.72]],"o":[[-5.025,-11.099],[-11.055,0],[-2.268,0],[-11.056,0],[-5.025,11.098],[11.623,12.72],[31.37,0],[11.622,-12.721]],"v":[[66.542,-33.464],[38.006,-48.961],[0.482,-48.352],[-38.005,-48.961],[-66.361,-33.742],[-66.998,22.468],[0,48.96],[66.998,22.468]],"c":true},"ix":2},"nm":"Path 1","mn":"ADBE Vector Shape - Group","hd":false},{"ty":"fl","c":{"a":0,"k":[0.109999997008,0.113999998803,0.118000000598,1],"ix":4},"o":{"a":0,"k":100,"ix":5},"r":1,"bm":0,"nm":"Fill 1","mn":"ADBE Vector Graphic - Fill","hd":false},{"ty":"tr","p":{"a":0,"k":[440.825,317.368],"ix":2},"a":{"a":0,"k":[0,0],"ix":1},"s":{"a":0,"k":[100,100],"ix":3},"r":{"a":0,"k":0,"ix":6},"o":{"a":0,"k":100,"ix":7},"sk":{"a":0,"k":0,"ix":4},"sa":{"a":0,"k":0,"ix":5},"nm":"Transform"}],"nm":"Group 1","np":2,"cix":2,"bm":0,"ix":1,"mn":"ADBE Vector Group","hd":false}],"ip":0,"op":150,"st":0,"bm":0},{"ddd":0,"ind":15,"ty":4,"nm":"thigh","parent":14,"sr":1,"ks":{"o":{"a":0,"k":100,"ix":11},"r":{"a":0,"k":0,"ix":10},"p":{"a":0,"k":[401.569,351.344,0],"ix":2},"a":{"a":0,"k":[401.569,351.344,0],"ix":1},"s":{"a":0,"k":[100,100,100],"ix":6}},"ao":0,"shapes":[{"ty":"gr","it":[{"ind":0,"ty":"sh","ix":1,"ks":{"a":0,"k":{"i":[[12.816,4.535],[6.07,-11.167],[-2.122,-12.314],[-2.794,-4.92],[-8.94,19.099],[1.697,38.14]],"o":[[-11.93,-4.221],[-16.64,30.615],[2.828,16.414],[2.793,4.921],[7.871,-16.815],[-1.502,-33.771]],"v":[[13.111,-68.55],[-23.823,-62.241],[-24.346,24.042],[-11.729,58.682],[21.098,54.308],[38.766,-23.026]],"c":true},"ix":2},"nm":"Path 1","mn":"ADBE Vector Shape - Group","hd":false},{"ty":"fl","c":{"a":0,"k":[0.109999997008,0.113999998803,0.118000000598,1],"ix":4},"o":{"a":0,"k":100,"ix":5},"r":1,"bm":0,"nm":"Fill 1","mn":"ADBE Vector Graphic - Fill","hd":false},{"ty":"tr","p":{"a":0,"k":[398.036,354.222],"ix":2},"a":{"a":0,"k":[0,0],"ix":1},"s":{"a":0,"k":[100,100],"ix":3},"r":{"a":0,"k":0,"ix":6},"o":{"a":0,"k":100,"ix":7},"sk":{"a":0,"k":0,"ix":4},"sa":{"a":0,"k":0,"ix":5},"nm":"Transform"}],"nm":"Group 1","np":2,"cix":2,"bm":0,"ix":1,"mn":"ADBE Vector Group","hd":false}],"ip":0,"op":150,"st":0,"bm":0},{"ddd":0,"ind":16,"ty":4,"nm":"calf","sr":1,"ks":{"o":{"a":0,"k":100,"ix":11},"r":{"a":0,"k":0,"ix":10},"p":{"a":0,"k":[489.821,644.939,0],"ix":2},"a":{"a":0,"k":[402.131,439.758,0],"ix":1},"s":{"a":0,"k":[108,108,100],"ix":6}},"ao":0,"shapes":[{"ty":"gr","it":[{"ind":0,"ty":"sh","ix":1,"ks":{"a":0,"k":{"i":[[0,-6.351],[6.352,0],[0,6.351],[-6.35,0]],"o":[[0,6.351],[-6.35,0],[0,-6.351],[6.352,0]],"v":[[11.5,0],[0,11.499],[-11.5,0],[0,-11.499]],"c":true},"ix":2},"nm":"Path 1","mn":"ADBE Vector Shape - Group","hd":false},{"ty":"fl","c":{"a":0,"k":[0.109999997008,0.113999998803,0.118000000598,1],"ix":4},"o":{"a":0,"k":100,"ix":5},"r":1,"bm":0,"nm":"Fill 1","mn":"ADBE Vector Graphic - Fill","hd":false},{"ty":"tr","p":{"a":0,"k":[398.718,480.065],"ix":2},"a":{"a":0,"k":[0,0],"ix":1},"s":{"a":0,"k":[100,100],"ix":3},"r":{"a":0,"k":0,"ix":6},"o":{"a":0,"k":100,"ix":7},"sk":{"a":0,"k":0,"ix":4},"sa":{"a":0,"k":0,"ix":5},"nm":"Transform"}],"nm":"Group 1","np":2,"cix":2,"bm":0,"ix":1,"mn":"ADBE Vector Group","hd":false},{"ty":"gr","it":[{"ind":0,"ty":"sh","ix":1,"ks":{"a":0,"k":{"i":[[-5.037,14.808],[-3.472,-0.186],[11.711,-51.853],[4.378,-19.119],[6.554,0.594],[-0.023,6.943]],"o":[[6.412,-18.853],[6.245,0.335],[-3.92,17.356],[-2.488,10.864],[-7.463,-0.674],[0.023,-6.943]],"v":[[-21.036,-34.006],[2.184,-50.764],[14.362,6.093],[5.853,39.478],[-7.558,52.265],[-18.443,31.161]],"c":true},"ix":2},"nm":"Path 1","mn":"ADBE Vector Shape - Group","hd":false},{"ty":"fl","c":{"a":0,"k":[0.109999997008,0.113999998803,0.118000000598,1],"ix":4},"o":{"a":0,"k":100,"ix":5},"r":1,"bm":0,"nm":"Fill 1","mn":"ADBE Vector Graphic - Fill","hd":false},{"ty":"tr","p":{"a":0,"k":[404.365,438.855],"ix":2},"a":{"a":0,"k":[0,0],"ix":1},"s":{"a":0,"k":[100,100],"ix":3},"r":{"a":0,"k":0,"ix":6},"o":{"a":0,"k":100,"ix":7},"sk":{"a":0,"k":0,"ix":4},"sa":{"a":0,"k":0,"ix":5},"nm":"Transform"}],"nm":"Group 2","np":2,"cix":2,"bm":0,"ix":2,"mn":"ADBE Vector Group","hd":false}],"ip":0,"op":150,"st":0,"bm":0},{"ddd":0,"ind":17,"ty":4,"nm":"thigh_1","parent":14,"sr":1,"ks":{"o":{"a":0,"k":100,"ix":11},"r":{"a":0,"k":0,"ix":10},"p":{"a":0,"k":[477.871,351.344,0],"ix":2},"a":{"a":0,"k":[477.871,351.344,0],"ix":1},"s":{"a":0,"k":[100,100,100],"ix":6}},"ao":0,"shapes":[{"ty":"gr","it":[{"ind":0,"ty":"sh","ix":1,"ks":{"a":0,"k":{"i":[[-13.353,4.535],[-6.324,-11.167],[2.211,-12.314],[2.91,-4.92],[9.314,19.099],[-1.768,38.14]],"o":[[12.43,-4.221],[17.338,30.615],[-2.947,16.413],[-2.911,4.921],[-8.202,-16.815],[1.565,-33.771]],"v":[[-13.661,-68.55],[24.821,-62.241],[25.366,24.042],[12.221,58.682],[-21.982,54.308],[-40.391,-23.026]],"c":true},"ix":2},"nm":"Path 1","mn":"ADBE Vector Shape - Group","hd":false},{"ty":"fl","c":{"a":0,"k":[0.109999997008,0.113999998803,0.118000000598,1],"ix":4},"o":{"a":0,"k":100,"ix":5},"r":1,"bm":0,"nm":"Fill 1","mn":"ADBE Vector Graphic - Fill","hd":false},{"ty":"tr","p":{"a":0,"k":[481.553,354.222],"ix":2},"a":{"a":0,"k":[0,0],"ix":1},"s":{"a":0,"k":[100,100],"ix":3},"r":{"a":0,"k":0,"ix":6},"o":{"a":0,"k":100,"ix":7},"sk":{"a":0,"k":0,"ix":4},"sa":{"a":0,"k":0,"ix":5},"nm":"Transform"}],"nm":"Group 1","np":2,"cix":2,"bm":0,"ix":1,"mn":"ADBE Vector Group","hd":false}],"ip":0,"op":150,"st":0,"bm":0},{"ddd":0,"ind":18,"ty":4,"nm":"calf_1","sr":1,"ks":{"o":{"a":0,"k":100,"ix":11},"r":{"a":0,"k":0,"ix":10},"p":{"a":0,"k":[573.345,644.939,0],"ix":2},"a":{"a":0,"k":[479.468,439.758,0],"ix":1},"s":{"a":0,"k":[108,108,100],"ix":6}},"ao":0,"shapes":[{"ty":"gr","it":[{"ind":0,"ty":"sh","ix":1,"ks":{"a":0,"k":{"i":[[0,-6.351],[-6.351,0],[0,6.351],[6.351,0]],"o":[[0,6.351],[6.351,0],[0,-6.351],[-6.351,0]],"v":[[-11.499,0],[0,11.499],[11.5,0],[0,-11.499]],"c":true},"ix":2},"nm":"Path 1","mn":"ADBE Vector Shape - Group","hd":false},{"ty":"fl","c":{"a":0,"k":[0.109999997008,0.113999998803,0.118000000598,1],"ix":4},"o":{"a":0,"k":100,"ix":5},"r":1,"bm":0,"nm":"Fill 1","mn":"ADBE Vector Graphic - Fill","hd":false},{"ty":"tr","p":{"a":0,"k":[482.205,480.065],"ix":2},"a":{"a":0,"k":[0,0],"ix":1},"s":{"a":0,"k":[100,100],"ix":3},"r":{"a":0,"k":0,"ix":6},"o":{"a":0,"k":100,"ix":7},"sk":{"a":0,"k":0,"ix":4},"sa":{"a":0,"k":0,"ix":5},"nm":"Transform"}],"nm":"Group 1","np":2,"cix":2,"bm":0,"ix":1,"mn":"ADBE Vector Group","hd":false},{"ty":"gr","it":[{"ind":0,"ty":"sh","ix":1,"ks":{"a":0,"k":{"i":[[5.037,14.808],[3.471,-0.186],[-11.711,-51.853],[-4.379,-19.119],[-6.552,0.594],[0.024,6.943]],"o":[[-6.412,-18.853],[-6.245,0.335],[3.919,17.356],[2.487,10.864],[7.464,-0.674],[-0.023,-6.943]],"v":[[21.818,-34.006],[-2.965,-50.764],[-15.143,6.093],[-6.634,39.478],[6.775,52.265],[17.661,31.161]],"c":true},"ix":2},"nm":"Path 1","mn":"ADBE Vector Shape - Group","hd":false},{"ty":"fl","c":{"a":0,"k":[0.109999997008,0.113999998803,0.118000000598,1],"ix":4},"o":{"a":0,"k":100,"ix":5},"r":1,"bm":0,"nm":"Fill 1","mn":"ADBE Vector Graphic - Fill","hd":false},{"ty":"tr","p":{"a":0,"k":[477.339,438.855],"ix":2},"a":{"a":0,"k":[0,0],"ix":1},"s":{"a":0,"k":[100,100],"ix":3},"r":{"a":0,"k":0,"ix":6},"o":{"a":0,"k":100,"ix":7},"sk":{"a":0,"k":0,"ix":4},"sa":{"a":0,"k":0,"ix":5},"nm":"Transform"}],"nm":"Group 2","np":2,"cix":2,"bm":0,"ix":2,"mn":"ADBE Vector Group","hd":false}],"ip":0,"op":150,"st":0,"bm":0},{"ddd":0,"ind":19,"ty":4,"nm":"sole_1","sr":1,"ks":{"o":{"a":0,"k":100,"ix":11},"r":{"a":0,"k":0,"ix":10},"p":{"a":0,"k":[573.684,711.051,0],"ix":2},"a":{"a":0,"k":[479.781,500.973,0],"ix":1},"s":{"a":0,"k":[108,108,100],"ix":6}},"ao":0,"shapes":[{"ty":"gr","it":[{"ind":0,"ty":"sh","ix":1,"ks":{"a":0,"k":{"i":[[-0.414,1.052],[-0.525,0.038],[-0.801,-0.802],[-0.993,-0.141],[-1.941,4.669],[2.747,6.141],[-0.05,2.457],[0.389,-2.551],[-0.199,-2.985],[1.343,-10.317],[13.323,0],[0.85,7.511],[0,0],[0.062,-5.143],[-7.588,-0.998]],"o":[[0.193,-0.489],[1.972,-0.144],[0.993,0.992],[0.992,0.142],[1.941,-4.669],[-2.434,-5.443],[0,0],[-0.39,2.551],[0.2,2.985],[-0.972,7.47],[-13.323,0],[-0.85,-7.512],[0,0],[-0.059,4.771],[1.796,0.236]],"v":[[-6.662,18.688],[-5.488,17.829],[2.507,18.189],[4.644,21.431],[15.255,15.573],[14.196,-6.868],[15.071,-25.417],[15.937,-19.37],[15.023,-11.262],[18.968,12.644],[0.523,25.417],[-19.461,16.205],[-15.284,1.487],[-17.768,11.628],[-8.698,21.431]],"c":true},"ix":2},"nm":"Path 1","mn":"ADBE Vector Shape - Group","hd":false},{"ty":"fl","c":{"a":0,"k":[0.4,0.4,0.4,1],"ix":4},"o":{"a":0,"k":100,"ix":5},"r":1,"bm":0,"nm":"Fill 1","mn":"ADBE Vector Graphic - Fill","hd":false},{"ty":"tr","p":{"a":0,"k":[479.963,500.973],"ix":2},"a":{"a":0,"k":[0,0],"ix":1},"s":{"a":0,"k":[100,100],"ix":3},"r":{"a":0,"k":0,"ix":6},"o":{"a":0,"k":100,"ix":7},"sk":{"a":0,"k":0,"ix":4},"sa":{"a":0,"k":0,"ix":5},"nm":"Transform"}],"nm":"Group 1","np":2,"cix":2,"bm":0,"ix":1,"mn":"ADBE Vector Group","hd":false}],"ip":0,"op":150,"st":0,"bm":0},{"ddd":0,"ind":20,"ty":4,"nm":"foot_1","sr":1,"ks":{"o":{"a":0,"k":100,"ix":11},"r":{"a":0,"k":0,"ix":10},"p":{"a":0,"k":[573.313,705.091,0],"ix":2},"a":{"a":0,"k":[479.438,495.454,0],"ix":1},"s":{"a":0,"k":[108,108,100],"ix":6}},"ao":0,"shapes":[{"ty":"gr","it":[{"ind":0,"ty":"sh","ix":1,"ks":{"a":0,"k":{"i":[[-17.771,-0.425],[-3.779,2.645],[0.756,8.315],[-1.701,3.59],[11.338,2.457],[-0.756,-8.504],[2.091,-4.438]],"o":[[0,0],[3.78,-2.646],[-0.756,-8.315],[1.701,-3.59],[-11.339,-2.456],[0.755,8.504],[-6.789,14.413]],"v":[[0.843,30.263],[14.262,27.357],[19.431,9.405],[16.671,-12.878],[6.278,-27.806],[-9.974,-9.475],[-13.398,8.338]],"c":true},"ix":2},"nm":"Path 1","mn":"ADBE Vector Shape - Group","hd":false},{"ty":"fl","c":{"a":0,"k":[0.075,0.071000005685,0.067000003889,1],"ix":4},"o":{"a":0,"k":100,"ix":5},"r":1,"bm":0,"nm":"Fill 1","mn":"ADBE Vector Graphic - Fill","hd":false},{"ty":"tr","p":{"a":0,"k":[477.989,494.385],"ix":2},"a":{"a":0,"k":[0,0],"ix":1},"s":{"a":0,"k":[100,100],"ix":3},"r":{"a":0,"k":0,"ix":6},"o":{"a":0,"k":100,"ix":7},"sk":{"a":0,"k":0,"ix":4},"sa":{"a":0,"k":0,"ix":5},"nm":"Transform"}],"nm":"Group 1","np":2,"cix":2,"bm":0,"ix":1,"mn":"ADBE Vector Group","hd":false}],"ip":0,"op":150,"st":0,"bm":0},{"ddd":0,"ind":21,"ty":4,"nm":"sole","sr":1,"ks":{"o":{"a":0,"k":100,"ix":11},"r":{"a":0,"k":0,"ix":10},"p":{"a":0,"k":[488.726,711.051,0],"ix":2},"a":{"a":0,"k":[401.117,500.973,0],"ix":1},"s":{"a":0,"k":[108,108,100],"ix":6}},"ao":0,"shapes":[{"ty":"gr","it":[{"ind":0,"ty":"sh","ix":1,"ks":{"a":0,"k":{"i":[[0.414,1.052],[0.525,0.038],[0.802,-0.802],[0.992,-0.141],[1.941,4.669],[-2.746,6.141],[0.05,2.457],[-0.39,-2.551],[0.2,-2.985],[-1.342,-10.317],[-13.323,0],[-0.85,7.511],[0,0],[-0.063,-5.143],[7.588,-0.998]],"o":[[-0.192,-0.489],[-1.972,-0.144],[-0.992,0.992],[-0.992,0.142],[-1.941,-4.669],[2.434,-5.443],[0,0],[0.39,2.551],[-0.199,2.985],[0.972,7.47],[13.323,0],[0.85,-7.512],[0,0],[0.058,4.771],[-1.795,0.236]],"v":[[6.662,18.688],[5.488,17.829],[-2.507,18.189],[-4.643,21.431],[-15.255,15.573],[-14.196,-6.868],[-15.071,-25.417],[-15.936,-19.37],[-15.023,-11.262],[-18.968,12.644],[-0.523,25.417],[19.461,16.205],[15.284,1.487],[17.769,11.628],[8.698,21.431]],"c":true},"ix":2},"nm":"Path 1","mn":"ADBE Vector Shape - Group","hd":false},{"ty":"fl","c":{"a":0,"k":[0.4,0.4,0.4,1],"ix":4},"o":{"a":0,"k":100,"ix":5},"r":1,"bm":0,"nm":"Fill 1","mn":"ADBE Vector Graphic - Fill","hd":false},{"ty":"tr","p":{"a":0,"k":[400.935,500.973],"ix":2},"a":{"a":0,"k":[0,0],"ix":1},"s":{"a":0,"k":[100,100],"ix":3},"r":{"a":0,"k":0,"ix":6},"o":{"a":0,"k":100,"ix":7},"sk":{"a":0,"k":0,"ix":4},"sa":{"a":0,"k":0,"ix":5},"nm":"Transform"}],"nm":"Group 1","np":2,"cix":2,"bm":0,"ix":1,"mn":"ADBE Vector Group","hd":false}],"ip":0,"op":150,"st":0,"bm":0},{"ddd":0,"ind":22,"ty":4,"nm":"foot","sr":1,"ks":{"o":{"a":0,"k":100,"ix":11},"r":{"a":0,"k":0,"ix":10},"p":{"a":0,"k":[489.097,705.091,0],"ix":2},"a":{"a":0,"k":[401.46,495.454,0],"ix":1},"s":{"a":0,"k":[108,108,100],"ix":6}},"ao":0,"shapes":[{"ty":"gr","it":[{"ind":0,"ty":"sh","ix":1,"ks":{"a":0,"k":{"i":[[17.771,-0.425],[3.779,2.645],[-0.756,8.315],[1.701,3.59],[-11.339,2.457],[0.756,-8.504],[-2.09,-4.438]],"o":[[0,0],[-3.78,-2.646],[0.756,-8.315],[-1.701,-3.59],[11.338,-2.456],[-0.756,8.504],[6.79,14.413]],"v":[[-0.843,30.263],[-14.262,27.357],[-19.431,9.405],[-16.671,-12.878],[-6.277,-27.806],[9.975,-9.475],[13.398,8.338]],"c":true},"ix":2},"nm":"Path 1","mn":"ADBE Vector Shape - Group","hd":false},{"ty":"fl","c":{"a":0,"k":[0.075,0.071000005685,0.067000003889,1],"ix":4},"o":{"a":0,"k":100,"ix":5},"r":1,"bm":0,"nm":"Fill 1","mn":"ADBE Vector Graphic - Fill","hd":false},{"ty":"tr","p":{"a":0,"k":[402.91,494.385],"ix":2},"a":{"a":0,"k":[0,0],"ix":1},"s":{"a":0,"k":[100,100],"ix":3},"r":{"a":0,"k":0,"ix":6},"o":{"a":0,"k":100,"ix":7},"sk":{"a":0,"k":0,"ix":4},"sa":{"a":0,"k":0,"ix":5},"nm":"Transform"}],"nm":"Group 1","np":2,"cix":2,"bm":0,"ix":1,"mn":"ADBE Vector Group","hd":false}],"ip":0,"op":150,"st":0,"bm":0}],"markers":[]}