{"v":"5.6.3","fr":60,"ip":0,"op":190,"w":1100,"h":1100,"nm":"Archer Push-Up","ddd":0,"assets":[],"layers":[{"ddd":0,"ind":3,"ty":4,"nm":"head","parent":5,"sr":1,"ks":{"o":{"a":0,"k":100,"ix":11},"r":{"a":0,"k":0,"ix":10},"p":{"a":0,"k":[695.976,522.867,0],"ix":2},"a":{"a":0,"k":[695.976,522.867,0],"ix":1},"s":{"a":0,"k":[100,100,100],"ix":6}},"ao":0,"shapes":[{"ty":"gr","it":[{"ty":"gr","it":[{"ind":0,"ty":"sh","ix":1,"ks":{"a":0,"k":{"i":[[-1.146,0.979],[0.954,-0.598],[-0.388,1.239],[0.415,0.075],[-0.01,1.213],[0.893,1.173],[0.463,0.374],[-0.688,1.631],[0.421,-0.09],[0.646,1.502],[1.059,0.494],[0.086,0.864],[1.053,0.372],[1.936,1.597],[2.035,2.247],[1.369,1.08],[4.552,0.125],[0.841,0.49],[1.03,0.065],[0.378,1.136],[8.32,-9.624],[-0.019,-0.43],[0.06,0.376],[3.144,-6.898],[1.739,-3.778],[2.849,-5.377],[-0.572,0.345],[-1.743,6.866],[0.82,-10.129],[-3.176,-0.791],[-1.034,-0.923],[-0.267,0.237],[-3.611,1.225],[-2.43,-0.359],[-0.553,0.094],[-0.481,0.178],[-3.067,-5.14],[-3.933,-2.735],[-0.84,-0.3],[-0.873,0.234],[-3.449,4.407],[-0.994,1.783]],"o":[[-0.937,0.554],[0.095,-1.313],[-0.481,-0.029],[-1.277,-0.229],[0.009,-1.213],[-0.4,-0.527],[-1.342,-1.083],[-0.419,0.088],[-0.373,-1.587],[-0.946,0.641],[0.119,-0.859],[-1.111,-0.063],[-2.331,-0.823],[-2.361,-1.95],[-1.149,-1.269],[-3.463,-2.731],[-0.858,-0.024],[-0.843,-0.49],[-1.029,-0.066],[-12.96,-1.819],[-0.522,0.603],[0.019,0.429],[-4.473,5.117],[-1.945,4.268],[-3.039,6.602],[0.282,-0.532],[6.107,-3.685],[3.898,-15.351],[-0.166,2.046],[1.202,0.699],[-0.396,-0.353],[2.76,-2.449],[2.313,-0.784],[0.556,0.082],[0.507,-0.087],[7.397,-2.736],[3.244,5.435],[1.059,0.736],[0.842,0.299],[5.534,-1.48],[1.072,-1.369],[0.574,-1.032]],"v":[[54.645,12.051],[51.869,14.001],[52.614,10.184],[50.989,9.771],[49.753,7.681],[50.034,3.337],[48.195,2.71],[46.763,-1.222],[45.498,-0.958],[43.979,-5.569],[41.02,-5.329],[41.07,-7.897],[37.849,-8.584],[31.255,-11.706],[25.479,-18.655],[21.675,-22.049],[10.317,-27.225],[7.932,-27.433],[5.107,-29.779],[1.549,-30.486],[-29.74,-18.686],[-30.089,-17.699],[-29.44,-17.776],[-39.271,-2.181],[-47.054,19.181],[-54.644,32.305],[-51.717,30.732],[-36.888,13.716],[-22.2,11.959],[-21.399,19.081],[-18.18,21.57],[-12.177,16.387],[-3.149,10.713],[4.128,9.849],[5.802,9.943],[7.25,9.429],[23.568,21.255],[32.645,29.846],[34.169,30.465],[36.539,30.602],[49.299,21.039],[51.933,16.938]],"c":true},"ix":2},"nm":"Path 1","mn":"ADBE Vector Shape - Group","hd":false},{"ty":"fl","c":{"a":0,"k":[0.266999989748,0.172999992967,0.144999995828,1],"ix":4},"o":{"a":0,"k":100,"ix":5},"r":1,"bm":0,"nm":"Fill 1","mn":"ADBE Vector Graphic - Fill","hd":false},{"ty":"tr","p":{"a":0,"k":[546.357,251.226],"ix":2},"a":{"a":0,"k":[0,0],"ix":1},"s":{"a":0,"k":[100,100],"ix":3},"r":{"a":0,"k":0,"ix":6},"o":{"a":0,"k":100,"ix":7},"sk":{"a":0,"k":0,"ix":4},"sa":{"a":0,"k":0,"ix":5},"nm":"Transform"}],"nm":"Group 1","np":2,"cix":2,"bm":0,"ix":1,"mn":"ADBE Vector Group","hd":false},{"ty":"tr","p":{"a":0,"k":[695.976,487.1],"ix":2},"a":{"a":0,"k":[546.357,251.922],"ix":1},"s":{"a":0,"k":[128,128],"ix":3},"r":{"a":0,"k":0,"ix":6},"o":{"a":0,"k":100,"ix":7},"sk":{"a":0,"k":0,"ix":4},"sa":{"a":0,"k":0,"ix":5},"nm":"Transform"}],"nm":"hair","np":1,"cix":2,"bm":0,"ix":1,"mn":"ADBE Vector Group","hd":false},{"ty":"gr","it":[{"ty":"gr","it":[{"ind":0,"ty":"sh","ix":1,"ks":{"a":0,"k":{"i":[[4.638,-4.774],[5.599,-4.672],[0.727,1.031],[-1.859,-0.874],[-1.929,-1.573],[-1.285,1.29],[-0.037,1.678],[0.997,1.03],[0.347,1.866],[-1.377,-0.942],[-1.388,-1.182],[-1.633,-0.672],[-0.682,-0.009],[-2.404,3.38],[-3.243,0.825],[-0.568,-0.279]],"o":[[-5.067,5.216],[-1.389,-1.03],[-0.728,-1.031],[1.859,0.873],[1.93,1.573],[1.284,-1.29],[0.037,-1.676],[-1.289,-1.335],[-0.096,-0.518],[1.377,0.942],[1.13,0.961],[0.36,0.148],[2.229,-4.423],[2.401,-3.375],[0.437,-0.111],[-4.023,5.262]],"v":[[6.777,1.162],[-9.452,15.684],[-14.202,10.993],[-17.669,3.535],[-8.99,10.882],[-5.542,11.161],[-3.51,6.579],[-5.839,3.24],[-8.053,-1.221],[-6.893,-4.139],[-3.262,-0.194],[0.549,2.188],[3.41,3.244],[11.712,-12.096],[16.603,-15.574],[19.529,-14.18]],"c":true},"ix":2},"nm":"Path 1","mn":"ADBE Vector Shape - Group","hd":false},{"ty":"fl","c":{"a":0,"k":[0.787999987602,0.549000024796,0.458999991417,1],"ix":4},"o":{"a":0,"k":100,"ix":5},"r":1,"bm":0,"nm":"Fill 1","mn":"ADBE Vector Graphic - Fill","hd":false},{"ty":"tr","p":{"a":0,"k":[552.074,312.551],"ix":2},"a":{"a":0,"k":[0,0],"ix":1},"s":{"a":0,"k":[100,100],"ix":3},"r":{"a":0,"k":0,"ix":6},"o":{"a":0,"k":100,"ix":7},"sk":{"a":0,"k":0,"ix":4},"sa":{"a":0,"k":0,"ix":5},"nm":"Transform"}],"nm":"Group 1","np":2,"cix":2,"bm":0,"ix":1,"mn":"ADBE Vector Group","hd":false},{"ty":"gr","it":[{"ind":0,"ty":"sh","ix":1,"ks":{"a":0,"k":{"i":[[-0.822,-0.291],[0.563,-0.467],[1.079,1.145]],"o":[[-0.495,0.519],[-1.346,-1.31],[-1.078,-1.145]],"v":[[3.872,1.193],[2.285,2.673],[-2.794,-1.528]],"c":true},"ix":2},"nm":"Path 1","mn":"ADBE Vector Shape - Group","hd":false},{"ty":"fl","c":{"a":0,"k":[0.787999987602,0.549000024796,0.458999991417,1],"ix":4},"o":{"a":0,"k":100,"ix":5},"r":1,"bm":0,"nm":"Fill 1","mn":"ADBE Vector Graphic - Fill","hd":false},{"ty":"tr","p":{"a":0,"k":[533.983,330.87],"ix":2},"a":{"a":0,"k":[0,0],"ix":1},"s":{"a":0,"k":[100,100],"ix":3},"r":{"a":0,"k":0,"ix":6},"o":{"a":0,"k":100,"ix":7},"sk":{"a":0,"k":0,"ix":4},"sa":{"a":0,"k":0,"ix":5},"nm":"Transform"}],"nm":"Group 2","np":2,"cix":2,"bm":0,"ix":2,"mn":"ADBE Vector Group","hd":false},{"ty":"tr","p":{"a":0,"k":[702.354,568.169],"ix":2},"a":{"a":0,"k":[551.339,315.257],"ix":1},"s":{"a":0,"k":[128,128],"ix":3},"r":{"a":0,"k":0,"ix":6},"o":{"a":0,"k":100,"ix":7},"sk":{"a":0,"k":0,"ix":4},"sa":{"a":0,"k":0,"ix":5},"nm":"Transform"}],"nm":"head_shadow","np":2,"cix":2,"bm":0,"ix":2,"mn":"ADBE Vector Group","hd":false},{"ty":"gr","it":[{"ty":"gr","it":[{"ind":0,"ty":"sh","ix":1,"ks":{"a":0,"k":{"i":[[4.71,-5.447],[0.21,-0.205],[3.607,-3.059],[1.717,-1.412],[0.579,-0.476],[0.553,-0.473],[0.55,-0.456],[1.226,-0.813],[2.016,-0.435],[3.296,4.877],[2.097,5.502],[0.564,5.484],[-1.456,3.93],[-1.42,2.821],[-1.551,2.759],[-5.565,3.754],[-15.032,-5.909],[4.09,-9.045],[4.2,-6.327]],"o":[[-0.208,0.241],[-3.363,3.287],[-1.692,1.436],[-0.593,0.488],[-0.58,0.476],[-0.553,0.473],[-1.14,0.945],[-1.683,1.115],[-6.581,1.42],[-3.319,-4.909],[-1.94,-5.089],[-0.434,-4.224],[1.124,-3.033],[1.42,-2.821],[3.211,-5.714],[13.789,-9.302],[10.098,5.099],[-4.095,9.056],[-4.211,6.344]],"v":[[14.131,22.089],[13.507,22.678],[3.036,32.124],[-2.092,36.388],[-3.879,37.849],[-5.546,39.269],[-7.182,40.699],[-10.667,43.554],[-16.052,46.395],[-29.82,39.174],[-37.774,23.787],[-42.234,8.118],[-39.682,-4.002],[-35.723,-12.997],[-31.733,-21.126],[-20.01,-38.512],[22.169,-41.597],[38.579,-12.27],[26.997,6.943]],"c":true},"ix":2},"nm":"Path 1","mn":"ADBE Vector Shape - Group","hd":false},{"ty":"fl","c":{"a":0,"k":[0.847000002861,0.60799998045,0.501999974251,1],"ix":4},"o":{"a":0,"k":100,"ix":5},"r":1,"bm":0,"nm":"Fill 1","mn":"ADBE Vector Graphic - Fill","hd":false},{"ty":"tr","p":{"a":0,"k":[543.656,292.72],"ix":2},"a":{"a":0,"k":[0,0],"ix":1},"s":{"a":0,"k":[100,100],"ix":3},"r":{"a":0,"k":0,"ix":6},"o":{"a":0,"k":100,"ix":7},"sk":{"a":0,"k":0,"ix":4},"sa":{"a":0,"k":0,"ix":5},"nm":"Transform"}],"nm":"Group 1","np":2,"cix":2,"bm":0,"ix":1,"mn":"ADBE Vector Group","hd":false},{"ty":"gr","it":[{"ind":0,"ty":"sh","ix":1,"ks":{"a":0,"k":{"i":[[-2.286,5.509],[4.687,1.423],[1.689,-1.363],[0.547,-2.779],[0.24,-1.496],[-5.855,0.625]],"o":[[2.282,-5.497],[-2.678,-0.812],[-2.509,2.027],[-0.471,2.396],[-0.828,5.162],[3.705,-5.214]],"v":[[7.129,-3.151],[2.067,-13.918],[-3.93,-11.81],[-7.839,-3.207],[-8.504,5],[-3.555,14.105]],"c":true},"ix":2},"nm":"Path 1","mn":"ADBE Vector Shape - Group","hd":false},{"ty":"fl","c":{"a":0,"k":[0.847000002861,0.60799998045,0.501999974251,1],"ix":4},"o":{"a":0,"k":100,"ix":5},"r":1,"bm":0,"nm":"Fill 1","mn":"ADBE Vector Graphic - Fill","hd":false},{"ty":"tr","p":{"a":0,"k":[518.378,267.318],"ix":2},"a":{"a":0,"k":[0,0],"ix":1},"s":{"a":0,"k":[100,100],"ix":3},"r":{"a":0,"k":0,"ix":6},"o":{"a":0,"k":100,"ix":7},"sk":{"a":0,"k":0,"ix":4},"sa":{"a":0,"k":0,"ix":5},"nm":"Transform"}],"nm":"Group 2","np":2,"cix":2,"bm":0,"ix":2,"mn":"ADBE Vector Group","hd":false},{"ty":"tr","p":{"a":0,"k":[690.716,539.891],"ix":2},"a":{"a":0,"k":[542.247,293.165],"ix":1},"s":{"a":0,"k":[128,128],"ix":3},"r":{"a":0,"k":0,"ix":6},"o":{"a":0,"k":100,"ix":7},"sk":{"a":0,"k":0,"ix":4},"sa":{"a":0,"k":0,"ix":5},"nm":"Transform"}],"nm":"head_skin","np":2,"cix":2,"bm":0,"ix":3,"mn":"ADBE Vector Group","hd":false}],"ip":0,"op":240,"st":0,"bm":0},{"ddd":0,"ind":4,"ty":4,"nm":"arm","parent":8,"sr":1,"ks":{"o":{"a":0,"k":100,"ix":11},"r":{"a":1,"k":[{"i":{"x":[0.833],"y":[0.705]},"o":{"x":[0.333],"y":[0]},"t":9,"s":[0]},{"i":{"x":[0.54],"y":[1]},"o":{"x":[0.167],"y":[0.117]},"t":57,"s":[-3.353]},{"i":{"x":[0.833],"y":[0.876]},"o":{"x":[0.511],"y":[-0.075]},"t":106,"s":[-12]},{"i":{"x":[0.667],"y":[1]},"o":{"x":[0.167],"y":[0.277]},"t":144,"s":[-3.353]},{"t":177,"s":[0]}],"ix":10},"p":{"a":1,"k":[{"i":{"x":0.603,"y":1},"o":{"x":0.333,"y":0},"t":9,"s":[531.202,570.359,0],"to":[0.083,6.667,0],"ti":[0,0,0]},{"i":{"x":0.667,"y":1},"o":{"x":0.429,"y":0},"t":106,"s":[531.702,610.359,0],"to":[0,0,0],"ti":[0.083,6.667,0]},{"t":177,"s":[531.202,570.359,0]}],"ix":2},"a":{"a":0,"k":[417.626,316.968,0],"ix":1},"s":{"a":0,"k":[128,128,100],"ix":6}},"ao":0,"shapes":[{"ty":"gr","it":[{"ind":0,"ty":"sh","ix":1,"ks":{"a":0,"k":{"i":[[-13.091,-4.471],[-5.47,-11.717],[7.189,-5.865],[7.574,0.902],[9.921,-3.251],[8.719,-1.574],[7.369,-0.712],[7.286,0.915],[3.702,1.669],[2.378,4.946],[-0.509,4.495],[-5.683,3.315],[-6.242,3.185],[-6.629,2.564],[-7.771,0.965],[-3.349,1.315],[-3.49,2.258],[-4.311,1.095]],"o":[[11.636,3.974],[8.507,20.414],[-12.046,9.829],[-13.548,-1.613],[-8.541,2.799],[-6.879,1.242],[-6.969,0.673],[-3.782,-0.474],[-4.522,-2.04],[-1.97,-4.099],[0.866,-7.649],[6.054,-3.533],[6.282,-3.205],[7.535,-2.914],[3.554,-0.441],[3.36,-1.32],[3.502,-2.267],[12.573,-3.196]],"v":[[53.593,-37.908],[78.234,-12.934],[63.929,26.877],[28.344,34.783],[4.924,32.398],[-18.841,39.106],[-39.184,41.705],[-61.839,40.847],[-73.157,39.217],[-83.873,28.754],[-86.231,15.233],[-75.893,-0.29],[-56.149,-9.186],[-36.775,-18.038],[-13.093,-23.853],[-5.921,-25.785],[4.161,-32.617],[15.945,-37.934]],"c":true},"ix":2},"nm":"Path 1","mn":"ADBE Vector Shape - Group","hd":false},{"ty":"fl","c":{"a":0,"k":[0.847000002394,0.607999973671,0.501999978458,1],"ix":4},"o":{"a":0,"k":100,"ix":5},"r":1,"bm":0,"nm":"Fill 1","mn":"ADBE Vector Graphic - Fill","hd":false},{"ty":"tr","p":{"a":0,"k":[372.023,324.583],"ix":2},"a":{"a":0,"k":[0,0],"ix":1},"s":{"a":0,"k":[100,100],"ix":3},"r":{"a":0,"k":0,"ix":6},"o":{"a":0,"k":100,"ix":7},"sk":{"a":0,"k":0,"ix":4},"sa":{"a":0,"k":0,"ix":5},"nm":"Transform"}],"nm":"Group 1","np":2,"cix":2,"bm":0,"ix":1,"mn":"ADBE Vector Group","hd":false}],"ip":0,"op":240,"st":0,"bm":0},{"ddd":0,"ind":5,"ty":4,"nm":"neck","parent":8,"sr":1,"ks":{"o":{"a":0,"k":100,"ix":11},"r":{"a":1,"k":[{"i":{"x":[0.603],"y":[1]},"o":{"x":[0.333],"y":[0]},"t":9,"s":[0]},{"i":{"x":[0.667],"y":[1]},"o":{"x":[0.429],"y":[0.508]},"t":106,"s":[2]},{"t":177,"s":[0]}],"ix":10},"p":{"a":1,"k":[{"i":{"x":0.603,"y":1},"o":{"x":0.333,"y":0},"t":9,"s":[626.632,564.082,0],"to":[3.25,4.167,0],"ti":[0,0,0]},{"i":{"x":0.667,"y":1},"o":{"x":0.429,"y":0},"t":106,"s":[646.132,589.082,0],"to":[0,0,0],"ti":[3.25,4.167,0]},{"t":177,"s":[626.632,564.082,0]}],"ix":2},"a":{"a":0,"k":[626.632,564.082,0],"ix":1},"s":{"a":0,"k":[100,100,100],"ix":6}},"ao":0,"shapes":[{"ty":"gr","it":[{"ty":"gr","it":[{"ind":0,"ty":"sh","ix":1,"ks":{"a":0,"k":{"i":[[1.889,6.224],[0.599,-4.276],[-2.853,-2.208],[-2.313,0.72],[-1.48,2.198]],"o":[[-3.813,2.832],[-0.526,3.763],[2.853,2.208],[1.485,-2.244],[-1.896,-6.262]],"v":[[0.866,-13.863],[-4.614,-1.774],[-3.699,11.655],[2.029,11.43],[6.552,4.912]],"c":true},"ix":2},"nm":"Path 1","mn":"ADBE Vector Shape - Group","hd":false},{"ty":"fl","c":{"a":0,"k":[0.787999987602,0.549000024796,0.458999991417,1],"ix":4},"o":{"a":0,"k":100,"ix":5},"r":1,"bm":0,"nm":"Fill 1","mn":"ADBE Vector Graphic - Fill","hd":false},{"ty":"tr","p":{"a":0,"k":[512.798,270.038],"ix":2},"a":{"a":0,"k":[0,0],"ix":1},"s":{"a":0,"k":[100,100],"ix":3},"r":{"a":0,"k":0,"ix":6},"o":{"a":0,"k":100,"ix":7},"sk":{"a":0,"k":0,"ix":4},"sa":{"a":0,"k":0,"ix":5},"nm":"Transform"}],"nm":"Group 1","np":2,"cix":2,"bm":0,"ix":1,"mn":"ADBE Vector Group","hd":false},{"ty":"gr","it":[{"ind":0,"ty":"sh","ix":1,"ks":{"a":0,"k":{"i":[[-1.959,1.387],[-2.007,0.802],[-0.639,-0.08],[-0.663,0.235],[-0.638,-0.077],[0,0.108],[-1.463,5.257],[2.672,15.267],[0.642,1.566],[4.046,-4.575],[3.467,-5.859],[0.688,-4.534],[-0.993,-4.688],[-2.606,-2.172]],"o":[[1.783,-1.261],[0.625,-0.25],[0.669,-0.224],[0.632,-0.223],[0,-0.117],[-0.027,-5.698],[4.167,-14.973],[-0.296,-1.687],[-4.299,4.295],[-4.456,5.039],[-2.252,3.806],[-0.688,4.54],[0.877,4.138],[1.764,-1.663]],"v":[[-2.952,32.041],[2.997,29.399],[4.914,29.166],[6.917,28.486],[8.84,28.283],[8.839,27.933],[12.208,12.386],[14.32,-32.13],[12.85,-36.846],[0.147,-23.879],[-11.582,-7.565],[-16.304,4.67],[-14.948,18.269],[-8.509,36.846]],"c":true},"ix":2},"nm":"Path 1","mn":"ADBE Vector Shape - Group","hd":false},{"ty":"fl","c":{"a":0,"k":[0.787999987602,0.549000024796,0.458999991417,1],"ix":4},"o":{"a":0,"k":100,"ix":5},"r":1,"bm":0,"nm":"Fill 1","mn":"ADBE Vector Graphic - Fill","hd":false},{"ty":"tr","p":{"a":0,"k":[514.015,296.715],"ix":2},"a":{"a":0,"k":[0,0],"ix":1},"s":{"a":0,"k":[100,100],"ix":3},"r":{"a":0,"k":0,"ix":6},"o":{"a":0,"k":100,"ix":7},"sk":{"a":0,"k":0,"ix":4},"sa":{"a":0,"k":0,"ix":5},"nm":"Transform"}],"nm":"Group 2","np":2,"cix":2,"bm":0,"ix":2,"mn":"ADBE Vector Group","hd":false},{"ty":"tr","p":{"a":0,"k":[654.199,542.071],"ix":2},"a":{"a":0,"k":[513.718,294.868],"ix":1},"s":{"a":0,"k":[128,128],"ix":3},"r":{"a":0,"k":0,"ix":6},"o":{"a":0,"k":100,"ix":7},"sk":{"a":0,"k":0,"ix":4},"sa":{"a":0,"k":0,"ix":5},"nm":"Transform"}],"nm":"neck_shadow","np":2,"cix":2,"bm":0,"ix":1,"mn":"ADBE Vector Group","hd":false},{"ty":"gr","it":[{"ty":"gr","it":[{"ind":0,"ty":"sh","ix":1,"ks":{"a":0,"k":{"i":[[-13.784,0.517],[-2.747,0.966],[-2.56,2.301],[-7.622,0.775],[0.009,1.956],[-1.417,5.147],[3.114,14.848],[3.811,1.245],[4.761,-5.417],[6.307,-3.112],[4.065,-5.829]],"o":[[2.896,0.298],[3.247,-1.143],[6.024,-5.415],[-0.263,-1.909],[-0.029,-5.612],[4.036,-14.662],[-0.59,-2.814],[-6.959,-2.274],[-4.695,5.342],[-6.106,3.013],[-11.584,20.646]],"v":[[-8.976,43.239],[1.294,41.551],[9.545,35.469],[30.692,29.826],[30.544,24.788],[34.029,9.445],[36.35,-34.374],[32.64,-41.482],[7.604,-26.375],[-15.46,-5.889],[-27.88,5.015]],"c":true},"ix":2},"nm":"Path 1","mn":"ADBE Vector Shape - Group","hd":false},{"ty":"fl","c":{"a":0,"k":[0.847000002861,0.60799998045,0.501999974251,1],"ix":4},"o":{"a":0,"k":100,"ix":5},"r":1,"bm":0,"nm":"Fill 1","mn":"ADBE Vector Graphic - Fill","hd":false},{"ty":"tr","p":{"a":0,"k":[499.391,294.823],"ix":2},"a":{"a":0,"k":[0,0],"ix":1},"s":{"a":0,"k":[100,100],"ix":3},"r":{"a":0,"k":0,"ix":6},"o":{"a":0,"k":100,"ix":7},"sk":{"a":0,"k":0,"ix":4},"sa":{"a":0,"k":0,"ix":5},"nm":"Transform"}],"nm":"Group 1","np":2,"cix":2,"bm":0,"ix":1,"mn":"ADBE Vector Group","hd":false},{"ty":"gr","it":[{"ind":0,"ty":"sh","ix":1,"ks":{"a":0,"k":{"i":[[11.598,-8.192],[7.607,12.461],[-11.553,8.164],[-7.649,-12.37]],"o":[[-11.622,8.209],[-7.575,-12.407],[11.53,-8.147],[7.683,12.423]],"v":[[12.958,20.916],[-21.102,14.487],[-13.063,-20.979],[20.993,-15.227]],"c":true},"ix":2},"nm":"Path 1","mn":"ADBE Vector Shape - Group","hd":false},{"ty":"fl","c":{"a":0,"k":[0.847000002861,0.60799998045,0.501999974251,1],"ix":4},"o":{"a":0,"k":100,"ix":5},"r":1,"bm":0,"nm":"Fill 1","mn":"ADBE Vector Graphic - Fill","hd":false},{"ty":"tr","p":{"a":0,"k":[492.648,312.47],"ix":2},"a":{"a":0,"k":[0,0],"ix":1},"s":{"a":0,"k":[100,100],"ix":3},"r":{"a":0,"k":0,"ix":6},"o":{"a":0,"k":100,"ix":7},"sk":{"a":0,"k":0,"ix":4},"sa":{"a":0,"k":0,"ix":5},"nm":"Transform"}],"nm":"Group 2","np":2,"cix":2,"bm":0,"ix":2,"mn":"ADBE Vector Group","hd":false},{"ty":"tr","p":{"a":0,"k":[639.882,543.082],"ix":2},"a":{"a":0,"k":[502.533,295.658],"ix":1},"s":{"a":0,"k":[128,128],"ix":3},"r":{"a":0,"k":0,"ix":6},"o":{"a":0,"k":100,"ix":7},"sk":{"a":0,"k":0,"ix":4},"sa":{"a":0,"k":0,"ix":5},"nm":"Transform"}],"nm":"neck_skin","np":2,"cix":2,"bm":0,"ix":2,"mn":"ADBE Vector Group","hd":false}],"ip":0,"op":240,"st":0,"bm":0},{"ddd":0,"ind":6,"ty":4,"nm":"hand","parent":7,"sr":1,"ks":{"o":{"a":0,"k":100,"ix":11},"r":{"a":1,"k":[{"i":{"x":[0.833],"y":[1]},"o":{"x":[0.333],"y":[0]},"t":9,"s":[0]},{"i":{"x":[0.833],"y":[1]},"o":{"x":[0.167],"y":[0]},"t":106,"s":[81]},{"t":177,"s":[0]}],"ix":10},"p":{"a":0,"k":[310.121,449.036,0],"ix":2},"a":{"a":0,"k":[393.595,739.406,0],"ix":1},"s":{"a":0,"k":[78.125,78.125,100],"ix":6}},"ao":0,"shapes":[{"ty":"gr","it":[{"ty":"gr","it":[{"ind":0,"ty":"sh","ix":1,"ks":{"a":1,"k":[{"i":{"x":0.833,"y":0.833},"o":{"x":0.333,"y":0},"t":9,"s":[{"i":[[2.957,7.739],[0.213,0.28],[0.062,0.379],[-0.084,0.067],[-0.048,0.232],[0.017,0.117],[0.022,0.142],[0.054,0.118],[0.696,0.854],[3.523,1.718],[3.356,1.636],[2.295,-0.552],[2.117,-0.292],[1.056,-0.338],[2.178,-0.671],[2.584,-4.436],[-3.126,-4.702],[-0.931,-1.022],[-2.12,-0.105],[-2.631,0.035],[-2.506,0.289],[-0.485,-0.087],[-0.472,-0.235],[-3.05,-0.507],[-1.359,0.541],[-0.495,0.415],[-0.202,0.766],[-0.916,-0.659],[-3.11,-0.083],[-1.07,1.814]],"o":[[-0.179,-0.303],[-0.2,-0.262],[0.038,0.232],[0.188,-0.153],[0.023,-0.116],[-0.022,-0.141],[-0.019,-0.127],[-0.454,-0.987],[-0.834,-1.023],[-3.356,-1.637],[-2.122,-1.035],[-2.074,0.499],[-1.082,0.149],[-2.17,0.694],[-4.517,1.39],[-2.833,4.862],[0.764,1.149],[1.534,1.677],[2.657,0.132],[2.502,-0.034],[0.489,-0.055],[0.519,0.093],[2.766,1.381],[1.442,0.24],[0.6,-0.238],[0.594,-0.497],[0.173,-0.66],[2.527,1.817],[2.091,0.056],[1.048,0.617]],"v":[[34.584,8.599],[34.109,7.632],[33.517,6.908],[34.566,6.613],[35.29,5.816],[35.277,5.462],[35.213,5.036],[35.12,4.661],[32.711,1.914],[12.121,-10.973],[2.052,-15.884],[-4.708,-17.429],[-10.51,-15.57],[-13.607,-14.766],[-20.189,-12.896],[-34.707,-5.23],[-34.144,10.041],[-31.535,13.251],[-23.623,15.35],[-15.768,14.886],[-8.249,14.205],[-6.777,14.18],[-5.313,14.758],[3.478,17.611],[7.807,17.439],[9.448,16.423],[10.816,14.494],[11.734,13.753],[20.126,17.334],[25.319,13.999]],"c":true}]},{"i":{"x":0.667,"y":1},"o":{"x":0.167,"y":0.167},"t":57,"s":[{"i":[[1.918,5.62],[0.213,0.28],[0.062,0.379],[-0.084,0.067],[-0.048,0.232],[0.017,0.117],[0.022,0.142],[0.054,0.118],[2.11,4.177],[3.662,1.016],[3.356,1.636],[2.295,-0.552],[2.117,-0.292],[1.056,-0.338],[2.178,-0.671],[2.584,-4.436],[-3.126,-4.702],[-0.931,-1.022],[-2.12,-0.105],[-2.631,0.035],[-2.506,0.289],[-0.485,-0.087],[-0.472,-0.235],[-3.05,-0.507],[-1.359,0.541],[-0.495,0.415],[-0.968,0.435],[-1.005,-0.466],[-3.11,-0.083],[-1.207,2.409]],"o":[[-0.179,-0.303],[-0.2,-0.262],[0.038,0.232],[0.188,-0.153],[0.023,-0.116],[-0.022,-0.141],[-0.019,-0.127],[-0.11,-0.769],[0.808,-1.66],[-1.635,-2.725],[-2.122,-1.035],[-2.074,0.499],[-1.082,0.149],[-2.17,0.694],[-4.517,1.39],[-2.833,4.862],[0.764,1.149],[1.534,1.677],[2.657,0.132],[2.502,-0.034],[0.489,-0.055],[0.519,0.093],[2.766,1.381],[1.442,0.24],[0.6,-0.238],[0.594,-0.497],[0.423,-0.353],[1.842,1.058],[2.091,0.056],[1.993,0.345]],"v":[[10.827,4.424],[10.353,3.316],[10.44,2.86],[11.49,2.566],[12.213,1.769],[12.201,1.415],[12.103,0.997],[12.043,0.614],[7.304,-4.629],[3.354,-10.816],[-5.261,-13.893],[-10.269,-14.226],[-14.101,-13.912],[-16.616,-13.664],[-20.189,-12.896],[-34.707,-5.23],[-34.144,10.041],[-31.535,13.251],[-27.908,15.182],[-23.796,15.702],[-18.919,15.544],[-17.582,15.55],[-15.984,15.461],[-10.489,14.537],[-5.361,14.34],[-3.11,13.227],[-0.397,8.582],[-10.882,7.793],[-4.983,9.596],[0.901,7.63]],"c":true}]},{"i":{"x":0.833,"y":0.833},"o":{"x":0.333,"y":0},"t":106,"s":[{"i":[[0.847,3.434],[0.213,0.28],[0.062,0.379],[-0.084,0.067],[-0.048,0.232],[0.017,0.117],[0.022,0.142],[0.054,0.118],[0.696,0.854],[3.805,0.292],[3.356,1.636],[2.295,-0.552],[2.117,-0.292],[1.056,-0.338],[2.178,-0.671],[2.584,-4.436],[-3.126,-4.702],[-0.931,-1.022],[-2.12,-0.105],[-2.631,0.035],[-2.506,0.289],[-0.485,-0.087],[0.449,0.194],[-3.05,-0.507],[-1.359,0.541],[-0.646,0.018],[-1.757,0.093],[-1.128,0.017],[-1.686,0.176],[-2.132,0.589]],"o":[[-0.179,-0.303],[-0.2,-0.262],[0.038,0.232],[0.188,-0.153],[0.023,-0.116],[-0.022,-0.141],[-0.019,-0.127],[-0.454,-0.987],[2.502,-2.317],[0.139,-3.847],[-2.122,-1.035],[-2.074,0.499],[-1.082,0.149],[-2.17,0.694],[-4.517,1.39],[-2.833,4.862],[0.764,1.149],[1.534,1.677],[2.657,0.132],[2.502,-0.034],[0.489,-0.055],[0.519,0.093],[2.766,1.381],[1.442,0.24],[0.6,-0.238],[1.078,-0.03],[0.681,-0.036],[0.927,-0.191],[2.08,-0.217],[2.968,0.064]],"v":[[40.542,14.231],[40.068,12.978],[40.857,12.799],[41.907,12.505],[42.63,11.708],[42.618,11.354],[42.486,10.945],[42.46,10.553],[33.789,5.524],[20.171,-1.806],[3.277,-6.83],[-5.691,-12.38],[-10.51,-15.57],[-13.607,-14.766],[-20.189,-12.896],[-34.707,-5.23],[-37.536,6.261],[-33.581,10.485],[-25.341,13.079],[-16.5,12.097],[-8.539,12.606],[-6.273,13.576],[-5.313,14.758],[1.936,19.419],[7.889,19.198],[11.6,19.187],[15.695,19.128],[18.431,18.995],[21.808,18.516],[28.406,17.962]],"c":true}]},{"i":{"x":0.667,"y":1},"o":{"x":0.167,"y":0.167},"t":144,"s":[{"i":[[1.918,5.62],[0.213,0.28],[0.062,0.379],[-0.084,0.067],[-0.048,0.232],[0.017,0.117],[0.022,0.142],[0.054,0.118],[2.11,4.177],[3.662,1.016],[3.356,1.636],[2.295,-0.552],[2.117,-0.292],[1.056,-0.338],[2.178,-0.671],[2.584,-4.436],[-3.126,-4.702],[-0.931,-1.022],[-2.12,-0.105],[-2.631,0.035],[-2.506,0.289],[-0.485,-0.087],[-0.472,-0.235],[-3.05,-0.507],[-1.359,0.541],[-0.495,0.415],[-0.968,0.435],[-1.005,-0.466],[-3.11,-0.083],[-1.207,2.409]],"o":[[-0.179,-0.303],[-0.2,-0.262],[0.038,0.232],[0.188,-0.153],[0.023,-0.116],[-0.022,-0.141],[-0.019,-0.127],[-0.11,-0.769],[0.808,-1.66],[-1.635,-2.725],[-2.122,-1.035],[-2.074,0.499],[-1.082,0.149],[-2.17,0.694],[-4.517,1.39],[-2.833,4.862],[0.764,1.149],[1.534,1.677],[2.657,0.132],[2.502,-0.034],[0.489,-0.055],[0.519,0.093],[2.766,1.381],[1.442,0.24],[0.6,-0.238],[0.594,-0.497],[0.423,-0.353],[1.842,1.058],[2.091,0.056],[1.993,0.345]],"v":[[10.827,4.424],[10.353,3.316],[10.44,2.86],[11.49,2.566],[12.213,1.769],[12.201,1.415],[12.103,0.997],[12.043,0.614],[7.304,-4.629],[3.354,-10.816],[-5.261,-13.893],[-10.269,-14.226],[-14.101,-13.912],[-16.616,-13.664],[-20.189,-12.896],[-34.707,-5.23],[-34.144,10.041],[-31.535,13.251],[-27.908,15.182],[-23.796,15.702],[-18.919,15.544],[-17.582,15.55],[-15.984,15.461],[-10.489,14.537],[-5.361,14.34],[-3.11,13.227],[-0.397,8.582],[-10.882,7.793],[-4.983,9.596],[0.901,7.63]],"c":true}]},{"t":177,"s":[{"i":[[2.957,7.739],[0.213,0.28],[0.062,0.379],[-0.084,0.067],[-0.048,0.232],[0.017,0.117],[0.022,0.142],[0.054,0.118],[0.696,0.854],[3.523,1.718],[3.356,1.636],[2.295,-0.552],[2.117,-0.292],[1.056,-0.338],[2.178,-0.671],[2.584,-4.436],[-3.126,-4.702],[-0.931,-1.022],[-2.12,-0.105],[-2.631,0.035],[-2.506,0.289],[-0.485,-0.087],[-0.472,-0.235],[-3.05,-0.507],[-1.359,0.541],[-0.495,0.415],[-0.202,0.766],[-0.916,-0.659],[-3.11,-0.083],[-1.07,1.814]],"o":[[-0.179,-0.303],[-0.2,-0.262],[0.038,0.232],[0.188,-0.153],[0.023,-0.116],[-0.022,-0.141],[-0.019,-0.127],[-0.454,-0.987],[-0.834,-1.023],[-3.356,-1.637],[-2.122,-1.035],[-2.074,0.499],[-1.082,0.149],[-2.17,0.694],[-4.517,1.39],[-2.833,4.862],[0.764,1.149],[1.534,1.677],[2.657,0.132],[2.502,-0.034],[0.489,-0.055],[0.519,0.093],[2.766,1.381],[1.442,0.24],[0.6,-0.238],[0.594,-0.497],[0.173,-0.66],[2.527,1.817],[2.091,0.056],[1.048,0.617]],"v":[[34.584,8.599],[34.109,7.632],[33.517,6.908],[34.566,6.613],[35.29,5.816],[35.277,5.462],[35.213,5.036],[35.12,4.661],[32.711,1.914],[12.121,-10.973],[2.052,-15.884],[-4.708,-17.429],[-10.51,-15.57],[-13.607,-14.766],[-20.189,-12.896],[-34.707,-5.23],[-34.144,10.041],[-31.535,13.251],[-23.623,15.35],[-15.768,14.886],[-8.249,14.205],[-6.777,14.18],[-5.313,14.758],[3.478,17.611],[7.807,17.439],[9.448,16.423],[10.816,14.494],[11.734,13.753],[20.126,17.334],[25.319,13.999]],"c":true}]}],"ix":2},"nm":"Path 1","mn":"ADBE Vector Shape - Group","hd":false},{"ty":"fl","c":{"a":0,"k":[0.847000002861,0.60799998045,0.501999974251,1],"ix":4},"o":{"a":0,"k":100,"ix":5},"r":1,"bm":0,"nm":"Fill 1","mn":"ADBE Vector Graphic - Fill","hd":false},{"ty":"tr","p":{"a":0,"k":[334.635,446.964],"ix":2},"a":{"a":0,"k":[0,0],"ix":1},"s":{"a":0,"k":[100,100],"ix":3},"r":{"a":0,"k":0,"ix":6},"o":{"a":0,"k":100,"ix":7},"sk":{"a":0,"k":0,"ix":4},"sa":{"a":0,"k":0,"ix":5},"nm":"Transform"}],"nm":"Group 1","np":2,"cix":2,"bm":0,"ix":1,"mn":"ADBE Vector Group","hd":false},{"ty":"tr","p":{"a":0,"k":[422.095,733.406],"ix":2},"a":{"a":0,"k":[332.387,444.349],"ix":1},"s":{"a":0,"k":[128,128],"ix":3},"r":{"a":0,"k":0,"ix":6},"o":{"a":0,"k":100,"ix":7},"sk":{"a":0,"k":0,"ix":4},"sa":{"a":0,"k":0,"ix":5},"nm":"Transform"}],"nm":"hand","np":1,"cix":2,"bm":0,"ix":1,"mn":"ADBE Vector Group","hd":false},{"ty":"gr","it":[{"ty":"gr","it":[{"ind":0,"ty":"sh","ix":1,"ks":{"a":1,"k":[{"i":{"x":0.833,"y":0.833},"o":{"x":0.333,"y":0},"t":9,"s":[{"i":[[0.858,-0.62],[0.17,-0.521],[0.083,-0.313],[0.266,-0.383],[0.502,-0.233],[1.191,-0.113],[4.531,0.427],[0.27,0.028],[1.191,0.537],[0.163,2.417],[-3.296,1.451],[-4.269,1.008],[-4.258,-0.931],[-4.249,-0.763],[-0.851,-0.286],[0.294,-0.819],[0.685,-0.537],[1.865,-0.383],[2.598,-0.292],[0.934,-0.414]],"o":[[-0.444,0.32],[-0.1,0.309],[-0.119,0.451],[-0.304,0.436],[-1.085,0.503],[-4.53,0.433],[-0.27,-0.025],[-1.299,-0.138],[-2.208,-0.995],[-0.278,-4.095],[4.01,-1.767],[4.297,-1.013],[4.231,0.927],[1.698,0.305],[0.851,0.286],[-0.294,0.821],[-1.499,1.172],[-2.564,0.525],[-1.06,0.118],[-0.95,0.421]],"v":[[4.504,4.281],[3.468,5.522],[3.279,6.477],[2.624,7.701],[0.75,8.79],[-2.737,9.555],[-16.37,9.563],[-17.179,9.482],[-20.987,8.629],[-24.935,2.947],[-18.824,-4.677],[-6.416,-8.978],[6.559,-8.52],[19.213,-5.773],[24.362,-5.365],[24.615,-2.865],[23.038,-0.825],[17.777,1.255],[10.008,2.326],[7.424,3.139]],"c":true}]},{"i":{"x":0.667,"y":1},"o":{"x":0.167,"y":0.167},"t":57,"s":[{"i":[[0.858,-0.62],[0.17,-0.521],[0.083,-0.313],[0.266,-0.383],[0.502,-0.233],[1.191,-0.113],[4.531,0.427],[0.27,0.028],[1.191,0.537],[0.163,2.417],[-3.296,1.451],[-4.269,1.008],[-4.258,-0.931],[-4.249,-0.763],[-0.851,-0.286],[0.294,-0.819],[0.685,-0.537],[1.865,-0.383],[2.598,-0.292],[0.934,-0.414]],"o":[[-0.444,0.32],[-0.1,0.309],[-0.119,0.451],[-0.304,0.436],[-1.085,0.503],[-4.53,0.433],[-0.27,-0.025],[-1.299,-0.138],[-2.208,-0.995],[-0.278,-4.095],[4.01,-1.767],[4.297,-1.013],[4.231,0.927],[1.698,0.305],[0.851,0.286],[-0.294,0.821],[-1.499,1.172],[-2.564,0.525],[-1.06,0.118],[-0.95,0.421]],"v":[[-14.137,4.419],[-15.173,5.66],[-15.362,6.614],[-16.017,7.839],[-17.891,8.928],[-21.378,9.693],[-35.011,9.701],[-35.82,9.62],[-39.628,8.767],[-43.576,3.085],[-37.465,-4.539],[-25.057,-8.84],[-12.082,-8.382],[0.572,-5.636],[5.721,-5.227],[5.974,-2.727],[4.397,-0.687],[-0.864,1.393],[-8.633,2.464],[-11.217,3.277]],"c":true}]},{"i":{"x":0.833,"y":0.833},"o":{"x":0.333,"y":0},"t":106,"s":[{"i":[[0.858,-0.62],[0.17,-0.521],[0.083,-0.313],[0.266,-0.383],[0.502,-0.233],[1.191,-0.113],[4.531,0.427],[0.27,0.028],[1.191,0.537],[0.163,2.417],[-3.296,1.451],[-4.269,1.008],[-4.258,-0.931],[-4.249,-0.763],[-0.851,-0.286],[0.294,-0.819],[0.685,-0.537],[1.865,-0.383],[2.598,-0.292],[0.934,-0.414]],"o":[[-0.444,0.32],[-0.1,0.309],[-0.119,0.451],[-0.304,0.436],[-1.085,0.503],[-4.53,0.433],[-0.27,-0.025],[-1.299,-0.138],[-2.208,-0.995],[-0.278,-4.095],[4.01,-1.767],[4.297,-1.013],[4.231,0.927],[1.698,0.305],[0.851,0.286],[-0.294,0.821],[-1.499,1.172],[-2.564,0.525],[-1.06,0.118],[-0.95,0.421]],"v":[[-5.513,6.921],[-6.549,8.162],[-6.738,9.116],[-7.393,10.341],[-9.267,11.43],[-12.754,12.195],[-26.387,12.203],[-27.196,12.122],[-31.004,11.269],[-34.952,5.587],[-28.841,-2.037],[-16.433,-6.338],[-3.458,-5.88],[9.196,-3.134],[14.345,-2.725],[14.598,-0.225],[13.021,1.815],[7.76,3.895],[-0.009,4.966],[-2.593,5.779]],"c":true}]},{"i":{"x":0.667,"y":1},"o":{"x":0.167,"y":0.167},"t":144,"s":[{"i":[[0.858,-0.62],[0.17,-0.521],[0.083,-0.313],[0.266,-0.383],[0.502,-0.233],[1.191,-0.113],[4.531,0.427],[0.27,0.028],[1.191,0.537],[0.163,2.417],[-3.296,1.451],[-4.269,1.008],[-4.258,-0.931],[-4.249,-0.763],[-0.851,-0.286],[0.294,-0.819],[0.685,-0.537],[1.865,-0.383],[2.598,-0.292],[0.934,-0.414]],"o":[[-0.444,0.32],[-0.1,0.309],[-0.119,0.451],[-0.304,0.436],[-1.085,0.503],[-4.53,0.433],[-0.27,-0.025],[-1.299,-0.138],[-2.208,-0.995],[-0.278,-4.095],[4.01,-1.767],[4.297,-1.013],[4.231,0.927],[1.698,0.305],[0.851,0.286],[-0.294,0.821],[-1.499,1.172],[-2.564,0.525],[-1.06,0.118],[-0.95,0.421]],"v":[[-14.137,4.419],[-15.173,5.66],[-15.362,6.614],[-16.017,7.839],[-17.891,8.928],[-21.378,9.693],[-35.011,9.701],[-35.82,9.62],[-39.628,8.767],[-43.576,3.085],[-37.465,-4.539],[-25.057,-8.84],[-12.082,-8.382],[0.572,-5.636],[5.721,-5.227],[5.974,-2.727],[4.397,-0.687],[-0.864,1.393],[-8.633,2.464],[-11.217,3.277]],"c":true}]},{"t":177,"s":[{"i":[[0.858,-0.62],[0.17,-0.521],[0.083,-0.313],[0.266,-0.383],[0.502,-0.233],[1.191,-0.113],[4.531,0.427],[0.27,0.028],[1.191,0.537],[0.163,2.417],[-3.296,1.451],[-4.269,1.008],[-4.258,-0.931],[-4.249,-0.763],[-0.851,-0.286],[0.294,-0.819],[0.685,-0.537],[1.865,-0.383],[2.598,-0.292],[0.934,-0.414]],"o":[[-0.444,0.32],[-0.1,0.309],[-0.119,0.451],[-0.304,0.436],[-1.085,0.503],[-4.53,0.433],[-0.27,-0.025],[-1.299,-0.138],[-2.208,-0.995],[-0.278,-4.095],[4.01,-1.767],[4.297,-1.013],[4.231,0.927],[1.698,0.305],[0.851,0.286],[-0.294,0.821],[-1.499,1.172],[-2.564,0.525],[-1.06,0.118],[-0.95,0.421]],"v":[[4.504,4.281],[3.468,5.522],[3.279,6.477],[2.624,7.701],[0.75,8.79],[-2.737,9.555],[-16.37,9.563],[-17.179,9.482],[-20.987,8.629],[-24.935,2.947],[-18.824,-4.677],[-6.416,-8.978],[6.559,-8.52],[19.213,-5.773],[24.362,-5.365],[24.615,-2.865],[23.038,-0.825],[17.777,1.255],[10.008,2.326],[7.424,3.139]],"c":true}]}],"ix":2},"nm":"Path 1","mn":"ADBE Vector Shape - Group","hd":false},{"ty":"fl","c":{"a":0,"k":[0.808000028133,0.545000016689,0.455000013113,1],"ix":4},"o":{"a":0,"k":100,"ix":5},"r":1,"bm":0,"nm":"Fill 1","mn":"ADBE Vector Graphic - Fill","hd":false},{"ty":"tr","p":{"a":0,"k":[343.275,445.231],"ix":2},"a":{"a":0,"k":[0,0],"ix":1},"s":{"a":0,"k":[100,100],"ix":3},"r":{"a":0,"k":0,"ix":6},"o":{"a":0,"k":100,"ix":7},"sk":{"a":0,"k":0,"ix":4},"sa":{"a":0,"k":0,"ix":5},"nm":"Transform"}],"nm":"Group 1","np":2,"cix":2,"bm":0,"ix":1,"mn":"ADBE Vector Group","hd":false},{"ty":"tr","p":{"a":0,"k":[436.01,734.765],"ix":2},"a":{"a":0,"k":[343.258,445.41],"ix":1},"s":{"a":0,"k":[128,128],"ix":3},"r":{"a":0,"k":0,"ix":6},"o":{"a":0,"k":100,"ix":7},"sk":{"a":0,"k":0,"ix":4},"sa":{"a":0,"k":0,"ix":5},"nm":"Transform"}],"nm":"hand_shadow","np":1,"cix":2,"bm":0,"ix":2,"mn":"ADBE Vector Group","hd":false}],"ip":0,"op":240,"st":0,"bm":0},{"ddd":0,"ind":7,"ty":4,"nm":"forearm","parent":4,"sr":1,"ks":{"o":{"a":0,"k":100,"ix":11},"r":{"a":1,"k":[{"i":{"x":[0.833],"y":[0.828]},"o":{"x":[0.333],"y":[0]},"t":9,"s":[0]},{"i":{"x":[0.54],"y":[1]},"o":{"x":[0.167],"y":[0.162]},"t":57,"s":[37.889]},{"i":{"x":[0.833],"y":[0.829]},"o":{"x":[0.511],"y":[0.016]},"t":106,"s":[79]},{"i":{"x":[0.667],"y":[1]},"o":{"x":[0.167],"y":[0.162]},"t":144,"s":[37.889]},{"t":177,"s":[0]}],"ix":10},"p":{"a":0,"k":[303.082,347.438,0],"ix":2},"a":{"a":0,"k":[303.082,347.438,0],"ix":1},"s":{"a":0,"k":[100,100,100],"ix":6}},"ao":0,"shapes":[{"ty":"gr","it":[{"ind":0,"ty":"sh","ix":1,"ks":{"a":0,"k":{"i":[[5.146,-0.463],[0.656,7.181],[0.01,0.26],[0,0],[3.586,16.19],[-1.531,15.084],[-2.282,3.12],[-9.723,-6.011],[-0.995,-7.986],[1.901,-16.91],[0.712,-10.192],[0.062,-0.799],[0.112,-0.791]],"o":[[-6.91,0.618],[-0.023,-0.254],[0,0],[-0.052,-3.872],[-3.421,-15.455],[0.844,-8.286],[7.606,-10.368],[7.435,4.593],[2.687,21.598],[-1.449,12.863],[-0.083,1.196],[-0.082,0.994],[-1.495,4.789]],"v":[[5.977,70.469],[-7.716,58.583],[-7.768,57.807],[-7.774,57.794],[-19.83,15.964],[-22.902,-42.952],[-17.531,-58.58],[10.732,-65.076],[21.746,-46.536],[20.769,9.541],[17.25,55.929],[17.029,58.931],[16.74,61.598]],"c":true},"ix":2},"nm":"Path 1","mn":"ADBE Vector Shape - Group","hd":false},{"ty":"fl","c":{"a":0,"k":[0.847000002394,0.607999973671,0.501999978458,1],"ix":4},"o":{"a":0,"k":100,"ix":5},"r":1,"bm":0,"nm":"Fill 1","mn":"ADBE Vector Graphic - Fill","hd":false},{"ty":"tr","p":{"a":0,"k":[305.467,388.565],"ix":2},"a":{"a":0,"k":[0,0],"ix":1},"s":{"a":0,"k":[100,100],"ix":3},"r":{"a":0,"k":0,"ix":6},"o":{"a":0,"k":100,"ix":7},"sk":{"a":0,"k":0,"ix":4},"sa":{"a":0,"k":0,"ix":5},"nm":"Transform"}],"nm":"Group 1","np":2,"cix":2,"bm":0,"ix":1,"mn":"ADBE Vector Group","hd":false},{"ty":"gr","it":[{"ind":0,"ty":"sh","ix":1,"ks":{"a":0,"k":{"i":[[11.742,-2.623],[-2.623,-11.742],[-11.742,2.624],[2.623,11.742]],"o":[[-11.742,2.623],[2.623,11.742],[11.742,-2.623],[-2.623,-11.741]],"v":[[-4.75,-21.261],[-21.261,4.749],[4.749,21.26],[21.26,-4.75]],"c":true},"ix":2},"nm":"Path 1","mn":"ADBE Vector Shape - Group","hd":false},{"ty":"fl","c":{"a":0,"k":[0.847000002394,0.607999973671,0.501999978458,1],"ix":4},"o":{"a":0,"k":100,"ix":5},"r":1,"bm":0,"nm":"Fill 1","mn":"ADBE Vector Graphic - Fill","hd":false},{"ty":"tr","p":{"a":0,"k":[307.938,346.493],"ix":2},"a":{"a":0,"k":[0,0],"ix":1},"s":{"a":0,"k":[100,100],"ix":3},"r":{"a":0,"k":0,"ix":6},"o":{"a":0,"k":100,"ix":7},"sk":{"a":0,"k":0,"ix":4},"sa":{"a":0,"k":0,"ix":5},"nm":"Transform"}],"nm":"Group 2","np":2,"cix":2,"bm":0,"ix":2,"mn":"ADBE Vector Group","hd":false}],"ip":0,"op":240,"st":0,"bm":0},{"ddd":0,"ind":8,"ty":4,"nm":"body","parent":14,"sr":1,"ks":{"o":{"a":0,"k":100,"ix":11},"r":{"a":0,"k":0,"ix":10},"p":{"a":0,"k":[420.292,369.127,0],"ix":2},"a":{"a":0,"k":[534.614,637.122,0],"ix":1},"s":{"a":0,"k":[78.125,78.125,100],"ix":6}},"ao":0,"shapes":[{"ty":"gr","it":[{"ty":"gr","it":[{"ind":0,"ty":"sh","ix":1,"ks":{"a":1,"k":[{"i":{"x":0.603,"y":1},"o":{"x":0.333,"y":0},"t":9,"s":[{"i":[[3.206,-1.462],[1.191,-1.143],[1.33,-1.111],[0.888,-0.066],[0.539,1.089],[0.35,1.182],[0.54,1.003],[1.172,1.234],[3.676,2.426],[4.184,1.528],[-0.084,-0.438],[-0.5,-0.27],[-3.816,-1.973],[-2.743,-2.168],[0.306,-2.146],[-1.484,-1.954],[-0.649,-0.069],[-1.514,1.262],[-2.901,1.37],[-0.17,0.143],[-0.222,0.724]],"o":[[-1.47,0.67],[-1.24,1.188],[-0.698,0.583],[-1.369,0.101],[-0.539,-1.089],[-0.329,-1.112],[-0.807,-1.502],[-2.959,-3.114],[-3.558,-2.347],[-0.059,0.544],[0.103,0.541],[3.817,2.063],[3.2,1.656],[1.669,1.319],[-0.357,2.509],[0.371,0.487],[2.055,0.222],[2.506,-2.09],[2.947,-1.391],[0.126,-0.279],[0,0]],"v":[[14.516,3.201],[10.305,5.782],[6.609,9.403],[4.364,10.561],[1.584,8.715],[0.69,5.144],[-0.825,1.966],[-3.862,-2.112],[-14.177,-10.084],[-24.795,-16.218],[-25.253,-9.843],[-23.404,-8.675],[-12.017,-2.52],[-3.579,3.713],[-2.104,8.159],[-1.209,15.094],[0.232,15.997],[6.206,13.219],[13.621,7.311],[24.415,3.692],[25.337,1.05]],"c":true}]},{"i":{"x":0.667,"y":1},"o":{"x":0.429,"y":0},"t":106,"s":[{"i":[[3.206,-1.462],[1.191,-1.143],[1.33,-1.111],[0.888,-0.066],[0.539,1.089],[0.35,1.182],[0.54,1.003],[1.172,1.234],[3.676,2.426],[4.184,1.528],[-0.084,-0.438],[-0.5,-0.27],[-3.816,-1.973],[-2.743,-2.168],[0.306,-2.146],[-1.484,-1.954],[-0.649,-0.069],[-1.514,1.262],[-2.901,1.37],[-0.17,0.143],[-0.222,0.724]],"o":[[-1.47,0.67],[-1.24,1.188],[-0.698,0.583],[-1.369,0.101],[-0.539,-1.089],[-0.329,-1.112],[-0.807,-1.502],[-2.959,-3.114],[-3.558,-2.347],[-0.059,0.544],[0.103,0.541],[3.817,2.063],[3.2,1.656],[1.669,1.319],[-0.357,2.509],[0.371,0.487],[2.055,0.222],[2.506,-2.09],[2.947,-1.391],[0.126,-0.279],[0,0]],"v":[[14.516,3.201],[10.305,5.782],[6.609,9.403],[4.364,10.561],[1.584,8.715],[0.69,5.144],[-0.825,1.966],[-3.862,-2.112],[-5.974,-5.202],[-16.592,-11.336],[-17.05,-4.961],[-15.201,-3.793],[-3.814,2.362],[-3.579,3.713],[-2.104,8.159],[-1.209,15.094],[0.232,15.997],[6.206,13.219],[13.621,7.311],[24.415,3.692],[25.337,1.05]],"c":true}]},{"t":177,"s":[{"i":[[3.206,-1.462],[1.191,-1.143],[1.33,-1.111],[0.888,-0.066],[0.539,1.089],[0.35,1.182],[0.54,1.003],[1.172,1.234],[3.676,2.426],[4.184,1.528],[-0.084,-0.438],[-0.5,-0.27],[-3.816,-1.973],[-2.743,-2.168],[0.306,-2.146],[-1.484,-1.954],[-0.649,-0.069],[-1.514,1.262],[-2.901,1.37],[-0.17,0.143],[-0.222,0.724]],"o":[[-1.47,0.67],[-1.24,1.188],[-0.698,0.583],[-1.369,0.101],[-0.539,-1.089],[-0.329,-1.112],[-0.807,-1.502],[-2.959,-3.114],[-3.558,-2.347],[-0.059,0.544],[0.103,0.541],[3.817,2.063],[3.2,1.656],[1.669,1.319],[-0.357,2.509],[0.371,0.487],[2.055,0.222],[2.506,-2.09],[2.947,-1.391],[0.126,-0.279],[0,0]],"v":[[14.516,3.201],[10.305,5.782],[6.609,9.403],[4.364,10.561],[1.584,8.715],[0.69,5.144],[-0.825,1.966],[-3.862,-2.112],[-14.177,-10.084],[-24.795,-16.218],[-25.253,-9.843],[-23.404,-8.675],[-12.017,-2.52],[-3.579,3.713],[-2.104,8.159],[-1.209,15.094],[0.232,15.997],[6.206,13.219],[13.621,7.311],[24.415,3.692],[25.337,1.05]],"c":true}]}],"ix":2},"nm":"Path 1","mn":"ADBE Vector Shape - Group","hd":false},{"ty":"fl","c":{"a":0,"k":[0.787999987602,0.549000024796,0.458999991417,1],"ix":4},"o":{"a":0,"k":100,"ix":5},"r":1,"bm":0,"nm":"Fill 1","mn":"ADBE Vector Graphic - Fill","hd":false},{"ty":"tr","p":{"a":0,"k":[488.757,340.966],"ix":2},"a":{"a":0,"k":[0,0],"ix":1},"s":{"a":0,"k":[100,100],"ix":3},"r":{"a":0,"k":0,"ix":6},"o":{"a":0,"k":100,"ix":7},"sk":{"a":0,"k":0,"ix":4},"sa":{"a":0,"k":0,"ix":5},"nm":"Transform"}],"nm":"Group 1","np":2,"cix":2,"bm":0,"ix":1,"mn":"ADBE Vector Group","hd":false},{"ty":"gr","it":[{"ind":0,"ty":"sh","ix":1,"ks":{"a":0,"k":{"i":[[0.799,0.312],[-0.064,-1.546],[-1.003,1.113],[-0.822,1.087]],"o":[[0.411,1.661],[0.065,1.549],[0.999,-1.109],[0.82,-1.083]],"v":[[-4.033,-4.052],[-2.425,2.12],[-0.688,2.939],[3.213,-1.321]],"c":true},"ix":2},"nm":"Path 1","mn":"ADBE Vector Shape - Group","hd":false},{"ty":"fl","c":{"a":0,"k":[0.787999987602,0.549000024796,0.458999991417,1],"ix":4},"o":{"a":0,"k":100,"ix":5},"r":1,"bm":0,"nm":"Fill 1","mn":"ADBE Vector Graphic - Fill","hd":false},{"ty":"tr","p":{"a":0,"k":[495.551,343.193],"ix":2},"a":{"a":0,"k":[0,0],"ix":1},"s":{"a":0,"k":[100,100],"ix":3},"r":{"a":0,"k":0,"ix":6},"o":{"a":0,"k":100,"ix":7},"sk":{"a":0,"k":0,"ix":4},"sa":{"a":0,"k":0,"ix":5},"nm":"Transform"}],"nm":"Group 2","np":2,"cix":2,"bm":0,"ix":2,"mn":"ADBE Vector Group","hd":false},{"ty":"tr","p":{"a":0,"k":[622.296,600.947],"ix":2},"a":{"a":0,"k":[488.794,340.865],"ix":1},"s":{"a":0,"k":[128,128],"ix":3},"r":{"a":0,"k":0,"ix":6},"o":{"a":0,"k":100,"ix":7},"sk":{"a":0,"k":0,"ix":4},"sa":{"a":0,"k":0,"ix":5},"nm":"Transform"}],"nm":"body_shadow","np":2,"cix":2,"bm":0,"ix":1,"mn":"ADBE Vector Group","hd":false},{"ty":"gr","it":[{"ty":"gr","it":[{"ind":0,"ty":"sh","ix":1,"ks":{"a":1,"k":[{"i":{"x":0.603,"y":1},"o":{"x":0.333,"y":0},"t":9,"s":[{"i":[[9.329,-24.583],[11.688,3.81],[-2.153,21.397],[-17.869,-6.05]],"o":[[-7.408,19.521],[-11.725,-3.822],[2.716,-26.99],[17.783,6.022]],"v":[[21.344,11.391],[-14.858,44.296],[-28.52,-6.156],[5.398,-42.057]],"c":true}]},{"i":{"x":0.667,"y":1},"o":{"x":0.429,"y":0},"t":106,"s":[{"i":[[9.329,-24.583],[11.688,3.81],[-4.745,20.975],[-17.869,-6.05]],"o":[[-7.408,19.521],[-11.725,-3.822],[5.887,-26.024],[17.783,6.022]],"v":[[28.961,18.227],[-18.764,56.796],[-23.441,7.126],[20.438,-30.338]],"c":true}]},{"t":177,"s":[{"i":[[9.329,-24.583],[11.688,3.81],[-2.153,21.397],[-17.869,-6.05]],"o":[[-7.408,19.521],[-11.725,-3.822],[2.716,-26.99],[17.783,6.022]],"v":[[21.344,11.391],[-14.858,44.296],[-28.52,-6.156],[5.398,-42.057]],"c":true}]}],"ix":2},"nm":"Path 1","mn":"ADBE Vector Shape - Group","hd":false},{"ty":"fl","c":{"a":0,"k":[0.847000002861,0.60799998045,0.501999974251,1],"ix":4},"o":{"a":0,"k":100,"ix":5},"r":1,"bm":0,"nm":"Fill 1","mn":"ADBE Vector Graphic - Fill","hd":false},{"ty":"tr","p":{"a":0,"k":[492.445,331.289],"ix":2},"a":{"a":0,"k":[0,0],"ix":1},"s":{"a":0,"k":[100,100],"ix":3},"r":{"a":0,"k":0,"ix":6},"o":{"a":0,"k":100,"ix":7},"sk":{"a":0,"k":0,"ix":4},"sa":{"a":0,"k":0,"ix":5},"nm":"Transform"}],"nm":"Group 1","np":2,"cix":2,"bm":0,"ix":1,"mn":"ADBE Vector Group","hd":false},{"ty":"tr","p":{"a":0,"k":[624.606,589.611],"ix":2},"a":{"a":0,"k":[490.598,332.008],"ix":1},"s":{"a":0,"k":[128,128],"ix":3},"r":{"a":0,"k":0,"ix":6},"o":{"a":0,"k":100,"ix":7},"sk":{"a":0,"k":0,"ix":4},"sa":{"a":0,"k":0,"ix":5},"nm":"Transform"}],"nm":"body_skin","np":1,"cix":2,"bm":0,"ix":2,"mn":"ADBE Vector Group","hd":false},{"ty":"gr","it":[{"ty":"gr","it":[{"ind":0,"ty":"sh","ix":1,"ks":{"a":0,"k":{"i":[[1.465,1.251],[2.559,2.418],[4.012,2.844],[-1.948,-1.198],[-9.632,1.066],[2.617,-0.102],[6.005,3.452]],"o":[[-2.399,-2.05],[-2.595,-2.453],[-5.633,-3.995],[7.146,6.551],[3.12,-0.345],[-7.08,0.279],[-1.613,-0.927]],"v":[[-4.477,3.414],[-10.631,-3.065],[-17.476,-10.528],[-12.536,5.712],[15.732,13.457],[20.492,10.812],[-0.119,6.614]],"c":true},"ix":2},"nm":"Path 1","mn":"ADBE Vector Shape - Group","hd":false},{"ty":"fl","c":{"a":0,"k":[0.180000007153,0.203999996185,0.243000000715,1],"ix":4},"o":{"a":0,"k":100,"ix":5},"r":1,"bm":0,"nm":"Fill 1","mn":"ADBE Vector Graphic - Fill","hd":false},{"ty":"tr","p":{"a":0,"k":[433.059,392.373],"ix":2},"a":{"a":0,"k":[0,0],"ix":1},"s":{"a":0,"k":[100,100],"ix":3},"r":{"a":0,"k":0,"ix":6},"o":{"a":0,"k":100,"ix":7},"sk":{"a":0,"k":0,"ix":4},"sa":{"a":0,"k":0,"ix":5},"nm":"Transform"}],"nm":"Group 1","np":2,"cix":2,"bm":0,"ix":1,"mn":"ADBE Vector Group","hd":false},{"ty":"gr","it":[{"ind":0,"ty":"sh","ix":1,"ks":{"a":0,"k":{"i":[[-0.17,-0.06],[-1.51,0.11],[1.2,-0.67],[0.48,0.391],[0.53,0.919],[-0.42,-0.15]],"o":[[1.39,0.54],[-0.59,0.28],[-0.51,-0.33],[-0.75,-0.609],[0.36,0.41],[0.17,0.06]],"v":[[-0.85,-0.701],[3.44,0.13],[0.51,1.68],[-0.97,0.59],[-3.44,-1.68],[-1.37,-0.86]],"c":true},"ix":2},"nm":"Path 1","mn":"ADBE Vector Shape - Group","hd":false},{"ty":"fl","c":{"a":0,"k":[0.180000007153,0.203999996185,0.243000000715,1],"ix":4},"o":{"a":0,"k":100,"ix":5},"r":1,"bm":0,"nm":"Fill 1","mn":"ADBE Vector Graphic - Fill","hd":false},{"ty":"tr","p":{"a":0,"k":[465.797,405.205],"ix":2},"a":{"a":0,"k":[0,0],"ix":1},"s":{"a":0,"k":[100,100],"ix":3},"r":{"a":0,"k":0,"ix":6},"o":{"a":0,"k":100,"ix":7},"sk":{"a":0,"k":0,"ix":4},"sa":{"a":0,"k":0,"ix":5},"nm":"Transform"}],"nm":"Group 2","np":2,"cix":2,"bm":0,"ix":2,"mn":"ADBE Vector Group","hd":false},{"ty":"tr","p":{"a":0,"k":[561.721,669.075],"ix":2},"a":{"a":0,"k":[441.469,394.089],"ix":1},"s":{"a":0,"k":[128,128],"ix":3},"r":{"a":0,"k":0,"ix":6},"o":{"a":0,"k":100,"ix":7},"sk":{"a":0,"k":0,"ix":4},"sa":{"a":0,"k":0,"ix":5},"nm":"Transform"}],"nm":"shirt_shadow","np":2,"cix":2,"bm":0,"ix":3,"mn":"ADBE Vector Group","hd":false},{"ty":"gr","it":[{"ty":"gr","it":[{"ind":0,"ty":"sh","ix":1,"ks":{"a":1,"k":[{"i":{"x":0.603,"y":1},"o":{"x":0.333,"y":0},"t":9,"s":[{"i":[[8.155,-7.999],[17.968,3.126],[0.272,0.155],[0.103,0.065],[0.29,-0.021],[1.365,-0.163],[0.905,-0.201],[7.888,-0.356],[5.132,0.326],[1.801,0.46],[3.289,3.439],[2.888,4.334],[0.256,12.312],[-14.448,14.127],[-18.93,3.201],[-17.795,-17.438]],"o":[[-18.339,17.856],[-0.316,-0.055],[-0.111,-0.045],[-0.024,-0.02],[-0.652,0.035],[-1.84,0.216],[-7.537,1.658],[-5.065,0.221],[-1.896,-0.121],[-5.323,-1.356],[-3.561,-3.725],[-6.698,-10.085],[-0.385,-18.205],[13.331,-13.039],[30.378,-5.142],[33.229,34.966]],"v":[[54.039,38.465],[-5.894,65.729],[-6.754,65.322],[-7.075,65.156],[-7.551,65.156],[-10.85,65.476],[-15.611,66.167],[-38.827,69.194],[-54.152,69.044],[-59.768,68.292],[-72.014,59.893],[-82.276,48.224],[-92.913,13.931],[-71.928,-34.076],[-18.941,-64.272],[60.069,-37.987]],"c":true}]},{"i":{"x":0.667,"y":1},"o":{"x":0.429,"y":0},"t":106,"s":[{"i":[[8.155,-7.999],[17.968,3.126],[0.272,0.155],[0.103,0.065],[0.29,-0.021],[1.365,-0.163],[0.905,-0.201],[7.888,-0.356],[5.132,0.326],[1.801,0.46],[3.289,3.439],[2.888,4.334],[0.256,12.312],[-14.448,14.127],[-18.93,3.201],[-17.795,-17.438]],"o":[[-18.339,17.856],[-0.316,-0.055],[-0.111,-0.045],[-0.024,-0.02],[-0.652,0.035],[-1.84,0.216],[-7.537,1.658],[-5.065,0.221],[-1.896,-0.121],[-5.323,-1.356],[-3.561,-3.725],[-6.698,-10.085],[-0.385,-18.205],[13.331,-13.039],[30.378,-5.142],[33.229,34.966]],"v":[[54.039,38.465],[-5.894,65.729],[-6.754,65.322],[-7.075,65.156],[-7.551,65.156],[-10.85,65.476],[-15.611,66.167],[-38.827,69.194],[-54.152,69.044],[-59.768,68.292],[-72.014,59.893],[-82.276,48.224],[-92.913,13.931],[-72.709,-30.561],[-18.16,-46.499],[62.217,-39.941]],"c":true}]},{"t":177,"s":[{"i":[[8.155,-7.999],[17.968,3.126],[0.272,0.155],[0.103,0.065],[0.29,-0.021],[1.365,-0.163],[0.905,-0.201],[7.888,-0.356],[5.132,0.326],[1.801,0.46],[3.289,3.439],[2.888,4.334],[0.256,12.312],[-14.448,14.127],[-18.93,3.201],[-17.795,-17.438]],"o":[[-18.339,17.856],[-0.316,-0.055],[-0.111,-0.045],[-0.024,-0.02],[-0.652,0.035],[-1.84,0.216],[-7.537,1.658],[-5.065,0.221],[-1.896,-0.121],[-5.323,-1.356],[-3.561,-3.725],[-6.698,-10.085],[-0.385,-18.205],[13.331,-13.039],[30.378,-5.142],[33.229,34.966]],"v":[[54.039,38.465],[-5.894,65.729],[-6.754,65.322],[-7.075,65.156],[-7.551,65.156],[-10.85,65.476],[-15.611,66.167],[-38.827,69.194],[-54.152,69.044],[-59.768,68.292],[-72.014,59.893],[-82.276,48.224],[-92.913,13.931],[-71.928,-34.076],[-18.941,-64.272],[60.069,-37.987]],"c":true}]}],"ix":2},"nm":"Path 1","mn":"ADBE Vector Shape - Group","hd":false},{"ty":"fl","c":{"a":0,"k":[0.208000004292,0.238999992609,0.289999991655,1],"ix":4},"o":{"a":0,"k":100,"ix":5},"r":1,"bm":0,"nm":"Fill 1","mn":"ADBE Vector Graphic - Fill","hd":false},{"ty":"tr","p":{"a":0,"k":[454.88,346.043],"ix":2},"a":{"a":0,"k":[0,0],"ix":1},"s":{"a":0,"k":[100,100],"ix":3},"r":{"a":0,"k":0,"ix":6},"o":{"a":0,"k":100,"ix":7},"sk":{"a":0,"k":0,"ix":4},"sa":{"a":0,"k":0,"ix":5},"nm":"Transform"}],"nm":"Group 1","np":2,"cix":2,"bm":0,"ix":1,"mn":"ADBE Vector Group","hd":false},{"ty":"gr","it":[{"ind":0,"ty":"sh","ix":1,"ks":{"a":0,"k":{"i":[[11.809,-28.715],[28.715,11.809],[-11.809,28.715],[-28.715,-11.809]],"o":[[-11.809,28.716],[-28.715,-11.808],[11.809,-28.715],[28.715,11.809]],"v":[[51.994,21.381],[-21.381,51.993],[-51.993,-21.382],[21.382,-51.993]],"c":true},"ix":2},"nm":"Path 1","mn":"ADBE Vector Shape - Group","hd":false},{"ty":"fl","c":{"a":0,"k":[0.208000004292,0.238999992609,0.289999991655,1],"ix":4},"o":{"a":0,"k":100,"ix":5},"r":1,"bm":0,"nm":"Fill 1","mn":"ADBE Vector Graphic - Fill","hd":false},{"ty":"tr","p":{"a":0,"k":[416.07,359.065],"ix":2},"a":{"a":0,"k":[0,0],"ix":1},"s":{"a":0,"k":[100,100],"ix":3},"r":{"a":0,"k":0,"ix":6},"o":{"a":0,"k":100,"ix":7},"sk":{"a":0,"k":0,"ix":4},"sa":{"a":0,"k":0,"ix":5},"nm":"Transform"}],"nm":"Group 2","np":2,"cix":2,"bm":0,"ix":2,"mn":"ADBE Vector Group","hd":false},{"ty":"tr","p":{"a":0,"k":[566.114,610.122],"ix":2},"a":{"a":0,"k":[444.901,348.033],"ix":1},"s":{"a":0,"k":[128,128],"ix":3},"r":{"a":0,"k":0,"ix":6},"o":{"a":0,"k":100,"ix":7},"sk":{"a":0,"k":0,"ix":4},"sa":{"a":0,"k":0,"ix":5},"nm":"Transform"}],"nm":"shirt","np":2,"cix":2,"bm":0,"ix":4,"mn":"ADBE Vector Group","hd":false}],"ip":0,"op":240,"st":0,"bm":0},{"ddd":0,"ind":9,"ty":4,"nm":"lower_shirt","parent":14,"sr":1,"ks":{"o":{"a":0,"k":100,"ix":11},"r":{"a":0,"k":0,"ix":10},"p":{"a":0,"k":[375.727,363.744,0],"ix":2},"a":{"a":0,"k":[375.727,363.744,0],"ix":1},"s":{"a":0,"k":[100,100,100],"ix":6}},"ao":0,"shapes":[{"ty":"gr","it":[{"ind":0,"ty":"sh","ix":1,"ks":{"a":0,"k":{"i":[[2.716,9.251],[1.003,3.506],[0.105,4.298],[4.412,0.088],[12.095,-1.234],[4.964,-5.853],[2.117,-5.413],[0.589,-7.626],[-2.258,-6.587],[-3.517,-3.941],[-2.188,-1.934],[-10.186,3.893],[-6.106,0.337],[-6.465,0.141],[0,0]],"o":[[-1.027,-3.5],[-1.182,-4.133],[-0.206,-8.397],[-3.213,-0.064],[-7.681,0.784],[-3.759,4.432],[-2.782,7.116],[-0.526,6.8],[1.714,4.997],[1.944,2.179],[7.792,6.887],[5.703,-2.181],[6.452,-0.354],[21.245,-0.841],[1.092,-1.957]],"v":[[39.587,-3.771],[36.552,-14.284],[34.074,-26.903],[26.247,-61.444],[-25.682,-41.604],[-45.348,-30.896],[-53.906,-15.797],[-59.135,6.452],[-58.1,27.151],[-49.392,40.262],[-43.277,46.526],[-15.454,57.616],[5.901,51.393],[25.268,51.577],[59.267,46.099]],"c":true},"ix":2},"nm":"Path 1","mn":"ADBE Vector Shape - Group","hd":false},{"ty":"fl","c":{"a":0,"k":[0.20800000359,0.238999998803,0.289999988032,1],"ix":4},"o":{"a":0,"k":100,"ix":5},"r":1,"bm":0,"nm":"Fill 1","mn":"ADBE Vector Graphic - Fill","hd":false},{"ty":"tr","p":{"a":0,"k":[375.903,365.152],"ix":2},"a":{"a":0,"k":[0,0],"ix":1},"s":{"a":0,"k":[100,100],"ix":3},"r":{"a":0,"k":0,"ix":6},"o":{"a":0,"k":100,"ix":7},"sk":{"a":0,"k":0,"ix":4},"sa":{"a":0,"k":0,"ix":5},"nm":"Transform"}],"nm":"Group 1","np":2,"cix":2,"bm":0,"ix":1,"mn":"ADBE Vector Group","hd":false}],"ip":0,"op":240,"st":0,"bm":0},{"ddd":0,"ind":10,"ty":4,"nm":"thigh","parent":11,"sr":1,"ks":{"o":{"a":0,"k":100,"ix":11},"r":{"a":0,"k":0,"ix":10},"p":{"a":1,"k":[{"i":{"x":0.603,"y":1},"o":{"x":0.333,"y":0},"t":9,"s":[376.514,638.278,0],"to":[21.667,0.167,0],"ti":[0,0,0]},{"i":{"x":0.667,"y":1},"o":{"x":0.429,"y":0},"t":106,"s":[506.514,639.278,0],"to":[0,0,0],"ti":[21.667,0.167,0]},{"t":177,"s":[376.514,638.278,0]}],"ix":2},"a":{"a":0,"k":[296.777,370.029,0],"ix":1},"s":{"a":0,"k":[128,128,100],"ix":6}},"ao":0,"shapes":[{"ty":"gr","it":[{"ind":0,"ty":"sh","ix":1,"ks":{"a":1,"k":[{"i":{"x":0.603,"y":1},"o":{"x":0.333,"y":0},"t":9,"s":[{"i":[[-0.027,2.59],[2.38,4.771],[4.211,2.841],[10.11,-1.534],[4.364,-2.477],[5.455,-0.948],[10.686,-4.646],[4.901,-2.63],[3.219,-4.713],[-4.754,-7.173],[-8.462,-2.07],[-16.301,0.017],[-12.835,10.049],[-1.832,8.008],[-0.197,2.197]],"o":[[0.055,-5.386],[-2.268,-4.546],[-8.522,-5.749],[-4.956,0.752],[-4.806,2.729],[-11.668,2.026],[-4.985,2.167],[-4.993,2.677],[-4.853,7.107],[4.812,7.262],[15.834,3.875],[16.301,-0.019],[6.468,-5.063],[0.491,-2.149],[0.229,-2.554]],"v":[[68.207,-6.919],[65.246,-22.415],[55.039,-33.505],[25.668,-39.776],[11.51,-34.934],[-2.345,-31.875],[-34.637,-18.447],[-49.421,-13.488],[-62.208,-2.514],[-63.508,21.78],[-41.013,33.779],[7.183,41.293],[53.084,27.233],[66.853,7.375],[67.765,0.826]],"c":true}]},{"i":{"x":0.667,"y":1},"o":{"x":0.429,"y":0},"t":106,"s":[{"i":[[-0.027,2.59],[2.38,4.771],[4.211,2.841],[10.11,-1.534],[4.364,-2.477],[5.788,-2.264],[11.356,-2.609],[4.901,-2.63],[3.219,-4.713],[-4.754,-7.173],[-8.462,-2.07],[-16.301,0.017],[-12.835,10.049],[-1.832,8.008],[-0.197,2.197]],"o":[[0.055,-5.386],[-2.268,-4.546],[-8.522,-5.749],[-4.956,0.752],[-4.806,2.729],[-11.029,4.314],[-8.209,1.886],[-4.993,2.677],[-4.853,7.107],[4.812,7.262],[15.834,3.875],[16.301,-0.019],[6.468,-5.063],[0.491,-2.149],[0.229,-2.554]],"v":[[68.207,-6.919],[65.246,-22.415],[55.039,-33.505],[25.668,-39.776],[12.487,-39.426],[-2.345,-31.875],[-47.137,-19.619],[-102.937,-11.926],[-115.724,-0.952],[-117.024,23.342],[-94.529,35.341],[-30.708,44.418],[53.084,27.233],[66.853,7.375],[67.765,0.826]],"c":true}]},{"t":177,"s":[{"i":[[-0.027,2.59],[2.38,4.771],[4.211,2.841],[10.11,-1.534],[4.364,-2.477],[5.455,-0.948],[10.686,-4.646],[4.901,-2.63],[3.219,-4.713],[-4.754,-7.173],[-8.462,-2.07],[-16.301,0.017],[-12.835,10.049],[-1.832,8.008],[-0.197,2.197]],"o":[[0.055,-5.386],[-2.268,-4.546],[-8.522,-5.749],[-4.956,0.752],[-4.806,2.729],[-11.668,2.026],[-4.985,2.167],[-4.993,2.677],[-4.853,7.107],[4.812,7.262],[15.834,3.875],[16.301,-0.019],[6.468,-5.063],[0.491,-2.149],[0.229,-2.554]],"v":[[68.207,-6.919],[65.246,-22.415],[55.039,-33.505],[25.668,-39.776],[11.51,-34.934],[-2.345,-31.875],[-34.637,-18.447],[-49.421,-13.488],[-62.208,-2.514],[-63.508,21.78],[-41.013,33.779],[7.183,41.293],[53.084,27.233],[66.853,7.375],[67.765,0.826]],"c":true}]}],"ix":2},"nm":"Path 1","mn":"ADBE Vector Shape - Group","hd":false},{"ty":"fl","c":{"a":0,"k":[0.109999997008,0.113999998803,0.118000000598,1],"ix":4},"o":{"a":0,"k":100,"ix":5},"r":1,"bm":0,"nm":"Fill 1","mn":"ADBE Vector Graphic - Fill","hd":false},{"ty":"tr","p":{"a":0,"k":[265.783,375.045],"ix":2},"a":{"a":0,"k":[0,0],"ix":1},"s":{"a":0,"k":[100,100],"ix":3},"r":{"a":0,"k":0,"ix":6},"o":{"a":0,"k":100,"ix":7},"sk":{"a":0,"k":0,"ix":4},"sa":{"a":0,"k":0,"ix":5},"nm":"Transform"}],"nm":"Group 1","np":2,"cix":2,"bm":0,"ix":1,"mn":"ADBE Vector Group","hd":false},{"ty":"gr","it":[{"ind":0,"ty":"sh","ix":1,"ks":{"a":0,"k":{"i":[[-5.476,20.964],[20.964,5.476],[5.476,-20.964],[-20.963,-5.476]],"o":[[5.476,-20.964],[-20.964,-5.476],[-5.476,20.964],[20.964,5.476]],"v":[[37.958,9.914],[9.914,-37.959],[-37.959,-9.915],[-9.915,37.958]],"c":true},"ix":2},"nm":"Path 1","mn":"ADBE Vector Shape - Group","hd":false},{"ty":"fl","c":{"a":0,"k":[0.109999997008,0.113999998803,0.118000000598,1],"ix":4},"o":{"a":0,"k":100,"ix":5},"r":1,"bm":0,"nm":"Fill 1","mn":"ADBE Vector Graphic - Fill","hd":false},{"ty":"tr","p":{"a":0,"k":[296.456,369.993],"ix":2},"a":{"a":0,"k":[0,0],"ix":1},"s":{"a":0,"k":[100,100],"ix":3},"r":{"a":0,"k":0,"ix":6},"o":{"a":0,"k":100,"ix":7},"sk":{"a":0,"k":0,"ix":4},"sa":{"a":0,"k":0,"ix":5},"nm":"Transform"}],"nm":"Group 2","np":2,"cix":2,"bm":0,"ix":2,"mn":"ADBE Vector Group","hd":false}],"ip":0,"op":240,"st":0,"bm":0},{"ddd":0,"ind":11,"ty":4,"nm":"calf","sr":1,"ks":{"o":{"a":0,"k":100,"ix":11},"r":{"a":1,"k":[{"i":{"x":[0.833],"y":[1]},"o":{"x":[0.333],"y":[0]},"t":9,"s":[0]},{"i":{"x":[0.539],"y":[1]},"o":{"x":[0.167],"y":[0]},"t":57.246,"s":[-4]},{"i":{"x":[0.833],"y":[1]},"o":{"x":[0.511],"y":[0.162]},"t":106,"s":[0]},{"i":{"x":[0.667],"y":[1]},"o":{"x":[0.167],"y":[0]},"t":144,"s":[-4]},{"t":177,"s":[0]}],"ix":10},"p":{"a":0,"k":[187.919,655.342,0],"ix":2},"a":{"a":0,"k":[187.919,655.342,0],"ix":1},"s":{"a":0,"k":[100,100,100],"ix":6}},"ao":0,"shapes":[{"ty":"gr","it":[{"ty":"gr","it":[{"ind":0,"ty":"sh","ix":1,"ks":{"a":1,"k":[{"i":{"x":0.603,"y":1},"o":{"x":0.333,"y":0},"t":9,"s":[{"i":[[1.397,0.264],[4.359,1.455],[10.04,1.16],[3.729,2.27],[1.042,3.831],[-2.745,3.255],[-6.647,1.463],[-9.521,-3.578],[-4.1,-2.732],[-2.778,-4.144],[-0.303,-3.312],[0.622,-2.33],[1.189,-1.896],[6.018,0.303]],"o":[[-4.492,-0.848],[-9.588,-3.198],[-4.228,-0.489],[-3.42,-2.082],[-1.122,-4.107],[0.961,-1.14],[9.973,-2.195],[4.622,1.736],[4.138,2.758],[1.852,2.763],[0.22,2.401],[-0.578,2.163],[-3.415,4.388],[-1.427,-0.073]],"v":[[19.803,25.563],[6.596,21.587],[-22.952,15.03],[-35.999,12.9],[-42.905,3.388],[-40.99,-11.674],[-13.868,-24.191],[16.206,-21.713],[29.302,-14.856],[41.477,-2.729],[43.806,5.934],[43.19,13.119],[39.747,19.13],[24.038,26.083]],"c":true}]},{"i":{"x":0.667,"y":1},"o":{"x":0.429,"y":0},"t":106,"s":[{"i":[[1.397,0.264],[7.241,0.803],[10.106,0.09],[3.729,2.27],[1.042,3.831],[-2.745,3.255],[-8.54,1.52],[-10.107,-0.366],[-4.1,-2.732],[-2.778,-4.144],[-0.303,-3.312],[0.622,-2.33],[1.189,-1.896],[6.018,0.303]],"o":[[-4.492,-0.848],[-10.046,-1.114],[-6.961,-0.062],[-3.42,-2.082],[-1.122,-4.107],[0.961,-1.14],[23.603,-4.2],[9.74,0.353],[4.138,2.758],[1.852,2.763],[0.22,2.401],[-0.578,2.163],[-3.415,4.388],[-1.427,-0.073]],"v":[[70.975,29.47],[26.518,17.486],[-13.381,13.859],[-35.999,12.9],[-42.905,3.388],[-40.99,-11.674],[-12.696,-21.457],[41.207,-21.127],[80.474,-10.949],[92.649,1.178],[94.978,9.841],[94.362,17.026],[90.919,23.037],[75.21,29.99]],"c":true}]},{"t":177,"s":[{"i":[[1.397,0.264],[4.359,1.455],[10.04,1.16],[3.729,2.27],[1.042,3.831],[-2.745,3.255],[-6.647,1.463],[-9.521,-3.578],[-4.1,-2.732],[-2.778,-4.144],[-0.303,-3.312],[0.622,-2.33],[1.189,-1.896],[6.018,0.303]],"o":[[-4.492,-0.848],[-9.588,-3.198],[-4.228,-0.489],[-3.42,-2.082],[-1.122,-4.107],[0.961,-1.14],[9.973,-2.195],[4.622,1.736],[4.138,2.758],[1.852,2.763],[0.22,2.401],[-0.578,2.163],[-3.415,4.388],[-1.427,-0.073]],"v":[[19.803,25.563],[6.596,21.587],[-22.952,15.03],[-35.999,12.9],[-42.905,3.388],[-40.99,-11.674],[-13.868,-24.191],[16.206,-21.713],[29.302,-14.856],[41.477,-2.729],[43.806,5.934],[43.19,13.119],[39.747,19.13],[24.038,26.083]],"c":true}]}],"ix":2},"nm":"Path 1","mn":"ADBE Vector Shape - Group","hd":false},{"ty":"fl","c":{"a":0,"k":[0.109999999404,0.11400000006,0.118000000715,1],"ix":4},"o":{"a":0,"k":100,"ix":5},"r":1,"bm":0,"nm":"Fill 1","mn":"ADBE Vector Graphic - Fill","hd":false},{"ty":"tr","p":{"a":0,"k":[192.499,379.454],"ix":2},"a":{"a":0,"k":[0,0],"ix":1},"s":{"a":0,"k":[100,100],"ix":3},"r":{"a":0,"k":0,"ix":6},"o":{"a":0,"k":100,"ix":7},"sk":{"a":0,"k":0,"ix":4},"sa":{"a":0,"k":0,"ix":5},"nm":"Transform"}],"nm":"Group 1","np":2,"cix":2,"bm":0,"ix":1,"mn":"ADBE Vector Group","hd":false},{"ty":"gr","it":[{"ind":0,"ty":"sh","ix":1,"ks":{"a":1,"k":[{"i":{"x":0.603,"y":1},"o":{"x":0.333,"y":0},"t":9,"s":[{"i":[[2.963,-9.967],[9.967,2.963],[-2.964,9.966],[-9.967,-2.963]],"o":[[-2.963,9.967],[-9.966,-2.963],[2.963,-9.967],[9.966,2.963]],"v":[[18.046,5.365],[-5.366,18.046],[-18.046,-5.365],[5.365,-18.046]],"c":true}]},{"i":{"x":0.667,"y":1},"o":{"x":0.429,"y":0},"t":106,"s":[{"i":[[2.963,-9.967],[9.967,2.963],[-2.964,9.966],[-9.967,-2.963]],"o":[[-2.963,9.967],[-9.966,-2.963],[2.963,-9.967],[9.966,2.963]],"v":[[68.437,8.881],[45.025,21.562],[32.345,-1.849],[55.756,-14.53]],"c":true}]},{"t":177,"s":[{"i":[[2.963,-9.967],[9.967,2.963],[-2.964,9.966],[-9.967,-2.963]],"o":[[-2.963,9.967],[-9.966,-2.963],[2.963,-9.967],[9.966,2.963]],"v":[[18.046,5.365],[-5.366,18.046],[-18.046,-5.365],[5.365,-18.046]],"c":true}]}],"ix":2},"nm":"Path 1","mn":"ADBE Vector Shape - Group","hd":false},{"ty":"fl","c":{"a":0,"k":[0.109999999404,0.11400000006,0.118000000715,1],"ix":4},"o":{"a":0,"k":100,"ix":5},"r":1,"bm":0,"nm":"Fill 1","mn":"ADBE Vector Graphic - Fill","hd":false},{"ty":"tr","p":{"a":0,"k":[218.02,386.59],"ix":2},"a":{"a":0,"k":[0,0],"ix":1},"s":{"a":0,"k":[100,100],"ix":3},"r":{"a":0,"k":0,"ix":6},"o":{"a":0,"k":100,"ix":7},"sk":{"a":0,"k":0,"ix":4},"sa":{"a":0,"k":0,"ix":5},"nm":"Transform"}],"nm":"Group 2","np":2,"cix":2,"bm":0,"ix":2,"mn":"ADBE Vector Group","hd":false},{"ty":"tr","p":{"a":0,"k":[276.072,659.842],"ix":2},"a":{"a":0,"k":[218.307,386.877],"ix":1},"s":{"a":0,"k":[128,128],"ix":3},"r":{"a":0,"k":0,"ix":6},"o":{"a":0,"k":100,"ix":7},"sk":{"a":0,"k":0,"ix":4},"sa":{"a":0,"k":0,"ix":5},"nm":"Transform"}],"nm":"calf","np":2,"cix":2,"bm":0,"ix":1,"mn":"ADBE Vector Group","hd":false},{"ty":"gr","it":[{"ty":"gr","it":[{"ind":0,"ty":"sh","ix":1,"ks":{"a":0,"k":{"i":[[0.163,-0.034],[1.182,0.028],[0.69,1.185],[-0.232,2.858],[-2.297,2.052],[-2.68,0.673],[-2.124,0.101]],"o":[[-0.729,0.156],[-5.373,0.539],[-1.444,-2.477],[0.249,-3.07],[2.061,-1.841],[2.061,-0.517],[1.021,4.605]],"v":[[12.691,11.816],[-0.051,12.419],[-10.324,7.883],[-12.622,-0.268],[-8.307,-8.188],[-1.055,-12.034],[5.357,-12.958]],"c":true},"ix":2},"nm":"Path 1","mn":"ADBE Vector Shape - Group","hd":false},{"ty":"fl","c":{"a":0,"k":[0.847000002861,0.60799998045,0.501999974251,1],"ix":4},"o":{"a":0,"k":100,"ix":5},"r":1,"bm":0,"nm":"Fill 1","mn":"ADBE Vector Graphic - Fill","hd":false},{"ty":"tr","p":{"a":0,"k":[151.237,382.072],"ix":2},"a":{"a":0,"k":[0,0],"ix":1},"s":{"a":0,"k":[100,100],"ix":3},"r":{"a":0,"k":0,"ix":6},"o":{"a":0,"k":100,"ix":7},"sk":{"a":0,"k":0,"ix":4},"sa":{"a":0,"k":0,"ix":5},"nm":"Transform"}],"nm":"Group 1","np":2,"cix":2,"bm":0,"ix":1,"mn":"ADBE Vector Group","hd":false},{"ty":"tr","p":{"a":0,"k":[190.249,653.38],"ix":2},"a":{"a":0,"k":[151.257,381.828],"ix":1},"s":{"a":0,"k":[128,128],"ix":3},"r":{"a":0,"k":0,"ix":6},"o":{"a":0,"k":100,"ix":7},"sk":{"a":0,"k":0,"ix":4},"sa":{"a":0,"k":0,"ix":5},"nm":"Transform"}],"nm":"calf_skin","np":1,"cix":2,"bm":0,"ix":2,"mn":"ADBE Vector Group","hd":false}],"ip":0,"op":240,"st":0,"bm":0},{"ddd":0,"ind":12,"ty":4,"nm":"foot","sr":1,"ks":{"o":{"a":0,"k":100,"ix":11},"r":{"a":1,"k":[{"i":{"x":[0.603],"y":[1]},"o":{"x":[0.333],"y":[0]},"t":9,"s":[-15]},{"i":{"x":[0.667],"y":[1]},"o":{"x":[0.429],"y":[-1.016]},"t":106,"s":[-15]},{"t":177,"s":[-15]}],"ix":10},"p":{"a":1,"k":[{"i":{"x":0.603,"y":0.603},"o":{"x":0.333,"y":0.333},"t":9,"s":[185.768,657.621,0],"to":[0,0,0],"ti":[0,0,0]},{"i":{"x":0.667,"y":0.667},"o":{"x":0.429,"y":0.429},"t":106,"s":[185.768,657.621,0],"to":[0,0,0],"ti":[0,0,0]},{"t":177,"s":[185.768,657.621,0]}],"ix":2},"a":{"a":0,"k":[187.768,655.621,0],"ix":1},"s":{"a":0,"k":[100,100,100],"ix":6}},"ao":0,"shapes":[{"ty":"gr","it":[{"ty":"gr","it":[{"ind":0,"ty":"sh","ix":1,"ks":{"a":0,"k":{"i":[[0.045,-0.057],[0.316,0.273],[0.065,0.181],[0.265,1.413],[0.148,1.422],[-0.372,1.332],[-1.64,1.533],[-1.876,0.839],[-1.361,0.608],[0.538,0.317],[0.608,-0.032],[0.955,-0.376],[2.753,-4.68],[0.336,-1.07],[0.124,-1.47],[-0.129,-1.583],[0.448,-4.523],[0.494,-3.756],[-0.368,-2.551],[-4.431,-2.777],[-1.583,-0.57],[-0.961,0.175],[-0.711,0.957],[-1.527,-0.191],[-0.942,-0.119],[-0.639,-0.554],[-0.124,-0.45],[-0.298,-0.443],[-0.109,-0.075],[-0.641,0.596],[0.038,0.998],[0.533,1.407],[0.569,0.979],[0.329,1.067],[-0.582,1.197],[-0.172,0.646],[0.411,0.574],[-0.81,0.678],[0.249,0.444],[0.134,0.188],[-0.367,0.499],[-0.267,0.665],[0.212,0.493],[0.186,0.319],[-0.193,0.315],[-0.103,0.103],[0.032,0.597],[0.097,0.549],[-0.411,0.747],[-0.007,1.649],[0.75,0.552],[1.236,0.441],[3.208,0.686],[0.797,-1.342],[0.109,-0.571],[0.202,-0.405]],"o":[[-0.222,0.281],[-0.146,-0.125],[-0.484,-1.355],[-0.263,-1.404],[-0.142,-1.376],[0.598,-2.139],[1.519,-1.42],[1.361,-0.608],[-0.478,-0.401],[-0.518,-0.305],[-1.025,0.048],[-4.724,1.856],[-0.568,0.967],[-0.443,1.408],[-0.135,1.582],[0.371,4.539],[-0.373,3.771],[-0.336,2.556],[0.747,5.175],[1.421,0.889],[0.885,0.32],[1.337,-0.244],[1.007,-1.354],[0.942,0.117],[0.843,0.105],[0.353,0.307],[0.142,0.515],[0.074,0.109],[0.682,0.476],[0.769,-0.715],[-0.059,-1.514],[-0.401,-1.058],[-0.551,-0.951],[-0.401,-1.303],[0.292,-0.603],[0.184,-0.697],[-0.53,-0.741],[0.391,-0.326],[-0.114,-0.201],[-0.482,-0.675],[0.421,-0.574],[0.199,-0.499],[-0.146,-0.34],[-0.186,-0.32],[0.076,-0.125],[0.42,-0.427],[-0.03,-0.557],[-0.149,-0.84],[0.709,-1.29],[0.004,-0.93],[-1.057,-0.778],[-3.089,-1.103],[-1.247,-0.265],[-0.301,0.506],[-0.083,0.432],[-0.03,0.061]],"v":[[-2.546,-9.785],[-3.463,-9.577],[-3.748,-10.071],[-4.764,-14.259],[-5.438,-18.491],[-4.957,-22.781],[-1.629,-28.644],[3.838,-31.797],[7.92,-33.621],[6.394,-34.7],[4.859,-35.09],[1.902,-34.286],[-12.253,-25.799],[-13.506,-22.685],[-14.506,-18.382],[-14.286,-13.63],[-14.774,0.171],[-16.075,11.462],[-16.407,19.161],[-7.502,31.475],[-3.03,33.781],[-0.136,34.374],[2.038,31.498],[5.524,30.501],[8.349,30.855],[10.435,31.616],[11.283,32.706],[11.525,34.269],[11.807,34.543],[13.948,34.526],[14.833,31.62],[13.82,27.258],[12.394,24.181],[10.813,21.286],[11.299,17.467],[12.134,15.645],[11.734,13.748],[11.955,12.163],[12.491,10.869],[12.022,10.363],[12.719,8.401],[13.864,6.486],[13.913,4.917],[13.318,3.984],[13.221,2.933],[13.515,2.609],[14.133,0.977],[13.764,-0.651],[14.263,-3.333],[16.771,-7.047],[15.339,-9.322],[11.805,-11.025],[2.347,-13.712],[-1.69,-12.936],[-2.224,-11.256],[-2.432,-9.964]],"c":true},"ix":2},"nm":"Path 1","mn":"ADBE Vector Shape - Group","hd":false},{"ty":"fl","c":{"a":0,"k":[0.07500000298,0.071000002325,0.067000001669,1],"ix":4},"o":{"a":0,"k":100,"ix":5},"r":1,"bm":0,"nm":"Fill 1","mn":"ADBE Vector Graphic - Fill","hd":false},{"ty":"tr","p":{"a":0,"k":[141.114,403.862],"ix":2},"a":{"a":0,"k":[0,0],"ix":1},"s":{"a":0,"k":[100,100],"ix":3},"r":{"a":0,"k":0,"ix":6},"o":{"a":0,"k":100,"ix":7},"sk":{"a":0,"k":0,"ix":4},"sa":{"a":0,"k":0,"ix":5},"nm":"Transform"}],"nm":"Group 1","np":2,"cix":2,"bm":0,"ix":1,"mn":"ADBE Vector Group","hd":false},{"ty":"tr","p":{"a":0,"k":[177.4,681.482],"ix":2},"a":{"a":0,"k":[141.219,403.783],"ix":1},"s":{"a":0,"k":[128,128],"ix":3},"r":{"a":0,"k":0,"ix":6},"o":{"a":0,"k":100,"ix":7},"sk":{"a":0,"k":0,"ix":4},"sa":{"a":0,"k":0,"ix":5},"nm":"Transform"}],"nm":"foot","np":1,"cix":2,"bm":0,"ix":1,"mn":"ADBE Vector Group","hd":false},{"ty":"gr","it":[{"ty":"gr","it":[{"ind":0,"ty":"sh","ix":1,"ks":{"a":0,"k":{"i":[[-0.772,-0.606],[-0.249,-0.808],[-0.09,-1.581],[-0.275,-1.982],[-0.864,-3.035],[-0.349,-1.303],[-0.627,-1.505],[-0.051,0.142],[-0.083,-0.066],[0.653,-0.986],[1.038,-0.306],[1.082,0.024],[5.549,2.21],[1.6,2.301],[0.36,2.875],[-0.904,5.231],[0.407,5.136],[-0.237,2.761],[-1.445,2.093],[-0.923,0.508],[-0.789,0.201],[-0.556,0.16],[-1.83,0.745],[-0.087,0.04],[0.413,-0.895],[0.607,-0.777],[-0.051,-4.701],[-2.138,-4.187],[-0.854,-0.778],[-2.019,1.597],[-0.533,0.279]],"o":[[0.831,0.164],[0.463,1.503],[0.112,1.999],[0.433,3.118],[0.372,1.307],[0.421,1.575],[0.05,-0.141],[0.093,-0.051],[-0.114,1.178],[-0.598,0.903],[-1.039,0.305],[-6.007,-0.141],[-2.559,-1.018],[-1.666,-2.397],[-0.67,-5.356],[0.882,-5.1],[-0.216,-2.737],[0.22,-2.564],[0.599,-0.868],[0.714,-0.393],[0.561,-0.142],[1.899,-0.547],[0.087,-0.036],[0.544,0.823],[-0.413,0.895],[-2.893,3.706],[0.05,4.701],[0.526,1.03],[1.903,1.734],[0.472,-0.374],[0.87,-0.454]],"v":[[9.899,-0.708],[11.627,0.983],[11.393,5.855],[12.058,11.823],[13.754,21.117],[15.081,24.87],[16.655,29.497],[16.806,29.073],[17.104,29.099],[16.204,32.495],[13.584,34.302],[10.365,34.621],[-6.967,30.483],[-13.482,25.792],[-16.434,17.573],[-14.658,2.355],[-15.098,-13.637],[-15.913,-21.914],[-13.043,-29.159],[-10.809,-31.355],[-8.502,-32.138],[-6.826,-32.592],[-1.227,-34.533],[-0.965,-34.646],[-0.877,-31.878],[-2.575,-29.466],[-6.773,-16.279],[-3.19,-2.766],[-1.225,0.068],[5.871,0.315],[7.292,-0.792]],"c":true},"ix":2},"nm":"Path 1","mn":"ADBE Vector Shape - Group","hd":false},{"ty":"fl","c":{"a":0,"k":[0.40000000596,0.40000000596,0.40000000596,1],"ix":4},"o":{"a":0,"k":100,"ix":5},"r":1,"bm":0,"nm":"Fill 1","mn":"ADBE Vector Graphic - Fill","hd":false},{"ty":"tr","p":{"a":0,"k":[138.601,407.514],"ix":2},"a":{"a":0,"k":[0,0],"ix":1},"s":{"a":0,"k":[100,100],"ix":3},"r":{"a":0,"k":0,"ix":6},"o":{"a":0,"k":100,"ix":7},"sk":{"a":0,"k":0,"ix":4},"sa":{"a":0,"k":0,"ix":5},"nm":"Transform"}],"nm":"Group 1","np":2,"cix":2,"bm":0,"ix":1,"mn":"ADBE Vector Group","hd":false},{"ty":"tr","p":{"a":0,"k":[174.373,686.246],"ix":2},"a":{"a":0,"k":[138.854,407.505],"ix":1},"s":{"a":0,"k":[128,128],"ix":3},"r":{"a":0,"k":0,"ix":6},"o":{"a":0,"k":100,"ix":7},"sk":{"a":0,"k":0,"ix":4},"sa":{"a":0,"k":0,"ix":5},"nm":"Transform"}],"nm":"sole","np":1,"cix":2,"bm":0,"ix":2,"mn":"ADBE Vector Group","hd":false},{"ty":"gr","it":[{"ty":"gr","it":[{"ind":0,"ty":"sh","ix":1,"ks":{"a":0,"k":{"i":[[0.344,-1.601],[0.439,-1.335],[0.664,-1.424],[0.118,-1.372],[0.07,-2.045],[-0.683,-2.315],[-2.626,-1.918],[-2.858,-1.552],[-4.086,1.221],[-0.293,0.327],[-0.094,0.454],[1.126,2.818],[-2.194,6.689],[-1.008,3.153],[0.305,1.389],[0.955,0.767],[1.316,1.401],[0.186,1.913],[-0.355,1.404],[-0.552,2.181],[0.287,0.455],[0.277,0.127],[2.118,-1.195],[1.007,-0.991],[0.784,-1.564],[0.7,-2.652],[0.232,-2.671]],"o":[[-0.294,1.374],[-0.49,1.493],[-0.58,1.242],[-0.18,2.095],[-0.081,2.334],[0.919,3.12],[2.627,1.917],[3.748,2.034],[0.421,-0.126],[0.309,-0.346],[0.635,-3.047],[-2.613,-6.537],[1.032,-3.145],[0.419,-1.308],[-0.269,-1.227],[-1.499,-1.203],[-1.316,-1.401],[-0.14,-1.441],[0.552,-2.18],[0.131,-0.521],[-0.162,-0.258],[-2.208,-1.018],[-1.23,0.693],[-1.247,1.227],[-1.223,2.443],[-0.697,2.641],[-0.141,1.631]],"v":[[-10.398,-6.349],[-11.5,-2.282],[-13.232,2.097],[-15.006,6.016],[-14.965,12.194],[-14.761,18.927],[-8.909,26.513],[-0.452,31.36],[11.55,34.607],[12.689,33.98],[13.215,32.71],[12.408,24.145],[10.619,3.534],[14.411,-5.617],[15.138,-10.202],[12.718,-13.084],[8.326,-16.812],[5.768,-21.864],[6.341,-26.148],[7.996,-32.689],[7.964,-34.255],[7.253,-34.81],[0.386,-33.411],[-3.097,-31.021],[-5.938,-26.639],[-9.067,-19.051],[-9.67,-11.204]],"c":true},"ix":2},"nm":"Path 1","mn":"ADBE Vector Shape - Group","hd":false},{"ty":"fl","c":{"a":0,"k":[0.847000002861,0.60799998045,0.501999974251,1],"ix":4},"o":{"a":0,"k":100,"ix":5},"r":1,"bm":0,"nm":"Fill 1","mn":"ADBE Vector Graphic - Fill","hd":false},{"ty":"tr","p":{"a":0,"k":[140.611,404.483],"ix":2},"a":{"a":0,"k":[0,0],"ix":1},"s":{"a":0,"k":[100,100],"ix":3},"r":{"a":0,"k":0,"ix":6},"o":{"a":0,"k":100,"ix":7},"sk":{"a":0,"k":0,"ix":4},"sa":{"a":0,"k":0,"ix":5},"nm":"Transform"}],"nm":"Group 1","np":2,"cix":2,"bm":0,"ix":1,"mn":"ADBE Vector Group","hd":false},{"ty":"tr","p":{"a":0,"k":[176.665,682.216],"ix":2},"a":{"a":0,"k":[140.645,404.356],"ix":1},"s":{"a":0,"k":[128,128],"ix":3},"r":{"a":0,"k":0,"ix":6},"o":{"a":0,"k":100,"ix":7},"sk":{"a":0,"k":0,"ix":4},"sa":{"a":0,"k":0,"ix":5},"nm":"Transform"}],"nm":"foot_skin","np":1,"cix":2,"bm":0,"ix":3,"mn":"ADBE Vector Group","hd":false}],"ip":0,"op":240,"st":0,"bm":0},{"ddd":0,"ind":13,"ty":4,"nm":"hips_1","parent":14,"sr":1,"ks":{"o":{"a":0,"k":100,"ix":11},"r":{"a":0,"k":0,"ix":10},"p":{"a":0,"k":[333.312,408.238,0],"ix":2},"a":{"a":0,"k":[333.312,408.238,0],"ix":1},"s":{"a":0,"k":[100,100,100],"ix":6}},"ao":0,"shapes":[{"ty":"gr","it":[{"ind":0,"ty":"sh","ix":1,"ks":{"a":0,"k":{"i":[[6.5,-3.438],[5.893,0.031],[5.808,7.44],[0.621,0.823],[0,0],[-16.085,5.627],[-11.547,8.715]],"o":[[-17.109,9.048],[-17.945,-0.108],[-0.675,-0.858],[0,0],[22.442,-1.715],[12.844,-4.5],[2.883,17.783]],"v":[[29.192,12.834],[-5.084,23.155],[-46.489,9.705],[-48.422,7.175],[-48.42,7.165],[6.112,-5.939],[45.54,-23.186]],"c":true},"ix":2},"nm":"Path 1","mn":"ADBE Vector Shape - Group","hd":false},{"ty":"fl","c":{"a":0,"k":[0.071000005685,0.075,0.078000005086,1],"ix":4},"o":{"a":0,"k":100,"ix":5},"r":1,"bm":0,"nm":"Fill 1","mn":"ADBE Vector Graphic - Fill","hd":false},{"ty":"tr","p":{"a":0,"k":[334.544,408.253],"ix":2},"a":{"a":0,"k":[0,0],"ix":1},"s":{"a":0,"k":[100,100],"ix":3},"r":{"a":0,"k":0,"ix":6},"o":{"a":0,"k":100,"ix":7},"sk":{"a":0,"k":0,"ix":4},"sa":{"a":0,"k":0,"ix":5},"nm":"Transform"}],"nm":"Group 1","np":2,"cix":2,"bm":0,"ix":1,"mn":"ADBE Vector Group","hd":false}],"ip":0,"op":240,"st":0,"bm":0},{"ddd":0,"ind":14,"ty":4,"nm":"hips","parent":10,"sr":1,"ks":{"o":{"a":0,"k":100,"ix":11},"r":{"a":0,"k":0,"ix":10},"p":{"a":0,"k":[317.783,370.161,0],"ix":2},"a":{"a":0,"k":[317.783,370.161,0],"ix":1},"s":{"a":0,"k":[100,100,100],"ix":6}},"ao":0,"shapes":[{"ty":"gr","it":[{"ind":0,"ty":"sh","ix":1,"ks":{"a":0,"k":{"i":[[0.622,0.823],[0,0],[7.933,15.487],[-1.406,4.356],[-2.848,0.021],[-8.469,-18.025],[-3.465,-8.811]],"o":[[0,0],[-10.736,-14.452],[-3.853,-7.528],[6.026,-18.559],[29.128,-0.247],[4.098,8.729],[5.419,13.798]],"v":[[-33.112,45.601],[-33.11,45.591],[-54.793,5.386],[-52.954,-22.866],[5.307,-44.825],[48.332,-28.399],[53.227,-6.026]],"c":true},"ix":2},"nm":"Path 1","mn":"ADBE Vector Shape - Group","hd":false},{"ty":"fl","c":{"a":0,"k":[0.109999997008,0.113999998803,0.118000000598,1],"ix":4},"o":{"a":0,"k":100,"ix":5},"r":1,"bm":0,"nm":"Fill 1","mn":"ADBE Vector Graphic - Fill","hd":false},{"ty":"tr","p":{"a":0,"k":[319.234,369.827],"ix":2},"a":{"a":0,"k":[0,0],"ix":1},"s":{"a":0,"k":[100,100],"ix":3},"r":{"a":0,"k":0,"ix":6},"o":{"a":0,"k":100,"ix":7},"sk":{"a":0,"k":0,"ix":4},"sa":{"a":0,"k":0,"ix":5},"nm":"Transform"}],"nm":"Group 1","np":2,"cix":2,"bm":0,"ix":1,"mn":"ADBE Vector Group","hd":false}],"ip":0,"op":240,"st":0,"bm":0},{"ddd":0,"ind":15,"ty":4,"nm":"thigh_1","parent":14,"sr":1,"ks":{"o":{"a":0,"k":100,"ix":11},"r":{"a":1,"k":[{"i":{"x":[0.603],"y":[1]},"o":{"x":[0.333],"y":[0]},"t":9,"s":[0]},{"i":{"x":[0.667],"y":[1]},"o":{"x":[0.429],"y":[0.339]},"t":106,"s":[3]},{"t":177,"s":[0]}],"ix":10},"p":{"a":0,"k":[319.082,397.853,0],"ix":2},"a":{"a":0,"k":[319.082,397.853,0],"ix":1},"s":{"a":0,"k":[100,100,100],"ix":6}},"ao":0,"shapes":[{"ty":"gr","it":[{"ind":0,"ty":"sh","ix":1,"ks":{"a":0,"k":{"i":[[2.814,9.27],[0.084,0.466],[-0.246,2.725],[-1.062,2.253],[-5.435,0.038],[-8.966,1.52],[-5.139,0.872],[-4.862,1.03],[-14.361,-7.917],[-0.785,-7.318],[0.537,-3.378],[4.053,-5.761],[5.273,-2.042],[12.235,1.644],[8.016,3.059]],"o":[[-0.133,-0.438],[-0.479,-2.68],[0.228,-2.515],[2.505,-5.311],[8.935,-0.062],[5.139,-0.872],[4.892,-0.83],[14.888,-3.156],[5.992,3.303],[0.365,3.395],[-1.124,7.079],[-3.498,4.973],[-14.389,2.65],[-8.43,-1.133],[-7.361,-2.808]],"v":[[-64.336,4.882],[-64.662,3.525],[-64.715,-4.652],[-61.018,-12.059],[-47.367,-18.419],[-23.01,-19.484],[-7.594,-22.1],[7.053,-24.791],[53.206,-25.365],[64.777,-8.434],[64.121,1.781],[57.255,21.229],[43.452,30.633],[-15.832,25.931],[-40.662,19.915]],"c":true},"ix":2},"nm":"Path 1","mn":"ADBE Vector Shape - Group","hd":false},{"ty":"fl","c":{"a":0,"k":[0.071000005685,0.075,0.078000005086,1],"ix":4},"o":{"a":0,"k":100,"ix":5},"r":1,"bm":0,"nm":"Fill 1","mn":"ADBE Vector Graphic - Fill","hd":false},{"ty":"tr","p":{"a":0,"k":[285.518,397.812],"ix":2},"a":{"a":0,"k":[0,0],"ix":1},"s":{"a":0,"k":[100,100],"ix":3},"r":{"a":0,"k":0,"ix":6},"o":{"a":0,"k":100,"ix":7},"sk":{"a":0,"k":0,"ix":4},"sa":{"a":0,"k":0,"ix":5},"nm":"Transform"}],"nm":"Group 1","np":2,"cix":2,"bm":0,"ix":1,"mn":"ADBE Vector Group","hd":false},{"ty":"gr","it":[{"ind":0,"ty":"sh","ix":1,"ks":{"a":0,"k":{"i":[[3.203,-16.954],[16.954,3.204],[-3.204,16.954],[-16.955,-3.203]],"o":[[-3.203,16.954],[-16.954,-3.203],[3.203,-16.954],[16.954,3.203]],"v":[[30.699,5.799],[-5.799,30.698],[-30.698,-5.801],[5.801,-30.699]],"c":true},"ix":2},"nm":"Path 1","mn":"ADBE Vector Shape - Group","hd":false},{"ty":"fl","c":{"a":0,"k":[0.109999997008,0.113999998803,0.118000000598,1],"ix":4},"o":{"a":0,"k":100,"ix":5},"r":1,"bm":0,"nm":"Fill 1","mn":"ADBE Vector Graphic - Fill","hd":false},{"ty":"tr","p":{"a":0,"k":[318.218,397.818],"ix":2},"a":{"a":0,"k":[0,0],"ix":1},"s":{"a":0,"k":[100,100],"ix":3},"r":{"a":0,"k":0,"ix":6},"o":{"a":0,"k":100,"ix":7},"sk":{"a":0,"k":0,"ix":4},"sa":{"a":0,"k":0,"ix":5},"nm":"Transform"}],"nm":"Group 2","np":2,"cix":2,"bm":0,"ix":2,"mn":"ADBE Vector Group","hd":false}],"ip":0,"op":240,"st":0,"bm":0},{"ddd":0,"ind":16,"ty":4,"nm":"calf_1","parent":15,"sr":1,"ks":{"o":{"a":0,"k":100,"ix":11},"r":{"a":1,"k":[{"i":{"x":[0.603],"y":[1]},"o":{"x":[0.333],"y":[0]},"t":9,"s":[0]},{"i":{"x":[0.667],"y":[1]},"o":{"x":[0.429],"y":[-0.113]},"t":106,"s":[-9]},{"t":177,"s":[0]}],"ix":10},"p":{"a":1,"k":[{"i":{"x":0.603,"y":1},"o":{"x":0.333,"y":0},"t":9,"s":[237.709,397.537,0],"to":[-16.869,-0.941,0],"ti":[0,0,0]},{"i":{"x":0.667,"y":1},"o":{"x":0.429,"y":0},"t":106,"s":[136.494,391.889,0],"to":[0,0,0],"ti":[-16.869,-0.941,0]},{"t":177,"s":[237.709,397.537,0]}],"ix":2},"a":{"a":0,"k":[300.908,673.488,0],"ix":1},"s":{"a":0,"k":[78.125,78.125,100],"ix":6}},"ao":0,"shapes":[{"ty":"gr","it":[{"ty":"gr","it":[{"ind":0,"ty":"sh","ix":1,"ks":{"a":1,"k":[{"i":{"x":0.603,"y":1},"o":{"x":0.333,"y":0},"t":9,"s":[{"i":[[1.134,0.338],[3.511,1.529],[7.943,1.799],[3.002,2.073],[1.062,3.114],[-1.95,2.473],[-0.87,0.696],[-1.436,1.149],[-5.566,0.814],[-8.36,-3.962],[-3.549,-2.762],[-2.237,-3.797],[-0.065,-2.773],[0.673,-1.816],[1.113,-1.372],[4.938,0.833]],"o":[[-3.637,-1.083],[-7.713,-3.356],[-3.322,-0.753],[-2.76,-1.908],[-1.157,-3.38],[0.689,-0.874],[1.413,-1.131],[4.15,-3.323],[8.514,-1.247],[4.06,1.924],[3.568,2.776],[1.477,2.506],[0.046,1.991],[-0.619,1.671],[-2.949,3.636],[-1.166,-0.196]],"v":[[13.54,21.739],[2.883,17.432],[-20.708,9.669],[-30.95,6.876],[-36.888,-1.162],[-35.826,-10.764],[-33.394,-13.034],[-29.121,-16.454],[-14.675,-22.138],[11.441,-17.648],[29.775,-8.35],[36.567,0.374],[37.26,9.512],[34.801,15.263],[30.629,19.501],[16.988,22.552]],"c":true}]},{"i":{"x":0.667,"y":1},"o":{"x":0.429,"y":0},"t":106,"s":[{"i":[[1.134,0.338],[5.63,0.844],[7.943,1.799],[3.002,2.073],[1.062,3.114],[-1.95,2.473],[-0.87,0.696],[-1.436,1.149],[-5.566,0.814],[-8.36,-3.962],[-3.549,-2.762],[-2.237,-3.797],[-0.065,-2.773],[0.673,-1.816],[1.113,-1.372],[4.938,0.833]],"o":[[-3.637,-1.083],[-8.319,-1.247],[-3.322,-0.753],[-2.76,-1.908],[-1.157,-3.38],[0.689,-0.874],[1.413,-1.131],[4.15,-3.323],[8.514,-1.247],[4.06,1.924],[3.568,2.776],[1.477,2.506],[0.046,1.991],[-0.619,1.671],[-2.949,3.636],[-1.166,-0.196]],"v":[[56.437,24.677],[40.975,21.239],[-20.708,9.669],[-30.95,6.876],[-36.888,-1.162],[-35.826,-10.764],[-33.394,-13.034],[-29.121,-16.454],[3.972,-23.91],[54.174,-16.888],[72.508,-7.59],[79.3,1.134],[79.993,10.272],[77.534,16.023],[73.362,20.261],[64.118,26.327]],"c":true}]},{"t":177,"s":[{"i":[[1.134,0.338],[3.511,1.529],[7.943,1.799],[3.002,2.073],[1.062,3.114],[-1.95,2.473],[-0.87,0.696],[-1.436,1.149],[-5.566,0.814],[-8.36,-3.962],[-3.549,-2.762],[-2.237,-3.797],[-0.065,-2.773],[0.673,-1.816],[1.113,-1.372],[4.938,0.833]],"o":[[-3.637,-1.083],[-7.713,-3.356],[-3.322,-0.753],[-2.76,-1.908],[-1.157,-3.38],[0.689,-0.874],[1.413,-1.131],[4.15,-3.323],[8.514,-1.247],[4.06,1.924],[3.568,2.776],[1.477,2.506],[0.046,1.991],[-0.619,1.671],[-2.949,3.636],[-1.166,-0.196]],"v":[[13.54,21.739],[2.883,17.432],[-20.708,9.669],[-30.95,6.876],[-36.888,-1.162],[-35.826,-10.764],[-33.394,-13.034],[-29.121,-16.454],[-14.675,-22.138],[11.441,-17.648],[29.775,-8.35],[36.567,0.374],[37.26,9.512],[34.801,15.263],[30.629,19.501],[16.988,22.552]],"c":true}]}],"ix":2},"nm":"Path 1","mn":"ADBE Vector Shape - Group","hd":false},{"ty":"fl","c":{"a":0,"k":[0.071000002325,0.07500000298,0.078000001609,1],"ix":4},"o":{"a":0,"k":100,"ix":5},"r":1,"bm":0,"nm":"Fill 1","mn":"ADBE Vector Graphic - Fill","hd":false},{"ty":"tr","p":{"a":0,"k":[217.501,390.965],"ix":2},"a":{"a":0,"k":[0,0],"ix":1},"s":{"a":0,"k":[100,100],"ix":3},"r":{"a":0,"k":0,"ix":6},"o":{"a":0,"k":100,"ix":7},"sk":{"a":0,"k":0,"ix":4},"sa":{"a":0,"k":0,"ix":5},"nm":"Transform"}],"nm":"Group 1","np":2,"cix":2,"bm":0,"ix":1,"mn":"ADBE Vector Group","hd":false},{"ty":"gr","it":[{"ind":0,"ty":"sh","ix":1,"ks":{"a":1,"k":[{"i":{"x":0.603,"y":1},"o":{"x":0.333,"y":0},"t":9,"s":[{"i":[[1.781,-9.429],[9.429,1.781],[-1.781,9.429],[-9.428,-1.781]],"o":[[-1.782,9.43],[-9.429,-1.782],[1.781,-9.429],[9.43,1.782]],"v":[[17.073,3.226],[-3.226,17.074],[-17.073,-3.225],[3.225,-17.073]],"c":true}]},{"i":{"x":0.667,"y":1},"o":{"x":0.429,"y":0},"t":106,"s":[{"i":[[1.781,-9.429],[9.429,1.781],[-1.781,9.429],[-9.428,-1.781]],"o":[[-1.782,9.43],[-9.429,-1.782],[1.781,-9.429],[9.43,1.782]],"v":[[60.481,5.038],[40.182,18.886],[26.335,-1.413],[46.633,-15.261]],"c":true}]},{"t":177,"s":[{"i":[[1.781,-9.429],[9.429,1.781],[-1.781,9.429],[-9.428,-1.781]],"o":[[-1.782,9.43],[-9.429,-1.782],[1.781,-9.429],[9.43,1.782]],"v":[[17.073,3.226],[-3.226,17.074],[-17.073,-3.225],[3.225,-17.073]],"c":true}]}],"ix":2},"nm":"Path 1","mn":"ADBE Vector Shape - Group","hd":false},{"ty":"fl","c":{"a":0,"k":[0.071000002325,0.07500000298,0.078000001609,1],"ix":4},"o":{"a":0,"k":100,"ix":5},"r":1,"bm":0,"nm":"Fill 1","mn":"ADBE Vector Graphic - Fill","hd":false},{"ty":"tr","p":{"a":0,"k":[237.945,396.763],"ix":2},"a":{"a":0,"k":[0,0],"ix":1},"s":{"a":0,"k":[100,100],"ix":3},"r":{"a":0,"k":0,"ix":6},"o":{"a":0,"k":100,"ix":7},"sk":{"a":0,"k":0,"ix":4},"sa":{"a":0,"k":0,"ix":5},"nm":"Transform"}],"nm":"Group 2","np":2,"cix":2,"bm":0,"ix":2,"mn":"ADBE Vector Group","hd":false},{"ty":"tr","p":{"a":0,"k":[299.199,672.488],"ix":2},"a":{"a":0,"k":[236.374,396.756],"ix":1},"s":{"a":0,"k":[128,128],"ix":3},"r":{"a":0,"k":0,"ix":6},"o":{"a":0,"k":100,"ix":7},"sk":{"a":0,"k":0,"ix":4},"sa":{"a":0,"k":0,"ix":5},"nm":"Transform"}],"nm":"calf_1","np":2,"cix":2,"bm":0,"ix":1,"mn":"ADBE Vector Group","hd":false},{"ty":"gr","it":[{"ty":"gr","it":[{"ind":0,"ty":"sh","ix":1,"ks":{"a":0,"k":{"i":[[0.116,-0.015],[0.838,0.106],[0.551,0.954],[0.011,2.227],[-1.537,1.516],[-1.935,0.392],[-1.574,-0.044]],"o":[[-0.52,0.067],[-3.759,0.023],[-1.161,-2.005],[-0.011,-2.416],[1.394,-1.374],[1.497,-0.303],[0.942,3.869]],"v":[[9.273,10.126],[0.199,9.667],[-7.272,5.485],[-9.379,-1.006],[-6.756,-7.067],[-1.663,-9.773],[3.044,-10.149]],"c":true},"ix":2},"nm":"Path 1","mn":"ADBE Vector Shape - Group","hd":false},{"ty":"fl","c":{"a":0,"k":[0.787999987602,0.549000024796,0.458999991417,1],"ix":4},"o":{"a":0,"k":100,"ix":5},"r":1,"bm":0,"nm":"Fill 1","mn":"ADBE Vector Graphic - Fill","hd":false},{"ty":"tr","p":{"a":0,"k":[181.818,389.136],"ix":2},"a":{"a":0,"k":[0,0],"ix":1},"s":{"a":0,"k":[100,100],"ix":3},"r":{"a":0,"k":0,"ix":6},"o":{"a":0,"k":100,"ix":7},"sk":{"a":0,"k":0,"ix":4},"sa":{"a":0,"k":0,"ix":5},"nm":"Transform"}],"nm":"Group 1","np":2,"cix":2,"bm":0,"ix":1,"mn":"ADBE Vector Group","hd":false},{"ty":"tr","p":{"a":0,"k":[229.301,662.719],"ix":2},"a":{"a":0,"k":[181.766,389.124],"ix":1},"s":{"a":0,"k":[128,128],"ix":3},"r":{"a":0,"k":0,"ix":6},"o":{"a":0,"k":100,"ix":7},"sk":{"a":0,"k":0,"ix":4},"sa":{"a":0,"k":0,"ix":5},"nm":"Transform"}],"nm":"calf_skin_1","np":1,"cix":2,"bm":0,"ix":2,"mn":"ADBE Vector Group","hd":false}],"ip":0,"op":240,"st":0,"bm":0},{"ddd":0,"ind":17,"ty":4,"nm":"foot_1","sr":1,"ks":{"o":{"a":0,"k":100,"ix":11},"r":{"a":1,"k":[{"i":{"x":[0.603],"y":[1]},"o":{"x":[0.333],"y":[0]},"t":9,"s":[-14]},{"i":{"x":[0.667],"y":[1]},"o":{"x":[0.429],"y":[-1.016]},"t":106,"s":[-14]},{"t":177,"s":[-14]}],"ix":10},"p":{"a":1,"k":[{"i":{"x":0.603,"y":0.603},"o":{"x":0.333,"y":0.333},"t":9,"s":[223.899,657.775,0],"to":[0,0,0],"ti":[0,0,0]},{"i":{"x":0.667,"y":0.667},"o":{"x":0.429,"y":0.429},"t":106,"s":[223.899,657.775,0],"to":[0,0,0],"ti":[0,0,0]},{"t":177,"s":[223.899,657.775,0]}],"ix":2},"a":{"a":0,"k":[224.899,664.775,0],"ix":1},"s":{"a":0,"k":[100,100,100],"ix":6}},"ao":0,"shapes":[{"ty":"gr","it":[{"ty":"gr","it":[{"ind":0,"ty":"sh","ix":1,"ks":{"a":0,"k":{"i":[[0.041,-0.052],[0.283,0.245],[0.058,0.162],[0.237,1.267],[0.132,1.274],[-0.333,1.194],[-1.468,1.373],[-1.681,0.752],[0,0],[0.482,0.283],[0.544,-0.029],[0.856,-0.337],[2.466,-4.193],[0.301,-0.959],[0.112,-1.318],[-0.116,-1.418],[0.401,-4.054],[0.443,-3.366],[-0.331,-2.286],[-3.971,-2.488],[-1.418,-0.511],[-0.862,0.158],[-0.637,0.858],[-1.367,-0.171],[0,0],[-0.573,-0.497],[-0.112,-0.404],[-0.266,-0.397],[-0.097,-0.069],[-0.574,0.534],[0.035,0.894],[0.478,1.262],[0.509,0.877],[0.295,0.955],[-0.521,1.073],[-0.154,0.58],[0.369,0.515],[-0.727,0.607],[0.223,0.397],[0.12,0.169],[-0.328,0.447],[-0.239,0.596],[0.19,0.442],[0.167,0.286],[-0.172,0.283],[-0.092,0.093],[0.029,0.535],[0.087,0.492],[-0.368,0.67],[-0.006,1.477],[0.672,0.494],[1.108,0.395],[2.874,0.615],[0.714,-1.202],[0.098,-0.512],[0.181,-0.363]],"o":[[-0.199,0.252],[-0.131,-0.114],[-0.433,-1.213],[-0.236,-1.258],[-0.127,-1.233],[0.535,-1.916],[1.361,-1.273],[0,0],[-0.427,-0.36],[-0.464,-0.274],[-0.919,0.042],[-4.233,1.664],[-0.509,0.867],[-0.397,1.261],[-0.12,1.418],[0.332,4.067],[-0.335,3.378],[-0.301,2.289],[0.669,4.637],[1.273,0.798],[0.793,0.286],[1.197,-0.217],[0.903,-1.214],[0,0],[0.756,0.095],[0.316,0.274],[0.127,0.46],[0.066,0.097],[0.612,0.426],[0.689,-0.641],[-0.052,-1.358],[-0.359,-0.947],[-0.494,-0.853],[-0.36,-1.169],[0.262,-0.539],[0.165,-0.624],[-0.475,-0.664],[0.349,-0.292],[-0.102,-0.18],[-0.431,-0.605],[0.378,-0.514],[0.179,-0.446],[-0.131,-0.305],[-0.167,-0.286],[0.068,-0.112],[0.377,-0.382],[-0.027,-0.499],[-0.133,-0.753],[0.635,-1.155],[0.004,-0.834],[-0.947,-0.697],[-2.767,-0.989],[-1.117,-0.238],[-0.27,0.454],[-0.075,0.386],[-0.027,0.055]],"v":[[-2.281,-8.767],[-3.103,-8.58],[-3.358,-9.024],[-4.268,-12.776],[-4.872,-16.568],[-4.441,-20.412],[-1.46,-25.664],[3.439,-28.49],[7.096,-30.124],[5.729,-31.09],[4.354,-31.44],[1.704,-30.72],[-10.978,-23.116],[-12.101,-20.326],[-12.998,-16.47],[-12.8,-12.212],[-13.237,0.154],[-14.403,10.27],[-14.7,17.168],[-6.721,28.201],[-2.715,30.268],[-0.121,30.798],[1.826,28.222],[4.949,27.329],[7.481,27.645],[9.35,28.329],[10.11,29.305],[10.326,30.705],[10.579,30.951],[12.497,30.935],[13.29,28.332],[12.383,24.422],[11.106,21.667],[9.689,19.073],[10.124,15.65],[10.872,14.017],[10.514,12.318],[10.713,10.898],[11.192,9.739],[10.772,9.285],[11.396,7.527],[12.422,5.811],[12.467,4.406],[11.933,3.569],[11.846,2.628],[12.109,2.337],[12.664,0.876],[12.332,-0.583],[12.78,-2.987],[15.027,-6.314],[13.744,-8.353],[10.577,-9.878],[2.103,-12.286],[-1.514,-11.591],[-1.992,-10.085],[-2.179,-8.927]],"c":true},"ix":2},"nm":"Path 1","mn":"ADBE Vector Shape - Group","hd":false},{"ty":"fl","c":{"a":0,"k":[0.07500000298,0.071000002325,0.067000001669,1],"ix":4},"o":{"a":0,"k":100,"ix":5},"r":1,"bm":0,"nm":"Fill 1","mn":"ADBE Vector Graphic - Fill","hd":false},{"ty":"tr","p":{"a":0,"k":[174.688,408.835],"ix":2},"a":{"a":0,"k":[0,0],"ix":1},"s":{"a":0,"k":[100,100],"ix":3},"r":{"a":0,"k":0,"ix":6},"o":{"a":0,"k":100,"ix":7},"sk":{"a":0,"k":0,"ix":4},"sa":{"a":0,"k":0,"ix":5},"nm":"Transform"}],"nm":"Group 1","np":2,"cix":2,"bm":0,"ix":1,"mn":"ADBE Vector Group","hd":false},{"ty":"tr","p":{"a":0,"k":[220.361,687.858],"ix":2},"a":{"a":0,"k":[174.782,408.764],"ix":1},"s":{"a":0,"k":[128,128],"ix":3},"r":{"a":0,"k":0,"ix":6},"o":{"a":0,"k":100,"ix":7},"sk":{"a":0,"k":0,"ix":4},"sa":{"a":0,"k":0,"ix":5},"nm":"Transform"}],"nm":"foot_1","np":1,"cix":2,"bm":0,"ix":1,"mn":"ADBE Vector Group","hd":false},{"ty":"gr","it":[{"ty":"gr","it":[{"ind":0,"ty":"sh","ix":1,"ks":{"a":0,"k":{"i":[[-0.691,-0.544],[-0.223,-0.725],[-0.079,-1.417],[-0.247,-1.776],[-0.774,-2.72],[-0.312,-1.168],[-0.561,-1.348],[-0.044,0.126],[-0.075,-0.059],[0.586,-0.884],[0.93,-0.273],[0.97,0.023],[4.971,1.98],[1.434,2.062],[0.323,2.576],[-0.81,4.686],[0.364,4.602],[-0.213,2.473],[-1.295,1.875],[-0.827,0.455],[-0.707,0.181],[-0.498,0.143],[-1.639,0.668],[-0.078,0.034],[0.37,-0.801],[0.543,-0.695],[-0.045,-4.212],[-1.915,-3.752],[-0.766,-0.698],[-1.809,1.431],[-0.478,0.25]],"o":[[0.744,0.147],[0.415,1.346],[0.101,1.791],[0.388,2.793],[0.334,1.17],[0.378,1.411],[0.045,-0.126],[0.083,-0.046],[-0.102,1.056],[-0.536,0.809],[-0.931,0.275],[-5.382,-0.125],[-2.293,-0.913],[-1.493,-2.147],[-0.6,-4.799],[0.79,-4.57],[-0.195,-2.452],[0.197,-2.297],[0.537,-0.778],[0.639,-0.352],[0.503,-0.128],[1.701,-0.491],[0.079,-0.032],[0.487,0.736],[-0.37,0.802],[-2.593,3.322],[0.045,4.213],[0.472,0.922],[1.705,1.553],[0.423,-0.335],[0.779,-0.407]],"v":[[8.869,-0.636],[10.417,0.881],[10.207,5.246],[10.804,10.593],[12.323,18.921],[13.512,22.282],[14.922,26.428],[15.057,26.05],[15.325,26.072],[14.518,29.115],[12.171,30.732],[9.287,31.019],[-6.242,27.312],[-12.08,23.109],[-14.725,15.744],[-13.134,2.11],[-13.527,-12.219],[-14.258,-19.635],[-11.687,-26.127],[-9.685,-28.096],[-7.618,-28.796],[-6.116,-29.203],[-1.1,-30.943],[-0.865,-31.042],[-0.786,-28.564],[-2.307,-26.404],[-6.069,-14.587],[-2.859,-2.479],[-1.097,0.06],[5.26,0.282],[6.534,-0.71]],"c":true},"ix":2},"nm":"Path 1","mn":"ADBE Vector Shape - Group","hd":false},{"ty":"fl","c":{"a":0,"k":[0.40000000596,0.40000000596,0.40000000596,1],"ix":4},"o":{"a":0,"k":100,"ix":5},"r":1,"bm":0,"nm":"Fill 1","mn":"ADBE Vector Graphic - Fill","hd":false},{"ty":"tr","p":{"a":0,"k":[172.437,412.108],"ix":2},"a":{"a":0,"k":[0,0],"ix":1},"s":{"a":0,"k":[100,100],"ix":3},"r":{"a":0,"k":0,"ix":6},"o":{"a":0,"k":100,"ix":7},"sk":{"a":0,"k":0,"ix":4},"sa":{"a":0,"k":0,"ix":5},"nm":"Transform"}],"nm":"Group 1","np":2,"cix":2,"bm":0,"ix":1,"mn":"ADBE Vector Group","hd":false},{"ty":"tr","p":{"a":0,"k":[217.649,692.127],"ix":2},"a":{"a":0,"k":[172.663,412.1],"ix":1},"s":{"a":0,"k":[128,128],"ix":3},"r":{"a":0,"k":0,"ix":6},"o":{"a":0,"k":100,"ix":7},"sk":{"a":0,"k":0,"ix":4},"sa":{"a":0,"k":0,"ix":5},"nm":"Transform"}],"nm":"sole_1","np":1,"cix":2,"bm":0,"ix":2,"mn":"ADBE Vector Group","hd":false},{"ty":"gr","it":[{"ty":"gr","it":[{"ind":0,"ty":"sh","ix":1,"ks":{"a":0,"k":{"i":[[-0.752,-0.801],[-1.344,-1.078],[-0.242,-1.1],[0.375,-1.173],[0.924,-2.817],[-2.342,-5.857],[0.568,-2.729],[0.278,-0.31],[0.377,-0.112],[3.358,1.823],[2.353,1.718],[0.824,2.794],[-0.072,2.091],[-0.161,1.877],[-0.519,1.114],[-0.439,1.336],[-0.265,1.23],[-0.127,1.462],[-0.624,2.367],[-1.096,2.189],[-1.118,1.098],[-1.102,0.622],[-1.443,0.148],[0.777,-1.779],[0.328,-0.501],[-0.507,-2.736],[-0.562,-0.775]],"o":[[1.179,1.256],[0.855,0.687],[0.273,1.243],[-0.903,2.823],[-1.967,5.994],[1.009,2.525],[-0.085,0.406],[-0.262,0.293],[-3.661,1.095],[-2.561,-1.39],[-2.353,-1.717],[-0.612,-2.075],[0.063,-1.833],[0.106,-1.23],[0.595,-1.275],[0.393,-1.196],[0.307,-1.435],[0.208,-2.393],[0.627,-2.376],[0.701,-1.401],[0.902,-0.888],[1.243,-0.701],[1.456,-0.15],[-0.24,0.549],[-1.526,2.326],[0.188,1.016],[0.626,0.864]],"v":[[7.461,-15.288],[11.396,-11.948],[13.564,-9.366],[12.913,-5.257],[9.516,2.941],[11.118,21.409],[11.842,29.082],[11.37,30.22],[10.35,30.782],[-0.406,27.873],[-7.981,23.53],[-13.225,16.733],[-13.41,10.701],[-13.445,5.165],[-11.855,1.654],[-10.303,-2.27],[-9.316,-5.913],[-8.663,-10.264],[-8.123,-17.296],[-5.32,-24.093],[-2.774,-28.02],[0.346,-30.163],[4.38,-31.726],[6.682,-29.694],[5.727,-28.177],[4.51,-20.124],[5.689,-17.887]],"c":true},"ix":2},"nm":"Path 1","mn":"ADBE Vector Shape - Group","hd":false},{"ty":"fl","c":{"a":0,"k":[0.787999987602,0.549000024796,0.458999991417,1],"ix":4},"o":{"a":0,"k":100,"ix":5},"r":1,"bm":0,"nm":"Fill 1","mn":"ADBE Vector Graphic - Fill","hd":false},{"ty":"tr","p":{"a":0,"k":[174.238,409.617],"ix":2},"a":{"a":0,"k":[0,0],"ix":1},"s":{"a":0,"k":[100,100],"ix":3},"r":{"a":0,"k":0,"ix":6},"o":{"a":0,"k":100,"ix":7},"sk":{"a":0,"k":0,"ix":4},"sa":{"a":0,"k":0,"ix":5},"nm":"Transform"}],"nm":"Group 1","np":2,"cix":2,"bm":0,"ix":1,"mn":"ADBE Vector Group","hd":false},{"ty":"tr","p":{"a":0,"k":[219.703,688.515],"ix":2},"a":{"a":0,"k":[174.268,409.277],"ix":1},"s":{"a":0,"k":[128,128],"ix":3},"r":{"a":0,"k":0,"ix":6},"o":{"a":0,"k":100,"ix":7},"sk":{"a":0,"k":0,"ix":4},"sa":{"a":0,"k":0,"ix":5},"nm":"Transform"}],"nm":"foot_skin_1","np":1,"cix":2,"bm":0,"ix":3,"mn":"ADBE Vector Group","hd":false}],"ip":0,"op":240,"st":0,"bm":0},{"ddd":0,"ind":18,"ty":4,"nm":"hand_1","parent":19,"sr":1,"ks":{"o":{"a":0,"k":100,"ix":11},"r":{"a":1,"k":[{"i":{"x":[0.603],"y":[1]},"o":{"x":[0.333],"y":[0]},"t":9,"s":[0]},{"i":{"x":[0.667],"y":[1]},"o":{"x":[0.429],"y":[-0.025]},"t":106,"s":[-41]},{"t":177,"s":[0]}],"ix":10},"p":{"a":0,"k":[645.042,405.795,0],"ix":2},"a":{"a":0,"k":[822.294,684.057,0],"ix":1},"s":{"a":0,"k":[78.125,78.125,100],"ix":6}},"ao":0,"shapes":[{"ty":"gr","it":[{"ty":"gr","it":[{"ind":0,"ty":"sh","ix":1,"ks":{"a":0,"k":{"i":[[0.129,-0.045],[1.751,-1.603],[0.138,-2.72],[-3.906,-2.217],[-2.436,-1.037],[-3.096,-0.66],[-1.044,-0.009],[-1.065,0.041],[-3.729,-1.094],[-0.988,-0.006],[-0.206,0.165],[-0.084,0.205],[1.377,1.667],[1.959,0.676],[1.839,0.988],[0.884,1.696],[-1.625,1.015],[-0.563,0.046],[-4.304,-1.929],[-1.421,-0.617],[-1.774,0.148],[-0.824,0.687],[0.047,1.121],[1.592,0.354],[0.561,0.95],[0.15,0.281],[1.061,0.195],[3.191,1.51],[2.71,1.68],[2.221,0.322],[1.658,-0.186],[0,0],[3.304,-1.206]],"o":[[-2.085,0.714],[-1.972,1.806],[-0.271,5.33],[2.34,1.329],[2.927,1.245],[1.018,0.217],[1.064,0.01],[3.899,-0.15],[0.946,0.278],[0.248,0.002],[0.165,-0.132],[0.874,-2.14],[-1.377,-1.668],[-1.959,-0.677],[-1.586,-0.852],[-1.041,-1.996],[0.406,-0.253],[4.7,-0.384],[3.469,1.555],[1.613,0.7],[1.009,-0.084],[0.824,-0.687],[-0.077,-1.819],[-1.011,-0.225],[-0.16,-0.272],[-0.543,-1.018],[-3.428,-0.632],[-2.875,-1.361],[-1.923,-1.194],[-1.636,-0.239],[0,0],[-3.426,0.386],[-0.128,0.047]],"v":[[-25.813,-13.734],[-31.879,-10.978],[-34.86,-3.745],[-27.563,7.857],[-20.192,10.809],[-11.134,13.672],[-8.042,14.084],[-4.847,13.881],[6.469,16.423],[9.367,16.954],[10.089,16.772],[10.44,16.227],[9.266,9.857],[3.973,6.589],[-1.859,4.444],[-5.606,0.67],[-3.584,-3.213],[-2.152,-3.893],[10.818,-1.529],[25.752,3.978],[30.856,5.04],[33.717,3.961],[35.083,1.045],[31.776,-2.323],[29.013,-3.591],[28.614,-4.463],[25.827,-5.964],[15.72,-8.727],[7.01,-13.974],[1.532,-16.717],[-3.436,-16.582],[-14.721,-15.307],[-25.427,-13.871]],"c":true},"ix":2},"nm":"Path 1","mn":"ADBE Vector Shape - Group","hd":false},{"ty":"fl","c":{"a":0,"k":[0.787999987602,0.549000024796,0.458999991417,1],"ix":4},"o":{"a":0,"k":100,"ix":5},"r":1,"bm":0,"nm":"Fill 2","mn":"ADBE Vector Graphic - Fill","hd":false},{"ty":"fl","c":{"a":0,"k":[0.787999987602,0.549000024796,0.458999991417,1],"ix":4},"o":{"a":0,"k":100,"ix":5},"r":1,"bm":0,"nm":"Fill 1","mn":"ADBE Vector Graphic - Fill","hd":false},{"ty":"tr","p":{"a":0,"k":[673.842,408.467],"ix":2},"a":{"a":0,"k":[0,0],"ix":1},"s":{"a":0,"k":[100,100],"ix":3},"r":{"a":0,"k":0,"ix":6},"o":{"a":0,"k":100,"ix":7},"sk":{"a":0,"k":0,"ix":4},"sa":{"a":0,"k":0,"ix":5},"nm":"Transform"}],"nm":"Group 1","np":3,"cix":2,"bm":0,"ix":1,"mn":"ADBE Vector Group","hd":false},{"ty":"tr","p":{"a":0,"k":[821.294,684.057],"ix":2},"a":{"a":0,"k":[644.261,405.795],"ix":1},"s":{"a":0,"k":[128,128],"ix":3},"r":{"a":0,"k":0,"ix":6},"o":{"a":0,"k":100,"ix":7},"sk":{"a":0,"k":0,"ix":4},"sa":{"a":0,"k":0,"ix":5},"nm":"Transform"}],"nm":"hand_1","np":1,"cix":2,"bm":0,"ix":1,"mn":"ADBE Vector Group","hd":false},{"ty":"gr","it":[{"ty":"gr","it":[{"ind":0,"ty":"sh","ix":1,"ks":{"a":0,"k":{"i":[[-1.353,1.451],[-0.008,0.611],[1.997,1.456],[2.933,1.371],[2.131,-6.266],[3.158,-4.286],[-0.663,-0.124],[-3.584,0.431],[-1.873,-1.037],[-3.819,-0.124],[-0.92,-0.37]],"o":[[0.305,-0.327],[0.039,-3.149],[-2.651,-1.932],[-4.135,-1.933],[-2.136,6.278],[0.478,-0.649],[3.507,0.655],[2.063,-0.247],[2.215,1.225],[0.981,0.118],[1.357,0.546]],"v":[[20.469,9.851],[20.965,8.461],[15.248,1.314],[6.816,-3.666],[-17.619,-5.036],[-21.004,5.544],[-16.914,5.74],[-5.74,4.843],[-0.052,5.389],[11.227,8.751],[14.017,9.748]],"c":true},"ix":2},"nm":"Path 1","mn":"ADBE Vector Shape - Group","hd":false},{"ty":"fl","c":{"a":0,"k":[0.749000012875,0.505999982357,0.426999986172,1],"ix":4},"o":{"a":0,"k":100,"ix":5},"r":1,"bm":0,"nm":"Fill 1","mn":"ADBE Vector Graphic - Fill","hd":false},{"ty":"tr","p":{"a":0,"k":[683.944,405.332],"ix":2},"a":{"a":0,"k":[0,0],"ix":1},"s":{"a":0,"k":[100,100],"ix":3},"r":{"a":0,"k":0,"ix":6},"o":{"a":0,"k":100,"ix":7},"sk":{"a":0,"k":0,"ix":4},"sa":{"a":0,"k":0,"ix":5},"nm":"Transform"}],"nm":"Group 1","np":2,"cix":2,"bm":0,"ix":1,"mn":"ADBE Vector Group","hd":false},{"ty":"tr","p":{"a":0,"k":[872.063,685.196],"ix":2},"a":{"a":0,"k":[683.924,406.684],"ix":1},"s":{"a":0,"k":[128,128],"ix":3},"r":{"a":0,"k":0,"ix":6},"o":{"a":0,"k":100,"ix":7},"sk":{"a":0,"k":0,"ix":4},"sa":{"a":0,"k":0,"ix":5},"nm":"Transform"}],"nm":"hand_shadow 2","np":1,"cix":2,"bm":0,"ix":2,"mn":"ADBE Vector Group","hd":false}],"ip":0,"op":240,"st":0,"bm":0},{"ddd":0,"ind":19,"ty":4,"nm":"forearm_1","parent":20,"sr":1,"ks":{"o":{"a":0,"k":100,"ix":11},"r":{"a":0,"k":0,"ix":10},"p":{"a":1,"k":[{"i":{"x":0.603,"y":1},"o":{"x":0.333,"y":0},"t":9,"s":[557.429,379.96,0],"to":[-7.318,-3.115,0],"ti":[0,0,0]},{"i":{"x":0.667,"y":1},"o":{"x":0.429,"y":0},"t":106,"s":[513.52,361.268,0],"to":[0,0,0],"ti":[-7.318,-3.115,0]},{"t":177,"s":[557.429,379.96,0]}],"ix":2},"a":{"a":0,"k":[557.429,379.96,0],"ix":1},"s":{"a":0,"k":[100,100,100],"ix":6}},"ao":0,"shapes":[{"ty":"gr","it":[{"ind":0,"ty":"sh","ix":1,"ks":{"a":0,"k":{"i":[[-5.444,-9.832],[10.229,-5.242],[5.443,9.821],[-10.198,5.256]],"o":[[5.455,9.853],[-10.207,5.23],[-5.431,-9.8],[10.219,-5.267]],"v":[[17.78,-9.137],[9.637,17.509],[-17.803,9.158],[-9.733,-17.472]],"c":true},"ix":2},"nm":"Path 1","mn":"ADBE Vector Shape - Group","hd":false},{"ty":"fl","c":{"a":0,"k":[0.788000009574,0.54900004069,0.458999992819,1],"ix":4},"o":{"a":0,"k":100,"ix":5},"r":1,"bm":0,"nm":"Fill 1","mn":"ADBE Vector Graphic - Fill","hd":false},{"ty":"tr","p":{"a":0,"k":[570.811,379.529],"ix":2},"a":{"a":0,"k":[0,0],"ix":1},"s":{"a":0,"k":[100,100],"ix":3},"r":{"a":0,"k":0,"ix":6},"o":{"a":0,"k":100,"ix":7},"sk":{"a":0,"k":0,"ix":4},"sa":{"a":0,"k":0,"ix":5},"nm":"Transform"}],"nm":"Group 1","np":2,"cix":2,"bm":0,"ix":1,"mn":"ADBE Vector Group","hd":false},{"ty":"gr","it":[{"ind":0,"ty":"sh","ix":1,"ks":{"a":0,"k":{"i":[[-12.558,-4.441],[-8.966,-5.24],[-5.359,-4.012],[-0.781,-4.349],[2.219,-2],[2.668,0.483],[4.454,1.052],[7.801,0.748],[14.672,7.228],[1.731,3.49],[-8.948,3.817]],"o":[[5.474,1.937],[5.336,3.119],[3.742,2.802],[0.692,3.854],[-1.869,1.685],[-3.799,-0.685],[-7.04,-1.666],[-15.429,-1.48],[-3.097,-1.525],[-4.763,-9.606],[10.046,-4.287]],"v":[[-13.804,-21.138],[18.868,-4.252],[44.737,8.339],[49.644,17.578],[46.196,26.696],[40.38,29.092],[28.807,26.041],[6.938,22.029],[-38.927,11.195],[-45.572,3.112],[-39.78,-25.288]],"c":true},"ix":2},"nm":"Path 1","mn":"ADBE Vector Shape - Group","hd":false},{"ty":"fl","c":{"a":0,"k":[0.788000009574,0.54900004069,0.458999992819,1],"ix":4},"o":{"a":0,"k":100,"ix":5},"r":1,"bm":0,"nm":"Fill 1","mn":"ADBE Vector Graphic - Fill","hd":false},{"ty":"tr","p":{"a":0,"k":[603.718,387.451],"ix":2},"a":{"a":0,"k":[0,0],"ix":1},"s":{"a":0,"k":[100,100],"ix":3},"r":{"a":0,"k":0,"ix":6},"o":{"a":0,"k":100,"ix":7},"sk":{"a":0,"k":0,"ix":4},"sa":{"a":0,"k":0,"ix":5},"nm":"Transform"}],"nm":"Group 2","np":2,"cix":2,"bm":0,"ix":2,"mn":"ADBE Vector Group","hd":false}],"ip":0,"op":240,"st":0,"bm":0},{"ddd":0,"ind":20,"ty":4,"nm":"arm_1","parent":8,"sr":1,"ks":{"o":{"a":0,"k":100,"ix":11},"r":{"a":1,"k":[{"i":{"x":[0.603],"y":[1]},"o":{"x":[0.333],"y":[0]},"t":9,"s":[0]},{"i":{"x":[0.667],"y":[1]},"o":{"x":[0.429],"y":[0.02]},"t":106,"s":[50]},{"t":177,"s":[0]}],"ix":10},"p":{"a":1,"k":[{"i":{"x":0.833,"y":0.822},"o":{"x":0.333,"y":0},"t":9,"s":[646.009,582.39,0],"to":[0,0,0],"ti":[0,0,0]},{"i":{"x":0.54,"y":1},"o":{"x":0.167,"y":0.157},"t":57,"s":[657.003,597.193,0],"to":[0,0,0],"ti":[0,0,0]},{"i":{"x":0.833,"y":0.834},"o":{"x":0.511,"y":0},"t":106,"s":[665.009,577.391,0],"to":[0,0,0],"ti":[0,0,0]},{"i":{"x":0.667,"y":1},"o":{"x":0.167,"y":0.167},"t":144,"s":[657.003,597.193,0],"to":[0,0,0],"ti":[1.832,2.467,0]},{"t":177,"s":[646.009,582.39,0]}],"ix":2},"a":{"a":0,"k":[507.319,326.367,0],"ix":1},"s":{"a":1,"k":[{"i":{"x":[0.603,0.667,0.667],"y":[1,1,1]},"o":{"x":[0.333,0.333,0.333],"y":[0,0,0]},"t":9,"s":[128,128,100]},{"i":{"x":[0.667,0.667,0.667],"y":[1,1,1]},"o":{"x":[0.429,0.333,0.333],"y":[-0.033,0,0]},"t":106,"s":[97.538,101.468,100]},{"t":177,"s":[128,128,100]}],"ix":6}},"ao":0,"shapes":[{"ty":"gr","it":[{"ind":0,"ty":"sh","ix":1,"ks":{"a":0,"k":{"i":[[-0.42,1.885],[-3.198,3.266],[-3.207,0.985],[-3.337,-0.982],[-6.347,-6.039],[-2.815,-1.969],[-9.993,-10.715],[0.088,-12.693],[11.609,2.019],[8.529,6.567],[2.792,1.605],[2.465,0.701],[4.497,1.874],[4.039,3.511],[1.819,6.054],[-0.413,5.659]],"o":[[1.141,-5.115],[2.605,-2.66],[3.21,-0.986],[7.669,2.255],[2.57,2.445],[11.096,7.76],[6.17,6.618],[-0.12,17.201],[-9.889,-1.719],[-2.664,-2.052],[-2.357,-1.356],[-4.576,-1.303],[-4.489,-1.87],[-4.031,-3.506],[-1.65,-5.489],[0.146,-1.991]],"v":[[-48.975,-25.501],[-43.108,-38.48],[-34.337,-43.197],[-24.222,-44.186],[-4.682,-29.72],[3.538,-23.243],[36.354,1.105],[50.409,23.158],[28.788,43.15],[1.696,31.959],[-5.914,25.52],[-13.139,22.92],[-26.653,18.438],[-39.659,11.077],[-48.847,-3.076],[-49.82,-19.704]],"c":true},"ix":2},"nm":"Path 1","mn":"ADBE Vector Shape - Group","hd":false},{"ty":"fl","c":{"a":0,"k":[0.788000009574,0.54900004069,0.458999992819,1],"ix":4},"o":{"a":0,"k":100,"ix":5},"r":1,"bm":0,"nm":"Fill 1","mn":"ADBE Vector Graphic - Fill","hd":false},{"ty":"tr","p":{"a":0,"k":[529.836,353.045],"ix":2},"a":{"a":0,"k":[0,0],"ix":1},"s":{"a":0,"k":[100,100],"ix":3},"r":{"a":0,"k":0,"ix":6},"o":{"a":0,"k":100,"ix":7},"sk":{"a":0,"k":0,"ix":4},"sa":{"a":0,"k":0,"ix":5},"nm":"Transform"}],"nm":"Group 1","np":2,"cix":2,"bm":0,"ix":1,"mn":"ADBE Vector Group","hd":false}],"ip":0,"op":240,"st":0,"bm":0}],"markers":[]}