{"v":"5.6.6","fr":60,"ip":0,"op":120,"w":1100,"h":1100,"nm":"Air Squats","ddd":0,"assets":[],"layers":[{"ddd":0,"ind":1,"ty":4,"nm":"forearm","parent":2,"sr":1,"ks":{"o":{"a":0,"k":100,"ix":11},"r":{"a":0,"k":0,"ix":10},"p":{"a":0,"k":[353.737,512.262,0],"ix":2},"a":{"a":0,"k":[353.737,512.262,0],"ix":1},"s":{"a":0,"k":[100,100,100],"ix":6}},"ao":0,"shapes":[{"ty":"gr","it":[{"ind":0,"ty":"sh","ix":1,"ks":{"a":0,"k":{"i":[[-5.237,-2.584],[-0.068,-0.022],[-3.509,7.111],[7.184,3.544],[0.381,0.154],[3.785,-5.48],[0.323,-0.655],[0.06,-2],[0.001,-0.028]],"o":[[0.062,0.031],[7.147,3.415],[3.544,-7.184],[-0.376,-0.186],[-6.269,-2.458],[-0.408,0.58],[-0.942,1.91],[-0.005,0.031],[-0.178,5.566]],"v":[[-7.356,12.737],[-7.172,12.817],[12.063,6.15],[5.474,-13.269],[4.34,-13.773],[-12.854,-8.53],[-13.945,-6.681],[-15.434,-0.747],[-15.428,-0.667]],"c":true},"ix":2},"nm":"Path 1","mn":"ADBE Vector Shape - Group","hd":false},{"ty":"fl","c":{"a":0,"k":[0.651000019148,0.211999990426,0.305999995213,1],"ix":4},"o":{"a":0,"k":100,"ix":5},"r":1,"bm":0,"nm":"Fill 1","mn":"ADBE Vector Graphic - Fill","hd":false},{"ty":"tr","p":{"a":0,"k":[355.097,512.561],"ix":2},"a":{"a":0,"k":[0,0],"ix":1},"s":{"a":0,"k":[100,100],"ix":3},"r":{"a":0,"k":0,"ix":6},"o":{"a":0,"k":100,"ix":7},"sk":{"a":0,"k":0,"ix":4},"sa":{"a":0,"k":0,"ix":5},"nm":"Transform"}],"nm":"Group 1","np":2,"cix":2,"bm":0,"ix":1,"mn":"ADBE Vector Group","hd":false},{"ty":"gr","it":[{"ind":0,"ty":"sh","ix":1,"ks":{"a":0,"k":{"i":[[-2.711,-2.102],[-23.861,-5.702],[1.184,0.405],[40.413,1.859],[1.728,0.104],[3.911,-3.791],[0.204,-0.233],[0.323,-0.655],[-0.01,-0.027],[-0.611,-1.383]],"o":[[33.304,25.827],[6.265,-5.963],[-24.968,-4.245],[-3.778,-0.174],[-7.299,-0.441],[-0.236,0.229],[-0.408,0.579],[-0.943,1.91],[0.146,3.071],[1.675,3.045]],"v":[[-68.595,-0.736],[70.596,28.62],[74.267,9.578],[-52.629,-27.302],[-58.699,-28.179],[-73.115,-23.549],[-74.277,-22.083],[-75.367,-20.234],[-76.851,-14.219],[-75.345,-6.802]],"c":true},"ix":2},"nm":"Path 1","mn":"ADBE Vector Shape - Group","hd":false},{"ty":"fl","c":{"a":0,"k":[0.651000019148,0.211999990426,0.305999995213,1],"ix":4},"o":{"a":0,"k":100,"ix":5},"r":1,"bm":0,"nm":"Fill 1","mn":"ADBE Vector Graphic - Fill","hd":false},{"ty":"tr","p":{"a":0,"k":[416.519,526.113],"ix":2},"a":{"a":0,"k":[0,0],"ix":1},"s":{"a":0,"k":[100,100],"ix":3},"r":{"a":0,"k":0,"ix":6},"o":{"a":0,"k":100,"ix":7},"sk":{"a":0,"k":0,"ix":4},"sa":{"a":0,"k":0,"ix":5},"nm":"Transform"}],"nm":"Group 2","np":2,"cix":2,"bm":0,"ix":2,"mn":"ADBE Vector Group","hd":false}],"ip":0,"op":120,"st":0,"bm":0},{"ddd":0,"ind":2,"ty":4,"nm":"arm","parent":11,"sr":1,"ks":{"o":{"a":0,"k":100,"ix":11},"r":{"a":1,"k":[{"i":{"x":[0.296],"y":[1]},"o":{"x":[0.333],"y":[0]},"t":8,"s":[0]},{"i":{"x":[0.667],"y":[1]},"o":{"x":[0.564],"y":[0.066]},"t":60,"s":[-28]},{"t":114,"s":[0]}],"ix":10},"p":{"a":0,"k":[467.235,317.228,0],"ix":2},"a":{"a":0,"k":[211.235,461.228,0],"ix":1},"s":{"a":0,"k":[100,100,100],"ix":6}},"ao":0,"shapes":[{"ty":"gr","it":[{"ind":0,"ty":"sh","ix":1,"ks":{"a":0,"k":{"i":[[-9.744,4.465],[6.797,13.018],[9.027,1.047],[4.671,-2.022],[0,0],[0.188,-0.086],[-6.796,-13.018],[-2.282,-2.076],[-0.71,-0.525]],"o":[[13.561,-6.214],[-4.366,-8.366],[-4.817,-0.555],[0,0],[-0.195,0.074],[-13.561,6.214],[1.486,2.845],[0.653,0.597],[8.077,6.083]],"v":[[12.296,22.791],[24.553,-12.03],[2.782,-26.701],[-11.712,-24.599],[-11.749,-24.582],[-12.308,-24.341],[-24.554,10.474],[-18.83,17.89],[-16.794,19.585]],"c":true},"ix":2},"nm":"Path 1","mn":"ADBE Vector Shape - Group","hd":false},{"ty":"fl","c":{"a":0,"k":[0.651000019148,0.211999990426,0.305999995213,1],"ix":4},"o":{"a":0,"k":100,"ix":5},"r":1,"bm":0,"nm":"Fill 1","mn":"ADBE Vector Graphic - Fill","hd":false},{"ty":"tr","p":{"a":0,"k":[211.535,462.082],"ix":2},"a":{"a":0,"k":[0,0],"ix":1},"s":{"a":0,"k":[100,100],"ix":3},"r":{"a":0,"k":0,"ix":6},"o":{"a":0,"k":100,"ix":7},"sk":{"a":0,"k":0,"ix":4},"sa":{"a":0,"k":0,"ix":5},"nm":"Transform"}],"nm":"Group 1","np":2,"cix":2,"bm":0,"ix":1,"mn":"ADBE Vector Group","hd":false},{"ty":"gr","it":[{"ind":0,"ty":"sh","ix":1,"ks":{"a":0,"k":{"i":[[13.497,8.158],[12.878,4.899],[7.692,0.206],[8.914,4.972],[13.107,-10.377],[-7.631,-15.446],[-22.166,-1.506],[-35.426,-1.459]],"o":[[-7.936,-4.797],[-22.901,-8.712],[-6.599,-3.115],[-12.286,-6.853],[-6.161,4.878],[5.958,12.06],[37.145,23.063],[20.215,0.833]],"v":[[83.725,18.907],[41.198,-4.188],[-14.569,-20.398],[-37.291,-35.883],[-83.173,-38.195],[-89.591,-6.367],[-41.562,15.357],[73.825,47.74]],"c":true},"ix":2},"nm":"Path 1","mn":"ADBE Vector Shape - Group","hd":false},{"ty":"fl","c":{"a":0,"k":[0.651000019148,0.211999990426,0.305999995213,1],"ix":4},"o":{"a":0,"k":100,"ix":5},"r":1,"bm":0,"nm":"Fill 1","mn":"ADBE Vector Graphic - Fill","hd":false},{"ty":"tr","p":{"a":0,"k":[276.656,479.502],"ix":2},"a":{"a":0,"k":[0,0],"ix":1},"s":{"a":0,"k":[100,100],"ix":3},"r":{"a":0,"k":0,"ix":6},"o":{"a":0,"k":100,"ix":7},"sk":{"a":0,"k":0,"ix":4},"sa":{"a":0,"k":0,"ix":5},"nm":"Transform"}],"nm":"Group 2","np":2,"cix":2,"bm":0,"ix":2,"mn":"ADBE Vector Group","hd":false}],"ip":0,"op":120,"st":0,"bm":0},{"ddd":0,"ind":3,"ty":4,"nm":"hand","parent":1,"sr":1,"ks":{"o":{"a":0,"k":100,"ix":11},"r":{"a":0,"k":0,"ix":10},"p":{"a":0,"k":[481.517,543.345,0],"ix":2},"a":{"a":0,"k":[737.517,399.345,0],"ix":1},"s":{"a":0,"k":[100,100,100],"ix":6}},"ao":0,"shapes":[{"ty":"gr","it":[{"ty":"gr","it":[{"ind":0,"ty":"sh","ix":1,"ks":{"a":0,"k":{"i":[[-2.871,9.709],[-6.511,-1.633],[-9.994,0.512],[0.152,0.144],[3.732,1.16]],"o":[[1.811,-6.123],[6.512,1.633],[7.802,11.844],[-0.154,-0.144],[-3.732,-1.159]],"v":[[-17.743,-5.358],[-2.492,-9.799],[12.813,-7.607],[3.231,11.337],[-5.35,6.475]],"c":true},"ix":2},"nm":"Path 1","mn":"ADBE Vector Shape - Group","hd":false},{"ty":"fl","c":{"a":0,"k":[0.847000002861,0.60799998045,0.501999974251,1],"ix":4},"o":{"a":0,"k":100,"ix":5},"r":1,"bm":0,"nm":"Fill 1","mn":"ADBE Vector Graphic - Fill","hd":false},{"ty":"tr","p":{"a":0,"k":[491.25,545.824],"ix":2},"a":{"a":0,"k":[0,0],"ix":1},"s":{"a":0,"k":[100,100],"ix":3},"r":{"a":0,"k":0,"ix":6},"o":{"a":0,"k":100,"ix":7},"sk":{"a":0,"k":0,"ix":4},"sa":{"a":0,"k":0,"ix":5},"nm":"Transform"}],"nm":"Group 1","np":2,"cix":2,"bm":0,"ix":1,"mn":"ADBE Vector Group","hd":false},{"ty":"gr","it":[{"ind":0,"ty":"sh","ix":1,"ks":{"a":0,"k":{"i":[[0.167,0.39],[0.879,0.6],[1.279,1.787],[0.782,0.602],[3.578,2.641],[4.107,0.828],[2.071,0.052],[2.236,0.201],[1.652,-8.74],[-2.645,0.107],[-4.102,-0.742],[-2.825,-3.074],[-2.43,-0.925],[0,0],[-0.84,1.6],[-0.634,-0.236],[-0.362,-0.172],[-0.829,0.932],[-0.112,0.798]],"o":[[-0.433,-1.004],[-4.163,-2.608],[-0.563,-0.788],[-0.869,-0.669],[-3.368,-2.468],[-2.051,-0.414],[-2.239,-0.057],[-21.386,-1.764],[-1.372,15.129],[4.131,-0.167],[4.1,0.743],[1.755,1.908],[2.563,0.976],[7.225,6.377],[0.307,-0.585],[0.376,0.141],[1.177,0.559],[0.493,-0.554],[0.063,-0.457]],"v":[[40.487,15.13],[38.129,12.738],[25.847,-1.049],[23.69,-3.384],[10.702,-11.758],[-0.126,-17.91],[-6.284,-18.273],[-12.999,-18.641],[-39.357,-7.575],[-14.592,3.38],[-3.367,1.526],[7.642,7.082],[15.838,14.045],[21.124,14.028],[31.697,17.406],[35.08,18.824],[36.135,19.401],[39.575,18.495],[40.666,16.399]],"c":true},"ix":2},"nm":"Path 1","mn":"ADBE Vector Shape - Group","hd":false},{"ty":"fl","c":{"a":0,"k":[0.847000002861,0.60799998045,0.501999974251,1],"ix":4},"o":{"a":0,"k":100,"ix":5},"r":1,"bm":0,"nm":"Fill 1","mn":"ADBE Vector Graphic - Fill","hd":false},{"ty":"tr","p":{"a":0,"k":[531.294,556.971],"ix":2},"a":{"a":0,"k":[0,0],"ix":1},"s":{"a":0,"k":[100,100],"ix":3},"r":{"a":0,"k":0,"ix":6},"o":{"a":0,"k":100,"ix":7},"sk":{"a":0,"k":0,"ix":4},"sa":{"a":0,"k":0,"ix":5},"nm":"Transform"}],"nm":"Group 2","np":2,"cix":2,"bm":0,"ix":2,"mn":"ADBE Vector Group","hd":false},{"ty":"tr","p":{"a":0,"k":[778.517,411.845],"ix":2},"a":{"a":0,"k":[522.517,555.845],"ix":1},"s":{"a":0,"k":[100,100],"ix":3},"r":{"a":0,"k":0,"ix":6},"o":{"a":0,"k":100,"ix":7},"sk":{"a":0,"k":0,"ix":4},"sa":{"a":0,"k":0,"ix":5},"nm":"Transform"}],"nm":"hand","np":2,"cix":2,"bm":0,"ix":1,"mn":"ADBE Vector Group","hd":false},{"ty":"gr","it":[{"ty":"gr","it":[{"ind":0,"ty":"sh","ix":1,"ks":{"a":0,"k":{"i":[[1.992,-1.119],[2.401,1.082],[1.908,1.53],[5.598,0.921],[2.395,0.84],[2.155,1.471],[0.525,0.742],[-0.945,1.839],[-2.929,1.188],[-3.11,-0.93],[-8.417,-2.086],[-1.445,-0.354],[-0.962,-1.132],[-0.731,-2.114]],"o":[[-2.221,1.246],[-2.23,-1.005],[-4.45,-3.568],[-2.495,-0.412],[-2.459,-0.861],[-0.757,-0.517],[-1.239,-1.752],[1.421,-2.767],[2.93,-1.188],[8.318,2.485],[1.443,0.358],[1.445,0.353],[1.503,1.77],[0.824,2.38]],"v":[[21.101,14.761],[13.596,15.028],[7.768,10.615],[-7.965,4.445],[-15.388,2.91],[-22.232,-0.842],[-24.282,-2.642],[-24.13,-8.601],[-17.334,-14.778],[-7.899,-15.181],[13.9,-1.278],[18.275,-0.443],[22.135,1.667],[24.697,8.397]],"c":true},"ix":2},"nm":"Path 1","mn":"ADBE Vector Shape - Group","hd":false},{"ty":"fl","c":{"a":0,"k":[0.808000028133,0.545000016689,0.455000013113,1],"ix":4},"o":{"a":0,"k":100,"ix":5},"r":1,"bm":0,"nm":"Fill 1","mn":"ADBE Vector Graphic - Fill","hd":false},{"ty":"tr","p":{"a":0,"k":[536.531,557.612],"ix":2},"a":{"a":0,"k":[0,0],"ix":1},"s":{"a":0,"k":[100,100],"ix":3},"r":{"a":0,"k":0,"ix":6},"o":{"a":0,"k":100,"ix":7},"sk":{"a":0,"k":0,"ix":4},"sa":{"a":0,"k":0,"ix":5},"nm":"Transform"}],"nm":"Group 1","np":2,"cix":2,"bm":0,"ix":1,"mn":"ADBE Vector Group","hd":false},{"ty":"tr","p":{"a":0,"k":[792.442,413.605],"ix":2},"a":{"a":0,"k":[536.442,557.605],"ix":1},"s":{"a":0,"k":[100,100],"ix":3},"r":{"a":0,"k":0,"ix":6},"o":{"a":0,"k":100,"ix":7},"sk":{"a":0,"k":0,"ix":4},"sa":{"a":0,"k":0,"ix":5},"nm":"Transform"}],"nm":"hand_shadow","np":1,"cix":2,"bm":0,"ix":2,"mn":"ADBE Vector Group","hd":false}],"ip":0,"op":120,"st":0,"bm":0},{"ddd":0,"ind":4,"ty":4,"nm":"body","parent":11,"sr":1,"ks":{"o":{"a":0,"k":100,"ix":11},"r":{"a":0,"k":0,"ix":10},"p":{"a":0,"k":[510.784,285.898,0],"ix":2},"a":{"a":0,"k":[510.784,285.898,0],"ix":1},"s":{"a":0,"k":[100,100,100],"ix":6}},"ao":0,"shapes":[{"ty":"gr","it":[{"ty":"gr","it":[{"ind":0,"ty":"sh","ix":1,"ks":{"a":0,"k":{"i":[[-0.05,-0.53],[7.729,-2.753],[12.24,0.27],[0.649,-0.03],[1.38,1.099],[-5.055,-0.447],[-6.759,2.219],[-8.438,3.884]],"o":[[-6.32,3.46],[-5.61,1.998],[-0.64,-0.01],[-1.67,-1.26],[6.483,-0.494],[11.965,1.059],[3.76,-1.233],[0.179,0.549]],"v":[[19.909,-6.121],[11.206,5.229],[-15.031,0.899],[-16.961,0.93],[-19.909,-1.339],[-5.153,-0.807],[11.206,0.78],[19.464,-7.227]],"c":true},"ix":2},"nm":"Path 1","mn":"ADBE Vector Shape - Group","hd":false},{"ty":"fl","c":{"a":0,"k":[0.787999987602,0.549000024796,0.458999991417,1],"ix":4},"o":{"a":0,"k":100,"ix":5},"r":1,"bm":0,"nm":"Fill 1","mn":"ADBE Vector Graphic - Fill","hd":false},{"ty":"tr","p":{"a":0,"k":[261.705,435.352],"ix":2},"a":{"a":0,"k":[0,0],"ix":1},"s":{"a":0,"k":[100,100],"ix":3},"r":{"a":0,"k":0,"ix":6},"o":{"a":0,"k":100,"ix":7},"sk":{"a":0,"k":0,"ix":4},"sa":{"a":0,"k":0,"ix":5},"nm":"Transform"}],"nm":"Group 1","np":2,"cix":2,"bm":0,"ix":1,"mn":"ADBE Vector Group","hd":false},{"ty":"tr","p":{"a":0,"k":[517.705,290.555],"ix":2},"a":{"a":0,"k":[261.705,434.555],"ix":1},"s":{"a":0,"k":[100,100],"ix":3},"r":{"a":0,"k":0,"ix":6},"o":{"a":0,"k":100,"ix":7},"sk":{"a":0,"k":0,"ix":4},"sa":{"a":0,"k":0,"ix":5},"nm":"Transform"}],"nm":"body_shadow","np":1,"cix":2,"bm":0,"ix":1,"mn":"ADBE Vector Group","hd":false},{"ty":"gr","it":[{"ty":"gr","it":[{"ind":0,"ty":"sh","ix":1,"ks":{"a":0,"k":{"i":[[3.141,-1.2],[9.65,7.28],[0.09,0.07],[1.38,1.1],[0,0],[-16.371,-12.1],[-0.651,-2.02],[-0.049,-0.53]],"o":[[-9.29,3.55],[-0.1,-0.07],[-1.669,-1.26],[-9.54,-7.64],[4.03,-2.88],[2.829,2.08],[0.179,0.55],[0.53,5.23]],"v":[[19.235,13.575],[-9.995,8.455],[-10.285,8.235],[-14.855,4.685],[-27.454,-6.875],[21.576,-5.025],[26.586,1.185],[26.924,2.805]],"c":true},"ix":2},"nm":"Path 1","mn":"ADBE Vector Shape - Group","hd":false},{"ty":"fl","c":{"a":0,"k":[0.847000002861,0.60799998045,0.501999974251,1],"ix":4},"o":{"a":0,"k":100,"ix":5},"r":1,"bm":0,"nm":"Fill 1","mn":"ADBE Vector Graphic - Fill","hd":false},{"ty":"tr","p":{"a":0,"k":[255.029,428.046],"ix":2},"a":{"a":0,"k":[0,0],"ix":1},"s":{"a":0,"k":[100,100],"ix":3},"r":{"a":0,"k":0,"ix":6},"o":{"a":0,"k":100,"ix":7},"sk":{"a":0,"k":0,"ix":4},"sa":{"a":0,"k":0,"ix":5},"nm":"Transform"}],"nm":"Group 1","np":2,"cix":2,"bm":0,"ix":1,"mn":"ADBE Vector Group","hd":false},{"ty":"tr","p":{"a":0,"k":[510.784,285.898],"ix":2},"a":{"a":0,"k":[254.784,429.898],"ix":1},"s":{"a":0,"k":[100,100],"ix":3},"r":{"a":0,"k":0,"ix":6},"o":{"a":0,"k":100,"ix":7},"sk":{"a":0,"k":0,"ix":4},"sa":{"a":0,"k":0,"ix":5},"nm":"Transform"}],"nm":"body_skin","np":1,"cix":2,"bm":0,"ix":2,"mn":"ADBE Vector Group","hd":false}],"ip":0,"op":120,"st":0,"bm":0},{"ddd":0,"ind":5,"ty":4,"nm":"foot","sr":1,"ks":{"o":{"a":0,"k":100,"ix":11},"r":{"a":0,"k":0,"ix":10},"p":{"a":0,"k":[463.503,942.155,0],"ix":2},"a":{"a":0,"k":[463.503,942.155,0],"ix":1},"s":{"a":0,"k":[100,100,100],"ix":6}},"ao":0,"shapes":[{"ty":"gr","it":[{"ty":"gr","it":[{"ind":0,"ty":"sh","ix":1,"ks":{"a":0,"k":{"i":[[1.583,-2.687],[9.853,-0.437],[10.376,4.674],[6.119,3.321],[3.85,3.736],[-1.533,8.496],[-7.954,-4.66],[-19.239,-5.721],[-0.881,3.719],[-5.211,1.134],[-0.406,-2.65],[-0.038,-0.286],[-0.182,-0.166],[-0.058,0.943],[-0.016,-0.034]],"o":[[-1.644,2.787],[-8.189,0.363],[-9.103,-4.101],[-5.243,-2.846],[-1.484,-1.814],[0,0],[15.051,8.821],[22.967,6.828],[0.454,-2.377],[5.463,-1.19],[0.044,0.287],[0.04,0.265],[1.186,1.088],[0.006,0.021],[0.214,0.59]],"v":[[45.232,12.966],[27.159,19.634],[-8.241,13.655],[-30.782,3.057],[-44.236,-6.479],[-45.457,-19.996],[-36.031,-9.219],[2.752,10.558],[28.688,10.734],[34.875,5.973],[42.743,7.89],[42.822,8.76],[43.078,9.482],[46.748,7.134],[46.776,7.222]],"c":true},"ix":2},"nm":"Path 1","mn":"ADBE Vector Shape - Group","hd":false},{"ty":"fl","c":{"a":0,"k":[0.518000006676,0.467000007629,0.40000000596,1],"ix":4},"o":{"a":0,"k":100,"ix":5},"r":1,"bm":0,"nm":"Fill 1","mn":"ADBE Vector Graphic - Fill","hd":false},{"ty":"tr","p":{"a":0,"k":[229.654,1134.98],"ix":2},"a":{"a":0,"k":[0,0],"ix":1},"s":{"a":0,"k":[100,100],"ix":3},"r":{"a":0,"k":0,"ix":6},"o":{"a":0,"k":100,"ix":7},"sk":{"a":0,"k":0,"ix":4},"sa":{"a":0,"k":0,"ix":5},"nm":"Transform"}],"nm":"Group 1","np":2,"cix":2,"bm":0,"ix":1,"mn":"ADBE Vector Group","hd":false},{"ty":"tr","p":{"a":0,"k":[486.003,990.822],"ix":2},"a":{"a":0,"k":[230.003,1134.822],"ix":1},"s":{"a":0,"k":[100,100],"ix":3},"r":{"a":0,"k":0,"ix":6},"o":{"a":0,"k":100,"ix":7},"sk":{"a":0,"k":0,"ix":4},"sa":{"a":0,"k":0,"ix":5},"nm":"Transform"}],"nm":"sole","np":1,"cix":2,"bm":0,"ix":1,"mn":"ADBE Vector Group","hd":false},{"ty":"gr","it":[{"ty":"gr","it":[{"ind":0,"ty":"sh","ix":1,"ks":{"a":0,"k":{"i":[[5.844,-0.115],[0.901,-6.615],[-0.396,6.423],[0.463,-0.897],[-0.81,-3.575],[-18.135,-7.138],[-18.342,-5.478],[-0.744,-0.499],[0.101,0.403],[19.014,16.68],[4.885,7.988],[0.819,0.823]],"o":[[-12.506,0.246],[-6.319,-0.495],[-0.172,-1.226],[-2.633,2.761],[0.551,6.718],[9.627,3.791],[22.25,6.645],[1.021,0.684],[-2.348,-9.316],[-6.053,-5.311],[-0.605,-0.991],[-5.776,-5.802]],"v":[[-9.63,-38.168],[-25.017,-28.519],[-33.55,-37.178],[-35.712,-36.788],[-45.769,-1.451],[-22.964,19.437],[5.372,31.759],[45.331,27.717],[46.477,24.603],[18.276,-2.922],[4.242,-17.882],[-0.265,-21.785]],"c":true},"ix":2},"nm":"Path 1","mn":"ADBE Vector Shape - Group","hd":false},{"ty":"fl","c":{"a":0,"k":[0.157000005245,0.157000005245,0.157000005245,1],"ix":4},"o":{"a":0,"k":100,"ix":5},"r":1,"bm":0,"nm":"Fill 1","mn":"ADBE Vector Graphic - Fill","hd":false},{"ty":"tr","p":{"a":0,"k":[229.952,1117.598],"ix":2},"a":{"a":0,"k":[0,0],"ix":1},"s":{"a":0,"k":[100,100],"ix":3},"r":{"a":0,"k":0,"ix":6},"o":{"a":0,"k":100,"ix":7},"sk":{"a":0,"k":0,"ix":4},"sa":{"a":0,"k":0,"ix":5},"nm":"Transform"}],"nm":"Group 1","np":2,"cix":2,"bm":0,"ix":1,"mn":"ADBE Vector Group","hd":false},{"ty":"tr","p":{"a":0,"k":[486.289,971.45],"ix":2},"a":{"a":0,"k":[230.289,1115.45],"ix":1},"s":{"a":0,"k":[100,100],"ix":3},"r":{"a":0,"k":0,"ix":6},"o":{"a":0,"k":100,"ix":7},"sk":{"a":0,"k":0,"ix":4},"sa":{"a":0,"k":0,"ix":5},"nm":"Transform"}],"nm":"foot","np":1,"cix":2,"bm":0,"ix":2,"mn":"ADBE Vector Group","hd":false},{"ty":"gr","it":[{"ty":"gr","it":[{"ind":0,"ty":"sh","ix":1,"ks":{"a":0,"k":{"i":[[-0.469,6.702],[-6.702,-0.469],[0.468,-6.701],[6.701,0.469]],"o":[[0.469,-6.701],[6.702,0.469],[-0.469,6.702],[-6.702,-0.468]],"v":[[-12.134,-0.849],[0.85,-12.135],[12.135,0.849],[-0.848,12.135]],"c":true},"ix":2},"nm":"Path 1","mn":"ADBE Vector Shape - Group","hd":false},{"ty":"fl","c":{"a":0,"k":[0.847000002861,0.60799998045,0.501999974251,1],"ix":4},"o":{"a":0,"k":100,"ix":5},"r":1,"bm":0,"nm":"Fill 1","mn":"ADBE Vector Graphic - Fill","hd":false},{"ty":"tr","p":{"a":0,"k":[208.104,1086.813],"ix":2},"a":{"a":0,"k":[0,0],"ix":1},"s":{"a":0,"k":[100,100],"ix":3},"r":{"a":0,"k":0,"ix":6},"o":{"a":0,"k":100,"ix":7},"sk":{"a":0,"k":0,"ix":4},"sa":{"a":0,"k":0,"ix":5},"nm":"Transform"}],"nm":"Group 1","np":2,"cix":2,"bm":0,"ix":1,"mn":"ADBE Vector Group","hd":false},{"ty":"tr","p":{"a":0,"k":[464.105,942.813],"ix":2},"a":{"a":0,"k":[208.105,1086.813],"ix":1},"s":{"a":0,"k":[100,100],"ix":3},"r":{"a":0,"k":0,"ix":6},"o":{"a":0,"k":100,"ix":7},"sk":{"a":0,"k":0,"ix":4},"sa":{"a":0,"k":0,"ix":5},"nm":"Transform"}],"nm":"foot_skin","np":1,"cix":2,"bm":0,"ix":3,"mn":"ADBE Vector Group","hd":false}],"ip":0,"op":120,"st":0,"bm":0},{"ddd":0,"ind":6,"ty":4,"nm":"thigh","parent":7,"sr":1,"ks":{"o":{"a":0,"k":100,"ix":11},"r":{"a":1,"k":[{"i":{"x":[0.709],"y":[0.673]},"o":{"x":[0.453],"y":[0]},"t":8,"s":[0]},{"i":{"x":[0.399],"y":[1]},"o":{"x":[0.183],"y":[0.677]},"t":23,"s":[-59.478]},{"i":{"x":[0.767],"y":[0.318]},"o":{"x":[0.502],"y":[0.025]},"t":60,"s":[-104]},{"i":{"x":[0.599],"y":[1]},"o":{"x":[0.315],"y":[0.345]},"t":95,"s":[-61.575]},{"t":114,"s":[0]}],"ix":10},"p":{"a":0,"k":[475.934,733.137,0],"ix":2},"a":{"a":0,"k":[219.934,877.137,0],"ix":1},"s":{"a":0,"k":[100,100,100],"ix":6}},"ao":0,"shapes":[{"ty":"gr","it":[{"ind":0,"ty":"sh","ix":1,"ks":{"a":0,"k":{"i":[[-0.474,-20.772],[0.166,-1.417],[0.012,-0.1],[0.555,-4.15],[4.991,-28.145],[4.76,-19.767],[0.074,-0.229],[0.389,-1.013],[9.389,0.17],[-1.312,13.889],[0.065,42.639],[4.201,10.58],[-0.675,19.563],[-23.406,-0.425],[-8.23,-6.711]],"o":[[-0.086,1.398],[-0.012,0.1],[-0.344,2.924],[-2.466,18.489],[-7.134,40.327],[-0.076,0.339],[-0.348,1.034],[-3.746,8.023],[-12.298,-0.224],[3.713,-39.279],[-0.036,-20.094],[-1.909,-4.807],[1.291,-37.388],[10.068,0.183],[11.392,9.308]],"v":[[50.082,-73.677],[49.704,-69.453],[49.669,-69.154],[48.326,-58.487],[36.465,17.511],[8.774,112.554],[8.489,113.399],[7.373,116.469],[-13.933,129.805],[-36.55,105.8],[-44.374,9.552],[-45.022,-47.325],[-49.406,-79.942],[1.888,-129.551],[30.133,-119.096]],"c":true},"ix":2},"nm":"Path 1","mn":"ADBE Vector Shape - Group","hd":false},{"ty":"fl","c":{"a":0,"k":[0.118000000598,0.118000000598,0.118000000598,1],"ix":4},"o":{"a":0,"k":100,"ix":5},"r":1,"bm":0,"nm":"Fill 1","mn":"ADBE Vector Graphic - Fill","hd":false},{"ty":"tr","p":{"a":0,"k":[234.128,770.513],"ix":2},"a":{"a":0,"k":[0,0],"ix":1},"s":{"a":0,"k":[100,100],"ix":3},"r":{"a":0,"k":0,"ix":6},"o":{"a":0,"k":100,"ix":7},"sk":{"a":0,"k":0,"ix":4},"sa":{"a":0,"k":0,"ix":5},"nm":"Transform"}],"nm":"Group 1","np":2,"cix":2,"bm":0,"ix":1,"mn":"ADBE Vector Group","hd":false},{"ty":"gr","it":[{"ind":0,"ty":"sh","ix":1,"ks":{"a":0,"k":{"i":[[0.003,-0.15],[0.633,-2.959],[0.173,-0.677],[0.106,-0.358],[22.956,0.416],[8.722,12.601],[0.717,1.254],[0.702,1.583],[0.642,4.312],[-0.05,2.799],[0,0],[-0.025,0.28],[-0.119,1.569],[-23.405,-0.425],[-8.229,-6.711],[-0.474,-20.772],[0.005,-0.83]],"o":[[-0.057,3.129],[-0.133,0.698],[-0.087,0.358],[-5.835,21.148],[-16.487,-0.3],[-0.819,-1.186],[-0.853,-1.495],[-1.699,-3.882],[-0.422,-2.678],[0,0],[0.005,-0.28],[0.07,-1.599],[2.808,-37.305],[10.069,0.183],[11.393,9.308],[0.025,0.811],[0.007,0.15]],"v":[[49.3,5.198],[48.274,14.341],[47.806,16.413],[47.517,17.488],[-0.867,53.586],[-40.527,32.322],[-42.831,28.649],[-45.158,24.027],[-48.704,11.68],[-49.255,3.469],[-49.254,3.409],[-49.219,2.559],[-48.832,-2.195],[1.078,-53.577],[29.323,-43.122],[49.273,2.297],[49.298,4.748]],"c":true},"ix":2},"nm":"Path 1","mn":"ADBE Vector Shape - Group","hd":false},{"ty":"fl","c":{"a":0,"k":[0.118000000598,0.118000000598,0.118000000598,1],"ix":4},"o":{"a":0,"k":100,"ix":5},"r":1,"bm":0,"nm":"Fill 1","mn":"ADBE Vector Graphic - Fill","hd":false},{"ty":"tr","p":{"a":0,"k":[234.936,694.539],"ix":2},"a":{"a":0,"k":[0,0],"ix":1},"s":{"a":0,"k":[100,100],"ix":3},"r":{"a":0,"k":0,"ix":6},"o":{"a":0,"k":100,"ix":7},"sk":{"a":0,"k":0,"ix":4},"sa":{"a":0,"k":0,"ix":5},"nm":"Transform"}],"nm":"Group 2","np":2,"cix":2,"bm":0,"ix":2,"mn":"ADBE Vector Group","hd":false}],"ip":0,"op":120,"st":0,"bm":0},{"ddd":0,"ind":7,"ty":4,"nm":"calf","sr":1,"ks":{"o":{"a":0,"k":100,"ix":11},"r":{"a":1,"k":[{"i":{"x":[0.709],"y":[0.787]},"o":{"x":[0.453],"y":[0]},"t":8,"s":[0]},{"i":{"x":[0.399],"y":[1]},"o":{"x":[0.183],"y":[2.406]},"t":23,"s":[22.869]},{"i":{"x":[0.767],"y":[-1.256]},"o":{"x":[0.502],"y":[-0.314]},"t":60,"s":[26]},{"i":{"x":[0.599],"y":[1]},"o":{"x":[0.315],"y":[0.248]},"t":95,"s":[22.609]},{"t":114,"s":[0]}],"ix":10},"p":{"a":0,"k":[462.687,942.014,0],"ix":2},"a":{"a":0,"k":[462.687,942.014,0],"ix":1},"s":{"a":0,"k":[100,100,100],"ix":6}},"ao":0,"shapes":[{"ty":"gr","it":[{"ty":"gr","it":[{"ind":0,"ty":"sh","ix":1,"ks":{"a":0,"k":{"i":[[0.001,-0.079],[-0.023,-0.421],[-12.298,-0.223],[-3.747,8.023],[-0.232,0.647],[-0.011,0.009],[-0.173,0.676],[-0.034,1.89],[0,0],[1.69,3.27],[0.136,0.223],[3.533,2.065],[0.089,0.062],[3.979,0.072],[3.704,-2.402],[0.02,-0.02],[0.31,-6.826],[0.003,-0.151]],"o":[[-0.008,0.431],[0.438,12.199],[9.389,0.171],[0.291,-0.616],[0,-0.01],[0.231,-0.646],[0.461,-1.752],[0,0],[0.041,-3.94],[-0.126,-0.233],[-2.005,-3.577],[-0.088,-0.061],[-3.237,-1.838],[-4.73,-0.086],[-0.011,0],[-8.727,5.639],[-0.022,0.149],[-0.011,0.08]],"v":[[-23.064,-0.461],[-23.047,0.82],[-0.438,23.094],[20.868,9.759],[21.652,7.862],[21.663,7.843],[22.269,5.844],[23.028,0.376],[23.031,0.226],[20.449,-10.702],[20.071,-11.39],[11.616,-20.015],[11.339,-20.19],[0.402,-23.179],[-12.466,-19.512],[-12.507,-19.482],[-23.022,-1.149],[-23.05,-0.7]],"c":true},"ix":2},"nm":"Path 1","mn":"ADBE Vector Shape - Group","hd":false},{"ty":"fl","c":{"a":0,"k":[0.118000000715,0.118000000715,0.118000000715,1],"ix":4},"o":{"a":0,"k":100,"ix":5},"r":1,"bm":0,"nm":"Fill 1","mn":"ADBE Vector Graphic - Fill","hd":false},{"ty":"tr","p":{"a":0,"k":[220.627,877.801],"ix":2},"a":{"a":0,"k":[0,0],"ix":1},"s":{"a":0,"k":[100,100],"ix":3},"r":{"a":0,"k":0,"ix":6},"o":{"a":0,"k":100,"ix":7},"sk":{"a":0,"k":0,"ix":4},"sa":{"a":0,"k":0,"ix":5},"nm":"Transform"}],"nm":"Group 1","np":2,"cix":2,"bm":0,"ix":1,"mn":"ADBE Vector Group","hd":false},{"ty":"gr","it":[{"ind":0,"ty":"sh","ix":1,"ks":{"a":0,"k":{"i":[[0.406,-22.396],[-2.657,-27.162],[-0.001,0.02],[-15.664,55.725],[-0.009,0.01],[-0.108,0.387],[-0.068,2.018],[1.703,3.111],[0.135,0.223],[3.242,2.13],[0.089,0.061],[3.979,0.073],[4.268,-3.057],[0.731,-6.148],[0.01,-0.08]],"o":[[-0.843,46.402],[4.317,7.39],[0.985,-29.447],[0,-0.009],[0.108,-0.389],[0.651,-2.289],[0.126,-4.179],[-0.126,-0.232],[-2.135,-3.619],[-0.089,-0.061],[-3.237,-1.839],[-4.73,-0.086],[-6.437,4.614],[-0.022,0.08],[-10.749,26.001]],"v":[[-32.109,-3.323],[-17.034,97.869],[10.247,96.982],[31.447,-74.132],[31.456,-74.151],[31.778,-75.305],[32.826,-81.767],[30.244,-92.696],[29.866,-93.384],[21.411,-102.009],[21.134,-102.183],[10.197,-105.173],[-3.539,-101.047],[-13.227,-83.144],[-13.261,-82.904]],"c":true},"ix":2},"nm":"Path 1","mn":"ADBE Vector Shape - Group","hd":false},{"ty":"fl","c":{"a":0,"k":[0.118000000715,0.118000000715,0.118000000715,1],"ix":4},"o":{"a":0,"k":100,"ix":5},"r":1,"bm":0,"nm":"Fill 1","mn":"ADBE Vector Graphic - Fill","hd":false},{"ty":"tr","p":{"a":0,"k":[210.843,959.216],"ix":2},"a":{"a":0,"k":[0,0],"ix":1},"s":{"a":0,"k":[100,100],"ix":3},"r":{"a":0,"k":0,"ix":6},"o":{"a":0,"k":100,"ix":7},"sk":{"a":0,"k":0,"ix":4},"sa":{"a":0,"k":0,"ix":5},"nm":"Transform"}],"nm":"Group 2","np":2,"cix":2,"bm":0,"ix":2,"mn":"ADBE Vector Group","hd":false},{"ty":"tr","p":{"a":0,"k":[476.187,733.099],"ix":2},"a":{"a":0,"k":[220.187,877.099],"ix":1},"s":{"a":0,"k":[100,100],"ix":3},"r":{"a":0,"k":0,"ix":6},"o":{"a":0,"k":100,"ix":7},"sk":{"a":0,"k":0,"ix":4},"sa":{"a":0,"k":0,"ix":5},"nm":"Transform"}],"nm":"calf","np":2,"cix":2,"bm":0,"ix":1,"mn":"ADBE Vector Group","hd":false},{"ty":"gr","it":[{"ty":"gr","it":[{"ind":0,"ty":"sh","ix":1,"ks":{"a":0,"k":{"i":[[0,0],[2,25.67],[0.456,-20.152],[-0.014,-5.306],[11.228,-0.292]],"o":[[-0.845,-13.972],[0.724,-18.123],[-0.629,27.805],[0,0],[-12.685,0.33]],"v":[[-11.498,28.951],[-13.063,-15.906],[12.581,-20.586],[12.88,27.32],[1.836,40.408]],"c":true},"ix":2},"nm":"Path 1","mn":"ADBE Vector Shape - Group","hd":false},{"ty":"fl","c":{"a":0,"k":[0.847000002861,0.60799998045,0.501999974251,1],"ix":4},"o":{"a":0,"k":100,"ix":5},"r":1,"bm":0,"nm":"Fill 1","mn":"ADBE Vector Graphic - Fill","hd":false},{"ty":"tr","p":{"a":0,"k":[207.407,1058.573],"ix":2},"a":{"a":0,"k":[0,0],"ix":1},"s":{"a":0,"k":[100,100],"ix":3},"r":{"a":0,"k":0,"ix":6},"o":{"a":0,"k":100,"ix":7},"sk":{"a":0,"k":0,"ix":4},"sa":{"a":0,"k":0,"ix":5},"nm":"Transform"}],"nm":"Group 1","np":2,"cix":2,"bm":0,"ix":1,"mn":"ADBE Vector Group","hd":false},{"ty":"tr","p":{"a":0,"k":[463.315,918.325],"ix":2},"a":{"a":0,"k":[207.315,1062.325],"ix":1},"s":{"a":0,"k":[100,100],"ix":3},"r":{"a":0,"k":0,"ix":6},"o":{"a":0,"k":100,"ix":7},"sk":{"a":0,"k":0,"ix":4},"sa":{"a":0,"k":0,"ix":5},"nm":"Transform"}],"nm":"calf_skin","np":1,"cix":2,"bm":0,"ix":2,"mn":"ADBE Vector Group","hd":false}],"ip":0,"op":120,"st":0,"bm":0},{"ddd":0,"ind":8,"ty":4,"nm":"hips_1","parent":10,"sr":1,"ks":{"o":{"a":0,"k":100,"ix":11},"r":{"a":0,"k":0,"ix":10},"p":{"a":0,"k":[300.175,663.362,0],"ix":2},"a":{"a":0,"k":[300.175,663.362,0],"ix":1},"s":{"a":0,"k":[100,100,100],"ix":6}},"ao":0,"shapes":[{"ty":"gr","it":[{"ind":0,"ty":"sh","ix":1,"ks":{"a":0,"k":{"i":[[10.617,45.882],[10.943,-0.289],[-0.211,-19.065],[1.479,-23.75],[-7.456,21.64]],"o":[[0,0],[1.145,17.32],[0.564,51.131],[5.605,2.524],[0,0]],"v":[[4.102,-67.2],[-17.147,-66.18],[-12.174,-14.378],[-19.61,64.675],[19.61,34.271]],"c":true},"ix":2},"nm":"Path 1","mn":"ADBE Vector Shape - Group","hd":false},{"ty":"fl","c":{"a":0,"k":[0.059000000299,0.059000000299,0.059000000299,1],"ix":4},"o":{"a":0,"k":100,"ix":5},"r":1,"bm":0,"nm":"Fill 1","mn":"ADBE Vector Graphic - Fill","hd":false},{"ty":"tr","p":{"a":0,"k":[300.175,664.45],"ix":2},"a":{"a":0,"k":[0,0],"ix":1},"s":{"a":0,"k":[100,100],"ix":3},"r":{"a":0,"k":0,"ix":6},"o":{"a":0,"k":100,"ix":7},"sk":{"a":0,"k":0,"ix":4},"sa":{"a":0,"k":0,"ix":5},"nm":"Transform"}],"nm":"Group 1","np":2,"cix":2,"bm":0,"ix":1,"mn":"ADBE Vector Group","hd":false}],"ip":0,"op":120,"st":0,"bm":0},{"ddd":0,"ind":9,"ty":4,"nm":"head","parent":12,"sr":1,"ks":{"o":{"a":0,"k":100,"ix":11},"r":{"a":0,"k":0,"ix":10},"p":{"a":0,"k":[500.941,181.719,0],"ix":2},"a":{"a":0,"k":[500.941,181.719,0],"ix":1},"s":{"a":0,"k":[100,100,100],"ix":6}},"ao":0,"shapes":[{"ty":"gr","it":[{"ty":"gr","it":[{"ind":0,"ty":"sh","ix":1,"ks":{"a":0,"k":{"i":[[0.267,0.024],[-2.32,-0.494],[-1.02,-0.125],[-0.164,0.6],[0.912,0.008]],"o":[[0.209,0.116],[1.122,0.244],[0.206,-0.59],[-0.699,0.146],[-2.204,-0.031]],"v":[[-4.122,-0.993],[0.145,0.494],[3.571,0.993],[4.122,-0.793],[1.69,-0.578]],"c":true},"ix":2},"nm":"Path 1","mn":"ADBE Vector Shape - Group","hd":false},{"ty":"fl","c":{"a":0,"k":[0.787999987602,0.549000024796,0.458999991417,1],"ix":4},"o":{"a":0,"k":100,"ix":5},"r":1,"bm":0,"nm":"Fill 1","mn":"ADBE Vector Graphic - Fill","hd":false},{"ty":"tr","p":{"a":0,"k":[297.438,380.06],"ix":2},"a":{"a":0,"k":[0,0],"ix":1},"s":{"a":0,"k":[100,100],"ix":3},"r":{"a":0,"k":0,"ix":6},"o":{"a":0,"k":100,"ix":7},"sk":{"a":0,"k":0,"ix":4},"sa":{"a":0,"k":0,"ix":5},"nm":"Transform"}],"nm":"Group 1","np":2,"cix":2,"bm":0,"ix":1,"mn":"ADBE Vector Group","hd":false},{"ty":"gr","it":[{"ind":0,"ty":"sh","ix":1,"ks":{"a":0,"k":{"i":[[0.194,4.251],[-0.361,3.785],[-0.23,-5.134],[0.031,-2.87],[0.59,-0.593],[5.369,0.49],[-0.315,-0.401],[-2.214,-0.873],[-0.829,-0.946],[0.371,-0.191],[5.893,-1.727],[-3.543,-0.404],[-0.957,0.176],[-0.283,2.471],[-0.032,0.339],[-0.017,2.508]],"o":[[-0.289,-6.353],[-1.599,0.68],[0.317,7.112],[-0.005,0.676],[-1.254,0.951],[-1.597,-0.15],[1.265,1.573],[1.805,0.701],[1.698,1.932],[-3.43,1.764],[-0.493,0.148],[1.051,0.12],[0.35,-2.076],[0.035,-0.295],[0.326,-2.266],[0.031,-3.89]],"v":[[7.416,-8.718],[7.989,-20.895],[2.758,-13.748],[7.897,4.891],[7.221,6.982],[-2.19,7.741],[-4.029,9.061],[1.058,11.657],[5.733,12.403],[6.713,17.447],[-7.525,19.304],[3.595,20.56],[6.453,20.719],[7.295,14.915],[7.395,13.955],[7.987,6.801]],"c":true},"ix":2},"nm":"Path 1","mn":"ADBE Vector Shape - Group","hd":false},{"ty":"fl","c":{"a":0,"k":[0.787999987602,0.549000024796,0.458999991417,1],"ix":4},"o":{"a":0,"k":100,"ix":5},"r":1,"bm":0,"nm":"Fill 1","mn":"ADBE Vector Graphic - Fill","hd":false},{"ty":"tr","p":{"a":0,"k":[295.937,354.11],"ix":2},"a":{"a":0,"k":[0,0],"ix":1},"s":{"a":0,"k":[100,100],"ix":3},"r":{"a":0,"k":0,"ix":6},"o":{"a":0,"k":100,"ix":7},"sk":{"a":0,"k":0,"ix":4},"sa":{"a":0,"k":0,"ix":5},"nm":"Transform"}],"nm":"Group 2","np":2,"cix":2,"bm":0,"ix":2,"mn":"ADBE Vector Group","hd":false},{"ty":"gr","it":[{"ind":0,"ty":"sh","ix":1,"ks":{"a":0,"k":{"i":[[-2.182,0.289],[2.122,4.107],[3.542,1.752],[-4.421,-8.866]],"o":[[2.76,-0.367],[-1.223,-2.366],[-4.954,-2.449],[2.42,4.852]],"v":[[2.796,5.717],[1.794,-1.618],[2.425,-9.346],[-1.547,6.943]],"c":true},"ix":2},"nm":"Path 1","mn":"ADBE Vector Shape - Group","hd":false},{"ty":"fl","c":{"a":0,"k":[0.804000020027,0.56099998951,0.458999991417,1],"ix":4},"o":{"a":0,"k":100,"ix":5},"r":1,"bm":0,"nm":"Fill 1","mn":"ADBE Vector Graphic - Fill","hd":false},{"ty":"tr","p":{"a":0,"k":[235.389,345.591],"ix":2},"a":{"a":0,"k":[0,0],"ix":1},"s":{"a":0,"k":[100,100],"ix":3},"r":{"a":0,"k":0,"ix":6},"o":{"a":0,"k":100,"ix":7},"sk":{"a":0,"k":0,"ix":4},"sa":{"a":0,"k":0,"ix":5},"nm":"Transform"}],"nm":"Group 3","np":2,"cix":2,"bm":0,"ix":3,"mn":"ADBE Vector Group","hd":false},{"ty":"tr","p":{"a":0,"k":[523.865,213.134],"ix":2},"a":{"a":0,"k":[267.865,357.134],"ix":1},"s":{"a":0,"k":[100,100],"ix":3},"r":{"a":0,"k":0,"ix":6},"o":{"a":0,"k":100,"ix":7},"sk":{"a":0,"k":0,"ix":4},"sa":{"a":0,"k":0,"ix":5},"nm":"Transform"}],"nm":"head_shadow","np":3,"cix":2,"bm":0,"ix":1,"mn":"ADBE Vector Group","hd":false},{"ty":"gr","it":[{"ty":"gr","it":[{"ind":0,"ty":"sh","ix":1,"ks":{"a":0,"k":{"i":[[-1.014,0.354],[1.491,-0.294],[3.117,3.264],[0.121,0.166],[0.091,0.117],[0.101,0.147],[0.02,0.04],[0.909,3.243],[0.064,0.276],[0.064,0.286],[-0.234,3.074],[-2.84,0.723],[-1.059,-14.096]],"o":[[-1.423,0.768],[-5.203,1.022],[-0.142,-0.155],[-0.092,-0.117],[-0.122,-0.137],[-0.04,-0.038],[-1.906,-2.551],[-0.093,-0.275],[-0.074,-0.286],[-0.346,-1.638],[2.169,-10.756],[-2.301,0.951],[1.256,16.856]],"v":[[12.279,16.646],[7.878,18.219],[-5.68,14.295],[-6.085,13.827],[-6.368,13.476],[-6.702,13.045],[-6.795,12.918],[-11.193,3.833],[-11.424,3.005],[-11.628,2.147],[-12.045,-5.274],[2.727,-19.241],[-5.092,-0.206]],"c":true},"ix":2},"nm":"Path 1","mn":"ADBE Vector Shape - Group","hd":false},{"ty":"fl","c":{"a":0,"k":[0.20000000298,0.11400000006,0.105999998748,1],"ix":4},"o":{"a":0,"k":100,"ix":5},"r":1,"bm":0,"nm":"Fill 1","mn":"ADBE Vector Graphic - Fill","hd":false},{"ty":"tr","p":{"a":0,"k":[194.508,291.148],"ix":2},"a":{"a":0,"k":[0,0],"ix":1},"s":{"a":0,"k":[100,100],"ix":3},"r":{"a":0,"k":0,"ix":6},"o":{"a":0,"k":100,"ix":7},"sk":{"a":0,"k":0,"ix":4},"sa":{"a":0,"k":0,"ix":5},"nm":"Transform"}],"nm":"Group 1","np":2,"cix":2,"bm":0,"ix":1,"mn":"ADBE Vector Group","hd":false},{"ty":"gr","it":[{"ind":0,"ty":"sh","ix":1,"ks":{"a":0,"k":{"i":[[0.08,0.058],[0.481,-0.207]],"o":[[0,0],[0.562,-0.139]],"v":[[0.349,-0.136],[-0.428,0.136]],"c":true},"ix":2},"nm":"Path 1","mn":"ADBE Vector Shape - Group","hd":false},{"ty":"fl","c":{"a":0,"k":[0.20000000298,0.11400000006,0.105999998748,1],"ix":4},"o":{"a":0,"k":100,"ix":5},"r":1,"bm":0,"nm":"Fill 1","mn":"ADBE Vector Graphic - Fill","hd":false},{"ty":"tr","p":{"a":0,"k":[197.663,271.771],"ix":2},"a":{"a":0,"k":[0,0],"ix":1},"s":{"a":0,"k":[100,100],"ix":3},"r":{"a":0,"k":0,"ix":6},"o":{"a":0,"k":100,"ix":7},"sk":{"a":0,"k":0,"ix":4},"sa":{"a":0,"k":0,"ix":5},"nm":"Transform"}],"nm":"Group 2","np":2,"cix":2,"bm":0,"ix":2,"mn":"ADBE Vector Group","hd":false},{"ty":"gr","it":[{"ind":0,"ty":"sh","ix":1,"ks":{"a":0,"k":{"i":[[0,0],[0,0],[-6.866,-8.83]],"o":[[-14.828,-1.095],[0,0],[6.867,8.829]],"v":[[12.921,8.167],[-3.476,-10.66],[-6.055,1.831]],"c":true},"ix":2},"nm":"Path 1","mn":"ADBE Vector Shape - Group","hd":false},{"ty":"fl","c":{"a":0,"k":[0.20000000298,0.11400000006,0.105999998748,1],"ix":4},"o":{"a":0,"k":100,"ix":5},"r":1,"bm":0,"nm":"Fill 1","mn":"ADBE Vector Graphic - Fill","hd":false},{"ty":"tr","p":{"a":0,"k":[220.445,270.22],"ix":2},"a":{"a":0,"k":[0,0],"ix":1},"s":{"a":0,"k":[100,100],"ix":3},"r":{"a":0,"k":0,"ix":6},"o":{"a":0,"k":100,"ix":7},"sk":{"a":0,"k":0,"ix":4},"sa":{"a":0,"k":0,"ix":5},"nm":"Transform"}],"nm":"Group 3","np":2,"cix":2,"bm":0,"ix":3,"mn":"ADBE Vector Group","hd":false},{"ty":"gr","it":[{"ind":0,"ty":"sh","ix":1,"ks":{"a":0,"k":{"i":[[-10.916,-2.89],[1.308,-1.142],[0.438,0.071],[0,0]],"o":[[-0.949,0.65],[-0.396,-0.052],[-14.441,-2.264],[0,0]],"v":[[9.517,7.39],[6.165,10.025],[4.924,9.839],[-2.832,-10.025]],"c":true},"ix":2},"nm":"Path 1","mn":"ADBE Vector Shape - Group","hd":false},{"ty":"fl","c":{"a":0,"k":[0.20000000298,0.11400000006,0.105999998748,1],"ix":4},"o":{"a":0,"k":100,"ix":5},"r":1,"bm":0,"nm":"Fill 1","mn":"ADBE Vector Graphic - Fill","hd":false},{"ty":"tr","p":{"a":0,"k":[205.892,289.961],"ix":2},"a":{"a":0,"k":[0,0],"ix":1},"s":{"a":0,"k":[100,100],"ix":3},"r":{"a":0,"k":0,"ix":6},"o":{"a":0,"k":100,"ix":7},"sk":{"a":0,"k":0,"ix":4},"sa":{"a":0,"k":0,"ix":5},"nm":"Transform"}],"nm":"Group 4","np":2,"cix":2,"bm":0,"ix":4,"mn":"ADBE Vector Group","hd":false},{"ty":"gr","it":[{"ind":0,"ty":"sh","ix":1,"ks":{"a":0,"k":{"i":[[2.646,-2.73],[1.048,-2.366],[3.964,-2.734],[1.308,-1.142],[1.294,-1.33],[1.121,-0.486],[0.009,0],[1.039,-0.623],[3.117,3.264],[0.122,0.166],[0.092,0.117],[0.102,0.147],[0.021,0.039],[0.916,3.114],[0.064,0.276],[0.065,0.286],[-0.233,3.074],[-12.576,1.973],[-9.334,6.037],[-5.423,-4.313],[-1.746,-3.03]],"o":[[-7.969,8.222],[-2.326,5.22],[-0.949,0.651],[-1.013,0.899],[-1.168,1.209],[-0.01,0.01],[-1.77,0.774],[-5.202,1.022],[-0.142,-0.155],[-0.091,-0.117],[-0.121,-0.137],[-0.04,-0.038],[-1.84,-2.771],[-0.094,-0.275],[-0.075,-0.286],[-0.345,-1.638],[0.518,-7.201],[7.151,-1.125],[3.761,-2.433],[2.743,2.18],[4.423,7.678]],"v":[[25.455,-5.7],[16.732,5.289],[4.09,15.356],[0.739,17.99],[-1.028,23.38],[-4.503,25.787],[-4.532,25.797],[-8.933,27.37],[-22.491,23.447],[-22.896,22.979],[-23.18,22.628],[-23.514,22.197],[-23.606,22.07],[-28.003,12.984],[-28.235,12.156],[-28.439,11.299],[-28.856,3.878],[-12.318,-14.498],[-2.755,-23.273],[13.939,-24.079],[24.667,-17.315]],"c":true},"ix":2},"nm":"Path 1","mn":"ADBE Vector Shape - Group","hd":false},{"ty":"fl","c":{"a":0,"k":[0.238999992609,0.144999995828,0.133000001311,1],"ix":4},"o":{"a":0,"k":100,"ix":5},"r":1,"bm":0,"nm":"Fill 1","mn":"ADBE Vector Graphic - Fill","hd":false},{"ty":"tr","p":{"a":0,"k":[211.319,281.996],"ix":2},"a":{"a":0,"k":[0,0],"ix":1},"s":{"a":0,"k":[100,100],"ix":3},"r":{"a":0,"k":0,"ix":6},"o":{"a":0,"k":100,"ix":7},"sk":{"a":0,"k":0,"ix":4},"sa":{"a":0,"k":0,"ix":5},"nm":"Transform"}],"nm":"Group 5","np":2,"cix":2,"bm":0,"ix":5,"mn":"ADBE Vector Group","hd":false},{"ty":"gr","it":[{"ind":0,"ty":"sh","ix":1,"ks":{"a":0,"k":{"i":[[2.418,-5.054],[0,0],[0.113,0.235],[-0.051,-0.038]],"o":[[0,0],[4.097,-9.597],[-0.297,-0.569],[10.981,5.228]],"v":[[-1.33,9.529],[-1.116,6.875],[-4.038,-5.865],[-5.465,-9.491]],"c":true},"ix":2},"nm":"Path 1","mn":"ADBE Vector Shape - Group","hd":false},{"ty":"fl","c":{"a":0,"k":[0.266999989748,0.172999992967,0.144999995828,1],"ix":4},"o":{"a":0,"k":100,"ix":5},"r":1,"bm":0,"nm":"Fill 1","mn":"ADBE Vector Graphic - Fill","hd":false},{"ty":"tr","p":{"a":0,"k":[305.873,319.139],"ix":2},"a":{"a":0,"k":[0,0],"ix":1},"s":{"a":0,"k":[100,100],"ix":3},"r":{"a":0,"k":0,"ix":6},"o":{"a":0,"k":100,"ix":7},"sk":{"a":0,"k":0,"ix":4},"sa":{"a":0,"k":0,"ix":5},"nm":"Transform"}],"nm":"Group 6","np":2,"cix":2,"bm":0,"ix":6,"mn":"ADBE Vector Group","hd":false},{"ty":"gr","it":[{"ind":0,"ty":"sh","ix":1,"ks":{"a":0,"k":{"i":[[-1.434,-2.505],[-13.307,6.102],[0.317,-0.132]],"o":[[0.012,-0.729],[-0.483,-0.533],[-12.702,5.309]],"v":[[-0.594,12.265],[7.891,-11.733],[4.811,-11.426]],"c":true},"ix":2},"nm":"Path 1","mn":"ADBE Vector Shape - Group","hd":false},{"ty":"fl","c":{"a":0,"k":[0.266999989748,0.172999992967,0.144999995828,1],"ix":4},"o":{"a":0,"k":100,"ix":5},"r":1,"bm":0,"nm":"Fill 1","mn":"ADBE Vector Graphic - Fill","hd":false},{"ty":"tr","p":{"a":0,"k":[271.34,326.55],"ix":2},"a":{"a":0,"k":[0,0],"ix":1},"s":{"a":0,"k":[100,100],"ix":3},"r":{"a":0,"k":0,"ix":6},"o":{"a":0,"k":100,"ix":7},"sk":{"a":0,"k":0,"ix":4},"sa":{"a":0,"k":0,"ix":5},"nm":"Transform"}],"nm":"Group 7","np":2,"cix":2,"bm":0,"ix":7,"mn":"ADBE Vector Group","hd":false},{"ty":"gr","it":[{"ind":0,"ty":"sh","ix":1,"ks":{"a":0,"k":{"i":[[0,0],[0.287,-7.322],[-3.618,-8.993],[-11.941,6.667],[-2.996,6.085]],"o":[[-15.283,1.451],[-0.364,9.297],[-0.177,-3.903],[10.387,-5.799],[2.997,-6.084]],"v":[[14.929,-19.696],[-0.496,0.197],[-11.311,19.696],[-0.19,9.701],[7.076,-10.022]],"c":true},"ix":2},"nm":"Path 1","mn":"ADBE Vector Shape - Group","hd":false},{"ty":"fl","c":{"a":0,"k":[0.226999998093,0.133000001311,0.118000000715,1],"ix":4},"o":{"a":0,"k":100,"ix":5},"r":1,"bm":0,"nm":"Fill 1","mn":"ADBE Vector Graphic - Fill","hd":false},{"ty":"tr","p":{"a":0,"k":[249.965,341.805],"ix":2},"a":{"a":0,"k":[0,0],"ix":1},"s":{"a":0,"k":[100,100],"ix":3},"r":{"a":0,"k":0,"ix":6},"o":{"a":0,"k":100,"ix":7},"sk":{"a":0,"k":0,"ix":4},"sa":{"a":0,"k":0,"ix":5},"nm":"Transform"}],"nm":"Group 8","np":2,"cix":2,"bm":0,"ix":8,"mn":"ADBE Vector Group","hd":false},{"ty":"gr","it":[{"ind":0,"ty":"sh","ix":1,"ks":{"a":0,"k":{"i":[[0,0],[10.428,0.838],[-6.91,-8.092]],"o":[[-13.576,0.206],[0,0],[6.91,8.092]],"v":[[14.605,9.91],[-14.606,-9.564],[-0.541,-2.024]],"c":true},"ix":2},"nm":"Path 1","mn":"ADBE Vector Shape - Group","hd":false},{"ty":"fl","c":{"a":0,"k":[0.226999998093,0.133000001311,0.118000000715,1],"ix":4},"o":{"a":0,"k":100,"ix":5},"r":1,"bm":0,"nm":"Fill 1","mn":"ADBE Vector Graphic - Fill","hd":false},{"ty":"tr","p":{"a":0,"k":[267.633,304.198],"ix":2},"a":{"a":0,"k":[0,0],"ix":1},"s":{"a":0,"k":[100,100],"ix":3},"r":{"a":0,"k":0,"ix":6},"o":{"a":0,"k":100,"ix":7},"sk":{"a":0,"k":0,"ix":4},"sa":{"a":0,"k":0,"ix":5},"nm":"Transform"}],"nm":"Group 9","np":2,"cix":2,"bm":0,"ix":9,"mn":"ADBE Vector Group","hd":false},{"ty":"gr","it":[{"ind":0,"ty":"sh","ix":1,"ks":{"a":0,"k":{"i":[[0,0],[6.541,-0.475],[0,0],[-8.74,0.729]],"o":[[-1.379,-6.898],[0,0],[0,0],[8.74,-0.729]],"v":[[9.545,5.495],[-0.859,-5.021],[-7.399,-4.544],[-0.805,-1.927]],"c":true},"ix":2},"nm":"Path 1","mn":"ADBE Vector Shape - Group","hd":false},{"ty":"fl","c":{"a":0,"k":[0.226999998093,0.133000001311,0.118000000715,1],"ix":4},"o":{"a":0,"k":100,"ix":5},"r":1,"bm":0,"nm":"Fill 1","mn":"ADBE Vector Graphic - Fill","hd":false},{"ty":"tr","p":{"a":0,"k":[234.479,293.483],"ix":2},"a":{"a":0,"k":[0,0],"ix":1},"s":{"a":0,"k":[100,100],"ix":3},"r":{"a":0,"k":0,"ix":6},"o":{"a":0,"k":100,"ix":7},"sk":{"a":0,"k":0,"ix":4},"sa":{"a":0,"k":0,"ix":5},"nm":"Transform"}],"nm":"Group 10","np":2,"cix":2,"bm":0,"ix":10,"mn":"ADBE Vector Group","hd":false},{"ty":"gr","it":[{"ind":0,"ty":"sh","ix":1,"ks":{"a":0,"k":{"i":[[-1.128,-10.708],[-0.5,-0.239],[-6.98,26.897],[0,0]],"o":[[2.723,25.973],[-19.743,-19.97],[0,0],[-2.605,8.9]],"v":[[-9.036,-2.855],[10.164,31.368],[-2.173,-31.368],[-6.893,-29.329]],"c":true},"ix":2},"nm":"Path 1","mn":"ADBE Vector Shape - Group","hd":false},{"ty":"fl","c":{"a":0,"k":[0.226999998093,0.133000001311,0.118000000715,1],"ix":4},"o":{"a":0,"k":100,"ix":5},"r":1,"bm":0,"nm":"Fill 1","mn":"ADBE Vector Graphic - Fill","hd":false},{"ty":"tr","p":{"a":0,"k":[213.724,331.704],"ix":2},"a":{"a":0,"k":[0,0],"ix":1},"s":{"a":0,"k":[100,100],"ix":3},"r":{"a":0,"k":0,"ix":6},"o":{"a":0,"k":100,"ix":7},"sk":{"a":0,"k":0,"ix":4},"sa":{"a":0,"k":0,"ix":5},"nm":"Transform"}],"nm":"Group 11","np":2,"cix":2,"bm":0,"ix":11,"mn":"ADBE Vector Group","hd":false},{"ty":"gr","it":[{"ind":0,"ty":"sh","ix":1,"ks":{"a":0,"k":{"i":[[-12.946,-0.031],[2.858,-3.415],[3.221,6.838],[2.013,0.678]],"o":[[-0.501,0.246],[-3.597,-1.829],[-5.554,-11.779],[20.367,5.785]],"v":[[18.332,8.283],[10.402,14.183],[-2.374,1.713],[-18.331,-14.183]],"c":true},"ix":2},"nm":"Path 1","mn":"ADBE Vector Shape - Group","hd":false},{"ty":"fl","c":{"a":0,"k":[0.226999998093,0.133000001311,0.118000000715,1],"ix":4},"o":{"a":0,"k":100,"ix":5},"r":1,"bm":0,"nm":"Fill 1","mn":"ADBE Vector Graphic - Fill","hd":false},{"ty":"tr","p":{"a":0,"k":[250.883,311.354],"ix":2},"a":{"a":0,"k":[0,0],"ix":1},"s":{"a":0,"k":[100,100],"ix":3},"r":{"a":0,"k":0,"ix":6},"o":{"a":0,"k":100,"ix":7},"sk":{"a":0,"k":0,"ix":4},"sa":{"a":0,"k":0,"ix":5},"nm":"Transform"}],"nm":"Group 12","np":2,"cix":2,"bm":0,"ix":12,"mn":"ADBE Vector Group","hd":false},{"ty":"gr","it":[{"ind":0,"ty":"sh","ix":1,"ks":{"a":0,"k":{"i":[[0,0],[4.327,-2.908],[6.047,-0.838],[2.573,-0.925],[4.829,-6.606],[10.528,-9.766],[8.934,-1.156],[-4.723,-11.578],[0,0],[4.089,-9.742],[3.94,41.799],[-7.677,7.325],[-5.238,3.479],[-1.808,0.904],[-1.473,1.244],[-8.112,-0.571],[-11.292,-10.787]],"o":[[0,0],[0,0],[-1.947,0.262],[-8.681,3.119],[-5.197,7.107],[0,0],[-6.503,0.847],[1.337,3.277],[-4.077,4.851],[-1.29,3.071],[-1.884,-19.916],[4.16,-3.965],[1.175,-0.793],[1.423,-0.708],[3.984,-3.338],[12.872,0.894],[15.614,14.912]],"v":[[52.207,-13.284],[41.222,-14.071],[32.311,-14.43],[26.246,-12.396],[5.852,0.821],[-7.51,24.464],[-15.6,4.278],[-20.495,25.061],[-14.982,30.985],[-18.441,50.85],[-52.298,1.996],[-36.859,-35.022],[-28.498,-43.993],[-21.109,-46.322],[-17.147,-50.204],[-2.641,-53.35],[38.568,-39.5]],"c":true},"ix":2},"nm":"Path 1","mn":"ADBE Vector Shape - Group","hd":false},{"ty":"fl","c":{"a":0,"k":[0.266999989748,0.172999992967,0.144999995828,1],"ix":4},"o":{"a":0,"k":100,"ix":5},"r":1,"bm":0,"nm":"Fill 1","mn":"ADBE Vector Graphic - Fill","hd":false},{"ty":"tr","p":{"a":0,"k":[251.83,328.291],"ix":2},"a":{"a":0,"k":[0,0],"ix":1},"s":{"a":0,"k":[100,100],"ix":3},"r":{"a":0,"k":0,"ix":6},"o":{"a":0,"k":100,"ix":7},"sk":{"a":0,"k":0,"ix":4},"sa":{"a":0,"k":0,"ix":5},"nm":"Transform"}],"nm":"Group 13","np":2,"cix":2,"bm":0,"ix":13,"mn":"ADBE Vector Group","hd":false},{"ty":"tr","p":{"a":0,"k":[500.941,173.642],"ix":2},"a":{"a":0,"k":[244.941,317.642],"ix":1},"s":{"a":0,"k":[100,100],"ix":3},"r":{"a":0,"k":0,"ix":6},"o":{"a":0,"k":100,"ix":7},"sk":{"a":0,"k":0,"ix":4},"sa":{"a":0,"k":0,"ix":5},"nm":"Transform"}],"nm":"hair","np":13,"cix":2,"bm":0,"ix":2,"mn":"ADBE Vector Group","hd":false},{"ty":"gr","it":[{"ty":"gr","it":[{"ind":0,"ty":"sh","ix":1,"ks":{"a":0,"k":{"i":[[0.032,-2.867],[2.498,-0.179],[0,0],[-0.262,-0.897],[-0.01,-0.059],[-0.005,-0.327],[0.35,-2.076],[0.183,-0.865],[0.158,-0.557],[0.008,-0.03],[0.292,-0.857],[3.964,-2.97],[6.237,0.73],[3.459,1.967],[1.173,9.894],[-12.411,4.505],[-4.14,-9.383],[0,0],[-0.506,-3.605]],"o":[[-0.013,1.124],[-0.297,0.021],[1.659,1.436],[0.011,0.049],[0.043,0.217],[-0.284,2.472],[-0.18,1.043],[-0.139,0.548],[-0.01,0.03],[-0.243,0.876],[0.091,-0.002],[-3.496,2.62],[-11.845,-1.386],[-14.067,-8],[-3.091,-26.086],[10.866,-3.934],[3.177,7.2],[-1.599,0.663],[1.288,9.182]],"v":[[32.826,9.747],[30.133,12.608],[27.923,15.021],[32.098,18.781],[32.141,18.949],[32.225,19.769],[31.247,26.71],[30.693,29.592],[30.247,31.254],[30.219,31.344],[29.422,33.943],[26.816,43.692],[7.072,46.275],[-15.595,39.118],[-32.326,4.174],[-1.619,-43.071],[32.24,-36.582],[32.919,-16.041],[27.846,-8.523]],"c":true},"ix":2},"nm":"Path 1","mn":"ADBE Vector Shape - Group","hd":false},{"ty":"fl","c":{"a":0,"k":[0.847000002861,0.60799998045,0.501999974251,1],"ix":4},"o":{"a":0,"k":100,"ix":5},"r":1,"bm":0,"nm":"Fill 1","mn":"ADBE Vector Graphic - Fill","hd":false},{"ty":"tr","p":{"a":0,"k":[271.007,349.256],"ix":2},"a":{"a":0,"k":[0,0],"ix":1},"s":{"a":0,"k":[100,100],"ix":3},"r":{"a":0,"k":0,"ix":6},"o":{"a":0,"k":100,"ix":7},"sk":{"a":0,"k":0,"ix":4},"sa":{"a":0,"k":0,"ix":5},"nm":"Transform"}],"nm":"Group 1","np":2,"cix":2,"bm":0,"ix":1,"mn":"ADBE Vector Group","hd":false},{"ty":"gr","it":[{"ind":0,"ty":"sh","ix":1,"ks":{"a":0,"k":{"i":[[0.461,1.25],[10.719,-6.604],[-11.545,-3.829],[0,0]],"o":[[0,0],[-4.751,2.927],[5.117,1.697],[0,0]],"v":[[7.944,-4.437],[-4.464,-10.449],[2.516,15.356],[9.215,11.88]],"c":true},"ix":2},"nm":"Path 1","mn":"ADBE Vector Shape - Group","hd":false},{"ty":"fl","c":{"a":0,"k":[0.847000002861,0.60799998045,0.501999974251,1],"ix":4},"o":{"a":0,"k":100,"ix":5},"r":1,"bm":0,"nm":"Fill 1","mn":"ADBE Vector Graphic - Fill","hd":false},{"ty":"tr","p":{"a":0,"k":[236.34,344.795],"ix":2},"a":{"a":0,"k":[0,0],"ix":1},"s":{"a":0,"k":[100,100],"ix":3},"r":{"a":0,"k":0,"ix":6},"o":{"a":0,"k":100,"ix":7},"sk":{"a":0,"k":0,"ix":4},"sa":{"a":0,"k":0,"ix":5},"nm":"Transform"}],"nm":"Group 2","np":2,"cix":2,"bm":0,"ix":2,"mn":"ADBE Vector Group","hd":false},{"ty":"tr","p":{"a":0,"k":[522.905,205.915],"ix":2},"a":{"a":0,"k":[266.905,349.915],"ix":1},"s":{"a":0,"k":[100,100],"ix":3},"r":{"a":0,"k":0,"ix":6},"o":{"a":0,"k":100,"ix":7},"sk":{"a":0,"k":0,"ix":4},"sa":{"a":0,"k":0,"ix":5},"nm":"Transform"}],"nm":"head_skin","np":2,"cix":2,"bm":0,"ix":3,"mn":"ADBE Vector Group","hd":false}],"ip":0,"op":120,"st":0,"bm":0},{"ddd":0,"ind":10,"ty":4,"nm":"hips","sr":1,"ks":{"o":{"a":0,"k":100,"ix":11},"r":{"a":1,"k":[{"i":{"x":[0.296],"y":[1]},"o":{"x":[0.333],"y":[0]},"t":8,"s":[0]},{"i":{"x":[0.667],"y":[1]},"o":{"x":[0.564],"y":[-0.074]},"t":60,"s":[25]},{"t":114,"s":[0]}],"ix":10},"p":{"a":1,"k":[{"i":{"x":0.296,"y":1},"o":{"x":0.333,"y":0},"t":8,"s":[502.076,515.045,0],"to":[-14.833,27.333,0],"ti":[0,0,0]},{"i":{"x":0.667,"y":1},"o":{"x":0.564,"y":0.01},"t":60,"s":[413.076,679.045,0],"to":[0,0,0],"ti":[-14.833,27.333,0]},{"t":114,"s":[502.076,515.045,0]}],"ix":2},"a":{"a":0,"k":[246.076,659.045,0],"ix":1},"s":{"a":0,"k":[100,100,100],"ix":6}},"ao":0,"shapes":[{"ty":"gr","it":[{"ind":0,"ty":"sh","ix":1,"ks":{"a":0,"k":{"i":[[0,-34.918],[41.411,-12.534],[-1.27,55.906],[-7.488,41.412],[-33.809,0]],"o":[[0,26.459],[-26.033,7.88],[0.74,-32.545],[33.733,10.668],[0.811,10.058]],"v":[[62.913,-15.56],[7.398,54.988],[-61.643,17.929],[-31.43,-73.835],[58.822,-67.977]],"c":true},"ix":2},"nm":"Path 1","mn":"ADBE Vector Shape - Group","hd":false},{"ty":"fl","c":{"a":0,"k":[0.118000000598,0.118000000598,0.118000000598,1],"ix":4},"o":{"a":0,"k":100,"ix":5},"r":1,"bm":0,"nm":"Fill 1","mn":"ADBE Vector Graphic - Fill","hd":false},{"ty":"tr","p":{"a":0,"k":[245.454,665.228],"ix":2},"a":{"a":0,"k":[0,0],"ix":1},"s":{"a":0,"k":[100,100],"ix":3},"r":{"a":0,"k":0,"ix":6},"o":{"a":0,"k":100,"ix":7},"sk":{"a":0,"k":0,"ix":4},"sa":{"a":0,"k":0,"ix":5},"nm":"Transform"}],"nm":"Group 1","np":2,"cix":2,"bm":0,"ix":1,"mn":"ADBE Vector Group","hd":false}],"ip":0,"op":120,"st":0,"bm":0},{"ddd":0,"ind":11,"ty":4,"nm":"shirt","parent":16,"sr":1,"ks":{"o":{"a":0,"k":100,"ix":11},"r":{"a":0,"k":0,"ix":10},"p":{"a":0,"k":[260.083,575.848,0],"ix":2},"a":{"a":0,"k":[516.083,431.848,0],"ix":1},"s":{"a":0,"k":[100,100,100],"ix":6}},"ao":0,"shapes":[{"ty":"gr","it":[{"ty":"gr","it":[{"ind":0,"ty":"sh","ix":1,"ks":{"a":0,"k":{"i":[[0.484,1.413],[-1.412,0.485],[-0.484,-1.413],[1.412,-0.484]],"o":[[-0.484,-1.413],[1.412,-0.484],[0.485,1.412],[-1.413,0.485]],"v":[[-2.558,0.877],[-0.877,-2.558],[2.557,-0.877],[0.877,2.557]],"c":true},"ix":2},"nm":"Path 1","mn":"ADBE Vector Shape - Group","hd":false},{"ty":"fl","c":{"a":0,"k":[0.43900001049,0.118000000715,0.234999999404,1],"ix":4},"o":{"a":0,"k":100,"ix":5},"r":1,"bm":0,"nm":"Fill 1","mn":"ADBE Vector Graphic - Fill","hd":false},{"ty":"tr","p":{"a":0,"k":[275.333,443.995],"ix":2},"a":{"a":0,"k":[0,0],"ix":1},"s":{"a":0,"k":[100,100],"ix":3},"r":{"a":0,"k":0,"ix":6},"o":{"a":0,"k":100,"ix":7},"sk":{"a":0,"k":0,"ix":4},"sa":{"a":0,"k":0,"ix":5},"nm":"Transform"}],"nm":"Group 1","np":2,"cix":2,"bm":0,"ix":1,"mn":"ADBE Vector Group","hd":false},{"ty":"gr","it":[{"ind":0,"ty":"sh","ix":1,"ks":{"a":0,"k":{"i":[[-9.807,0.403],[0,0]],"o":[[6.264,-0.257],[0,0]],"v":[[1.772,6.558],[-4.542,-6.961]],"c":true},"ix":2},"nm":"Path 1","mn":"ADBE Vector Shape - Group","hd":false},{"ty":"fl","c":{"a":0,"k":[0.43900001049,0.118000000715,0.234999999404,1],"ix":4},"o":{"a":0,"k":100,"ix":5},"r":1,"bm":0,"nm":"Fill 1","mn":"ADBE Vector Graphic - Fill","hd":false},{"ty":"tr","p":{"a":0,"k":[279.843,451.281],"ix":2},"a":{"a":0,"k":[0,0],"ix":1},"s":{"a":0,"k":[100,100],"ix":3},"r":{"a":0,"k":0,"ix":6},"o":{"a":0,"k":100,"ix":7},"sk":{"a":0,"k":0,"ix":4},"sa":{"a":0,"k":0,"ix":5},"nm":"Transform"}],"nm":"Group 2","np":2,"cix":2,"bm":0,"ix":2,"mn":"ADBE Vector Group","hd":false},{"ty":"gr","it":[{"ind":0,"ty":"sh","ix":1,"ks":{"a":0,"k":{"i":[[0,0],[0,0],[17.59,7.042]],"o":[[13.428,16.97],[0,0],[-7.385,-2.957]],"v":[[-22.674,-8.756],[22.674,-2.663],[-12.961,1.714]],"c":true},"ix":2},"nm":"Path 1","mn":"ADBE Vector Shape - Group","hd":false},{"ty":"fl","c":{"a":0,"k":[0.43900001049,0.118000000715,0.234999999404,1],"ix":4},"o":{"a":0,"k":100,"ix":5},"r":1,"bm":0,"nm":"Fill 1","mn":"ADBE Vector Graphic - Fill","hd":false},{"ty":"tr","p":{"a":0,"k":[254.103,522.279],"ix":2},"a":{"a":0,"k":[0,0],"ix":1},"s":{"a":0,"k":[100,100],"ix":3},"r":{"a":0,"k":0,"ix":6},"o":{"a":0,"k":100,"ix":7},"sk":{"a":0,"k":0,"ix":4},"sa":{"a":0,"k":0,"ix":5},"nm":"Transform"}],"nm":"Group 3","np":2,"cix":2,"bm":0,"ix":3,"mn":"ADBE Vector Group","hd":false},{"ty":"gr","it":[{"ind":0,"ty":"sh","ix":1,"ks":{"a":0,"k":{"i":[[0,0],[-2.564,9.177],[0,0],[3.231,11.443],[4.003,6.343],[3.06,11.886],[0,0],[-5.539,-8.773],[-1.434,-5.08],[7.295,-13.725],[-1.028,-1.847]],"o":[[-2.68,-2.779],[0,0],[7.007,-13.147],[-1.318,-4.662],[-5.655,-8.959],[0,0],[2.941,11.431],[4.126,6.539],[3.436,12.165],[-2.931,10.519],[0,0]],"v":[[0.073,53.81],[3.86,26.045],[3.981,25.743],[8.791,-5.58],[0.013,-22.062],[-15.112,-53.062],[-12.205,-53.81],[2.551,-23.663],[11.677,-6.396],[6.706,27.009],[2.29,51.798]],"c":true},"ix":2},"nm":"Path 1","mn":"ADBE Vector Shape - Group","hd":false},{"ty":"fl","c":{"a":0,"k":[0.43900001049,0.118000000715,0.234999999404,1],"ix":4},"o":{"a":0,"k":100,"ix":5},"r":1,"bm":0,"nm":"Fill 1","mn":"ADBE Vector Graphic - Fill","hd":false},{"ty":"tr","p":{"a":0,"k":[287.92,495.061],"ix":2},"a":{"a":0,"k":[0,0],"ix":1},"s":{"a":0,"k":[100,100],"ix":3},"r":{"a":0,"k":0,"ix":6},"o":{"a":0,"k":100,"ix":7},"sk":{"a":0,"k":0,"ix":4},"sa":{"a":0,"k":0,"ix":5},"nm":"Transform"}],"nm":"Group 4","np":2,"cix":2,"bm":0,"ix":4,"mn":"ADBE Vector Group","hd":false},{"ty":"gr","it":[{"ind":0,"ty":"sh","ix":1,"ks":{"a":0,"k":{"i":[[-12.116,3.752],[0.285,-4.906],[0.007,-0.16],[0.008,-0.13],[-0.001,-0.04],[26.236,-0.459],[0.839,-0.005],[0.291,0.005],[0.68,-0.002],[1.02,0.022],[11.419,1.57],[0,0],[0.04,0.009],[1.502,4.674],[-0.041,-0.009]],"o":[[-0.514,4.34],[-0.016,0.2],[-0.008,0.16],[0.001,0.05],[-2.151,0.598],[-0.77,0.013],[-0.271,0.005],[-0.64,0.001],[-0.981,-0.012],[-13.557,-0.263],[0,0],[-0.04,0.001],[-1.187,-6.08],[0.04,0.009],[29.894,7.409]],"v":[[46.388,-8.214],[45.133,5.821],[45.103,6.342],[45.08,6.772],[45.073,6.902],[8.563,9.561],[6.154,9.583],[5.313,9.588],[3.323,9.582],[0.322,9.535],[-42.178,6.447],[-42.189,6.447],[-42.309,6.429],[-46.389,-9.592],[-46.259,-9.564]],"c":true},"ix":2},"nm":"Path 1","mn":"ADBE Vector Shape - Group","hd":false},{"ty":"fl","c":{"a":0,"k":[0.43900001049,0.118000000715,0.234999999404,1],"ix":4},"o":{"a":0,"k":100,"ix":5},"r":1,"bm":0,"nm":"Fill 1","mn":"ADBE Vector Graphic - Fill","hd":false},{"ty":"tr","p":{"a":0,"k":[258.536,547.011],"ix":2},"a":{"a":0,"k":[0,0],"ix":1},"s":{"a":0,"k":[100,100],"ix":3},"r":{"a":0,"k":0,"ix":6},"o":{"a":0,"k":100,"ix":7},"sk":{"a":0,"k":0,"ix":4},"sa":{"a":0,"k":0,"ix":5},"nm":"Transform"}],"nm":"Group 5","np":2,"cix":2,"bm":0,"ix":5,"mn":"ADBE Vector Group","hd":false},{"ty":"tr","p":{"a":0,"k":[514.536,354.926],"ix":2},"a":{"a":0,"k":[258.536,498.926],"ix":1},"s":{"a":0,"k":[100,100],"ix":3},"r":{"a":0,"k":0,"ix":6},"o":{"a":0,"k":100,"ix":7},"sk":{"a":0,"k":0,"ix":4},"sa":{"a":0,"k":0,"ix":5},"nm":"Transform"}],"nm":"shirt_shadow","np":5,"cix":2,"bm":0,"ix":1,"mn":"ADBE Vector Group","hd":false},{"ty":"gr","it":[{"ty":"gr","it":[{"ind":0,"ty":"sh","ix":1,"ks":{"a":0,"k":{"i":[[2.645,11.905],[6.041,28.994],[0,0],[14.786,-0.454],[0,0],[-3.354,-41.578],[-7.161,-22.513],[-0.041,-0.12],[-1.132,-5.935],[-13.556,-0.313],[-0.981,-0.016],[-0.641,-0.001],[-0.271,0.004],[-0.771,0.01],[-2.152,0.59],[0.001,0.05],[-0.008,0.16],[-0.018,0.2],[-0.53,4.338],[-0.472,0.532]],"o":[[-2.485,-11.207],[-3.699,-17.758],[-5.955,3.312],[-17.874,0.547],[-30.629,14.674],[1.739,21.608],[0.041,0.11],[1.444,4.59],[11.413,1.613],[1.02,0.025],[0.679,0.001],[0.29,0.007],[0.839,-0.002],[26.237,-0.363],[-0.001,-0.039],[0.009,-0.129],[0.007,-0.16],[0.301,-4.905],[1.313,-10.739],[8.572,-9.682]],"v":[[64.198,-2.438],[49.978,-46.451],[22.474,-66.842],[6.18,-59.058],[-23.071,-67.595],[-63.489,-10.681],[-39.043,48.247],[-38.929,48.595],[-35.022,64.272],[7.467,67.517],[10.469,67.575],[12.459,67.587],[13.299,67.587],[15.709,67.574],[52.227,65.048],[52.235,64.918],[52.26,64.488],[52.293,63.968],[53.598,49.939],[57.246,30.827]],"c":true},"ix":2},"nm":"Path 1","mn":"ADBE Vector Shape - Group","hd":false},{"ty":"fl","c":{"a":0,"k":[0.518000006676,0.144999995828,0.263000011444,1],"ix":4},"o":{"a":0,"k":100,"ix":5},"r":1,"bm":0,"nm":"Fill 1","mn":"ADBE Vector Graphic - Fill","hd":false},{"ty":"tr","p":{"a":0,"k":[251.34,488.937],"ix":2},"a":{"a":0,"k":[0,0],"ix":1},"s":{"a":0,"k":[100,100],"ix":3},"r":{"a":0,"k":0,"ix":6},"o":{"a":0,"k":100,"ix":7},"sk":{"a":0,"k":0,"ix":4},"sa":{"a":0,"k":0,"ix":5},"nm":"Transform"}],"nm":"Group 1","np":2,"cix":2,"bm":0,"ix":1,"mn":"ADBE Vector Group","hd":false},{"ty":"tr","p":{"a":0,"k":[508.083,344.936],"ix":2},"a":{"a":0,"k":[252.083,488.936],"ix":1},"s":{"a":0,"k":[100,100],"ix":3},"r":{"a":0,"k":0,"ix":6},"o":{"a":0,"k":100,"ix":7},"sk":{"a":0,"k":0,"ix":4},"sa":{"a":0,"k":0,"ix":5},"nm":"Transform"}],"nm":"shirt","np":1,"cix":2,"bm":0,"ix":2,"mn":"ADBE Vector Group","hd":false},{"ty":"gr","it":[{"ty":"gr","it":[{"ind":0,"ty":"sh","ix":1,"ks":{"a":0,"k":{"i":[[0,-24.602],[-21.337,0],[0,0],[0,0],[0,0],[0,0]],"o":[[0,0],[23.8,0],[-0.437,-29.862],[0,0],[0,0],[1.563,10.763]],"v":[[-40.491,26.428],[-0.87,36.76],[44.007,28.966],[47.758,-16.766],[7.454,-36.76],[-47.757,-25.844]],"c":true},"ix":2},"nm":"Path 1","mn":"ADBE Vector Shape - Group","hd":false},{"ty":"fl","c":{"a":0,"k":[0.847000002861,0.60799998045,0.501999974251,1],"ix":4},"o":{"a":0,"k":100,"ix":5},"r":1,"bm":0,"nm":"Fill 1","mn":"ADBE Vector Graphic - Fill","hd":false},{"ty":"tr","p":{"a":0,"k":[258.135,545.254],"ix":2},"a":{"a":0,"k":[0,0],"ix":1},"s":{"a":0,"k":[100,100],"ix":3},"r":{"a":0,"k":0,"ix":6},"o":{"a":0,"k":100,"ix":7},"sk":{"a":0,"k":0,"ix":4},"sa":{"a":0,"k":0,"ix":5},"nm":"Transform"}],"nm":"Group 1","np":2,"cix":2,"bm":0,"ix":1,"mn":"ADBE Vector Group","hd":false},{"ty":"gr","it":[{"ind":0,"ty":"sh","ix":1,"ks":{"a":0,"k":{"i":[[0,23.403],[23.404,0],[0,-23.404],[-23.403,0]],"o":[[0,-23.403],[-23.403,0],[0,23.403],[23.404,0]],"v":[[42.255,-0.686],[0.12,-42.375],[-42.255,0],[0.12,42.375]],"c":true},"ix":2},"nm":"Path 1","mn":"ADBE Vector Shape - Group","hd":false},{"ty":"fl","c":{"a":0,"k":[0.847000002861,0.60799998045,0.501999974251,1],"ix":4},"o":{"a":0,"k":100,"ix":5},"r":1,"bm":0,"nm":"Fill 1","mn":"ADBE Vector Graphic - Fill","hd":false},{"ty":"tr","p":{"a":0,"k":[259.898,575.977],"ix":2},"a":{"a":0,"k":[0,0],"ix":1},"s":{"a":0,"k":[100,100],"ix":3},"r":{"a":0,"k":0,"ix":6},"o":{"a":0,"k":100,"ix":7},"sk":{"a":0,"k":0,"ix":4},"sa":{"a":0,"k":0,"ix":5},"nm":"Transform"}],"nm":"Group 2","np":2,"cix":2,"bm":0,"ix":2,"mn":"ADBE Vector Group","hd":false},{"ty":"tr","p":{"a":0,"k":[514.135,419.424],"ix":2},"a":{"a":0,"k":[258.135,563.424],"ix":1},"s":{"a":0,"k":[100,100],"ix":3},"r":{"a":0,"k":0,"ix":6},"o":{"a":0,"k":100,"ix":7},"sk":{"a":0,"k":0,"ix":4},"sa":{"a":0,"k":0,"ix":5},"nm":"Transform"}],"nm":"body_skin 2","np":2,"cix":2,"bm":0,"ix":3,"mn":"ADBE Vector Group","hd":false}],"ip":0,"op":120,"st":0,"bm":0},{"ddd":0,"ind":12,"ty":4,"nm":"neck","parent":4,"sr":1,"ks":{"o":{"a":0,"k":100,"ix":11},"r":{"a":1,"k":[{"i":{"x":[0.296],"y":[1]},"o":{"x":[0.333],"y":[0]},"t":8,"s":[0]},{"i":{"x":[0.599],"y":[1]},"o":{"x":[0.502],"y":[0.117]},"t":60,"s":[-14]},{"t":114,"s":[0]}],"ix":10},"p":{"a":0,"k":[507.352,282.71,0],"ix":2},"a":{"a":0,"k":[507.352,282.71,0],"ix":1},"s":{"a":0,"k":[100,100,100],"ix":6}},"ao":0,"shapes":[{"ty":"gr","it":[{"ty":"gr","it":[{"ind":0,"ty":"sh","ix":1,"ks":{"a":0,"k":{"i":[[-0.674,-0.768],[3.312,1.222],[1.78,1.109],[-0.33,1.096],[-1.071,-0.662],[-0.524,-0.171],[-0.787,0.144]],"o":[[-1.505,0.907],[-1.389,-0.526],[0.402,-1.077],[0.528,0.371],[0.859,0.535],[1.086,0.361],[0.46,0.542]],"v":[[5.923,2.04],[-1.17,1.964],[-5.923,-0.453],[-3.511,-3.186],[-0.829,-1.402],[1.393,-0.221],[4.207,0.05]],"c":true},"ix":2},"nm":"Path 1","mn":"ADBE Vector Shape - Group","hd":false},{"ty":"fl","c":{"a":0,"k":[0.804000020027,0.56099998951,0.458999991417,1],"ix":4},"o":{"a":0,"k":100,"ix":5},"r":1,"bm":0,"nm":"Fill 1","mn":"ADBE Vector Graphic - Fill","hd":false},{"ty":"tr","p":{"a":0,"k":[236.86,359.186],"ix":2},"a":{"a":0,"k":[0,0],"ix":1},"s":{"a":0,"k":[100,100],"ix":3},"r":{"a":0,"k":0,"ix":6},"o":{"a":0,"k":100,"ix":7},"sk":{"a":0,"k":0,"ix":4},"sa":{"a":0,"k":0,"ix":5},"nm":"Transform"}],"nm":"Group 1","np":2,"cix":2,"bm":0,"ix":1,"mn":"ADBE Vector Group","hd":false},{"ty":"gr","it":[{"ind":0,"ty":"sh","ix":1,"ks":{"a":0,"k":{"i":[[0,0],[1.113,-4.991],[4.209,7.368],[0.137,4.949],[-0.255,0.834],[-0.01,0.02],[0,0],[-0.857,-1.005],[-0.674,-0.768],[-6.535,-2.506],[0,0]],"o":[[-0.264,0.344],[-14.55,-2.136],[-5.086,-8.882],[-0.034,-1.399],[0,-0.02],[0.616,-1.911],[0,0],[0.46,0.542],[6.369,7.36],[0,0],[0,0]],"v":[[20.336,13.279],[16.185,22.443],[-12.955,4.9],[-20.301,-17.096],[-19.96,-20.461],[-19.94,-20.532],[-16.271,-20.596],[-14.924,-19.01],[-13.208,-17.019],[14.384,9.232],[20.182,13.072]],"c":true},"ix":2},"nm":"Path 1","mn":"ADBE Vector Shape - Group","hd":false},{"ty":"fl","c":{"a":0,"k":[0.804000020027,0.56099998951,0.458999991417,1],"ix":4},"o":{"a":0,"k":100,"ix":5},"r":1,"bm":0,"nm":"Fill 1","mn":"ADBE Vector Graphic - Fill","hd":false},{"ty":"tr","p":{"a":0,"k":[255.992,378.245],"ix":2},"a":{"a":0,"k":[0,0],"ix":1},"s":{"a":0,"k":[100,100],"ix":3},"r":{"a":0,"k":0,"ix":6},"o":{"a":0,"k":100,"ix":7},"sk":{"a":0,"k":0,"ix":4},"sa":{"a":0,"k":0,"ix":5},"nm":"Transform"}],"nm":"Group 2","np":2,"cix":2,"bm":0,"ix":2,"mn":"ADBE Vector Group","hd":false},{"ty":"tr","p":{"a":0,"k":[509.632,234.344],"ix":2},"a":{"a":0,"k":[253.632,378.344],"ix":1},"s":{"a":0,"k":[100,100],"ix":3},"r":{"a":0,"k":0,"ix":6},"o":{"a":0,"k":100,"ix":7},"sk":{"a":0,"k":0,"ix":4},"sa":{"a":0,"k":0,"ix":5},"nm":"Transform"}],"nm":"neck_shadow","np":2,"cix":2,"bm":0,"ix":1,"mn":"ADBE Vector Group","hd":false},{"ty":"gr","it":[{"ty":"gr","it":[{"ind":0,"ty":"sh","ix":1,"ks":{"a":0,"k":{"i":[[-0.05,-2.85],[-12.719,0.222],[-2.651,1.136],[0.169,9.659],[0.049,0.519],[0.508,1.582],[10.448,-0.183],[3.127,-8.776],[0,0]],"o":[[0.222,12.718],[3.059,-0.054],[8.369,-3.557],[-0.01,-0.53],[-0.14,-1.708],[-2.975,-9.479],[-9.858,0.172],[0,0],[-0.906,2.536]],"v":[[-23.086,0.383],[0.343,23.007],[8.962,21.166],[22.967,-0.422],[22.879,-2.001],[21.902,-6.945],[-0.462,-23.046],[-21.758,-7.752],[-21.758,-7.732]],"c":true},"ix":2},"nm":"Path 1","mn":"ADBE Vector Shape - Group","hd":false},{"ty":"fl","c":{"a":0,"k":[0.847000002861,0.60799998045,0.501999974251,1],"ix":4},"o":{"a":0,"k":100,"ix":5},"r":1,"bm":0,"nm":"Fill 1","mn":"ADBE Vector Graphic - Fill","hd":false},{"ty":"tr","p":{"a":0,"k":[251.021,426.413],"ix":2},"a":{"a":0,"k":[0,0],"ix":1},"s":{"a":0,"k":[100,100],"ix":3},"r":{"a":0,"k":0,"ix":6},"o":{"a":0,"k":100,"ix":7},"sk":{"a":0,"k":0,"ix":4},"sa":{"a":0,"k":0,"ix":5},"nm":"Transform"}],"nm":"Group 1","np":2,"cix":2,"bm":0,"ix":1,"mn":"ADBE Vector Group","hd":false},{"ty":"gr","it":[{"ind":0,"ty":"sh","ix":1,"ks":{"a":0,"k":{"i":[[1.113,-4.99],[-0.026,-1.48],[-1.03,-5.733],[-0.316,-1.475],[-0.008,-0.53],[8.369,-3.558],[6.489,6.168],[-2.223,5.59],[0,0],[0,0],[8.773,34.442],[-3.632,-50.434],[0.01,-0.02]],"o":[[-0.296,1.355],[0.065,3.769],[0.321,1.775],[0.049,0.519],[0.169,9.659],[-14.248,4.219],[-6.732,-6.393],[0,0],[0.035,-0.281],[0,0],[0,0],[0,0],[-0.263,0.345]],"v":[[20.613,4.259],[20.158,8.528],[21.361,23.039],[22.338,27.983],[22.425,29.561],[8.421,51.15],[-18.051,45.001],[-22.299,22.252],[-22.299,22.232],[-22.237,21.801],[-21.871,-43.126],[24.783,-4.935],[24.763,-4.905]],"c":true},"ix":2},"nm":"Path 1","mn":"ADBE Vector Shape - Group","hd":false},{"ty":"fl","c":{"a":0,"k":[0.847000002861,0.60799998045,0.501999974251,1],"ix":4},"o":{"a":0,"k":100,"ix":5},"r":1,"bm":0,"nm":"Fill 1","mn":"ADBE Vector Graphic - Fill","hd":false},{"ty":"tr","p":{"a":0,"k":[251.564,396.43],"ix":2},"a":{"a":0,"k":[0,0],"ix":1},"s":{"a":0,"k":[100,100],"ix":3},"r":{"a":0,"k":0,"ix":6},"o":{"a":0,"k":100,"ix":7},"sk":{"a":0,"k":0,"ix":4},"sa":{"a":0,"k":0,"ix":5},"nm":"Transform"}],"nm":"Group 2","np":2,"cix":2,"bm":0,"ix":2,"mn":"ADBE Vector Group","hd":false},{"ty":"tr","p":{"a":0,"k":[508.102,256.71],"ix":2},"a":{"a":0,"k":[252.102,400.71],"ix":1},"s":{"a":0,"k":[100,100],"ix":3},"r":{"a":0,"k":0,"ix":6},"o":{"a":0,"k":100,"ix":7},"sk":{"a":0,"k":0,"ix":4},"sa":{"a":0,"k":0,"ix":5},"nm":"Transform"}],"nm":"neck_skin","np":2,"cix":2,"bm":0,"ix":2,"mn":"ADBE Vector Group","hd":false}],"ip":0,"op":120,"st":0,"bm":0},{"ddd":0,"ind":13,"ty":4,"nm":"thigh_1","parent":15,"sr":1,"ks":{"o":{"a":0,"k":100,"ix":11},"r":{"a":1,"k":[{"i":{"x":[0.709],"y":[0.624]},"o":{"x":[0.453],"y":[0]},"t":8,"s":[0]},{"i":{"x":[0.399],"y":[1]},"o":{"x":[0.183],"y":[0.577]},"t":23,"s":[-50.796]},{"i":{"x":[0.767],"y":[0.386]},"o":{"x":[0.502],"y":[0.023]},"t":60,"s":[-102]},{"i":{"x":[0.599],"y":[1]},"o":{"x":[0.315],"y":[0.374]},"t":95,"s":[-55.803]},{"t":114,"s":[0]}],"ix":10},"p":{"a":0,"k":[553.636,710.144,0],"ix":2},"a":{"a":0,"k":[297.636,854.144,0],"ix":1},"s":{"a":0,"k":[100,100,100],"ix":6}},"ao":0,"shapes":[{"ty":"gr","it":[{"ind":0,"ty":"sh","ix":1,"ks":{"a":0,"k":{"i":[[-0.707,-3.058],[-0.001,-0.009],[-0.018,-0.066],[-19.561,-0.831],[-1.675,23.749],[0.273,2.46],[0.06,0.437],[0.108,0.596],[0.033,0.199],[0.011,0.008],[5.612,5.652],[11.545,0.487],[8.392,-6.905],[0.874,-12.347],[-0.016,-1.215],[0,0]],"o":[[-0.009,0.011],[0.008,0.067],[4.123,17.49],[24.356,1.034],[0.186,-2.561],[-0.051,-0.439],[-0.109,-0.616],[-0.032,-0.199],[-0.002,-0.019],[-1.623,-8.023],[-7.353,-7.431],[-11.682,-0.502],[-9.114,7.471],[-0.089,1.228],[0,0],[0.021,3.272]],"v":[[-42.292,10.981],[-42.288,11.019],[-42.247,11.208],[-3.893,42.745],[43.238,1.609],[43.101,-5.937],[42.93,-7.25],[42.615,-9.069],[42.518,-9.666],[42.503,-9.712],[31.311,-30.582],[2.207,-43.277],[-28.811,-32.882],[-43.302,-2.222],[-43.408,1.441],[-43.405,1.47]],"c":true},"ix":2},"nm":"Path 1","mn":"ADBE Vector Shape - Group","hd":false},{"ty":"fl","c":{"a":0,"k":[0.059000000299,0.059000000299,0.059000000299,1],"ix":4},"o":{"a":0,"k":100,"ix":5},"r":1,"bm":0,"nm":"Fill 1","mn":"ADBE Vector Graphic - Fill","hd":false},{"ty":"tr","p":{"a":0,"k":[276.397,700.524],"ix":2},"a":{"a":0,"k":[0,0],"ix":1},"s":{"a":0,"k":[100,100],"ix":3},"r":{"a":0,"k":0,"ix":6},"o":{"a":0,"k":100,"ix":7},"sk":{"a":0,"k":0,"ix":4},"sa":{"a":0,"k":0,"ix":5},"nm":"Transform"}],"nm":"Group 1","np":2,"cix":2,"bm":0,"ix":1,"mn":"ADBE Vector Group","hd":false},{"ty":"gr","it":[{"ind":0,"ty":"sh","ix":1,"ks":{"a":0,"k":{"i":[[1.294,-25.373],[0.597,-4.528],[0.015,-0.131],[0.371,-1.706],[9.464,-0.593],[3.599,8.071],[0.509,2.461],[0.18,0.724],[12.793,56.387],[1.797,13.729],[0.069,0.487],[-0.01,0.01],[0.325,3.069],[0,0],[-0.091,1.225],[-9.115,7.475],[-11.68,-0.497],[-7.347,-7.439],[-1.617,-8.021],[-0.011,-0.019],[-0.038,-0.199],[-0.079,-0.477],[-0.073,-0.558]],"o":[[-0.221,4.442],[-0.015,0.13],[-0.23,1.741],[-2.559,8.47],[-9.454,0.583],[-0.458,-2.163],[-0.15,-0.715],[-5.261,-21.685],[-2.609,-11.535],[-0.07,-0.498],[-0.001,-0.011],[-0.412,-3.246],[0,0],[-0.02,-1.21],[0.87,-12.355],[8.387,-6.906],[11.55,0.494],[5.612,5.648],[0.009,0.01],[0.028,0.199],[0.069,0.487],[0.093,0.557],[6.755,44.953]],"v":[[44.522,57.369],[40.534,89.887],[40.48,90.289],[39.59,95.47],[19.849,110.941],[-1.629,98.07],[-3,91.12],[-3.49,88.958],[-38.438,-15.322],[-45.321,-55.267],[-45.509,-56.72],[-45.511,-56.76],[-46.627,-66.273],[-46.628,-66.303],[-46.516,-69.961],[-32.026,-100.632],[-1.012,-111.027],[28.096,-98.324],[39.29,-77.46],[39.311,-77.411],[39.406,-76.814],[39.634,-75.362],[39.893,-73.681]],"c":true},"ix":2},"nm":"Path 1","mn":"ADBE Vector Shape - Group","hd":false},{"ty":"fl","c":{"a":0,"k":[0.059000000299,0.059000000299,0.059000000299,1],"ix":4},"o":{"a":0,"k":100,"ix":5},"r":1,"bm":0,"nm":"Fill 1","mn":"ADBE Vector Graphic - Fill","hd":false},{"ty":"tr","p":{"a":0,"k":[279.249,767.187],"ix":2},"a":{"a":0,"k":[0,0],"ix":1},"s":{"a":0,"k":[100,100],"ix":3},"r":{"a":0,"k":0,"ix":6},"o":{"a":0,"k":100,"ix":7},"sk":{"a":0,"k":0,"ix":4},"sa":{"a":0,"k":0,"ix":5},"nm":"Transform"}],"nm":"Group 2","np":2,"cix":2,"bm":0,"ix":2,"mn":"ADBE Vector Group","hd":false}],"ip":0,"op":120,"st":0,"bm":0},{"ddd":0,"ind":14,"ty":4,"nm":"foot_1","sr":1,"ks":{"o":{"a":0,"k":100,"ix":11},"r":{"a":0,"k":0,"ix":10},"p":{"a":0,"k":[555.521,913.41,0],"ix":2},"a":{"a":0,"k":[555.521,913.41,0],"ix":1},"s":{"a":0,"k":[100,100,100],"ix":6}},"ao":0,"shapes":[{"ty":"gr","it":[{"ty":"gr","it":[{"ind":0,"ty":"sh","ix":1,"ks":{"a":0,"k":{"i":[[-0.029,0.233],[-0.539,0.862],[-0.303,0.078],[-0.086,-0.016],[-6.985,-0.444],[-3.695,-0.433],[-3.132,-0.993],[-0.295,-0.097],[-0.598,-0.203],[-1.651,-0.465],[-0.144,-0.039],[-0.152,-0.04],[-0.263,-0.06],[-1.32,-0.287],[-0.111,-0.019],[-0.103,-0.018],[-0.888,-0.176],[-2.661,-0.414],[-2.947,-0.321],[-3.028,-0.143],[-2.895,0.126],[-2.876,0.721],[-0.073,0.07],[-0.025,0.115],[-0.479,0.877],[-0.371,0.041],[-0.056,-0.458],[0.843,-2.39],[0.977,-0.235],[11.326,1.031],[6.848,0.982],[0,0],[5.887,0.213],[2.004,3.078],[-0.143,0.721]],"o":[[0.263,-1.639],[0.204,-0.339],[0.507,-0.128],[14.044,3.607],[2.946,0.181],[4.493,0.532],[0.303,0.098],[0.615,0.204],[1.635,0.542],[0.145,0.031],[0.143,0.04],[0.255,0.067],[1.08,0.256],[0.102,0.018],[0.102,0.026],[0.816,0.18],[2.643,0.516],[2.93,0.455],[3.014,0.327],[2.894,0.136],[2.96,-0.128],[0.099,-0.026],[0.085,-0.081],[0.202,-0.962],[0.184,-0.339],[0.411,-0.043],[0.178,1.942],[-0.329,0.941],[-11.38,2.708],[-6.649,-0.607],[0,0],[-8.23,-1.178],[-22.16,-0.785],[-0.329,-0.581],[-0.051,-0.189]],"v":[[-53.062,-4.904],[-51.178,-9.465],[-50.361,-10.047],[-49.267,-10.044],[-30.285,-6.374],[-20.606,-5.562],[-9.548,-3.111],[-8.645,-2.828],[-6.833,-2.224],[-1.979,-0.69],[-1.546,-0.58],[-1.106,-0.462],[-0.333,-0.267],[3.275,0.551],[3.599,0.615],[3.915,0.678],[6.481,1.2],[14.438,2.594],[23.255,3.766],[32.319,4.489],[41.01,4.537],[49.868,3.435],[50.144,3.313],[50.282,2.995],[51.074,0.103],[52.056,-0.423],[52.999,0.12],[52.022,5.577],[49.94,7.46],[16.074,9.145],[-4.136,6.594],[-5.799,6.355],[-27.038,4.595],[-52.75,-2.329],[-53.033,-4.271]],"c":true},"ix":2},"nm":"Path 1","mn":"ADBE Vector Shape - Group","hd":false},{"ty":"fl","c":{"a":0,"k":[0.518000006676,0.467000007629,0.40000000596,1],"ix":4},"o":{"a":0,"k":100,"ix":5},"r":1,"bm":0,"nm":"Fill 1","mn":"ADBE Vector Graphic - Fill","hd":false},{"ty":"tr","p":{"a":0,"k":[323.546,1100.598],"ix":2},"a":{"a":0,"k":[0,0],"ix":1},"s":{"a":0,"k":[100,100],"ix":3},"r":{"a":0,"k":0,"ix":6},"o":{"a":0,"k":100,"ix":7},"sk":{"a":0,"k":0,"ix":4},"sa":{"a":0,"k":0,"ix":5},"nm":"Transform"}],"nm":"Group 1","np":2,"cix":2,"bm":0,"ix":1,"mn":"ADBE Vector Group","hd":false},{"ty":"tr","p":{"a":0,"k":[579.521,956.434],"ix":2},"a":{"a":0,"k":[323.521,1100.434],"ix":1},"s":{"a":0,"k":[100,100],"ix":3},"r":{"a":0,"k":0,"ix":6},"o":{"a":0,"k":100,"ix":7},"sk":{"a":0,"k":0,"ix":4},"sa":{"a":0,"k":0,"ix":5},"nm":"Transform"}],"nm":"sole_1","np":1,"cix":2,"bm":0,"ix":1,"mn":"ADBE Vector Group","hd":false},{"ty":"gr","it":[{"ty":"gr","it":[{"ind":0,"ty":"sh","ix":1,"ks":{"a":0,"k":{"i":[[0.089,1.685],[-0.124,2.047],[0.346,3.755],[-0.819,4.056],[-0.728,2.569],[-1.409,1.218],[-1.285,-0.825],[-0.435,-2.265],[-2.045,-0.874],[-1.732,0.265],[-1.006,0.871],[-0.291,1.662],[-1.252,1.788],[-0.883,-1.175],[-0.313,-1.139],[0,0],[-1.095,-0.814],[0,0],[0,0],[-0.884,-1.175],[0,0],[-1.777,-0.808],[-11.496,-3.704],[-1.921,-2.919],[2.321,-4.107],[9.974,0.202],[2.268,0.328],[2.113,-0.243],[4.941,0.307],[2.137,0.82]],"o":[[-0.089,-1.685],[0.123,-2.045],[-0.344,-3.753],[0.817,-4.055],[0.727,-2.567],[1.409,-1.218],[1.285,0.826],[0.435,2.268],[2.045,0.872],[1.733,-0.268],[1.006,-0.872],[0.291,-1.661],[1.253,-1.79],[0.881,1.174],[0.313,1.139],[2.301,-0.232],[1.095,0.815],[0,0],[0,0],[0.882,1.174],[-0.369,0.073],[7.356,3.348],[8.007,2.579],[1.922,2.917],[-3.648,6.458],[-20.806,-0.422],[-2.27,-0.327],[-2.113,0.242],[-4.94,-0.306],[-3.28,-1.262]],"v":[[-51.021,13.692],[-49.37,6.134],[-49.535,-0.594],[-48.379,-10.226],[-44.319,-20.613],[-41.288,-26.583],[-37.341,-25.593],[-34.65,-19.642],[-33.402,-16.27],[-27.152,-16.08],[-21.664,-18.54],[-15.647,-23.395],[-13.018,-29.016],[-8.625,-25.946],[-5.499,-20.9],[-2.671,-17.18],[2,-15.585],[3.005,-13.284],[4.268,-12.085],[7.566,-10.025],[9.289,-5.8],[15.785,-0.486],[32.337,9.087],[49.241,16.287],[50.897,24.348],[25.091,28.856],[-4.596,24.13],[-20.268,21.482],[-32.901,22.193],[-49.939,18.184]],"c":true},"ix":2},"nm":"Path 1","mn":"ADBE Vector Shape - Group","hd":false},{"ty":"fl","c":{"a":0,"k":[0.118000000715,0.118000000715,0.118000000715,1],"ix":4},"o":{"a":0,"k":100,"ix":5},"r":1,"bm":0,"nm":"Fill 1","mn":"ADBE Vector Graphic - Fill","hd":false},{"ty":"tr","p":{"a":0,"k":[323.955,1078.247],"ix":2},"a":{"a":0,"k":[0,0],"ix":1},"s":{"a":0,"k":[100,100],"ix":3},"r":{"a":0,"k":0,"ix":6},"o":{"a":0,"k":100,"ix":7},"sk":{"a":0,"k":0,"ix":4},"sa":{"a":0,"k":0,"ix":5},"nm":"Transform"}],"nm":"Group 1","np":2,"cix":2,"bm":0,"ix":1,"mn":"ADBE Vector Group","hd":false},{"ty":"tr","p":{"a":0,"k":[580.063,934.109],"ix":2},"a":{"a":0,"k":[324.063,1078.109],"ix":1},"s":{"a":0,"k":[100,100],"ix":3},"r":{"a":0,"k":0,"ix":6},"o":{"a":0,"k":100,"ix":7},"sk":{"a":0,"k":0,"ix":4},"sa":{"a":0,"k":0,"ix":5},"nm":"Transform"}],"nm":"foot_1","np":1,"cix":2,"bm":0,"ix":2,"mn":"ADBE Vector Group","hd":false},{"ty":"gr","it":[{"ty":"gr","it":[{"ind":0,"ty":"sh","ix":1,"ks":{"a":0,"k":{"i":[[0.064,6.446],[-6.447,0.064],[-0.065,-6.448],[6.447,-0.065]],"o":[[-0.064,-6.446],[6.446,-0.065],[0.065,6.446],[-6.446,0.064]],"v":[[-11.673,0.117],[-0.117,-11.672],[11.672,-0.116],[0.116,11.673]],"c":true},"ix":2},"nm":"Path 1","mn":"ADBE Vector Shape - Group","hd":false},{"ty":"fl","c":{"a":0,"k":[0.804000020027,0.56099998951,0.458999991417,1],"ix":4},"o":{"a":0,"k":100,"ix":5},"r":1,"bm":0,"nm":"Fill 1","mn":"ADBE Vector Graphic - Fill","hd":false},{"ty":"tr","p":{"a":0,"k":[299.165,1058.116],"ix":2},"a":{"a":0,"k":[0,0],"ix":1},"s":{"a":0,"k":[100,100],"ix":3},"r":{"a":0,"k":0,"ix":6},"o":{"a":0,"k":100,"ix":7},"sk":{"a":0,"k":0,"ix":4},"sa":{"a":0,"k":0,"ix":5},"nm":"Transform"}],"nm":"Group 1","np":2,"cix":2,"bm":0,"ix":1,"mn":"ADBE Vector Group","hd":false},{"ty":"tr","p":{"a":0,"k":[555.165,914.117],"ix":2},"a":{"a":0,"k":[299.165,1058.117],"ix":1},"s":{"a":0,"k":[100,100],"ix":3},"r":{"a":0,"k":0,"ix":6},"o":{"a":0,"k":100,"ix":7},"sk":{"a":0,"k":0,"ix":4},"sa":{"a":0,"k":0,"ix":5},"nm":"Transform"}],"nm":"foot_skin_1","np":1,"cix":2,"bm":0,"ix":3,"mn":"ADBE Vector Group","hd":false}],"ip":0,"op":120,"st":0,"bm":0},{"ddd":0,"ind":15,"ty":4,"nm":"calf_1","sr":1,"ks":{"o":{"a":0,"k":100,"ix":11},"r":{"a":1,"k":[{"i":{"x":[0.709],"y":[0.712]},"o":{"x":[0.453],"y":[0]},"t":8,"s":[0]},{"i":{"x":[0.399],"y":[1]},"o":{"x":[0.183],"y":[0.825]},"t":23,"s":[16.87]},{"i":{"x":[0.767],"y":[-0.035]},"o":{"x":[0.502],"y":[-0.144]},"t":60,"s":[26]},{"i":{"x":[0.599],"y":[1]},"o":{"x":[0.315],"y":[0.302]},"t":95,"s":[18.609]},{"t":114,"s":[0]}],"ix":10},"p":{"a":0,"k":[554.039,913.503,0],"ix":2},"a":{"a":0,"k":[554.039,913.503,0],"ix":1},"s":{"a":0,"k":[100,100,100],"ix":6}},"ao":0,"shapes":[{"ty":"gr","it":[{"ty":"gr","it":[{"ind":0,"ty":"sh","ix":1,"ks":{"a":0,"k":{"i":[[-0.743,-11.93],[0.039,-0.772],[0.104,-0.675],[0.05,-0.261],[0.05,-0.232],[0.009,-0.04],[0.15,-0.496],[9.464,-0.594],[3.6,8.071],[0.166,2.634],[-0.007,0.571],[-0.05,0.493],[-0.359,1.265],[-9.624,0.59]],"o":[[0.052,0.788],[-0.032,0.692],[-0.029,0.252],[-0.04,0.242],[-0.008,0.05],[-0.108,0.515],[-2.56,8.471],[-9.454,0.583],[-1.012,-2.281],[-0.044,-0.57],[0.01,-0.501],[0.116,-1.336],[2.441,-8.666],[12.12,-0.751]],"v":[[21.954,-1.286],[21.969,1.055],[21.771,3.105],[21.642,3.87],[21.512,4.588],[21.476,4.719],[21.078,6.235],[1.338,21.708],[-20.141,8.836],[-21.951,1.434],[-22.001,-0.276],[-21.911,-1.771],[-21.199,-5.682],[-1.335,-21.54]],"c":true},"ix":2},"nm":"Path 1","mn":"ADBE Vector Shape - Group","hd":false},{"ty":"fl","c":{"a":0,"k":[0.059000000358,0.059000000358,0.059000000358,1],"ix":4},"o":{"a":0,"k":100,"ix":5},"r":1,"bm":0,"nm":"Fill 1","mn":"ADBE Vector Graphic - Fill","hd":false},{"ty":"tr","p":{"a":0,"k":[297.761,856.42],"ix":2},"a":{"a":0,"k":[0,0],"ix":1},"s":{"a":0,"k":[100,100],"ix":3},"r":{"a":0,"k":0,"ix":6},"o":{"a":0,"k":100,"ix":7},"sk":{"a":0,"k":0,"ix":4},"sa":{"a":0,"k":0,"ix":5},"nm":"Transform"}],"nm":"Group 1","np":2,"cix":2,"bm":0,"ix":1,"mn":"ADBE Vector Group","hd":false},{"ty":"gr","it":[{"ind":0,"ty":"sh","ix":1,"ks":{"a":0,"k":{"i":[[-1.326,-21.464],[-4.622,-25.78],[0.001,0.02],[-2.192,35.989],[12.136,-0.75],[2.444,-8.679],[0.156,-1.347],[-0.063,-0.906]],"o":[[2.748,44.451],[4.686,6.739],[-3.899,-65.667],[0.727,-11.954],[-9.635,0.596],[-0.327,1.261],[-0.11,0.881],[0.539,7.698]],"v":[[-27.142,-3.398],[-9.74,93.576],[15.74,94.508],[27.741,-79.277],[4.422,-99.565],[-15.46,-83.683],[-16.178,-79.763],[-16.398,-77.086]],"c":true},"ix":2},"nm":"Path 1","mn":"ADBE Vector Shape - Group","hd":false},{"ty":"fl","c":{"a":0,"k":[0.059000000358,0.059000000358,0.059000000358,1],"ix":4},"o":{"a":0,"k":100,"ix":5},"r":1,"bm":0,"nm":"Fill 1","mn":"ADBE Vector Graphic - Fill","hd":false},{"ty":"tr","p":{"a":0,"k":[292.273,932.667],"ix":2},"a":{"a":0,"k":[0,0],"ix":1},"s":{"a":0,"k":[100,100],"ix":3},"r":{"a":0,"k":0,"ix":6},"o":{"a":0,"k":100,"ix":7},"sk":{"a":0,"k":0,"ix":4},"sa":{"a":0,"k":0,"ix":5},"nm":"Transform"}],"nm":"Group 2","np":2,"cix":2,"bm":0,"ix":2,"mn":"ADBE Vector Group","hd":false},{"ty":"tr","p":{"a":0,"k":[548.539,787.282],"ix":2},"a":{"a":0,"k":[292.539,931.282],"ix":1},"s":{"a":0,"k":[100,100],"ix":3},"r":{"a":0,"k":0,"ix":6},"o":{"a":0,"k":100,"ix":7},"sk":{"a":0,"k":0,"ix":4},"sa":{"a":0,"k":0,"ix":5},"nm":"Transform"}],"nm":"calf_1","np":2,"cix":2,"bm":0,"ix":1,"mn":"ADBE Vector Group","hd":false},{"ty":"gr","it":[{"ty":"gr","it":[{"ind":0,"ty":"sh","ix":1,"ks":{"a":0,"k":{"i":[[0,0],[3.858,22.294],[-1.091,-17.645],[-0.414,-4.636],[10.719,-1.049]],"o":[[-1.867,-12.152],[-0.679,-15.891],[1.505,24.346],[0,0],[-12.108,1.187]],"v":[[-9.383,26.195],[-14.28,-12.9],[9.9,-18.806],[13.813,23.044],[4.24,35.264]],"c":true},"ix":2},"nm":"Path 1","mn":"ADBE Vector Shape - Group","hd":false},{"ty":"fl","c":{"a":0,"k":[0.847000002861,0.60799998045,0.501999974251,1],"ix":4},"o":{"a":0,"k":100,"ix":5},"r":1,"bm":0,"nm":"Fill 1","mn":"ADBE Vector Graphic - Fill","hd":false},{"ty":"tr","p":{"a":0,"k":[296.787,1034.587],"ix":2},"a":{"a":0,"k":[0,0],"ix":1},"s":{"a":0,"k":[100,100],"ix":3},"r":{"a":0,"k":0,"ix":6},"o":{"a":0,"k":100,"ix":7},"sk":{"a":0,"k":0,"ix":4},"sa":{"a":0,"k":0,"ix":5},"nm":"Transform"}],"nm":"Group 1","np":2,"cix":2,"bm":0,"ix":1,"mn":"ADBE Vector Group","hd":false},{"ty":"tr","p":{"a":0,"k":[552.564,893.803],"ix":2},"a":{"a":0,"k":[296.564,1037.803],"ix":1},"s":{"a":0,"k":[100,100],"ix":3},"r":{"a":0,"k":0,"ix":6},"o":{"a":0,"k":100,"ix":7},"sk":{"a":0,"k":0,"ix":4},"sa":{"a":0,"k":0,"ix":5},"nm":"Transform"}],"nm":"calf_skin_1","np":1,"cix":2,"bm":0,"ix":2,"mn":"ADBE Vector Group","hd":false}],"ip":0,"op":120,"st":0,"bm":0},{"ddd":0,"ind":16,"ty":4,"nm":"lower_body_skin","parent":10,"sr":1,"ks":{"o":{"a":0,"k":100,"ix":11},"r":{"a":0,"k":0,"ix":10},"p":{"a":0,"k":[254.965,613.354,0],"ix":2},"a":{"a":0,"k":[254.965,613.354,0],"ix":1},"s":{"a":0,"k":[100,100,100],"ix":6}},"ao":0,"shapes":[{"ty":"gr","it":[{"ind":0,"ty":"sh","ix":1,"ks":{"a":0,"k":{"i":[[0,0],[0,0],[0.986,22.035],[24.534,0],[0,0]],"o":[[56.48,56.077],[-2.533,-16.471],[0,0],[-24.959,0],[-0.937,21.544]],"v":[[-51.391,2.522],[51.391,-9.148],[47.167,-56.784],[2.172,-54.309],[-37.322,-58.599]],"c":true},"ix":2},"nm":"Path 1","mn":"ADBE Vector Shape - Group","hd":false},{"ty":"fl","c":{"a":0,"k":[0.847000002394,0.607999973671,0.501999978458,1],"ix":4},"o":{"a":0,"k":100,"ix":5},"r":1,"bm":0,"nm":"Fill 1","mn":"ADBE Vector Graphic - Fill","hd":false},{"ty":"tr","p":{"a":0,"k":[254.965,630.282],"ix":2},"a":{"a":0,"k":[0,0],"ix":1},"s":{"a":0,"k":[100,100],"ix":3},"r":{"a":0,"k":0,"ix":6},"o":{"a":0,"k":100,"ix":7},"sk":{"a":0,"k":0,"ix":4},"sa":{"a":0,"k":0,"ix":5},"nm":"Transform"}],"nm":"Group 1","np":2,"cix":2,"bm":0,"ix":1,"mn":"ADBE Vector Group","hd":false}],"ip":0,"op":120,"st":0,"bm":0},{"ddd":0,"ind":17,"ty":4,"nm":"forearm_1","parent":18,"sr":1,"ks":{"o":{"a":0,"k":100,"ix":11},"r":{"a":0,"k":0,"ix":10},"p":{"a":0,"k":[424.369,495.253,0],"ix":2},"a":{"a":0,"k":[424.369,495.253,0],"ix":1},"s":{"a":0,"k":[100,100,100],"ix":6}},"ao":0,"shapes":[{"ty":"gr","it":[{"ind":0,"ty":"sh","ix":1,"ks":{"a":0,"k":{"i":[[-5.552,-2.999],[-0.071,-0.027],[-3.913,7.243],[7.614,4.113],[0.405,0.184],[4.174,-5.522],[0.359,-0.667],[0.11,-2.089],[0.002,-0.03]],"o":[[0.066,0.036],[7.578,3.975],[3.953,-7.318],[-0.4,-0.216],[-6.66,-2.924],[-0.45,0.583],[-1.052,1.945],[-0.005,0.032],[-0.312,5.814]],"v":[[-8.113,12.969],[-7.919,13.063],[12.824,7.169],[6.196,-13.522],[4.992,-14.114],[-13.534,-9.594],[-14.742,-7.721],[-16.467,-1.596],[-16.464,-1.512]],"c":true},"ix":2},"nm":"Path 1","mn":"ADBE Vector Shape - Group","hd":false},{"ty":"fl","c":{"a":0,"k":[0.46699999641,0.136999990426,0.255000005984,1],"ix":4},"o":{"a":0,"k":100,"ix":5},"r":1,"bm":0,"nm":"Fill 1","mn":"ADBE Vector Graphic - Fill","hd":false},{"ty":"tr","p":{"a":0,"k":[425.419,495.551],"ix":2},"a":{"a":0,"k":[0,0],"ix":1},"s":{"a":0,"k":[100,100],"ix":3},"r":{"a":0,"k":0,"ix":6},"o":{"a":0,"k":100,"ix":7},"sk":{"a":0,"k":0,"ix":4},"sa":{"a":0,"k":0,"ix":5},"nm":"Transform"}],"nm":"Group 1","np":2,"cix":2,"bm":0,"ix":1,"mn":"ADBE Vector Group","hd":false},{"ty":"gr","it":[{"ind":0,"ty":"sh","ix":1,"ks":{"a":0,"k":{"i":[[-5.435,-2.387],[-22.77,-8.253],[0.995,0.368],[31.455,2.082],[3.638,-3.474],[0.193,-0.214],[0.323,-0.599],[-0.006,-0.024]],"o":[[44.258,19.443],[5.822,-5.466],[-20.471,-6.024],[-9.66,-0.639],[-0.22,0.211],[-0.392,0.53],[-0.945,1.749],[-1.33,7.307]],"v":[[-56.539,4.683],[60.687,24.565],[63.263,7.893],[-45.464,-23.925],[-61.314,-20.508],[-62.419,-19.164],[-63.487,-17.472],[-65.179,-11.971]],"c":true},"ix":2},"nm":"Path 1","mn":"ADBE Vector Shape - Group","hd":false},{"ty":"fl","c":{"a":0,"k":[0.46699999641,0.136999990426,0.255000005984,1],"ix":4},"o":{"a":0,"k":100,"ix":5},"r":1,"bm":0,"nm":"Fill 1","mn":"ADBE Vector Graphic - Fill","hd":false},{"ty":"tr","p":{"a":0,"k":[474.309,504.047],"ix":2},"a":{"a":0,"k":[0,0],"ix":1},"s":{"a":0,"k":[100,100],"ix":3},"r":{"a":0,"k":0,"ix":6},"o":{"a":0,"k":100,"ix":7},"sk":{"a":0,"k":0,"ix":4},"sa":{"a":0,"k":0,"ix":5},"nm":"Transform"}],"nm":"Group 2","np":2,"cix":2,"bm":0,"ix":2,"mn":"ADBE Vector Group","hd":false}],"ip":0,"op":120,"st":0,"bm":0},{"ddd":0,"ind":18,"ty":4,"nm":"arm_1","parent":11,"sr":1,"ks":{"o":{"a":0,"k":100,"ix":11},"r":{"a":1,"k":[{"i":{"x":[0.296],"y":[1]},"o":{"x":[0.333],"y":[0]},"t":8,"s":[0]},{"i":{"x":[0.667],"y":[1]},"o":{"x":[0.564],"y":[0.084]},"t":60,"s":[-22]},{"t":114,"s":[0]}],"ix":10},"p":{"a":0,"k":[537.911,306.567,0],"ix":2},"a":{"a":0,"k":[281.911,450.567,0],"ix":1},"s":{"a":0,"k":[100,100,100],"ix":6}},"ao":0,"shapes":[{"ty":"gr","it":[{"ind":0,"ty":"sh","ix":1,"ks":{"a":0,"k":{"i":[[-8.769,3.749],[5.747,11.734],[8.005,1.137],[4.201,-1.692],[0,0],[0.169,-0.073],[-5.747,-11.735],[-1.982,-1.898],[-0.62,-0.484]],"o":[[12.203,-5.218],[-3.693,-7.54],[-4.272,-0.604],[0,0],[-0.174,0.061],[-12.203,5.218],[1.257,2.564],[0.568,0.546],[7.045,5.595]],"v":[[10.399,20.546],[22.096,-10.145],[3.066,-23.691],[-9.873,-22.152],[-9.908,-22.139],[-10.41,-21.936],[-22.096,8.751],[-17.175,15.477],[-15.402,17.032]],"c":true},"ix":2},"nm":"Path 1","mn":"ADBE Vector Shape - Group","hd":false},{"ty":"fl","c":{"a":0,"k":[0.46699999641,0.136999990426,0.255000005984,1],"ix":4},"o":{"a":0,"k":100,"ix":5},"r":1,"bm":0,"nm":"Fill 1","mn":"ADBE Vector Graphic - Fill","hd":false},{"ty":"tr","p":{"a":0,"k":[283.256,448.634],"ix":2},"a":{"a":0,"k":[0,0],"ix":1},"s":{"a":0,"k":[100,100],"ix":3},"r":{"a":0,"k":0,"ix":6},"o":{"a":0,"k":100,"ix":7},"sk":{"a":0,"k":0,"ix":4},"sa":{"a":0,"k":0,"ix":5},"nm":"Transform"}],"nm":"Group 1","np":2,"cix":2,"bm":0,"ix":1,"mn":"ADBE Vector Group","hd":false},{"ty":"gr","it":[{"ind":0,"ty":"sh","ix":1,"ks":{"a":0,"k":{"i":[[23.442,6.509],[36.325,10.502],[6.66,2.821],[13.452,6.227],[6.1,-4.784],[-6.255,-12.329],[-25.895,0.188],[-38.776,-7.721]],"o":[[-18.99,-5.273],[-22.118,-6.396],[0,0],[-16.097,-7.452],[-5.812,4.557],[5.061,9.971],[40.033,23.169],[27.003,5.376]],"v":[[73.491,11.476],[10.43,-14.982],[-29.572,-25.687],[-50.249,-39.051],[-83.625,-39.458],[-90.677,-11.264],[-51.596,3.944],[64.224,41.127]],"c":true},"ix":2},"nm":"Path 1","mn":"ADBE Vector Shape - Group","hd":false},{"ty":"fl","c":{"a":0,"k":[0.46699999641,0.136999990426,0.255000005984,1],"ix":4},"o":{"a":0,"k":100,"ix":5},"r":1,"bm":0,"nm":"Fill 1","mn":"ADBE Vector Graphic - Fill","hd":false},{"ty":"tr","p":{"a":0,"k":[351.838,468.648],"ix":2},"a":{"a":0,"k":[0,0],"ix":1},"s":{"a":0,"k":[100,100],"ix":3},"r":{"a":0,"k":0,"ix":6},"o":{"a":0,"k":100,"ix":7},"sk":{"a":0,"k":0,"ix":4},"sa":{"a":0,"k":0,"ix":5},"nm":"Transform"}],"nm":"Group 2","np":2,"cix":2,"bm":0,"ix":2,"mn":"ADBE Vector Group","hd":false}],"ip":0,"op":120,"st":0,"bm":0},{"ddd":0,"ind":19,"ty":4,"nm":"hand_1","parent":17,"sr":1,"ks":{"o":{"a":0,"k":100,"ix":11},"r":{"a":0,"k":0,"ix":10},"p":{"a":0,"k":[563.745,527.636,0],"ix":2},"a":{"a":0,"k":[819.745,383.636,0],"ix":1},"s":{"a":0,"k":[100,100,100],"ix":6}},"ao":0,"shapes":[{"ty":"gr","it":[{"ty":"gr","it":[{"ind":0,"ty":"sh","ix":1,"ks":{"a":0,"k":{"i":[[-0.704,1.946],[-5.231,-1.947],[-6.487,-0.689],[0,0],[3.981,2.062]],"o":[[1.158,-3.206],[3.83,1.426],[9.863,1.047],[0,0],[-3.981,-2.063]],"v":[[-16.114,-3.56],[-6.34,-7.322],[6.956,-3.751],[-5.81,9.27],[-11.723,3.867]],"c":true},"ix":2},"nm":"Path 1","mn":"ADBE Vector Shape - Group","hd":false},{"ty":"fl","c":{"a":0,"k":[0.787999987602,0.549000024796,0.458999991417,1],"ix":4},"o":{"a":0,"k":100,"ix":5},"r":1,"bm":0,"nm":"Fill 1","mn":"ADBE Vector Graphic - Fill","hd":false},{"ty":"tr","p":{"a":0,"k":[541.48,519.858],"ix":2},"a":{"a":0,"k":[0,0],"ix":1},"s":{"a":0,"k":[100,100],"ix":3},"r":{"a":0,"k":0,"ix":6},"o":{"a":0,"k":100,"ix":7},"sk":{"a":0,"k":0,"ix":4},"sa":{"a":0,"k":0,"ix":5},"nm":"Transform"}],"nm":"Group 1","np":2,"cix":2,"bm":0,"ix":1,"mn":"ADBE Vector Group","hd":false},{"ty":"gr","it":[{"ind":0,"ty":"sh","ix":1,"ks":{"a":0,"k":{"i":[[0,0],[1.32,-7.291],[-6.311,-1.459],[-8.557,-0.386],[0,0],[-0.767,3.437],[3.928,1.221],[-5.533,1.873],[-5.846,-3.692],[-1.312,2.009],[2.402,1.882],[2.923,2.315],[7.222,-0.264]],"o":[[0,0],[-1.32,7.292],[2.788,0.819],[8.556,0.386],[0,0],[0.898,-4.021],[-3.929,-1.22],[5.534,-1.872],[8.455,5.34],[1.313,-2.01],[-2.4,-1.881],[-2.923,-2.316],[-7.22,0.264]],"v":[[-25.136,-14.458],[-34.388,-8.021],[-20.41,5.638],[-3.296,8.862],[9.598,12.164],[17.516,11.874],[-2.953,0.946],[-4.125,-3.491],[19.927,1.893],[34.395,8.706],[22.052,-2.895],[7.989,-11.057],[-7.072,-13.305]],"c":true},"ix":2},"nm":"Path 1","mn":"ADBE Vector Shape - Group","hd":false},{"ty":"fl","c":{"a":0,"k":[0.787999987602,0.549000024796,0.458999991417,1],"ix":4},"o":{"a":0,"k":100,"ix":5},"r":1,"bm":0,"nm":"Fill 1","mn":"ADBE Vector Graphic - Fill","hd":false},{"ty":"tr","p":{"a":0,"k":[567.821,529.94],"ix":2},"a":{"a":0,"k":[0,0],"ix":1},"s":{"a":0,"k":[100,100],"ix":3},"r":{"a":0,"k":0,"ix":6},"o":{"a":0,"k":100,"ix":7},"sk":{"a":0,"k":0,"ix":4},"sa":{"a":0,"k":0,"ix":5},"nm":"Transform"}],"nm":"Group 2","np":2,"cix":2,"bm":0,"ix":2,"mn":"ADBE Vector Group","hd":false},{"ty":"tr","p":{"a":0,"k":[819.745,383.636],"ix":2},"a":{"a":0,"k":[563.745,527.636],"ix":1},"s":{"a":0,"k":[100,100],"ix":3},"r":{"a":0,"k":0,"ix":6},"o":{"a":0,"k":100,"ix":7},"sk":{"a":0,"k":0,"ix":4},"sa":{"a":0,"k":0,"ix":5},"nm":"Transform"}],"nm":"hand_1","np":2,"cix":2,"bm":0,"ix":1,"mn":"ADBE Vector Group","hd":false},{"ty":"gr","it":[{"ty":"gr","it":[{"ind":0,"ty":"sh","ix":1,"ks":{"a":0,"k":{"i":[[0,0],[-5.893,-1.845],[-2.043,1.956],[5.95,2.379],[1.024,-6.243],[0,0]],"o":[[0.183,0.097],[5.892,1.846],[2.043,-1.956],[-5.95,-2.379],[-1.024,6.243],[0,0]],"v":[[-12.306,3.388],[-0.665,2.124],[18.945,10.474],[6.111,-2.553],[-17.864,-6.186],[-20.988,1.435]],"c":true},"ix":2},"nm":"Path 1","mn":"ADBE Vector Shape - Group","hd":false},{"ty":"fl","c":{"a":0,"k":[0.749000012875,0.505999982357,0.426999986172,1],"ix":4},"o":{"a":0,"k":100,"ix":5},"r":1,"bm":0,"nm":"Fill 1","mn":"ADBE Vector Graphic - Fill","hd":false},{"ty":"tr","p":{"a":0,"k":[572.242,527.777],"ix":2},"a":{"a":0,"k":[0,0],"ix":1},"s":{"a":0,"k":[100,100],"ix":3},"r":{"a":0,"k":0,"ix":6},"o":{"a":0,"k":100,"ix":7},"sk":{"a":0,"k":0,"ix":4},"sa":{"a":0,"k":0,"ix":5},"nm":"Transform"}],"nm":"Group 1","np":2,"cix":2,"bm":0,"ix":1,"mn":"ADBE Vector Group","hd":false},{"ty":"tr","p":{"a":0,"k":[827.369,384.854],"ix":2},"a":{"a":0,"k":[571.369,528.854],"ix":1},"s":{"a":0,"k":[100,100],"ix":3},"r":{"a":0,"k":0,"ix":6},"o":{"a":0,"k":100,"ix":7},"sk":{"a":0,"k":0,"ix":4},"sa":{"a":0,"k":0,"ix":5},"nm":"Transform"}],"nm":"hand_shadow_1","np":1,"cix":2,"bm":0,"ix":2,"mn":"ADBE Vector Group","hd":false}],"ip":0,"op":120,"st":0,"bm":0}],"markers":[]}