{"v":"5.6.6","fr":60,"ip":0,"op":180,"w":1100,"h":1100,"nm":"Jumping Lunges","ddd":0,"assets":[],"layers":[{"ddd":0,"ind":1,"ty":4,"nm":"forearm","parent":3,"sr":1,"ks":{"o":{"a":0,"k":100,"ix":11},"r":{"a":1,"k":[{"i":{"x":[0.833],"y":[0.833]},"o":{"x":[0.167],"y":[0.167]},"t":10,"s":[0]},{"i":{"x":[0.833],"y":[0.833]},"o":{"x":[0.167],"y":[0.167]},"t":54,"s":[29]},{"i":{"x":[0.833],"y":[0.833]},"o":{"x":[0.167],"y":[0.167]},"t":91,"s":[5]},{"i":{"x":[0.833],"y":[0.833]},"o":{"x":[0.167],"y":[0.167]},"t":127,"s":[29]},{"t":167,"s":[0]}],"ix":10},"p":{"a":0,"k":[567.398,579.811,0],"ix":2},"a":{"a":0,"k":[567.398,579.811,0],"ix":1},"s":{"a":0,"k":[100,100,100],"ix":6}},"ao":0,"shapes":[{"ty":"gr","it":[{"ind":0,"ty":"sh","ix":1,"ks":{"a":0,"k":{"i":[[-5.346,2.351],[-0.06,0.037],[3.191,7.258],[7.332,-3.224],[0.363,-0.192],[-1.765,-6.423],[-0.294,-0.667],[-1.493,-1.332],[-0.022,-0.018]],"o":[[0.064,-0.028],[7.21,-3.279],[-3.225,-7.332],[-0.385,0.169],[-5.913,3.224],[0.18,0.686],[0.857,1.951],[0.021,0.023],[4.148,3.714]],"v":[[5.481,13.71],[5.66,13.62],[12.918,-5.4],[-6.193,-12.837],[-7.308,-12.292],[-14.344,4.25],[-13.629,6.273],[-10.041,11.229],[-9.976,11.276]],"c":true},"ix":2},"nm":"Path 1","mn":"ADBE Vector Shape - Group","hd":false},{"ty":"fl","c":{"a":0,"k":[0.651000019148,0.211999990426,0.305999995213,1],"ix":4},"o":{"a":0,"k":100,"ix":5},"r":1,"bm":0,"nm":"Fill 1","mn":"ADBE Vector Graphic - Fill","hd":false},{"ty":"tr","p":{"a":0,"k":[569.515,578.88],"ix":2},"a":{"a":0,"k":[0,0],"ix":1},"s":{"a":0,"k":[100,100],"ix":3},"r":{"a":0,"k":0,"ix":6},"o":{"a":0,"k":100,"ix":7},"sk":{"a":0,"k":0,"ix":4},"sa":{"a":0,"k":0,"ix":5},"nm":"Transform"}],"nm":"Group 1","np":2,"cix":2,"bm":0,"ix":1,"mn":"ADBE Vector Group","hd":false},{"ty":"gr","it":[{"ind":0,"ty":"sh","ix":1,"ks":{"a":0,"k":{"i":[[-3.353,0.726],[-19.707,14.612],[1.072,-0.646],[27.403,-29.76],[1.19,-1.257],[-0.39,-5.433],[-0.048,-0.307],[-0.294,-0.668],[-0.026,-0.01],[-1.453,-0.42]],"o":[[41.192,-8.909],[-0.541,-8.633],[-19.301,16.398],[-2.561,2.784],[-5.03,5.309],[0.025,0.328],[0.181,0.685],[0.857,1.951],[2.447,1.863],[3.409,0.675]],"v":[[-45.596,50.752],[66.367,-36.998],[54.139,-52.052],[-55.684,21.443],[-60.256,25.531],[-65.977,39.549],[-65.6,41.382],[-64.885,43.406],[-61.232,48.408],[-54.581,52.023]],"c":true},"ix":2},"nm":"Path 1","mn":"ADBE Vector Shape - Group","hd":false},{"ty":"fl","c":{"a":0,"k":[0.651000019148,0.211999990426,0.305999995213,1],"ix":4},"o":{"a":0,"k":100,"ix":5},"r":1,"bm":0,"nm":"Fill 1","mn":"ADBE Vector Graphic - Fill","hd":false},{"ty":"tr","p":{"a":0,"k":[620.771,541.748],"ix":2},"a":{"a":0,"k":[0,0],"ix":1},"s":{"a":0,"k":[100,100],"ix":3},"r":{"a":0,"k":0,"ix":6},"o":{"a":0,"k":100,"ix":7},"sk":{"a":0,"k":0,"ix":4},"sa":{"a":0,"k":0,"ix":5},"nm":"Transform"}],"nm":"Group 2","np":2,"cix":2,"bm":0,"ix":2,"mn":"ADBE Vector Group","hd":false}],"ip":0,"op":218,"st":0,"bm":0},{"ddd":0,"ind":2,"ty":4,"nm":"hand","parent":1,"sr":1,"ks":{"o":{"a":0,"k":100,"ix":11},"r":{"a":0,"k":0,"ix":10},"p":{"a":0,"k":[676.1,498.362,0],"ix":2},"a":{"a":0,"k":[676.1,498.362,0],"ix":1},"s":{"a":0,"k":[100,100,100],"ix":6}},"ao":0,"shapes":[{"ty":"gr","it":[{"ind":0,"ty":"sh","ix":1,"ks":{"a":0,"k":{"i":[[0.045,-0.53],[-1.713,1.096],[0.452,-0.256],[0.871,-0.64]],"o":[[1.48,-1.427],[-0.473,0.222],[-0.935,0.53],[-0.421,0.31]],"v":[[16.064,-4.864],[20.993,-8.451],[19.602,-7.741],[16.833,-6.086]],"c":true},"ix":2},"nm":"Path 1","mn":"ADBE Vector Shape - Group","hd":false},{"ind":1,"ty":"sh","ix":2,"ks":{"a":0,"k":{"i":[[-2.115,1.57],[2.11,-1.578]],"o":[[-2.364,1.175],[2.284,-1.301]],"v":[[33.108,-16.061],[26.495,-11.775]],"c":true},"ix":2},"nm":"Path 2","mn":"ADBE Vector Shape - Group","hd":false},{"ind":2,"ty":"sh","ix":3,"ks":{"a":0,"k":{"i":[[-1.436,0.907],[2.155,-0.963],[0.55,-0.905],[-0.256,0.168],[-1.265,0.506]],"o":[[-2.173,0.921],[-0.961,0.429],[0.278,-0.138],[1.139,-0.746],[1.552,-0.621]],"v":[[23.841,-2.275],[17.329,0.499],[15.077,2.573],[15.866,2.097],[19.401,0.075]],"c":true},"ix":2},"nm":"Path 3","mn":"ADBE Vector Shape - Group","hd":false},{"ind":3,"ty":"sh","ix":4,"ks":{"a":0,"k":{"i":[[-1.014,0.483],[0.138,-0.038],[1.135,-0.639],[2.954,-2.1],[2.361,-1.643],[0.216,-0.184],[-0.09,-0.132],[-0.124,0.077],[-0.241,0.174],[-2.513,1.815],[-3.327,1.582]],"o":[[-0.17,-0.077],[-1.242,0.336],[-3.155,1.777],[-2.345,1.667],[-0.233,0.163],[-0.127,0.107],[0.093,0.139],[0.256,-0.155],[2.513,-1.817],[2.991,-2.162],[0.991,-0.47]],"v":[[33.045,-23.12],[32.594,-23.099],[29.001,-21.683],[19.816,-15.892],[12.72,-10.985],[12.041,-10.469],[11.992,-10.091],[12.326,-10.072],[13.088,-10.542],[20.62,-15.999],[30.051,-21.696]],"c":true},"ix":2},"nm":"Path 4","mn":"ADBE Vector Shape - Group","hd":false},{"ind":4,"ty":"sh","ix":5,"ks":{"a":0,"k":{"i":[[0,0],[-0.497,0.232],[-0.45,0.191],[-0.638,-0.99],[1.656,-0.578],[0.614,-0.363],[-0.401,-0.376],[0.283,-0.922],[0.661,-0.578],[3.014,-2.273],[0.09,-0.082],[-0.402,-0.469],[0.39,-0.823],[0.86,-0.894],[1.896,-1.585],[2.09,-1.398],[1.652,-1.139],[2.166,-1.502],[2.095,-0.957],[7.697,0.343],[2.335,1.721],[-9.422,25.322],[-0.886,1.664],[-0.723,0.759],[-1.348,2.103],[-0.771,1.133],[-0.928,1.843],[-0.582,0.548],[-0.573,-0.329],[-0.116,-1.155],[0.938,-2.189],[0.303,-0.502],[1.524,-2.04],[0.371,-0.598],[-0.365,-0.065],[-0.694,-0.056],[-0.65,0.064],[-1.908,0.89],[-1.76,0.911],[-0.939,0.611],[-4.13,1.994],[-2.651,0.991],[-0.667,0.08],[-1.183,0.136],[-0.942,-0.411],[0.913,-1.317],[0.034,-0.048]],"o":[[0.494,-0.237],[0.445,-0.209],[1.7,-0.719],[0.852,1.32],[-0.654,0.228],[0.563,-0.011],[0.694,0.651],[-0.256,0.835],[-2.834,2.484],[-0.046,0.035],[0.663,0.018],[0.522,0.61],[-0.528,1.116],[-1.706,1.777],[-1.933,1.616],[-1.668,1.115],[-2.17,1.496],[-20.33,11.458],[-7.788,3.495],[-2.726,-1.126],[-6.069,-6.116],[0.884,-1.665],[0.486,-0.908],[1.739,-1.822],[0.738,-1.152],[1.164,-1.713],[0.345,-0.686],[0.528,-0.499],[0.983,0.565],[0.225,2.258],[-0.231,0.54],[-1.304,2.164],[-0.43,0.576],[-0.209,0.335],[0.681,0.122],[0.642,0.053],[2.121,-0.21],[1.794,-0.836],[0.99,-0.512],[3.837,-2.498],[2.565,-1.238],[0.641,-0.241],[1.184,-0.142],[1.049,-0.121],[1.376,0.602],[-0.032,0.048],[0,0]],"v":[[39.057,-25.661],[40.54,-26.37],[41.902,-26.917],[45.587,-25.705],[44.051,-22.11],[42.153,-21.248],[43.646,-20.843],[44.134,-18.442],[42.614,-16.413],[33.916,-9.188],[33.74,-9.028],[35.375,-8.415],[35.683,-6.304],[33.432,-3.413],[28.068,1.666],[21.956,6.082],[16.978,9.468],[10.483,13.979],[-19.898,26.717],[-36.038,31.693],[-40.37,29.067],[-20.637,-7.614],[-18.039,-12.631],[-16.124,-15.066],[-11.429,-20.908],[-9.134,-24.318],[-5.835,-29.571],[-4.437,-31.448],[-2.819,-31.707],[-1.09,-29.156],[-2.242,-22.489],[-3.122,-20.971],[-7.28,-14.616],[-8.377,-12.813],[-7.889,-11.599],[-5.839,-11.271],[-3.898,-11.563],[1.977,-13.773],[7.323,-16.367],[10.189,-18.121],[21.918,-25.236],[29.78,-28.468],[31.755,-28.867],[35.304,-29.345],[38.33,-29.049],[39.1,-25.85],[39.001,-25.708]],"c":true},"ix":2},"nm":"Path 5","mn":"ADBE Vector Shape - Group","hd":false},{"ty":"mm","mm":1,"nm":"Merge Paths 1","mn":"ADBE Vector Filter - Merge","hd":false},{"ty":"fl","c":{"a":0,"k":[0.847000002394,0.607999973671,0.501999978458,1],"ix":4},"o":{"a":0,"k":100,"ix":5},"r":1,"bm":0,"nm":"Fill 1","mn":"ADBE Vector Graphic - Fill","hd":false},{"ty":"tr","p":{"a":0,"k":[708.72,475.446],"ix":2},"a":{"a":0,"k":[0,0],"ix":1},"s":{"a":0,"k":[100,100],"ix":3},"r":{"a":0,"k":0,"ix":6},"o":{"a":0,"k":100,"ix":7},"sk":{"a":0,"k":0,"ix":4},"sa":{"a":0,"k":0,"ix":5},"nm":"Transform"}],"nm":"Group 1","np":7,"cix":2,"bm":0,"ix":1,"mn":"ADBE Vector Group","hd":false}],"ip":0,"op":218,"st":0,"bm":0},{"ddd":0,"ind":3,"ty":4,"nm":"arm","parent":6,"sr":1,"ks":{"o":{"a":0,"k":100,"ix":11},"r":{"a":1,"k":[{"i":{"x":[0.833],"y":[0.833]},"o":{"x":[0.167],"y":[0.167]},"t":10,"s":[-7]},{"i":{"x":[0.833],"y":[0.833]},"o":{"x":[0.167],"y":[0.167]},"t":54,"s":[45]},{"i":{"x":[0.833],"y":[0.833]},"o":{"x":[0.167],"y":[0.167]},"t":91,"s":[85]},{"i":{"x":[0.833],"y":[0.833]},"o":{"x":[0.167],"y":[0.167]},"t":127,"s":[45]},{"t":167,"s":[-7]}],"ix":10},"p":{"a":0,"k":[323.696,442.444,0],"ix":2},"a":{"a":0,"k":[493.493,447.575,0],"ix":1},"s":{"a":0,"k":[100,100,100],"ix":6}},"ao":0,"shapes":[{"ty":"gr","it":[{"ind":0,"ty":"sh","ix":1,"ks":{"a":0,"k":{"i":[[-10.285,-3.017],[-3.404,14.285],[6.129,6.709],[4.852,1.536],[0,0],[0.199,0.058],[3.404,-14.286],[-0.362,-3.063],[-0.192,-0.862]],"o":[[14.313,4.199],[2.188,-9.18],[-3.274,-3.578],[0,0],[-0.195,-0.071],[-14.313,-4.199],[-0.744,3.122],[0.102,0.88],[2.11,9.889]],"v":[[-6.811,25.859],[25.274,7.605],[18.455,-17.748],[6.133,-25.663],[6.093,-25.676],[5.513,-25.86],[-26.559,-7.6],[-27.1,1.751],[-26.674,4.366]],"c":true},"ix":2},"nm":"Path 1","mn":"ADBE Vector Shape - Group","hd":false},{"ty":"fl","c":{"a":0,"k":[0.651000019148,0.211999990426,0.305999995213,1],"ix":4},"o":{"a":0,"k":100,"ix":5},"r":1,"bm":0,"nm":"Fill 1","mn":"ADBE Vector Graphic - Fill","hd":false},{"ty":"tr","p":{"a":0,"k":[495.286,446.258],"ix":2},"a":{"a":0,"k":[0,0],"ix":1},"s":{"a":0,"k":[100,100],"ix":3},"r":{"a":0,"k":0,"ix":6},"o":{"a":0,"k":100,"ix":7},"sk":{"a":0,"k":0,"ix":4},"sa":{"a":0,"k":0,"ix":5},"nm":"Transform"}],"nm":"Group 1","np":2,"cix":2,"bm":0,"ix":1,"mn":"ADBE Vector Group","hd":false},{"ty":"gr","it":[{"ind":0,"ty":"sh","ix":1,"ks":{"a":0,"k":{"i":[[6.112,15.516],[6.512,12.143],[5.674,5.199],[3.469,9.598],[16.701,0.758],[4.365,-16.666],[-15.75,-15.67],[-24.07,-26.034]],"o":[[-3.398,-8.627],[-11.579,-21.592],[-2.939,-6.68],[-4.783,-13.23],[-7.85,-0.356],[-3.408,13.012],[12.925,41.768],[13.045,14.11]],"v":[[55.481,62.253],[39.141,16.576],[7.661,-32.226],[0.659,-58.815],[-32.469,-90.645],[-58.184,-70.82],[-36.162,-22.927],[29.657,76.891]],"c":true},"ix":2},"nm":"Path 1","mn":"ADBE Vector Shape - Group","hd":false},{"ty":"fl","c":{"a":0,"k":[0.651000019148,0.211999990426,0.305999995213,1],"ix":4},"o":{"a":0,"k":100,"ix":5},"r":1,"bm":0,"nm":"Fill 1","mn":"ADBE Vector Graphic - Fill","hd":false},{"ty":"tr","p":{"a":0,"k":[526.594,509.969],"ix":2},"a":{"a":0,"k":[0,0],"ix":1},"s":{"a":0,"k":[100,100],"ix":3},"r":{"a":0,"k":0,"ix":6},"o":{"a":0,"k":100,"ix":7},"sk":{"a":0,"k":0,"ix":4},"sa":{"a":0,"k":0,"ix":5},"nm":"Transform"}],"nm":"Group 2","np":2,"cix":2,"bm":0,"ix":2,"mn":"ADBE Vector Group","hd":false}],"ip":0,"op":218,"st":0,"bm":0},{"ddd":0,"ind":4,"ty":4,"nm":"head","parent":7,"sr":1,"ks":{"o":{"a":0,"k":100,"ix":11},"r":{"a":0,"k":0,"ix":10},"p":{"a":0,"k":[330.92,307.075,0],"ix":2},"a":{"a":0,"k":[330.92,307.075,0],"ix":1},"s":{"a":0,"k":[100,100,100],"ix":6}},"ao":0,"shapes":[{"ty":"gr","it":[{"ty":"gr","it":[{"ind":0,"ty":"sh","ix":1,"ks":{"a":0,"k":{"i":[[-0.32,-1.66],[-3.81,-2.86],[-2.07,1.93],[-1.98,0.61],[0.98,17.23],[-2.34,0.92],[2.38,-10.82]],"o":[[1.34,6.89],[3.82,2.86],[1.54,-1.43],[-0.752,0.247],[-0.82,-14.25],[-2.88,0.68],[-0.29,3.1]],"v":[[-11.85,0.39],[-1.36,18.09],[7.05,17.32],[12.43,14.41],[-5.21,-1.87],[3.02,-20.95],[-12.14,-7.11]],"c":true},"ix":2},"nm":"Path 1","mn":"ADBE Vector Shape - Group","hd":false},{"ty":"fl","c":{"a":0,"k":[0.20000000298,0.11400000006,0.105999998748,1],"ix":4},"o":{"a":0,"k":100,"ix":5},"r":1,"bm":0,"nm":"Fill 1","mn":"ADBE Vector Graphic - Fill","hd":false},{"ty":"tr","p":{"a":0,"k":[191.495,222.681],"ix":2},"a":{"a":0,"k":[0,0],"ix":1},"s":{"a":0,"k":[100,100],"ix":3},"r":{"a":0,"k":0,"ix":6},"o":{"a":0,"k":100,"ix":7},"sk":{"a":0,"k":0,"ix":4},"sa":{"a":0,"k":0,"ix":5},"nm":"Transform"}],"nm":"Group 1","np":2,"cix":2,"bm":0,"ix":1,"mn":"ADBE Vector Group","hd":false},{"ty":"gr","it":[{"ind":0,"ty":"sh","ix":1,"ks":{"a":0,"k":{"i":[[0.08,0.06],[0.49,-0.2]],"o":[[0,0],[0.57,-0.13]],"v":[[0.355,-0.13],[-0.435,0.13]],"c":true},"ix":2},"nm":"Path 1","mn":"ADBE Vector Shape - Group","hd":false},{"ty":"fl","c":{"a":0,"k":[0.20000000298,0.11400000006,0.105999998748,1],"ix":4},"o":{"a":0,"k":100,"ix":5},"r":1,"bm":0,"nm":"Fill 1","mn":"ADBE Vector Graphic - Fill","hd":false},{"ty":"tr","p":{"a":0,"k":[194.95,201.6],"ix":2},"a":{"a":0,"k":[0,0],"ix":1},"s":{"a":0,"k":[100,100],"ix":3},"r":{"a":0,"k":0,"ix":6},"o":{"a":0,"k":100,"ix":7},"sk":{"a":0,"k":0,"ix":4},"sa":{"a":0,"k":0,"ix":5},"nm":"Transform"}],"nm":"Group 2","np":2,"cix":2,"bm":0,"ix":2,"mn":"ADBE Vector Group","hd":false},{"ty":"gr","it":[{"ind":0,"ty":"sh","ix":1,"ks":{"a":0,"k":{"i":[[0,0],[0,0],[-6.777,-9.036]],"o":[[-14.951,-1.368],[0,0],[6.776,9.035]],"v":[[12.911,8.497],[-3.311,-10.8],[-6.134,1.765]],"c":true},"ix":2},"nm":"Path 1","mn":"ADBE Vector Shape - Group","hd":false},{"ty":"fl","c":{"a":0,"k":[0.20000000298,0.11400000006,0.105999998748,1],"ix":4},"o":{"a":0,"k":100,"ix":5},"r":1,"bm":0,"nm":"Fill 1","mn":"ADBE Vector Graphic - Fill","hd":false},{"ty":"tr","p":{"a":0,"k":[217.967,200.413],"ix":2},"a":{"a":0,"k":[0,0],"ix":1},"s":{"a":0,"k":[100,100],"ix":3},"r":{"a":0,"k":0,"ix":6},"o":{"a":0,"k":100,"ix":7},"sk":{"a":0,"k":0,"ix":4},"sa":{"a":0,"k":0,"ix":5},"nm":"Transform"}],"nm":"Group 3","np":2,"cix":2,"bm":0,"ix":3,"mn":"ADBE Vector Group","hd":false},{"ty":"gr","it":[{"ind":0,"ty":"sh","ix":1,"ks":{"a":0,"k":{"i":[[0,0],[0,0],[-14.541,-2.541]],"o":[[-12,-2.4],[0,0],[14.542,2.541]],"v":[[5.788,6.706],[-7.483,-11.365],[-0.001,8.824]],"c":true},"ix":2},"nm":"Path 1","mn":"ADBE Vector Shape - Group","hd":false},{"ty":"fl","c":{"a":0,"k":[0.20000000298,0.11400000006,0.105999998748,1],"ix":4},"o":{"a":0,"k":100,"ix":5},"r":1,"bm":0,"nm":"Fill 1","mn":"ADBE Vector Graphic - Fill","hd":false},{"ty":"tr","p":{"a":0,"k":[207.739,221.307],"ix":2},"a":{"a":0,"k":[0,0],"ix":1},"s":{"a":0,"k":[100,100],"ix":3},"r":{"a":0,"k":0,"ix":6},"o":{"a":0,"k":100,"ix":7},"sk":{"a":0,"k":0,"ix":4},"sa":{"a":0,"k":0,"ix":5},"nm":"Transform"}],"nm":"Group 4","np":2,"cix":2,"bm":0,"ix":4,"mn":"ADBE Vector Group","hd":false},{"ty":"gr","it":[{"ind":0,"ty":"sh","ix":1,"ks":{"a":0,"k":{"i":[[-0.32,-1.66],[-3.81,-2.86],[-2.07,1.93],[-1.98,0.61],[-3.46,3.45],[-3.477,18.929],[4.33,7.83],[2.73,2.25],[3.84,-2.39],[7.24,-1.01],[0.65,-7.26]],"o":[[1.34,6.89],[3.82,2.86],[1.54,-1.43],[4.99,-1.55],[12.03,-11.959],[0.693,-3.776],[-1.71,-3.09],[-5.4,-4.45],[-9.53,5.93],[-12.73,1.77],[-0.29,3.1]],"v":[[-28.935,9.43],[-18.445,27.13],[-10.035,26.36],[-4.655,23.45],[7.559,16.702],[25.775,-6.78],[25.185,-18.52],[14.475,-25.54],[-2.395,-25.02],[-12.205,-16.33],[-29.225,1.93]],"c":true},"ix":2},"nm":"Path 1","mn":"ADBE Vector Shape - Group","hd":false},{"ty":"fl","c":{"a":0,"k":[0.238999992609,0.144999995828,0.133000001311,1],"ix":4},"o":{"a":0,"k":100,"ix":5},"r":1,"bm":0,"nm":"Fill 1","mn":"ADBE Vector Graphic - Fill","hd":false},{"ty":"tr","p":{"a":0,"k":[208.58,213.641],"ix":2},"a":{"a":0,"k":[0,0],"ix":1},"s":{"a":0,"k":[100,100],"ix":3},"r":{"a":0,"k":0,"ix":6},"o":{"a":0,"k":100,"ix":7},"sk":{"a":0,"k":0,"ix":4},"sa":{"a":0,"k":0,"ix":5},"nm":"Transform"}],"nm":"Group 5","np":2,"cix":2,"bm":0,"ix":5,"mn":"ADBE Vector Group","hd":false},{"ty":"gr","it":[{"ind":0,"ty":"sh","ix":1,"ks":{"a":0,"k":{"i":[[0.435,-5.1],[-10.602,-0.208],[-0.458,-0.011],[0.34,0.062]],"o":[[0.095,-0.73],[0.656,0.012],[-0.424,-0.59],[-11.624,-2.121]],"v":[[-6.223,13.075],[5.107,-10.196],[6.694,-10.29],[4.93,-10.954]],"c":true},"ix":2},"nm":"Path 1","mn":"ADBE Vector Shape - Group","hd":false},{"ty":"fl","c":{"a":0,"k":[0.266999989748,0.172999992967,0.144999995828,1],"ix":4},"o":{"a":0,"k":100,"ix":5},"r":1,"bm":0,"nm":"Fill 1","mn":"ADBE Vector Graphic - Fill","hd":false},{"ty":"tr","p":{"a":0,"k":[284.55,254.215],"ix":2},"a":{"a":0,"k":[0,0],"ix":1},"s":{"a":0,"k":[100,100],"ix":3},"r":{"a":0,"k":0,"ix":6},"o":{"a":0,"k":100,"ix":7},"sk":{"a":0,"k":0,"ix":4},"sa":{"a":0,"k":0,"ix":5},"nm":"Transform"}],"nm":"Group 6","np":2,"cix":2,"bm":0,"ix":6,"mn":"ADBE Vector Group","hd":false},{"ty":"gr","it":[{"ind":0,"ty":"sh","ix":1,"ks":{"a":0,"k":{"i":[[0,0],[0.419,-7.387],[-3.494,-9.143],[-13.553,2.647],[-3.133,6.089]],"o":[[-15.456,1.196],[-0.532,9.38],[-0.109,-3.944],[12.549,-2.451],[3.132,-6.09]],"v":[[16.661,-20.179],[2.505,0.359],[-13.168,20.25],[0.491,11.885],[10.444,-14.161]],"c":true},"ix":2},"nm":"Path 1","mn":"ADBE Vector Shape - Group","hd":false},{"ty":"fl","c":{"a":0,"k":[0.226999998093,0.133000001311,0.118000000715,1],"ix":4},"o":{"a":0,"k":100,"ix":5},"r":1,"bm":0,"nm":"Fill 1","mn":"ADBE Vector Graphic - Fill","hd":false},{"ty":"tr","p":{"a":0,"k":[262.059,266.633],"ix":2},"a":{"a":0,"k":[0,0],"ix":1},"s":{"a":0,"k":[100,100],"ix":3},"r":{"a":0,"k":0,"ix":6},"o":{"a":0,"k":100,"ix":7},"sk":{"a":0,"k":0,"ix":4},"sa":{"a":0,"k":0,"ix":5},"nm":"Transform"}],"nm":"Group 7","np":2,"cix":2,"bm":0,"ix":7,"mn":"ADBE Vector Group","hd":false},{"ty":"gr","it":[{"ind":0,"ty":"sh","ix":1,"ks":{"a":0,"k":{"i":[[0,0],[10.024,3.334],[-4.825,-9.6]],"o":[[-13.361,-3.07],[0,0],[4.825,9.601]],"v":[[11.975,13.067],[-11.975,-13.067],[0,-2.285]],"c":true},"ix":2},"nm":"Path 1","mn":"ADBE Vector Shape - Group","hd":false},{"ty":"fl","c":{"a":0,"k":[0.226999998093,0.133000001311,0.118000000715,1],"ix":4},"o":{"a":0,"k":100,"ix":5},"r":1,"bm":0,"nm":"Fill 1","mn":"ADBE Vector Graphic - Fill","hd":false},{"ty":"tr","p":{"a":0,"k":[284.937,232.134],"ix":2},"a":{"a":0,"k":[0,0],"ix":1},"s":{"a":0,"k":[100,100],"ix":3},"r":{"a":0,"k":0,"ix":6},"o":{"a":0,"k":100,"ix":7},"sk":{"a":0,"k":0,"ix":4},"sa":{"a":0,"k":0,"ix":5},"nm":"Transform"}],"nm":"Group 8","np":2,"cix":2,"bm":0,"ix":8,"mn":"ADBE Vector Group","hd":false},{"ty":"gr","it":[{"ind":0,"ty":"sh","ix":1,"ks":{"a":0,"k":{"i":[[0,0],[6.611,-0.365],[0,0],[-8.836,0.582]],"o":[[-1.271,-6.988],[0,0],[0,0],[8.837,-0.582]],"v":[[9.578,5.582],[-0.741,-5.217],[-7.352,-4.853],[-0.741,-2.094]],"c":true},"ix":2},"nm":"Path 1","mn":"ADBE Vector Shape - Group","hd":false},{"ty":"fl","c":{"a":0,"k":[0.226999998093,0.133000001311,0.118000000715,1],"ix":4},"o":{"a":0,"k":100,"ix":5},"r":1,"bm":0,"nm":"Fill 1","mn":"ADBE Vector Graphic - Fill","hd":false},{"ty":"tr","p":{"a":0,"k":[231.698,224.305],"ix":2},"a":{"a":0,"k":[0,0],"ix":1},"s":{"a":0,"k":[100,100],"ix":3},"r":{"a":0,"k":0,"ix":6},"o":{"a":0,"k":100,"ix":7},"sk":{"a":0,"k":0,"ix":4},"sa":{"a":0,"k":0,"ix":5},"nm":"Transform"}],"nm":"Group 9","np":2,"cix":2,"bm":0,"ix":9,"mn":"ADBE Vector Group","hd":false},{"ty":"gr","it":[{"ind":0,"ty":"sh","ix":1,"ks":{"a":0,"k":{"i":[[-0.95,-10.83],[-0.5,-0.25],[-8.347,23.349],[0,0]],"o":[[2.29,26.27],[-19.58,-20.51],[0,0],[-0.71,5.59]],"v":[[-8.915,-4.953],[9.865,29.937],[-0.658,-29.937],[-5.46,-27.96]],"c":true},"ix":2},"nm":"Path 1","mn":"ADBE Vector Shape - Group","hd":false},{"ty":"fl","c":{"a":0,"k":[0.226999998093,0.133000001311,0.118000000715,1],"ix":4},"o":{"a":0,"k":100,"ix":5},"r":1,"bm":0,"nm":"Fill 1","mn":"ADBE Vector Graphic - Fill","hd":false},{"ty":"tr","p":{"a":0,"k":[209.95,264.303],"ix":2},"a":{"a":0,"k":[0,0],"ix":1},"s":{"a":0,"k":[100,100],"ix":3},"r":{"a":0,"k":0,"ix":6},"o":{"a":0,"k":100,"ix":7},"sk":{"a":0,"k":0,"ix":4},"sa":{"a":0,"k":0,"ix":5},"nm":"Transform"}],"nm":"Group 10","np":2,"cix":2,"bm":0,"ix":10,"mn":"ADBE Vector Group","hd":false},{"ty":"gr","it":[{"ind":0,"ty":"sh","ix":1,"ks":{"a":0,"k":{"i":[[20.69,6.16],[-5.57,-12.38],[-3.78,-1.71],[-2.27,0.61]],"o":[[1.64,0.56],[3.5,7.78],[1.84,-0.82],[-13.22,-0.16]],"v":[[-17.3,-14.765],[-1.3,1.625],[11.12,14.765],[17.3,12.605]],"c":true},"ix":2},"nm":"Path 1","mn":"ADBE Vector Shape - Group","hd":false},{"ty":"fl","c":{"a":0,"k":[0.226999998093,0.133000001311,0.118000000715,1],"ix":4},"o":{"a":0,"k":100,"ix":5},"r":1,"bm":0,"nm":"Fill 1","mn":"ADBE Vector Graphic - Fill","hd":false},{"ty":"tr","p":{"a":0,"k":[264.565,232.885],"ix":2},"a":{"a":0,"k":[0,0],"ix":1},"s":{"a":0,"k":[100,100],"ix":3},"r":{"a":0,"k":0,"ix":6},"o":{"a":0,"k":100,"ix":7},"sk":{"a":0,"k":0,"ix":4},"sa":{"a":0,"k":0,"ix":5},"nm":"Transform"}],"nm":"Group 11","np":2,"cix":2,"bm":0,"ix":11,"mn":"ADBE Vector Group","hd":false},{"ty":"gr","it":[{"ind":0,"ty":"sh","ix":1,"ks":{"a":0,"k":{"i":[[-1.543,-20.144],[-1.741,-0.26],[-3.14,9.76],[1.775,4.62],[-6.555,0.988],[0,0],[-3.381,12.15],[-5.609,2.48],[-2.27,0.61],[-3.111,0.29],[0,0],[24.984,15.951],[5.417,0.187],[4.078,-3.303],[1.452,-0.696],[1.205,-0.772],[4.27,-3.934]],"o":[[3.239,42.268],[5.059,0.78],[0,0],[-5.027,-13.092],[12.353,-1.861],[1.092,0.827],[0.73,-2.61],[1.841,-0.82],[2.609,-0.7],[4.549,-0.42],[0,0],[-6.564,-4.19],[-8.212,-0.284],[-1.515,1.227],[-1.835,0.881],[-5.347,3.425],[-7.885,7.262]],"v":[[-54.816,3.346],[-16.825,51.256],[-2.64,32.546],[-7.37,26.411],[-2.727,6.18],[7.148,26.66],[15.715,-1.394],[25.564,-9.714],[31.745,-11.874],[40.345,-13.394],[46.423,-12.163],[31.376,-43.382],[-3.699,-51.657],[-18.4,-48.733],[-22.476,-44.881],[-29.975,-42.669],[-38.569,-33.754]],"c":true},"ix":2},"nm":"Path 1","mn":"ADBE Vector Shape - Group","hd":false},{"ty":"fl","c":{"a":0,"k":[0.266999989748,0.172999992967,0.144999995828,1],"ix":4},"o":{"a":0,"k":100,"ix":5},"r":1,"bm":0,"nm":"Fill 1","mn":"ADBE Vector Graphic - Fill","hd":false},{"ty":"tr","p":{"a":0,"k":[250.489,257.365],"ix":2},"a":{"a":0,"k":[0,0],"ix":1},"s":{"a":0,"k":[100,100],"ix":3},"r":{"a":0,"k":0,"ix":6},"o":{"a":0,"k":100,"ix":7},"sk":{"a":0,"k":0,"ix":4},"sa":{"a":0,"k":0,"ix":5},"nm":"Transform"}],"nm":"Group 12","np":2,"cix":2,"bm":0,"ix":12,"mn":"ADBE Vector Group","hd":false},{"ty":"tr","p":{"a":0,"k":[327.046,297.169],"ix":2},"a":{"a":0,"k":[239.046,247.169],"ix":1},"s":{"a":0,"k":[100,100],"ix":3},"r":{"a":0,"k":0,"ix":6},"o":{"a":0,"k":100,"ix":7},"sk":{"a":0,"k":0,"ix":4},"sa":{"a":0,"k":0,"ix":5},"nm":"Transform"}],"nm":"hair","np":12,"cix":2,"bm":0,"ix":1,"mn":"ADBE Vector Group","hd":false},{"ty":"gr","it":[{"ty":"gr","it":[{"ind":0,"ty":"sh","ix":1,"ks":{"a":0,"k":{"i":[[-2.207,0.254],[2.069,4.184],[3.545,1.831],[-4.307,-9.029]],"o":[[2.793,-0.321],[-1.193,-2.411],[-4.959,-2.561],[2.357,4.942]],"v":[[2.637,5.835],[1.757,-1.587],[2.529,-9.377],[-1.768,6.996]],"c":true},"ix":2},"nm":"Path 1","mn":"ADBE Vector Shape - Group","hd":false},{"ty":"fl","c":{"a":0,"k":[0.804000020027,0.56099998951,0.458999991417,1],"ix":4},"o":{"a":0,"k":100,"ix":5},"r":1,"bm":0,"nm":"Fill 1","mn":"ADBE Vector Graphic - Fill","hd":false},{"ty":"tr","p":{"a":0,"k":[247.819,276.779],"ix":2},"a":{"a":0,"k":[0,0],"ix":1},"s":{"a":0,"k":[100,100],"ix":3},"r":{"a":0,"k":0,"ix":6},"o":{"a":0,"k":100,"ix":7},"sk":{"a":0,"k":0,"ix":4},"sa":{"a":0,"k":0,"ix":5},"nm":"Transform"}],"nm":"Group 1","np":2,"cix":2,"bm":0,"ix":1,"mn":"ADBE Vector Group","hd":false},{"ty":"gr","it":[{"ind":0,"ty":"sh","ix":1,"ks":{"a":0,"k":{"i":[[0.93,0.68],[0.42,-1.07],[1.08,2.28],[5.13,1.8]],"o":[[-0.35,1.09],[10.55,3.58],[0,0],[-1.16,-0.4]],"v":[[-4.935,-2.545],[-6.095,0.715],[5.015,-4.295],[-1.805,-0.895]],"c":true},"ix":2},"nm":"Path 1","mn":"ADBE Vector Shape - Group","hd":false},{"ty":"fl","c":{"a":0,"k":[0.804000020027,0.56099998951,0.458999991417,1],"ix":4},"o":{"a":0,"k":100,"ix":5},"r":1,"bm":0,"nm":"Fill 1","mn":"ADBE Vector Graphic - Fill","hd":false},{"ty":"tr","p":{"a":0,"k":[252.788,292.455],"ix":2},"a":{"a":0,"k":[0,0],"ix":1},"s":{"a":0,"k":[100,100],"ix":3},"r":{"a":0,"k":0,"ix":6},"o":{"a":0,"k":100,"ix":7},"sk":{"a":0,"k":0,"ix":4},"sa":{"a":0,"k":0,"ix":5},"nm":"Transform"}],"nm":"Group 2","np":2,"cix":2,"bm":0,"ix":2,"mn":"ADBE Vector Group","hd":false},{"ty":"tr","p":{"a":0,"k":[339.114,330.619],"ix":2},"a":{"a":0,"k":[251.114,280.619],"ix":1},"s":{"a":0,"k":[100,100],"ix":3},"r":{"a":0,"k":0,"ix":6},"o":{"a":0,"k":100,"ix":7},"sk":{"a":0,"k":0,"ix":4},"sa":{"a":0,"k":0,"ix":5},"nm":"Transform"}],"nm":"head_shadow","np":2,"cix":2,"bm":0,"ix":2,"mn":"ADBE Vector Group","hd":false},{"ty":"gr","it":[{"ty":"gr","it":[{"ind":0,"ty":"sh","ix":1,"ks":{"a":0,"k":{"i":[[-6.28,-23.2],[-10.5,-5.261],[-6.926,10.729],[-0.01,0],[0.65,2.63],[0.22,1.03],[-0.77,0.6],[-0.36,0.24],[0.09,1.19],[0,0],[1.06,0.96],[1.58,2.99],[-0.93,0.83],[-1.69,0.44],[-0.44,1],[0.79,1.57],[0.3,0.57],[0.01,0.02],[-0.819,3.9],[3.953,11.436],[27.117,0],[2.29,-7.37]],"o":[[2.63,9.71],[5.9,2.96],[0.01,-0.01],[1.07,-1.64],[-0.25,-1.02],[-0.2,-0.95],[0.33,-0.26],[0.69,-0.49],[0,0],[-0.12,-1.59],[1.96,-1.11],[-1.29,-2.45],[0.57,-0.51],[1.71,-0.45],[0.43,-0.97],[-0.29,-0.58],[-0.01,-0.02],[-1.17,-2.21],[1.69,-7.95],[-3.415,-9.879],[-18.92,0],[-1.971,11.51]],"v":[[-38.906,16.879],[-14.178,43.587],[34.995,46.551],[35.015,46.53],[35.705,40.04],[35.055,36.951],[35.965,34.72],[37.035,34.001],[38.225,31.741],[38.225,31.72],[35.965,28.321],[38.935,23.711],[38.185,19.241],[41.525,17.91],[44.755,15.751],[44.215,11.941],[43.326,10.211],[43.295,10.151],[35.142,-7.672],[35.686,-30.809],[-8.295,-57.28],[-37.931,-34.172]],"c":true},"ix":2},"nm":"Path 1","mn":"ADBE Vector Shape - Group","hd":false},{"ty":"fl","c":{"a":0,"k":[0.847000002861,0.60799998045,0.501999974251,1],"ix":4},"o":{"a":0,"k":100,"ix":5},"r":1,"bm":0,"nm":"Fill 1","mn":"ADBE Vector Graphic - Fill","hd":false},{"ty":"tr","p":{"a":0,"k":[261.629,277.263],"ix":2},"a":{"a":0,"k":[0,0],"ix":1},"s":{"a":0,"k":[100,100],"ix":3},"r":{"a":0,"k":0,"ix":6},"o":{"a":0,"k":100,"ix":7},"sk":{"a":0,"k":0,"ix":4},"sa":{"a":0,"k":0,"ix":5},"nm":"Transform"}],"nm":"Group 1","np":2,"cix":2,"bm":0,"ix":1,"mn":"ADBE Vector Group","hd":false},{"ty":"gr","it":[{"ind":0,"ty":"sh","ix":1,"ks":{"a":0,"k":{"i":[[0.444,1.271],[10.939,-6.478],[-11.588,-4.07],[0,0]],"o":[[0,0],[-4.848,2.871],[5.136,1.803],[0,0]],"v":[[8.211,-4.461],[-4.21,-10.751],[2.382,15.426],[9.206,12.035]],"c":true},"ix":2},"nm":"Path 1","mn":"ADBE Vector Shape - Group","hd":false},{"ty":"fl","c":{"a":0,"k":[0.847000002861,0.60799998045,0.501999974251,1],"ix":4},"o":{"a":0,"k":100,"ix":5},"r":1,"bm":0,"nm":"Fill 1","mn":"ADBE Vector Graphic - Fill","hd":false},{"ty":"tr","p":{"a":0,"k":[248.597,276.13],"ix":2},"a":{"a":0,"k":[0,0],"ix":1},"s":{"a":0,"k":[100,100],"ix":3},"r":{"a":0,"k":0,"ix":6},"o":{"a":0,"k":100,"ix":7},"sk":{"a":0,"k":0,"ix":4},"sa":{"a":0,"k":0,"ix":5},"nm":"Transform"}],"nm":"Group 2","np":2,"cix":2,"bm":0,"ix":2,"mn":"ADBE Vector Group","hd":false},{"ty":"tr","p":{"a":0,"k":[351.176,324.231],"ix":2},"a":{"a":0,"k":[263.176,274.231],"ix":1},"s":{"a":0,"k":[100,100],"ix":3},"r":{"a":0,"k":0,"ix":6},"o":{"a":0,"k":100,"ix":7},"sk":{"a":0,"k":0,"ix":4},"sa":{"a":0,"k":0,"ix":5},"nm":"Transform"}],"nm":"head_skin","np":2,"cix":2,"bm":0,"ix":3,"mn":"ADBE Vector Group","hd":false}],"ip":0,"op":300,"st":0,"bm":0},{"ddd":0,"ind":5,"ty":4,"nm":"hips","sr":1,"ks":{"o":{"a":0,"k":100,"ix":11},"r":{"a":1,"k":[{"i":{"x":[0.667],"y":[1]},"o":{"x":[0.333],"y":[0]},"t":10,"s":[7]},{"i":{"x":[0.667],"y":[1]},"o":{"x":[0.333],"y":[0]},"t":54,"s":[15]},{"i":{"x":[0.667],"y":[1]},"o":{"x":[0.333],"y":[0]},"t":91,"s":[5]},{"i":{"x":[0.667],"y":[1]},"o":{"x":[0.333],"y":[0]},"t":127,"s":[15]},{"t":167,"s":[7]}],"ix":10},"p":{"a":1,"k":[{"i":{"x":0.667,"y":1},"o":{"x":0.333,"y":0},"t":10,"s":[505.713,771.703,0],"to":[-3.113,10.5,0],"ti":[-2.286,-2.707,0]},{"i":{"x":0.667,"y":1},"o":{"x":0.333,"y":0},"t":54,"s":[557.29,491.461,0],"to":[0.847,1.003,0],"ti":[4.985,-15.693,0]},{"i":{"x":0.667,"y":1},"o":{"x":0.333,"y":0},"t":91,"s":[501.237,777.838,0],"to":[-4.109,12.935,0],"ti":[-2.286,-2.707,0]},{"i":{"x":0.667,"y":1},"o":{"x":0.333,"y":0},"t":127,"s":[557.29,491.461,0],"to":[0.847,1.003,0],"ti":[1.008,-3.401,0]},{"t":167,"s":[505.713,771.703,0]}],"ix":2},"a":{"a":0,"k":[244.614,590.461,0],"ix":1},"s":{"a":0,"k":[100,100,100],"ix":6}},"ao":0,"shapes":[{"ty":"gr","it":[{"ind":0,"ty":"sh","ix":1,"ks":{"a":0,"k":{"i":[[0,-30.152],[-39.03,0],[0,25.372],[0.81,11.61],[32.643,15.284]],"o":[[0,42.54],[32.679,0],[0,-16.99],[-33.809,0],[-4.037,29.675]],"v":[[-55.71,5.717],[5.986,66.105],[55.71,25.67],[46.375,-58.51],[-29.592,-66.106]],"c":true},"ix":2},"nm":"Path 1","mn":"ADBE Vector Shape - Group","hd":false},{"ty":"fl","c":{"a":0,"k":[0.118000000598,0.118000000598,0.118000000598,1],"ix":4},"o":{"a":0,"k":100,"ix":5},"r":1,"bm":0,"nm":"Fill 1","mn":"ADBE Vector Graphic - Fill","hd":false},{"ty":"tr","p":{"a":0,"k":[244.614,590.461],"ix":2},"a":{"a":0,"k":[0,0],"ix":1},"s":{"a":0,"k":[100,100],"ix":3},"r":{"a":0,"k":0,"ix":6},"o":{"a":0,"k":100,"ix":7},"sk":{"a":0,"k":0,"ix":4},"sa":{"a":0,"k":0,"ix":5},"nm":"Transform"}],"nm":"Group 1","np":2,"cix":2,"bm":0,"ix":1,"mn":"ADBE Vector Group","hd":false}],"ip":0,"op":300,"st":0,"bm":0},{"ddd":0,"ind":6,"ty":4,"nm":"body","parent":5,"sr":1,"ks":{"o":{"a":0,"k":100,"ix":11},"r":{"a":0,"k":0,"ix":10},"p":{"a":0,"k":[255.076,509.148,0],"ix":2},"a":{"a":0,"k":[343.076,559.148,0],"ix":1},"s":{"a":0,"k":[100,100,100],"ix":6}},"ao":0,"shapes":[{"ty":"gr","it":[{"ty":"gr","it":[{"ind":0,"ty":"sh","ix":1,"ks":{"a":0,"k":{"i":[[-14.2,0.17],[0.01,-0.07],[0.25,-2.87],[0.01,-0.15],[0.01,-0.03],[0.01,-0.14],[0.01,-0.13],[3.98,-0.06],[0.48,0],[1.36,-0.01],[13.01,4.65],[1.68,9.8]],"o":[[-0.01,0.06],[-0.72,4.6],[-0.01,0.17],[0,0.03],[-0.01,0.15],[-0.01,0.17],[-2.76,0.04],[-0.46,0.01],[-1.29,0.02],[-18.51,0.15],[-0.07,-0.36],[17.21,5.73]],"v":[[37.985,-4.435],[37.955,-4.245],[36.395,8.765],[36.355,9.245],[36.345,9.325],[36.315,9.755],[36.285,10.205],[26.045,10.385],[24.645,10.405],[20.665,10.455],[-36.555,5.195],[-37.985,-10.605]],"c":true},"ix":2},"nm":"Path 1","mn":"ADBE Vector Shape - Group","hd":false},{"ty":"fl","c":{"a":0,"k":[0.43900001049,0.118000000715,0.234999999404,1],"ix":4},"o":{"a":0,"k":100,"ix":5},"r":1,"bm":0,"nm":"Fill 1","mn":"ADBE Vector Graphic - Fill","hd":false},{"ty":"tr","p":{"a":0,"k":[254.41,479.926],"ix":2},"a":{"a":0,"k":[0,0],"ix":1},"s":{"a":0,"k":[100,100],"ix":3},"r":{"a":0,"k":0,"ix":6},"o":{"a":0,"k":100,"ix":7},"sk":{"a":0,"k":0,"ix":4},"sa":{"a":0,"k":0,"ix":5},"nm":"Transform"}],"nm":"Group 1","np":2,"cix":2,"bm":0,"ix":1,"mn":"ADBE Vector Group","hd":false},{"ty":"tr","p":{"a":0,"k":[342.409,529.86],"ix":2},"a":{"a":0,"k":[254.41,479.86],"ix":1},"s":{"a":0,"k":[100,100],"ix":3},"r":{"a":0,"k":0,"ix":6},"o":{"a":0,"k":100,"ix":7},"sk":{"a":0,"k":0,"ix":4},"sa":{"a":0,"k":0,"ix":5},"nm":"Transform"}],"nm":"shirt_shadow","np":1,"cix":2,"bm":0,"ix":1,"mn":"ADBE Vector Group","hd":false},{"ty":"gr","it":[{"ty":"gr","it":[{"ind":0,"ty":"sh","ix":1,"ks":{"a":0,"k":{"i":[[1.24,13.43],[11.2,21.06],[0,0],[13.93,5.44],[0,0],[1.49,-2.13],[-1.38,-8.49],[-3.99,-14.21],[-0.66,-3.81],[-0.07,-0.36],[-18.51,0.15],[-1.29,0.02],[-0.46,0.01],[-2.76,0.04],[-0.01,0.17],[-0.01,0.15],[0,0.03],[-0.01,0.17],[-0.72,4.56],[-0.09,0.5],[-0.01,0.06],[-1.99,2.41]],"o":[[-1.27,-13.76],[-5.39,-10.13],[-18.61,0],[-9.9,-3.88],[-1.91,1.73],[-13.94,19.92],[1.48,9.07],[1.4,4.99],[1.68,9.8],[13.01,4.65],[1.36,-0.01],[0.48,0],[3.98,-0.06],[0.01,-0.13],[0.01,-0.14],[0.01,-0.03],[0.01,-0.15],[0.18,-2.54],[0.08,-0.5],[0.01,-0.07],[0.93,-5.28],[7.66,-9.32]],"v":[[53.89,13.86],[34.48,-25.95],[21.53,-50.28],[-12.4,-62.51],[-29.47,-68.86],[-41.19,-55.61],[-51.8,-3.2],[-39.02,34.42],[-36,47.65],[-34.57,63.45],[22.65,68.71],[26.63,68.66],[28.03,68.64],[38.27,68.46],[38.3,68.01],[38.33,67.58],[38.34,67.5],[38.38,67.02],[39.69,55.52],[39.94,54.01],[39.97,53.82],[43.19,44.5]],"c":true},"ix":2},"nm":"Path 1","mn":"ADBE Vector Shape - Group","hd":false},{"ty":"fl","c":{"a":0,"k":[0.518000006676,0.144999995828,0.263000011444,1],"ix":4},"o":{"a":0,"k":100,"ix":5},"r":1,"bm":0,"nm":"Fill 1","mn":"ADBE Vector Graphic - Fill","hd":false},{"ty":"tr","p":{"a":0,"k":[252.424,421.671],"ix":2},"a":{"a":0,"k":[0,0],"ix":1},"s":{"a":0,"k":[100,100],"ix":3},"r":{"a":0,"k":0,"ix":6},"o":{"a":0,"k":100,"ix":7},"sk":{"a":0,"k":0,"ix":4},"sa":{"a":0,"k":0,"ix":5},"nm":"Transform"}],"nm":"Group 1","np":2,"cix":2,"bm":0,"ix":1,"mn":"ADBE Vector Group","hd":false},{"ty":"tr","p":{"a":0,"k":[341.095,471.605],"ix":2},"a":{"a":0,"k":[253.095,421.605],"ix":1},"s":{"a":0,"k":[100,100],"ix":3},"r":{"a":0,"k":0,"ix":6},"o":{"a":0,"k":100,"ix":7},"sk":{"a":0,"k":0,"ix":4},"sa":{"a":0,"k":0,"ix":5},"nm":"Transform"}],"nm":"shirt","np":1,"cix":2,"bm":0,"ix":2,"mn":"ADBE Vector Group","hd":false},{"ty":"gr","it":[{"ty":"gr","it":[{"ind":0,"ty":"sh","ix":1,"ks":{"a":0,"k":{"i":[[0.305,-7.528],[-0.386,-4.403],[-0.771,-2.505],[-15.431,0.954],[-0.539,25.877],[1.968,3.561],[6.488,28.503],[5.009,-14.638],[5.287,-14.272]],"o":[[0.163,4.099],[2.709,13.028],[0,0],[30.479,-1.897],[0.177,-8.494],[-3.887,-7.013],[-4.306,-18.918],[-3.309,9.671],[-2.744,7.405]],"v":[[-52.76,0.825],[-51.898,13.659],[-35.16,56.16],[1.371,71.558],[52.583,31.182],[32.253,-9.769],[16.059,-52.465],[-25.836,-57.874],[-47.583,-22.192]],"c":true},"ix":2},"nm":"Path 1","mn":"ADBE Vector Shape - Group","hd":false},{"ty":"fl","c":{"a":0,"k":[0.847000002861,0.60799998045,0.501999974251,1],"ix":4},"o":{"a":0,"k":100,"ix":5},"r":1,"bm":0,"nm":"Fill 1","mn":"ADBE Vector Graphic - Fill","hd":false},{"ty":"tr","p":{"a":0,"k":[252.386,404.22],"ix":2},"a":{"a":0,"k":[0,0],"ix":1},"s":{"a":0,"k":[100,100],"ix":3},"r":{"a":0,"k":0,"ix":6},"o":{"a":0,"k":100,"ix":7},"sk":{"a":0,"k":0,"ix":4},"sa":{"a":0,"k":0,"ix":5},"nm":"Transform"}],"nm":"Group 1","np":2,"cix":2,"bm":0,"ix":1,"mn":"ADBE Vector Group","hd":false},{"ty":"tr","p":{"a":0,"k":[340.298,456.082],"ix":2},"a":{"a":0,"k":[252.298,406.082],"ix":1},"s":{"a":0,"k":[100,100],"ix":3},"r":{"a":0,"k":0,"ix":6},"o":{"a":0,"k":100,"ix":7},"sk":{"a":0,"k":0,"ix":4},"sa":{"a":0,"k":0,"ix":5},"nm":"Transform"}],"nm":"top_body_skin","np":1,"cix":2,"bm":0,"ix":3,"mn":"ADBE Vector Group","hd":false},{"ty":"gr","it":[{"ty":"gr","it":[{"ind":0,"ty":"sh","ix":1,"ks":{"a":0,"k":{"i":[[0.26,-7.461],[-17.362,0],[0,0],[0,0],[0,0],[0,0]],"o":[[0,0],[19.366,0],[-0.357,-24.299],[0,0],[0,0],[4.647,13.2]],"v":[[-37.07,22.915],[-0.299,29.911],[36.217,23.57],[38.827,-17.667],[6.474,-29.911],[-38.827,-21.852]],"c":true},"ix":2},"nm":"Path 1","mn":"ADBE Vector Shape - Group","hd":false},{"ty":"fl","c":{"a":0,"k":[0.847000002861,0.60799998045,0.501999974251,1],"ix":4},"o":{"a":0,"k":100,"ix":5},"r":1,"bm":0,"nm":"Fill 1","mn":"ADBE Vector Graphic - Fill","hd":false},{"ty":"tr","p":{"a":0,"k":[254.355,484.16],"ix":2},"a":{"a":0,"k":[0,0],"ix":1},"s":{"a":0,"k":[100,100],"ix":3},"r":{"a":0,"k":0,"ix":6},"o":{"a":0,"k":100,"ix":7},"sk":{"a":0,"k":0,"ix":4},"sa":{"a":0,"k":0,"ix":5},"nm":"Transform"}],"nm":"Group 1","np":2,"cix":2,"bm":0,"ix":1,"mn":"ADBE Vector Group","hd":false},{"ty":"gr","it":[{"ind":0,"ty":"sh","ix":1,"ks":{"a":0,"k":{"i":[[0,20.319],[20.319,0],[0,-20.319],[-20.318,0]],"o":[[0,-20.319],[-20.318,0],[0,20.319],[20.319,0]],"v":[[36.686,-0.595],[0.104,-36.79],[-36.686,0.001],[0.104,36.79]],"c":true},"ix":2},"nm":"Path 1","mn":"ADBE Vector Shape - Group","hd":false},{"ty":"fl","c":{"a":0,"k":[0.847000002861,0.60799998045,0.501999974251,1],"ix":4},"o":{"a":0,"k":100,"ix":5},"r":1,"bm":0,"nm":"Fill 1","mn":"ADBE Vector Graphic - Fill","hd":false},{"ty":"tr","p":{"a":0,"k":[253.896,509.16],"ix":2},"a":{"a":0,"k":[0,0],"ix":1},"s":{"a":0,"k":[100,100],"ix":3},"r":{"a":0,"k":0,"ix":6},"o":{"a":0,"k":100,"ix":7},"sk":{"a":0,"k":0,"ix":4},"sa":{"a":0,"k":0,"ix":5},"nm":"Transform"}],"nm":"Group 2","np":2,"cix":2,"bm":0,"ix":2,"mn":"ADBE Vector Group","hd":false},{"ty":"tr","p":{"a":0,"k":[342.355,550.099],"ix":2},"a":{"a":0,"k":[254.355,500.099],"ix":1},"s":{"a":0,"k":[100,100],"ix":3},"r":{"a":0,"k":0,"ix":6},"o":{"a":0,"k":100,"ix":7},"sk":{"a":0,"k":0,"ix":4},"sa":{"a":0,"k":0,"ix":5},"nm":"Transform"}],"nm":"body_skin","np":2,"cix":2,"bm":0,"ix":4,"mn":"ADBE Vector Group","hd":false}],"ip":0,"op":300,"st":0,"bm":0},{"ddd":0,"ind":7,"ty":4,"nm":"neck","parent":6,"sr":1,"ks":{"o":{"a":0,"k":100,"ix":11},"r":{"a":0,"k":0,"ix":10},"p":{"a":0,"k":[334.683,408.53,0],"ix":2},"a":{"a":0,"k":[334.683,408.53,0],"ix":1},"s":{"a":0,"k":[100,100,100],"ix":6}},"ao":0,"shapes":[{"ty":"gr","it":[{"ty":"gr","it":[{"ind":0,"ty":"sh","ix":1,"ks":{"a":0,"k":{"i":[[0.021,-3.28],[-14.786,-2.268],[-3.234,2.36],[0,0],[0,0],[0,0]],"o":[[-0.035,8.58],[0.97,-3.873],[0,0],[0,0],[-8.41,-3.406],[0,0]],"v":[[-19.803,-11.397],[13.784,14.677],[19.837,4.969],[18.21,2.724],[12.479,-1.211],[-9.209,-14.559]],"c":true},"ix":2},"nm":"Path 1","mn":"ADBE Vector Shape - Group","hd":false},{"ty":"fl","c":{"a":0,"k":[0.804000020027,0.56099998951,0.458999991417,1],"ix":4},"o":{"a":0,"k":100,"ix":5},"r":1,"bm":0,"nm":"Fill 1","mn":"ADBE Vector Graphic - Fill","hd":false},{"ty":"tr","p":{"a":0,"k":[254.127,321.845],"ix":2},"a":{"a":0,"k":[0,0],"ix":1},"s":{"a":0,"k":[100,100],"ix":3},"r":{"a":0,"k":0,"ix":6},"o":{"a":0,"k":100,"ix":7},"sk":{"a":0,"k":0,"ix":4},"sa":{"a":0,"k":0,"ix":5},"nm":"Transform"}],"nm":"Group 1","np":2,"cix":2,"bm":0,"ix":1,"mn":"ADBE Vector Group","hd":false},{"ty":"tr","p":{"a":0,"k":[342.145,371.904],"ix":2},"a":{"a":0,"k":[254.145,321.904],"ix":1},"s":{"a":0,"k":[100,100],"ix":3},"r":{"a":0,"k":0,"ix":6},"o":{"a":0,"k":100,"ix":7},"sk":{"a":0,"k":0,"ix":4},"sa":{"a":0,"k":0,"ix":5},"nm":"Transform"}],"nm":"neck_shadow","np":1,"cix":2,"bm":0,"ix":1,"mn":"ADBE Vector Group","hd":false},{"ty":"gr","it":[{"ty":"gr","it":[{"ind":0,"ty":"sh","ix":1,"ks":{"a":0,"k":{"i":[[0,-2.85],[-12.72,0],[-2.67,1.09],[0,9.66],[0.04,0.52],[0.48,1.59],[10.45,0],[3.28,-8.72],[0,0]],"o":[[0,12.72],[3.06,0],[8.43,-3.41],[0,-0.53],[-0.11,-1.71],[-2.81,-9.53],[-9.86,0],[0,0],[-0.95,2.52]],"v":[[-23.03,0],[0,23.03],[8.65,21.34],[23.03,0],[22.97,-1.58],[22.08,-6.54],[0,-23.03],[-21.56,-8.11],[-21.56,-8.09]],"c":true},"ix":2},"nm":"Path 1","mn":"ADBE Vector Shape - Group","hd":false},{"ty":"fl","c":{"a":0,"k":[0.847000002861,0.60799998045,0.501999974251,1],"ix":4},"o":{"a":0,"k":100,"ix":5},"r":1,"bm":0,"nm":"Fill 1","mn":"ADBE Vector Graphic - Fill","hd":false},{"ty":"tr","p":{"a":0,"k":[246.513,359.2],"ix":2},"a":{"a":0,"k":[0,0],"ix":1},"s":{"a":0,"k":[100,100],"ix":3},"r":{"a":0,"k":0,"ix":6},"o":{"a":0,"k":100,"ix":7},"sk":{"a":0,"k":0,"ix":4},"sa":{"a":0,"k":0,"ix":5},"nm":"Transform"}],"nm":"Group 1","np":2,"cix":2,"bm":0,"ix":1,"mn":"ADBE Vector Group","hd":false},{"ty":"gr","it":[{"ind":0,"ty":"sh","ix":1,"ks":{"a":0,"k":{"i":[[-6.62,-6.51],[-14.318,3.967],[0,9.66],[0.04,0.52],[0.29,1.78],[-0.92,3.66],[0,0],[0,0],[0,0],[0.04,-0.28],[0,0]],"o":[[6.38,6.28],[8.43,-3.41],[0,-0.53],[-0.29,-1.48],[-0.93,-5.75],[0.97,-3.87],[-0.991,-27.28],[0,22.78],[0,0],[0,0],[-2.32,5.55]],"v":[[-19.263,31.877],[7.094,38.491],[21.473,17.152],[21.413,15.572],[20.523,10.611],[19.804,-5.488],[25.883,-15.178],[-14.636,-35.399],[-23.046,8.611],[-23.117,9.041],[-23.117,9.061]],"c":true},"ix":2},"nm":"Path 1","mn":"ADBE Vector Shape - Group","hd":false},{"ty":"fl","c":{"a":0,"k":[0.847000002861,0.60799998045,0.501999974251,1],"ix":4},"o":{"a":0,"k":100,"ix":5},"r":1,"bm":0,"nm":"Fill 1","mn":"ADBE Vector Graphic - Fill","hd":false},{"ty":"tr","p":{"a":0,"k":[248.07,342.049],"ix":2},"a":{"a":0,"k":[0,0],"ix":1},"s":{"a":0,"k":[100,100],"ix":3},"r":{"a":0,"k":0,"ix":6},"o":{"a":0,"k":100,"ix":7},"sk":{"a":0,"k":0,"ix":4},"sa":{"a":0,"k":0,"ix":5},"nm":"Transform"}],"nm":"Group 2","np":2,"cix":2,"bm":0,"ix":2,"mn":"ADBE Vector Group","hd":false},{"ty":"tr","p":{"a":0,"k":[336.677,394.03],"ix":2},"a":{"a":0,"k":[248.677,344.03],"ix":1},"s":{"a":0,"k":[100,100],"ix":3},"r":{"a":0,"k":0,"ix":6},"o":{"a":0,"k":100,"ix":7},"sk":{"a":0,"k":0,"ix":4},"sa":{"a":0,"k":0,"ix":5},"nm":"Transform"}],"nm":"neck_skin","np":2,"cix":2,"bm":0,"ix":2,"mn":"ADBE Vector Group","hd":false}],"ip":0,"op":300,"st":0,"bm":0},{"ddd":0,"ind":8,"ty":4,"nm":"thigh","parent":10,"sr":1,"ks":{"o":{"a":0,"k":100,"ix":11},"r":{"a":1,"k":[{"i":{"x":[0.667],"y":[0.759]},"o":{"x":[0.333],"y":[0]},"t":10,"s":[-95]},{"i":{"x":[0.667],"y":[1]},"o":{"x":[0.333],"y":[1.009]},"t":35,"s":[-15.464]},{"i":{"x":[0.667],"y":[0.138]},"o":{"x":[0.333],"y":[0]},"t":54,"s":[-1]},{"i":{"x":[0.667],"y":[0.705]},"o":{"x":[0.333],"y":[0.241]},"t":70,"s":[-21.938]},{"i":{"x":[0.667],"y":[1]},"o":{"x":[0.333],"y":[0.706]},"t":81,"s":[-73.443]},{"i":{"x":[0.667],"y":[0.527]},"o":{"x":[0.333],"y":[0]},"t":91,"s":[-93]},{"i":{"x":[0.667],"y":[1]},"o":{"x":[0.333],"y":[0.444]},"t":107,"s":[-53.554]},{"i":{"x":[0.667],"y":[-0.684]},"o":{"x":[0.333],"y":[0]},"t":127,"s":[-1]},{"i":{"x":[0.667],"y":[0.703]},"o":{"x":[0.333],"y":[0.196]},"t":146,"s":[-13.24]},{"i":{"x":[0.667],"y":[1]},"o":{"x":[0.333],"y":[0.79]},"t":157,"s":[-74.155]},{"t":167,"s":[-95]}],"ix":10},"p":{"a":0,"k":[341.853,854.186,0],"ix":2},"a":{"a":0,"k":[253.853,804.186,0],"ix":1},"s":{"a":0,"k":[100,100,100],"ix":6}},"ao":0,"shapes":[{"ty":"gr","it":[{"ind":0,"ty":"sh","ix":1,"ks":{"a":0,"k":{"i":[[-0.325,-4.734],[1.637,-43.096],[-11.986,0.284],[-3.316,8.171],[-0.883,4.311],[19.845,60.416],[21.566,-1.059],[-2.953,-19.998],[-4.42,-13.963]],"o":[[4.251,62.137],[-0.464,12.198],[9.15,-0.217],[0.337,-1.028],[4.626,-22.847],[-6.925,-21.084],[-37.069,1.818],[2.951,19.997],[5.048,15.949]],"v":[[-41.396,-11.812],[-21.258,105.183],[0.814,126.527],[22.992,112.277],[31.07,76.366],[42.923,-92.898],[-3.769,-125.752],[-59.814,-81.444],[-45.949,-44.683]],"c":true},"ix":2},"nm":"Path 1","mn":"ADBE Vector Shape - Group","hd":false},{"ty":"fl","c":{"a":0,"k":[0.118000000598,0.118000000598,0.118000000598,1],"ix":4},"o":{"a":0,"k":100,"ix":5},"r":1,"bm":0,"nm":"Fill 1","mn":"ADBE Vector Graphic - Fill","hd":false},{"ty":"tr","p":{"a":0,"k":[252.84,700.326],"ix":2},"a":{"a":0,"k":[0,0],"ix":1},"s":{"a":0,"k":[100,100],"ix":3},"r":{"a":0,"k":0,"ix":6},"o":{"a":0,"k":100,"ix":7},"sk":{"a":0,"k":0,"ix":4},"sa":{"a":0,"k":0,"ix":5},"nm":"Transform"}],"nm":"Group 1","np":2,"cix":2,"bm":0,"ix":1,"mn":"ADBE Vector Group","hd":false},{"ty":"gr","it":[{"ind":0,"ty":"sh","ix":1,"ks":{"a":0,"k":{"i":[[-0.046,-1.924],[0,0],[-0.532,-2.696],[-24.739,0.586],[-4.617,22.23],[0.093,3.913],[0.014,0.151],[0.036,0.597],[0.338,1.851],[24.902,-0.59],[4.583,-22.306],[0.172,-1.897]],"o":[[0,0],[0.067,2.837],[4.538,23.525],[23.674,-0.561],[0.783,-3.685],[-0.003,-0.153],[-0.025,-0.587],[-0.133,-1.922],[-4.359,-23.747],[-23.728,0.563],[-0.369,1.836],[-0.173,1.875]],"v":[[-49.991,1.192],[-49.99,1.247],[-49.086,9.546],[1.161,49.976],[48.899,10.247],[49.944,-1.177],[49.923,-1.632],[49.837,-3.414],[49.126,-9.085],[-1.208,-49.971],[-48.987,-10.099],[-49.8,-4.511]],"c":true},"ix":2},"nm":"Path 1","mn":"ADBE Vector Shape - Group","hd":false},{"ty":"fl","c":{"a":0,"k":[0.118000000598,0.118000000598,0.118000000598,1],"ix":4},"o":{"a":0,"k":100,"ix":5},"r":1,"bm":0,"nm":"Fill 1","mn":"ADBE Vector Graphic - Fill","hd":false},{"ty":"tr","p":{"a":0,"k":[249.194,626.205],"ix":2},"a":{"a":0,"k":[0,0],"ix":1},"s":{"a":0,"k":[100,100],"ix":3},"r":{"a":0,"k":0,"ix":6},"o":{"a":0,"k":100,"ix":7},"sk":{"a":0,"k":0,"ix":4},"sa":{"a":0,"k":0,"ix":5},"nm":"Transform"}],"nm":"Group 2","np":2,"cix":2,"bm":0,"ix":2,"mn":"ADBE Vector Group","hd":false}],"ip":0,"op":300,"st":0,"bm":0},{"ddd":0,"ind":9,"ty":4,"nm":"foot","sr":1,"ks":{"o":{"a":0,"k":100,"ix":11},"r":{"a":1,"k":[{"i":{"x":[0.667],"y":[19.592]},"o":{"x":[0.333],"y":[0]},"t":10,"s":[2]},{"i":{"x":[0.667],"y":[1]},"o":{"x":[0.333],"y":[0.378]},"t":35,"s":[1.478]},{"i":{"x":[0.667],"y":[0.852]},"o":{"x":[0.333],"y":[0]},"t":54,"s":[21]},{"i":{"x":[0.667],"y":[1]},"o":{"x":[0.333],"y":[65.659]},"t":70,"s":[102.758]},{"i":{"x":[0.667],"y":[-15.257]},"o":{"x":[0.333],"y":[0]},"t":91,"s":[103]},{"i":{"x":[0.667],"y":[1]},"o":{"x":[0.333],"y":[0.193]},"t":107,"s":[102.23]},{"i":{"x":[0.667],"y":[0.488]},"o":{"x":[0.333],"y":[0]},"t":127,"s":[21]},{"i":{"x":[0.667],"y":[1]},"o":{"x":[0.333],"y":[-8.525]},"t":146,"s":[0.649]},{"t":167,"s":[2]}],"ix":10},"p":{"a":1,"k":[{"i":{"x":0.667,"y":0.179},"o":{"x":0.333,"y":0},"t":10,"s":[682.467,982.267,0],"to":[0,0,0],"ti":[33.706,16.92,0]},{"i":{"x":0.667,"y":1},"o":{"x":0.333,"y":0.102},"t":35,"s":[702.941,979.76,0],"to":[-39.727,-19.943,0],"ti":[2.011,6.366,0]},{"i":{"x":0.667,"y":0.609},"o":{"x":0.333,"y":0},"t":54,"s":[435.967,893.267,0],"to":[-1.595,-5.05,0],"ti":[53.57,-9.871,0]},{"i":{"x":0.667,"y":1},"o":{"x":0.254,"y":1},"t":70,"s":[303.923,942.292,0],"to":[-71.252,13.129,0],"ti":[0,0,0]},{"i":{"x":0.749,"y":0},"o":{"x":0.333,"y":0},"t":91,"s":[276.467,944.267,0],"to":[0,0,0],"ti":[-56.622,7.879,0]},{"i":{"x":0.667,"y":1},"o":{"x":0.333,"y":0.501},"t":107,"s":[304.308,942.728,0],"to":[70.88,-9.863,0],"ti":[2.011,6.366,0]},{"i":{"x":0.667,"y":0.855},"o":{"x":0.333,"y":0},"t":127,"s":[435.967,893.267,0],"to":[-1.595,-5.05,0],"ti":[-36.774,-20.968,0]},{"i":{"x":0.667,"y":1},"o":{"x":0.333,"y":0.871},"t":146,"s":[702.686,981.419,0],"to":[39.03,22.255,0],"ti":[0,0,0]},{"t":167,"s":[682.467,982.267,0]}],"ix":2},"a":{"a":0,"k":[334.467,1061.267,0],"ix":1},"s":{"a":0,"k":[100,100,100],"ix":6}},"ao":0,"shapes":[{"ty":"gr","it":[{"ty":"gr","it":[{"ind":0,"ty":"sh","ix":1,"ks":{"a":0,"k":{"i":[[-0.015,0.224],[-0.484,0.854],[-0.298,0.091],[-0.087,-0.011],[-7.035,-0.008],[-3.734,-0.192],[-3.205,-0.762],[-0.303,-0.074],[-0.614,-0.158],[-1.687,-0.346],[-0.147,-0.029],[-0.155,-0.03],[-0.269,-0.041],[-1.343,-0.195],[-0.114,-0.012],[-0.104,-0.012],[-0.902,-0.115],[-2.696,-0.236],[-2.978,-0.13],[-3.046,0.044],[-2.895,0.293],[-2.837,0.859],[-0.069,0.071],[-0.017,0.11],[-0.423,0.866],[-0.37,0.059],[-0.085,-0.434],[0.689,-2.331],[0.965,-0.282],[11.427,0.31],[6.933,0.529],[0,0],[5.918,-0.149],[2.211,2.817],[-0.097,0.697]],"o":[[0.156,-1.579],[0.183,-0.337],[0.5,-0.154],[14.32,2.605],[2.965,-0.003],[4.541,0.241],[0.311,0.075],[0.63,0.159],[1.675,0.421],[0.147,0.02],[0.147,0.029],[0.26,0.047],[1.099,0.18],[0.104,0.011],[0.103,0.019],[0.831,0.122],[2.684,0.335],[2.968,0.261],[3.043,0.133],[2.912,-0.042],[2.96,-0.299],[0.098,-0.03],[0.08,-0.083],[0.14,-0.931],[0.163,-0.335],[0.409,-0.067],[0.307,1.841],[-0.268,0.917],[-11.235,3.262],[-6.708,-0.182],[0,0],[-8.33,-0.633],[-22.275,0.571],[-0.368,-0.536],[-0.065,-0.177]],"v":[[-53.488,-2.186],[-51.898,-6.651],[-51.116,-7.254],[-50.019,-7.317],[-30.741,-4.946],[-20.982,-4.749],[-9.732,-3.069],[-8.807,-2.852],[-6.95,-2.385],[-1.982,-1.208],[-1.541,-1.13],[-1.092,-1.042],[-0.303,-0.905],[3.368,-0.339],[3.698,-0.296],[4.018,-0.254],[6.626,0.09],[14.697,0.946],[23.617,1.538],[32.753,1.688],[41.473,1.217],[50.284,-0.362],[50.553,-0.496],[50.67,-0.806],[51.275,-3.614],[52.226,-4.173],[53.206,-3.71],[52.584,1.553],[50.619,3.474],[16.766,7.098],[-3.669,5.87],[-5.353,5.74],[-26.767,5.327],[-53.006,0.252],[-53.417,-1.584]],"c":true},"ix":2},"nm":"Path 1","mn":"ADBE Vector Shape - Group","hd":false},{"ty":"fl","c":{"a":0,"k":[0.518000006676,0.467000007629,0.40000000596,1],"ix":4},"o":{"a":0,"k":100,"ix":5},"r":1,"bm":0,"nm":"Fill 1","mn":"ADBE Vector Graphic - Fill","hd":false},{"ty":"tr","p":{"a":0,"k":[276.544,1050.679],"ix":2},"a":{"a":0,"k":[0,0],"ix":1},"s":{"a":0,"k":[100,100],"ix":3},"r":{"a":0,"k":0,"ix":6},"o":{"a":0,"k":100,"ix":7},"sk":{"a":0,"k":0,"ix":4},"sa":{"a":0,"k":0,"ix":5},"nm":"Transform"}],"nm":"Group 1","np":2,"cix":2,"bm":0,"ix":1,"mn":"ADBE Vector Group","hd":false},{"ty":"tr","p":{"a":0,"k":[364.467,1100.589],"ix":2},"a":{"a":0,"k":[276.467,1050.589],"ix":1},"s":{"a":0,"k":[100,100],"ix":3},"r":{"a":0,"k":0,"ix":6},"o":{"a":0,"k":100,"ix":7},"sk":{"a":0,"k":0,"ix":4},"sa":{"a":0,"k":0,"ix":5},"nm":"Transform"}],"nm":"sole","np":1,"cix":2,"bm":0,"ix":1,"mn":"ADBE Vector Group","hd":false},{"ty":"gr","it":[{"ty":"gr","it":[{"ind":0,"ty":"sh","ix":1,"ks":{"a":0,"k":{"i":[[0.2,1.603],[-0.074,1.959],[2.055,2.76],[-1.916,-1.725],[-7.626,0.354],[-2.004,3.99],[-1.138,1.78],[-0.963,-1.069],[-0.389,-1.068],[0,0],[-1.153,-0.711],[0,0],[0,0],[-0.963,-1.068],[0,0],[-1.835,-0.665],[-11.771,-2.848],[-2.118,-2.67],[2.059,-4.058],[10.016,-0.402],[2.297,0.177],[2.104,-0.358],[4.976,-0.002],[2.196,0.655]],"o":[[-0.199,-1.602],[0.272,-7.192],[-2.909,-3.909],[1.784,1.608],[5.908,-0.274],[0.768,-1.528],[1.14,-1.783],[0.961,1.067],[0.388,1.068],[2.295,-0.357],[1.151,0.713],[0,0],[0,0],[0.962,1.067],[-0.366,0.09],[7.597,2.757],[8.199,1.983],[2.118,2.67],[-3.237,6.379],[-20.895,0.836],[-2.297,-0.176],[-2.103,0.357],[-4.975,0.003],[-3.372,-1.008]],"v":[[-51.488,16.893],[-50.892,1.486],[-47.379,-13.546],[-42.577,-16.745],[-29.499,-12.935],[-17.707,-20.361],[-15.439,-25.881],[-10.832,-23.213],[-8.098,-18.823],[-5.021,-15.442],[-0.229,-14.199],[0.928,-12.063],[2.273,-10.995],[5.716,-9.225],[7.721,-5.296],[14.582,-0.614],[31.807,7.534],[49.232,13.396],[51.422,20.989],[25.837,26.828],[-4.247,24.087],[-20.137,22.494],[-32.758,23.925],[-50.108,21.115]],"c":true},"ix":2},"nm":"Path 1","mn":"ADBE Vector Shape - Group","hd":false},{"ty":"fl","c":{"a":0,"k":[0.157000005245,0.157000005245,0.157000005245,1],"ix":4},"o":{"a":0,"k":100,"ix":5},"r":1,"bm":0,"nm":"Fill 1","mn":"ADBE Vector Graphic - Fill","hd":false},{"ty":"tr","p":{"a":0,"k":[276.756,1027.871],"ix":2},"a":{"a":0,"k":[0,0],"ix":1},"s":{"a":0,"k":[100,100],"ix":3},"r":{"a":0,"k":0,"ix":6},"o":{"a":0,"k":100,"ix":7},"sk":{"a":0,"k":0,"ix":4},"sa":{"a":0,"k":0,"ix":5},"nm":"Transform"}],"nm":"Group 1","np":2,"cix":2,"bm":0,"ix":1,"mn":"ADBE Vector Group","hd":false},{"ty":"tr","p":{"a":0,"k":[364.882,1078.156],"ix":2},"a":{"a":0,"k":[276.882,1028.156],"ix":1},"s":{"a":0,"k":[100,100],"ix":3},"r":{"a":0,"k":0,"ix":6},"o":{"a":0,"k":100,"ix":7},"sk":{"a":0,"k":0,"ix":4},"sa":{"a":0,"k":0,"ix":5},"nm":"Transform"}],"nm":"foot","np":1,"cix":2,"bm":0,"ix":2,"mn":"ADBE Vector Group","hd":false},{"ty":"gr","it":[{"ty":"gr","it":[{"ind":0,"ty":"sh","ix":1,"ks":{"a":0,"k":{"i":[[6.709,0.356],[-0.357,6.709],[-6.709,-0.356],[0.357,-6.709]],"o":[[-6.708,-0.357],[0.356,-6.709],[6.709,0.358],[-0.357,6.709]],"v":[[-0.647,12.148],[-12.147,-0.646],[0.646,-12.147],[12.147,0.647]],"c":true},"ix":2},"nm":"Path 1","mn":"ADBE Vector Shape - Group","hd":false},{"ty":"fl","c":{"a":0,"k":[0.847000002861,0.60799998045,0.501999974251,1],"ix":4},"o":{"a":0,"k":100,"ix":5},"r":1,"bm":0,"nm":"Fill 1","mn":"ADBE Vector Graphic - Fill","hd":false},{"ty":"tr","p":{"a":0,"k":[247.284,1010.853],"ix":2},"a":{"a":0,"k":[0,0],"ix":1},"s":{"a":0,"k":[100,100],"ix":3},"r":{"a":0,"k":0,"ix":6},"o":{"a":0,"k":100,"ix":7},"sk":{"a":0,"k":0,"ix":4},"sa":{"a":0,"k":0,"ix":5},"nm":"Transform"}],"nm":"Group 1","np":2,"cix":2,"bm":0,"ix":1,"mn":"ADBE Vector Group","hd":false},{"ty":"tr","p":{"a":0,"k":[335.284,1060.853],"ix":2},"a":{"a":0,"k":[247.284,1010.853],"ix":1},"s":{"a":0,"k":[100,100],"ix":3},"r":{"a":0,"k":0,"ix":6},"o":{"a":0,"k":100,"ix":7},"sk":{"a":0,"k":0,"ix":4},"sa":{"a":0,"k":0,"ix":5},"nm":"Transform"}],"nm":"foot_skin","np":1,"cix":2,"bm":0,"ix":3,"mn":"ADBE Vector Group","hd":false}],"ip":0,"op":300,"st":0,"bm":0},{"ddd":0,"ind":10,"ty":4,"nm":"calf","parent":9,"sr":1,"ks":{"o":{"a":0,"k":100,"ix":11},"r":{"a":1,"k":[{"i":{"x":[0.667],"y":[0.574]},"o":{"x":[0.333],"y":[0]},"t":10,"s":[2]},{"i":{"x":[0.667],"y":[1]},"o":{"x":[0.333],"y":[-0.424]},"t":35,"s":[-19.218]},{"i":{"x":[0.667],"y":[1.153]},"o":{"x":[0.333],"y":[0]},"t":54,"s":[-3]},{"i":{"x":[0.667],"y":[1]},"o":{"x":[0.333],"y":[0.193]},"t":70,"s":[-55.828]},{"i":{"x":[0.667],"y":[0.774]},"o":{"x":[0.333],"y":[0]},"t":91,"s":[-1]},{"i":{"x":[0.667],"y":[1]},"o":{"x":[0.333],"y":[-0.299]},"t":107,"s":[-37.846]},{"i":{"x":[0.667],"y":[1.57]},"o":{"x":[0.333],"y":[0]},"t":127,"s":[-3]},{"i":{"x":[0.667],"y":[0.805]},"o":{"x":[0.333],"y":[0.26]},"t":146,"s":[-20.036]},{"i":{"x":[0.667],"y":[1]},"o":{"x":[0.333],"y":[9.462]},"t":157,"s":[1.594]},{"t":167,"s":[2]}],"ix":10},"p":{"a":0,"k":[333.426,1058.385,0],"ix":2},"a":{"a":0,"k":[333.426,1058.385,0],"ix":1},"s":{"a":0,"k":[100,100,100],"ix":6}},"ao":0,"shapes":[{"ty":"gr","it":[{"ty":"gr","it":[{"ind":0,"ty":"sh","ix":1,"ks":{"a":0,"k":{"i":[[0,-0.08],[-0.032,-0.42],[-12.3,0.08],[-3.547,8.114],[-0.216,0.651],[-0.01,0.01],[-0.156,0.68],[0.012,1.89],[0,0],[1.771,3.228],[0.142,0.219],[3.583,1.976],[0.09,0.059],[3.98,-0.026],[3.643,-2.494],[0.021,-0.021],[0.16,-7.721],[-0.001,-0.151]],"o":[[0.003,0.43],[0.74,12.186],[9.39,-0.061],[0.276,-0.621],[0,-0.011],[0.216,-0.651],[0.418,-1.763],[0,0],[-0.056,-3.941],[-0.132,-0.229],[-2.093,-3.527],[-0.09,-0.059],[-3.282,-1.758],[-4.73,0.031],[-0.01,0],[-5.953,4.058],[-0.019,0.15],[-0.009,0.08]],"v":[[-23.055,0.124],[-23.007,1.403],[0.146,23.112],[21.116,9.254],[21.853,7.34],[21.863,7.319],[22.42,5.306],[23.044,-0.179],[23.043,-0.328],[20.192,-11.19],[19.797,-11.867],[11.132,-20.281],[10.851,-20.449],[-0.158,-23.167],[-12.931,-19.182],[-12.972,-19.151],[-23.03,-0.566],[-23.047,-0.116]],"c":true},"ix":2},"nm":"Path 1","mn":"ADBE Vector Shape - Group","hd":false},{"ty":"fl","c":{"a":0,"k":[0.118000000715,0.118000000715,0.118000000715,1],"ix":4},"o":{"a":0,"k":100,"ix":5},"r":1,"bm":0,"nm":"Fill 1","mn":"ADBE Vector Graphic - Fill","hd":false},{"ty":"tr","p":{"a":0,"k":[254.371,803.909],"ix":2},"a":{"a":0,"k":[0,0],"ix":1},"s":{"a":0,"k":[100,100],"ix":3},"r":{"a":0,"k":0,"ix":6},"o":{"a":0,"k":100,"ix":7},"sk":{"a":0,"k":0,"ix":4},"sa":{"a":0,"k":0,"ix":5},"nm":"Transform"}],"nm":"Group 1","np":2,"cix":2,"bm":0,"ix":1,"mn":"ADBE Vector Group","hd":false},{"ty":"gr","it":[{"ind":0,"ty":"sh","ix":1,"ks":{"a":0,"k":{"i":[[-0.147,-22.399],[-3.328,-27.089],[0,0.019],[-14.283,56.094],[-0.009,0.01],[-0.098,0.391],[-0.017,2.019],[1.78,3.069],[0.142,0.218],[3.293,2.049],[0.091,0.06],[3.98,-0.027],[4.19,-3.163],[0.579,-6.164],[0.01,-0.081]],"o":[[0.305,46.409],[4.498,7.28],[0.257,-29.463],[0,-0.011],[0.098,-0.391],[0.595,-2.304],[0.023,-4.181],[-0.131,-0.228],[-2.223,-3.566],[-0.09,-0.058],[-3.282,-1.757],[-4.73,0.031],[-6.321,4.77],[-0.02,0.08],[-2.325,28.116]],"v":[[-31.426,-2.59],[-13.854,98.2],[13.396,96.639],[30.361,-74.946],[30.37,-74.967],[30.663,-76.129],[31.55,-82.614],[28.699,-93.477],[28.304,-94.153],[19.639,-102.568],[19.358,-102.736],[8.35,-105.453],[-5.279,-100.989],[-14.522,-82.853],[-14.551,-82.612]],"c":true},"ix":2},"nm":"Path 1","mn":"ADBE Vector Shape - Group","hd":false},{"ty":"fl","c":{"a":0,"k":[0.118000000715,0.118000000715,0.118000000715,1],"ix":4},"o":{"a":0,"k":100,"ix":5},"r":1,"bm":0,"nm":"Fill 1","mn":"ADBE Vector Graphic - Fill","hd":false},{"ty":"tr","p":{"a":0,"k":[245.863,886.196],"ix":2},"a":{"a":0,"k":[0,0],"ix":1},"s":{"a":0,"k":[100,100],"ix":3},"r":{"a":0,"k":0,"ix":6},"o":{"a":0,"k":100,"ix":7},"sk":{"a":0,"k":0,"ix":4},"sa":{"a":0,"k":0,"ix":5},"nm":"Transform"}],"nm":"Group 2","np":2,"cix":2,"bm":0,"ix":2,"mn":"ADBE Vector Group","hd":false},{"ty":"tr","p":{"a":0,"k":[333.926,934.008],"ix":2},"a":{"a":0,"k":[245.926,884.008],"ix":1},"s":{"a":0,"k":[100,100],"ix":3},"r":{"a":0,"k":0,"ix":6},"o":{"a":0,"k":100,"ix":7},"sk":{"a":0,"k":0,"ix":4},"sa":{"a":0,"k":0,"ix":5},"nm":"Transform"}],"nm":"calf","np":2,"cix":2,"bm":0,"ix":1,"mn":"ADBE Vector Group","hd":false},{"ty":"gr","it":[{"ty":"gr","it":[{"ind":0,"ty":"sh","ix":1,"ks":{"a":0,"k":{"i":[[0,0],[2.732,23.418],[-0.121,-18.423],[-0.165,-4.847],[11.213,-0.477]],"o":[[-1.244,-12.751],[0.205,-16.574],[0.166,25.418],[0,0],[-12.668,0.538]],"v":[[-11.01,26.69],[-13.857,-14.269],[11.64,-19.025],[13.307,24.744],[2.644,36.91]],"c":true},"ix":2},"nm":"Path 1","mn":"ADBE Vector Shape - Group","hd":false},{"ty":"fl","c":{"a":0,"k":[0.847000002861,0.60799998045,0.501999974251,1],"ix":4},"o":{"a":0,"k":100,"ix":5},"r":1,"bm":0,"nm":"Fill 1","mn":"ADBE Vector Graphic - Fill","hd":false},{"ty":"tr","p":{"a":0,"k":[246.137,986.098],"ix":2},"a":{"a":0,"k":[0,0],"ix":1},"s":{"a":0,"k":[100,100],"ix":3},"r":{"a":0,"k":0,"ix":6},"o":{"a":0,"k":100,"ix":7},"sk":{"a":0,"k":0,"ix":4},"sa":{"a":0,"k":0,"ix":5},"nm":"Transform"}],"nm":"Group 1","np":2,"cix":2,"bm":0,"ix":1,"mn":"ADBE Vector Group","hd":false},{"ty":"tr","p":{"a":0,"k":[333.864,1039.509],"ix":2},"a":{"a":0,"k":[245.864,989.509],"ix":1},"s":{"a":0,"k":[100,100],"ix":3},"r":{"a":0,"k":0,"ix":6},"o":{"a":0,"k":100,"ix":7},"sk":{"a":0,"k":0,"ix":4},"sa":{"a":0,"k":0,"ix":5},"nm":"Transform"}],"nm":"calf_skin","np":1,"cix":2,"bm":0,"ix":2,"mn":"ADBE Vector Group","hd":false}],"ip":0,"op":300,"st":0,"bm":0},{"ddd":0,"ind":11,"ty":4,"nm":"lower_body_skin","parent":5,"sr":1,"ks":{"o":{"a":0,"k":100,"ix":11},"r":{"a":0,"k":0,"ix":10},"p":{"a":0,"k":[250.421,538.756,0],"ix":2},"a":{"a":0,"k":[250.421,538.756,0],"ix":1},"s":{"a":0,"k":[100,100,100],"ix":6}},"ao":0,"shapes":[{"ty":"gr","it":[{"ind":0,"ty":"sh","ix":1,"ks":{"a":0,"k":{"i":[[0,0],[0,0],[0.833,18.61],[20.72,0],[0,0]],"o":[[47.7,47.36],[-1.339,-14.016],[0,0],[-21.08,0],[-1.645,24.356]],"v":[[-41.4,-2.237],[41.4,-4.51],[40.043,-44.789],[2.043,-42.698],[-33.137,-45.123]],"c":true},"ix":2},"nm":"Path 1","mn":"ADBE Vector Shape - Group","hd":false},{"ty":"fl","c":{"a":0,"k":[0.847000002394,0.607999973671,0.501999978458,1],"ix":4},"o":{"a":0,"k":100,"ix":5},"r":1,"bm":0,"nm":"Fill 1","mn":"ADBE Vector Graphic - Fill","hd":false},{"ty":"tr","p":{"a":0,"k":[250.421,552.199],"ix":2},"a":{"a":0,"k":[0,0],"ix":1},"s":{"a":0,"k":[100,100],"ix":3},"r":{"a":0,"k":0,"ix":6},"o":{"a":0,"k":100,"ix":7},"sk":{"a":0,"k":0,"ix":4},"sa":{"a":0,"k":0,"ix":5},"nm":"Transform"}],"nm":"Group 1","np":2,"cix":2,"bm":0,"ix":1,"mn":"ADBE Vector Group","hd":false}],"ip":0,"op":300,"st":0,"bm":0},{"ddd":0,"ind":12,"ty":4,"nm":"thigh_1","parent":14,"sr":1,"ks":{"o":{"a":0,"k":100,"ix":11},"r":{"a":1,"k":[{"i":{"x":[0.667],"y":[0.705]},"o":{"x":[0.333],"y":[0]},"t":10,"s":[-87]},{"i":{"x":[0.667],"y":[1]},"o":{"x":[0.333],"y":[0.668]},"t":35,"s":[-27.824]},{"i":{"x":[0.667],"y":[-0.566]},"o":{"x":[0.333],"y":[0]},"t":54,"s":[-8]},{"i":{"x":[0.667],"y":[1]},"o":{"x":[0.333],"y":[0.322]},"t":70,"s":[-20.333]},{"i":{"x":[0.667],"y":[0.608]},"o":{"x":[0.333],"y":[0]},"t":91,"s":[-99]},{"i":{"x":[0.667],"y":[1]},"o":{"x":[0.333],"y":[0.623]},"t":107,"s":[-48.052]},{"i":{"x":[0.667],"y":[6.409]},"o":{"x":[0.333],"y":[0]},"t":127,"s":[-8]},{"i":{"x":[0.667],"y":[0.707]},"o":{"x":[0.333],"y":[0.171]},"t":146,"s":[-4.54]},{"i":{"x":[0.667],"y":[1]},"o":{"x":[0.333],"y":[0.894]},"t":157,"s":[-68.084]},{"t":167,"s":[-87]}],"ix":10},"p":{"a":0,"k":[360.234,844.589,0],"ix":2},"a":{"a":0,"k":[272.234,794.589,0],"ix":1},"s":{"a":0,"k":[100,100,100],"ix":6}},"ao":0,"shapes":[{"ty":"gr","it":[{"ind":0,"ty":"sh","ix":1,"ks":{"a":0,"k":{"i":[[-0.621,-3.211],[-0.001,-0.01],[-0.016,-0.068],[-20.342,-1.606],[-2.644,24.671],[0.192,2.574],[0.046,0.458],[0.089,0.625],[0.027,0.209],[0.01,0.009],[5.632,6.099],[12.006,0.945],[9.002,-6.874],[1.378,-12.827],[0.031,-1.266],[0,0]],"o":[[-0.009,0.011],[0.006,0.069],[3.632,18.373],[25.327,1.998],[0.29,-2.661],[-0.036,-0.458],[-0.09,-0.644],[-0.026,-0.209],[-0.001,-0.019],[-1.388,-8.418],[-7.376,-8.018],[-12.148,-0.965],[-9.775,7.436],[-0.139,1.274],[0,0],[-0.102,3.408]],"v":[[-44.434,9.629],[-44.432,9.669],[-44.396,9.866],[-5.643,44.165],[45.002,3.105],[45.144,-4.761],[45.015,-6.135],[44.756,-8.04],[44.678,-8.666],[44.665,-8.715],[33.796,-30.874],[3.965,-45.198],[-28.734,-35.545],[-44.986,-4.16],[-45.236,-0.349],[-45.234,-0.319]],"c":true},"ix":2},"nm":"Path 1","mn":"ADBE Vector Shape - Group","hd":false},{"ty":"fl","c":{"a":0,"k":[0.059000000299,0.059000000299,0.059000000299,1],"ix":4},"o":{"a":0,"k":100,"ix":5},"r":1,"bm":0,"nm":"Fill 1","mn":"ADBE Vector Graphic - Fill","hd":false},{"ty":"tr","p":{"a":0,"k":[254.826,630.721],"ix":2},"a":{"a":0,"k":[0,0],"ix":1},"s":{"a":0,"k":[100,100],"ix":3},"r":{"a":0,"k":0,"ix":6},"o":{"a":0,"k":100,"ix":7},"sk":{"a":0,"k":0,"ix":4},"sa":{"a":0,"k":0,"ix":5},"nm":"Transform"}],"nm":"Group 1","np":2,"cix":2,"bm":0,"ix":1,"mn":"ADBE Vector Group","hd":false},{"ty":"gr","it":[{"ind":0,"ty":"sh","ix":1,"ks":{"a":0,"k":{"i":[[2.3,-26.371],[1.228,-7.219],[0.067,-0.426],[0.229,-1.041],[9.941,-0.631],[2.994,9.886],[0.219,1.266],[0.143,0.671],[11.224,59.454],[1.35,14.368],[0.05,0.508],[-0.009,0.011],[0.222,3.213],[0,0],[-0.14,1.275],[-9.777,7.43],[-12.143,-0.971],[-7.371,-8.017],[-1.384,-8.417],[-0.002,-0.019],[-0.027,-0.208],[-0.07,-0.506],[-0.056,-0.587]],"o":[[-0.362,4.202],[-0.113,0.72],[-0.178,1.057],[-2.661,8.907],[-10.91,0.688],[-0.185,-1.199],[-0.113,-0.664],[-4.563,-22.822],[-2.286,-12.107],[-0.051,-0.518],[-0.001,-0.01],[-0.307,-3.396],[0,0],[0.03,-1.266],[1.379,-12.827],[8.999,-6.876],[12.011,0.942],[5.636,6.108],[0.011,0.01],[0.026,0.209],[0.06,0.507],[0.066,0.587],[5.335,47.068]],"v":[[42.393,62.103],[37.293,94.082],[37.009,95.819],[36.414,98.965],[15.716,115.257],[-7.788,99.15],[-8.379,95.456],[-8.757,93.458],[-41.253,-16.734],[-46.911,-58.588],[-47.051,-60.113],[-47.054,-60.152],[-47.856,-70.1],[-47.858,-70.13],[-47.607,-73.942],[-31.356,-105.322],[1.337,-114.974],[31.172,-100.658],[42.043,-78.492],[42.056,-78.443],[42.135,-77.817],[42.326,-76.297],[42.523,-74.538]],"c":true},"ix":2},"nm":"Path 1","mn":"ADBE Vector Shape - Group","hd":false},{"ty":"fl","c":{"a":0,"k":[0.059000000299,0.059000000299,0.059000000299,1],"ix":4},"o":{"a":0,"k":100,"ix":5},"r":1,"bm":0,"nm":"Fill 1","mn":"ADBE Vector Graphic - Fill","hd":false},{"ty":"tr","p":{"a":0,"k":[257.45,700.501],"ix":2},"a":{"a":0,"k":[0,0],"ix":1},"s":{"a":0,"k":[100,100],"ix":3},"r":{"a":0,"k":0,"ix":6},"o":{"a":0,"k":100,"ix":7},"sk":{"a":0,"k":0,"ix":4},"sa":{"a":0,"k":0,"ix":5},"nm":"Transform"}],"nm":"Group 2","np":2,"cix":2,"bm":0,"ix":2,"mn":"ADBE Vector Group","hd":false}],"ip":0,"op":300,"st":0,"bm":0},{"ddd":0,"ind":13,"ty":4,"nm":"foot_1","sr":1,"ks":{"o":{"a":0,"k":100,"ix":11},"r":{"a":1,"k":[{"i":{"x":[0.667],"y":[-6.939]},"o":{"x":[0.333],"y":[0]},"t":10,"s":[97]},{"i":{"x":[0.667],"y":[1]},"o":{"x":[0.333],"y":[0.102]},"t":35,"s":[95.583]},{"i":{"x":[0.667],"y":[0.116]},"o":{"x":[0.333],"y":[0]},"t":54,"s":[12]},{"i":{"x":[0.667],"y":[1]},"o":{"x":[0.333],"y":[-21.594]},"t":70,"s":[1.432]},{"i":{"x":[0.667],"y":[-26.717]},"o":{"x":[0.333],"y":[0]},"t":91,"s":[2]},{"i":{"x":[0.667],"y":[1]},"o":{"x":[0.333],"y":[1.251]},"t":107,"s":[2.348]},{"i":{"x":[0.667],"y":[0.857]},"o":{"x":[0.333],"y":[0]},"t":127,"s":[12]},{"i":{"x":[0.667],"y":[1]},"o":{"x":[0.333],"y":[32.499]},"t":146,"s":[96.589]},{"t":167,"s":[97]}],"ix":10},"p":{"a":1,"k":[{"i":{"x":0.745,"y":0},"o":{"x":0.333,"y":0},"t":10,"s":[288.52,944.84,0],"to":[0,0,0],"ti":[-58.814,10.623,0]},{"i":{"x":0.667,"y":1},"o":{"x":0.333,"y":0.253},"t":35,"s":[309.521,940.864,0],"to":[73.95,-13.357,0],"ti":[2.796,1.303,0]},{"i":{"x":0.667,"y":0.869},"o":{"x":0.333,"y":0},"t":54,"s":[484.52,900.34,0],"to":[-2.224,-1.037,0],"ti":[-21.829,-18.114,0]},{"i":{"x":0.667,"y":1},"o":{"x":0.333,"y":0.747},"t":70,"s":[678.1,973.888,0],"to":[27.453,22.781,0],"ti":[0,0,0]},{"i":{"x":0.667,"y":0.329},"o":{"x":0.333,"y":0},"t":91,"s":[652.52,976.84,0],"to":[0,0,0],"ti":[21.398,18.149,0]},{"i":{"x":0.667,"y":1},"o":{"x":0.333,"y":0.169},"t":107,"s":[677.957,973.771,0],"to":[-25.733,-21.826,0],"ti":[2.796,1.303,0]},{"i":{"x":0.667,"y":0.642},"o":{"x":0.333,"y":0},"t":127,"s":[484.52,900.34,0],"to":[-2.224,-1.037,0],"ti":[61.848,-11.962,0]},{"i":{"x":0.667,"y":1},"o":{"x":0.258,"y":1},"t":146,"s":[310.28,941.706,0],"to":[-69.596,13.461,0],"ti":[0,0,0]},{"t":167,"s":[288.52,944.84,0]}],"ix":2},"a":{"a":0,"k":[354.545,1055.15,0],"ix":1},"s":{"a":0,"k":[100,100,100],"ix":6}},"ao":0,"shapes":[{"ty":"gr","it":[{"ty":"gr","it":[{"ind":0,"ty":"sh","ix":1,"ks":{"a":0,"k":{"i":[[-0.015,0.224],[-0.465,0.853],[-0.284,0.091],[-0.082,-0.011],[-6.691,-0.029],[-3.551,-0.204],[-3.044,-0.77],[-0.287,-0.075],[-0.583,-0.16],[-1.602,-0.352],[-0.139,-0.029],[-0.149,-0.029],[-0.255,-0.042],[-1.275,-0.2],[-0.108,-0.012],[-0.099,-0.012],[-0.857,-0.119],[-2.562,-0.244],[-2.831,-0.139],[-2.897,0.035],[-2.755,0.284],[-2.704,0.851],[-0.066,0.07],[-0.017,0.111],[-0.407,0.864],[-0.353,0.059],[-0.079,-0.434],[0.669,-2.328],[0.919,-0.28],[10.866,0.344],[6.592,0.55],[0,0],[5.629,-0.13],[2.086,2.825],[-0.097,0.697]],"o":[[0.157,-1.579],[0.176,-0.336],[0.476,-0.151],[13.606,2.647],[2.82,0.005],[4.318,0.254],[0.295,0.076],[0.599,0.161],[1.591,0.426],[0.14,0.02],[0.139,0.029],[0.246,0.049],[1.045,0.183],[0.1,0.01],[0.098,0.019],[0.79,0.125],[2.551,0.343],[2.822,0.268],[2.894,0.143],[2.77,-0.033],[2.818,-0.292],[0.093,-0.03],[0.076,-0.083],[0.139,-0.929],[0.158,-0.334],[0.389,-0.065],[0.28,1.843],[-0.261,0.917],[-10.706,3.227],[-6.379,-0.201],[0,0],[-7.92,-0.658],[-21.191,0.505],[-0.347,-0.536],[-0.061,-0.177]],"v":[[-50.87,-2.312],[-49.331,-6.772],[-48.584,-7.374],[-47.54,-7.432],[-29.218,-5.003],[-19.936,-4.777],[-9.246,-3.064],[-8.368,-2.844],[-6.604,-2.372],[-1.886,-1.18],[-1.467,-1.101],[-1.039,-1.012],[-0.291,-0.872],[3.197,-0.294],[3.511,-0.251],[3.815,-0.208],[6.294,0.145],[13.965,1.024],[22.446,1.642],[31.135,1.82],[39.432,1.376],[47.822,-0.178],[48.079,-0.31],[48.192,-0.621],[48.784,-3.426],[49.693,-3.983],[50.622,-3.517],[49.999,1.744],[48.118,3.66],[15.897,7.181],[-3.533,5.892],[-5.133,5.757],[-25.499,5.28],[-50.426,0.126],[-50.806,-1.71]],"c":true},"ix":2},"nm":"Path 1","mn":"ADBE Vector Shape - Group","hd":false},{"ty":"fl","c":{"a":0,"k":[0.518000006676,0.467000007629,0.40000000596,1],"ix":4},"o":{"a":0,"k":100,"ix":5},"r":1,"bm":0,"nm":"Fill 1","mn":"ADBE Vector Graphic - Fill","hd":false},{"ty":"tr","p":{"a":0,"k":[290.113,1042.244],"ix":2},"a":{"a":0,"k":[0,0],"ix":1},"s":{"a":0,"k":[100,100],"ix":3},"r":{"a":0,"k":0,"ix":6},"o":{"a":0,"k":100,"ix":7},"sk":{"a":0,"k":0,"ix":4},"sa":{"a":0,"k":0,"ix":5},"nm":"Transform"}],"nm":"Group 1","np":2,"cix":2,"bm":0,"ix":1,"mn":"ADBE Vector Group","hd":false},{"ty":"tr","p":{"a":0,"k":[378.045,1092.144],"ix":2},"a":{"a":0,"k":[290.045,1042.144],"ix":1},"s":{"a":0,"k":[100,100],"ix":3},"r":{"a":0,"k":0,"ix":6},"o":{"a":0,"k":100,"ix":7},"sk":{"a":0,"k":0,"ix":4},"sa":{"a":0,"k":0,"ix":5},"nm":"Transform"}],"nm":"sole_1","np":1,"cix":2,"bm":0,"ix":1,"mn":"ADBE Vector Group","hd":false},{"ty":"gr","it":[{"ty":"gr","it":[{"ind":0,"ty":"sh","ix":1,"ks":{"a":0,"k":{"i":[[0.18,1.604],[-0.003,1.96],[0.542,3.564],[-1.64,3.599],[-4.667,1.539],[-3.66,-1.56],[-4.72,9.863],[-1.966,0.695],[-0.364,-1.069],[0,0],[-1.091,-0.714],[0,0],[0,0],[-0.909,-1.071],[0,0],[-1.741,-0.671],[-11.178,-2.882],[-1.999,-2.676],[1.983,-4.051],[9.53,-0.371],[2.183,0.184],[2.003,-0.351],[4.732,0.013],[2.085,0.662]],"o":[[-0.18,-1.602],[0.001,-1.958],[-0.542,-3.561],[3.111,-6.825],[5.054,-1.666],[3.189,1.358],[0.695,-1.455],[2.756,-0.975],[0.362,1.068],[2.185,-0.351],[1.091,0.716],[0,0],[0,0],[0.909,1.07],[-0.348,0.091],[7.209,2.78],[7.787,2.008],[1.999,2.675],[-3.116,6.368],[-19.879,0.775],[-2.184,-0.184],[-2.002,0.351],[-4.732,-0.012],[-3.201,-1.018]],"v":[[-48.963,16.497],[-47.814,9.192],[-48.354,2.781],[-47.796,-6.476],[-41.429,-20.278],[-34.965,-14.453],[-13.888,-20.7],[-10.918,-26.462],[-7.479,-19.087],[-4.573,-15.697],[-0.023,-14.44],[1.065,-12.3],[2.339,-11.229],[5.602,-9.448],[7.486,-5.515],[13.983,-0.811],[30.319,7.387],[46.858,13.302],[48.895,20.901],[24.525,26.662],[-4.073,23.832],[-19.177,22.191],[-31.19,23.585],[-47.676,20.723]],"c":true},"ix":2},"nm":"Path 1","mn":"ADBE Vector Shape - Group","hd":false},{"ty":"fl","c":{"a":0,"k":[0.118000000715,0.118000000715,0.118000000715,1],"ix":4},"o":{"a":0,"k":100,"ix":5},"r":1,"bm":0,"nm":"Fill 1","mn":"ADBE Vector Graphic - Fill","hd":false},{"ty":"tr","p":{"a":0,"k":[290.333,1019.712],"ix":2},"a":{"a":0,"k":[0,0],"ix":1},"s":{"a":0,"k":[100,100],"ix":3},"r":{"a":0,"k":0,"ix":6},"o":{"a":0,"k":100,"ix":7},"sk":{"a":0,"k":0,"ix":4},"sa":{"a":0,"k":0,"ix":5},"nm":"Transform"}],"nm":"Group 1","np":2,"cix":2,"bm":0,"ix":1,"mn":"ADBE Vector Group","hd":false},{"ty":"tr","p":{"a":0,"k":[378.451,1069.824],"ix":2},"a":{"a":0,"k":[290.451,1019.824],"ix":1},"s":{"a":0,"k":[100,100],"ix":3},"r":{"a":0,"k":0,"ix":6},"o":{"a":0,"k":100,"ix":7},"sk":{"a":0,"k":0,"ix":4},"sa":{"a":0,"k":0,"ix":5},"nm":"Transform"}],"nm":"foot_1","np":1,"cix":2,"bm":0,"ix":2,"mn":"ADBE Vector Group","hd":false},{"ty":"gr","it":[{"ty":"gr","it":[{"ind":0,"ty":"sh","ix":1,"ks":{"a":0,"k":{"i":[[-3.301,5.852],[-5.851,-3.301],[3.301,-5.851],[5.851,3.301]],"o":[[3.301,-5.852],[5.852,3.301],[-3.3,5.851],[-5.851,-3.301]],"v":[[-10.594,-5.977],[5.977,-10.595],[10.595,5.977],[-5.977,10.595]],"c":true},"ix":2},"nm":"Path 1","mn":"ADBE Vector Shape - Group","hd":false},{"ty":"fl","c":{"a":0,"k":[0.804000020027,0.56099998951,0.458999991417,1],"ix":4},"o":{"a":0,"k":100,"ix":5},"r":1,"bm":0,"nm":"Fill 1","mn":"ADBE Vector Graphic - Fill","hd":false},{"ty":"tr","p":{"a":0,"k":[266.289,1004.959],"ix":2},"a":{"a":0,"k":[0,0],"ix":1},"s":{"a":0,"k":[100,100],"ix":3},"r":{"a":0,"k":0,"ix":6},"o":{"a":0,"k":100,"ix":7},"sk":{"a":0,"k":0,"ix":4},"sa":{"a":0,"k":0,"ix":5},"nm":"Transform"}],"nm":"Group 1","np":2,"cix":2,"bm":0,"ix":1,"mn":"ADBE Vector Group","hd":false},{"ty":"tr","p":{"a":0,"k":[354.289,1054.958],"ix":2},"a":{"a":0,"k":[266.289,1004.958],"ix":1},"s":{"a":0,"k":[100,100],"ix":3},"r":{"a":0,"k":0,"ix":6},"o":{"a":0,"k":100,"ix":7},"sk":{"a":0,"k":0,"ix":4},"sa":{"a":0,"k":0,"ix":5},"nm":"Transform"}],"nm":"foot_skin_1","np":1,"cix":2,"bm":0,"ix":3,"mn":"ADBE Vector Group","hd":false}],"ip":0,"op":300,"st":0,"bm":0},{"ddd":0,"ind":14,"ty":4,"nm":"calf_1","parent":13,"sr":1,"ks":{"o":{"a":0,"k":100,"ix":11},"r":{"a":1,"k":[{"i":{"x":[0.667],"y":[0.808]},"o":{"x":[0.333],"y":[0]},"t":10,"s":[2]},{"i":{"x":[0.667],"y":[1]},"o":{"x":[0.333],"y":[-0.14]},"t":35,"s":[-45.218]},{"i":{"x":[0.667],"y":[1.625]},"o":{"x":[0.333],"y":[0]},"t":54,"s":[4]},{"i":{"x":[0.667],"y":[1]},"o":{"x":[0.333],"y":[0.688]},"t":70,"s":[-11.634]},{"i":{"x":[0.667],"y":[0.234]},"o":{"x":[0.333],"y":[0]},"t":91,"s":[7]},{"i":{"x":[0.667],"y":[1]},"o":{"x":[0.333],"y":[-1.239]},"t":107,"s":[-6.182]},{"i":{"x":[0.667],"y":[1.165]},"o":{"x":[0.333],"y":[0]},"t":127,"s":[4]},{"i":{"x":[0.667],"y":[1]},"o":{"x":[0.333],"y":[0.188]},"t":146,"s":[-55.036]},{"t":167,"s":[2]}],"ix":10},"p":{"a":0,"k":[352.554,1056.139,0],"ix":2},"a":{"a":0,"k":[354.53,1055.829,0],"ix":1},"s":{"a":0,"k":[100,100,100],"ix":6}},"ao":0,"shapes":[{"ty":"gr","it":[{"ty":"gr","it":[{"ind":0,"ty":"sh","ix":1,"ks":{"a":0,"k":{"i":[[-0.137,-12.541],[0.124,-0.964],[0.106,-0.543],[0.063,-0.263],[0.064,-0.242],[0.009,-0.04],[0.186,-0.495],[9.96,-0.117],[2.48,10.026],[0.018,1.78],[0.005,0.191],[-0.135,0.913],[-0.444,1.303],[-10.101,0.111]],"o":[[0.007,1],[-0.055,0.562],[-0.043,0.261],[-0.053,0.251],[-0.009,0.05],[-0.146,0.513],[-3.116,8.757],[-10.931,0.124],[-0.424,-1.66],[-0.005,-0.191],[0.015,-0.94],[0.193,-1.396],[3.012,-8.944],[12.74,-0.143]],"v":[[23.061,-0.255],[22.889,2.69],[22.634,4.339],[22.465,5.123],[22.285,5.868],[22.249,6.009],[21.759,7.522],[0.25,22.725],[-22.393,5.428],[-23.062,0.254],[-23.067,-0.307],[-22.852,-3.093],[-21.891,-7.151],[-0.26,-22.707]],"c":true},"ix":2},"nm":"Path 1","mn":"ADBE Vector Shape - Group","hd":false},{"ty":"fl","c":{"a":0,"k":[0.059000000358,0.059000000358,0.059000000358,1],"ix":4},"o":{"a":0,"k":100,"ix":5},"r":1,"bm":0,"nm":"Fill 1","mn":"ADBE Vector Graphic - Fill","hd":false},{"ty":"tr","p":{"a":0,"k":[271.753,793.073],"ix":2},"a":{"a":0,"k":[0,0],"ix":1},"s":{"a":0,"k":[100,100],"ix":3},"r":{"a":0,"k":0,"ix":6},"o":{"a":0,"k":100,"ix":7},"sk":{"a":0,"k":0,"ix":4},"sa":{"a":0,"k":0,"ix":5},"nm":"Transform"}],"nm":"Group 1","np":2,"cix":2,"bm":0,"ix":1,"mn":"ADBE Vector Group","hd":false},{"ty":"gr","it":[{"ind":0,"ty":"sh","ix":1,"ks":{"a":0,"k":{"i":[[-0.249,-22.408],[-3.452,-27.073],[0,0.021],[-15.339,55.854],[-0.01,0.051],[-0.058,0.251],[-0.047,0.26],[0.018,1.561],[12.669,-0.141],[3.001,-8.903],[0.234,-1.393],[0.089,-0.94]],"o":[[0.516,46.407],[4.521,7.261],[0.121,-29.672],[0.01,-0.04],[0.067,-0.24],[0.067,-0.261],[0.293,-1.474],[-0.139,-12.478],[-10.059,0.112],[-0.406,1.295],[-0.16,0.912],[-2.538,28.101]],"v":[[-31.166,-0.616],[-11.371,95.89],[14.107,98.406],[30.586,-74.437],[30.625,-74.578],[30.807,-75.32],[30.978,-76.101],[31.397,-80.667],[8.198,-103.01],[-13.331,-87.53],[-14.286,-83.489],[-14.656,-80.715]],"c":true},"ix":2},"nm":"Path 1","mn":"ADBE Vector Shape - Group","hd":false},{"ty":"fl","c":{"a":0,"k":[0.059000000358,0.059000000358,0.059000000358,1],"ix":4},"o":{"a":0,"k":100,"ix":5},"r":1,"bm":0,"nm":"Fill 1","mn":"ADBE Vector Graphic - Fill","hd":false},{"ty":"tr","p":{"a":0,"k":[263.414,873.485],"ix":2},"a":{"a":0,"k":[0,0],"ix":1},"s":{"a":0,"k":[100,100],"ix":3},"r":{"a":0,"k":0,"ix":6},"o":{"a":0,"k":100,"ix":7},"sk":{"a":0,"k":0,"ix":4},"sa":{"a":0,"k":0,"ix":5},"nm":"Transform"}],"nm":"Group 2","np":2,"cix":2,"bm":0,"ix":2,"mn":"ADBE Vector Group","hd":false},{"ty":"tr","p":{"a":0,"k":[351.53,921.893],"ix":2},"a":{"a":0,"k":[263.53,871.893],"ix":1},"s":{"a":0,"k":[100,100],"ix":3},"r":{"a":0,"k":0,"ix":6},"o":{"a":0,"k":100,"ix":7},"sk":{"a":0,"k":0,"ix":4},"sa":{"a":0,"k":0,"ix":5},"nm":"Transform"}],"nm":"calf_1","np":2,"cix":2,"bm":0,"ix":1,"mn":"ADBE Vector Group","hd":false},{"ty":"gr","it":[{"ty":"gr","it":[{"ind":0,"ty":"sh","ix":1,"ks":{"a":0,"k":{"i":[[0,0],[2.839,23.405],[-0.205,-18.423],[-0.187,-4.846],[11.211,-0.528]],"o":[[-1.303,-12.745],[0.13,-16.576],[0.283,25.417],[0,0],[-12.665,0.597]],"v":[[-10.938,26.743],[-13.972,-14.202],[11.503,-19.074],[13.37,24.686],[2.762,36.9]],"c":true},"ix":2},"nm":"Path 1","mn":"ADBE Vector Shape - Group","hd":false},{"ty":"fl","c":{"a":0,"k":[0.787999987602,0.549000024796,0.458999991417,1],"ix":4},"o":{"a":0,"k":100,"ix":5},"r":1,"bm":0,"nm":"Fill 1","mn":"ADBE Vector Graphic - Fill","hd":false},{"ty":"tr","p":{"a":0,"k":[264.847,980.37],"ix":2},"a":{"a":0,"k":[0,0],"ix":1},"s":{"a":0,"k":[100,100],"ix":3},"r":{"a":0,"k":0,"ix":6},"o":{"a":0,"k":100,"ix":7},"sk":{"a":0,"k":0,"ix":4},"sa":{"a":0,"k":0,"ix":5},"nm":"Transform"}],"nm":"Group 1","np":2,"cix":2,"bm":0,"ix":1,"mn":"ADBE Vector Group","hd":false},{"ty":"tr","p":{"a":0,"k":[352.548,1033.774],"ix":2},"a":{"a":0,"k":[264.548,983.774],"ix":1},"s":{"a":0,"k":[100,100],"ix":3},"r":{"a":0,"k":0,"ix":6},"o":{"a":0,"k":100,"ix":7},"sk":{"a":0,"k":0,"ix":4},"sa":{"a":0,"k":0,"ix":5},"nm":"Transform"}],"nm":"calf_skin_1","np":1,"cix":2,"bm":0,"ix":2,"mn":"ADBE Vector Group","hd":false}],"ip":0,"op":300,"st":0,"bm":0},{"ddd":0,"ind":15,"ty":4,"nm":"forearm_1","parent":17,"sr":1,"ks":{"o":{"a":0,"k":100,"ix":11},"r":{"a":1,"k":[{"i":{"x":[0.833],"y":[0.833]},"o":{"x":[0.167],"y":[0.167]},"t":10,"s":[0]},{"i":{"x":[0.833],"y":[0.833]},"o":{"x":[0.167],"y":[0.167]},"t":54,"s":[21]},{"i":{"x":[0.833],"y":[0.833]},"o":{"x":[0.167],"y":[0.167]},"t":91,"s":[-10]},{"i":{"x":[0.833],"y":[0.833]},"o":{"x":[0.167],"y":[0.167]},"t":127,"s":[21]},{"t":167,"s":[0]}],"ix":10},"p":{"a":0,"k":[387.165,527.37,0],"ix":2},"a":{"a":0,"k":[387.165,527.37,0],"ix":1},"s":{"a":0,"k":[100,100,100],"ix":6}},"ao":0,"shapes":[{"ty":"gr","it":[{"ind":0,"ty":"sh","ix":1,"ks":{"a":0,"k":{"i":[[-1.098,-6.213],[-0.024,-0.073],[-8.108,1.433],[1.507,8.522],[0.108,0.431],[6.92,-0.158],[0.747,-0.132],[1.705,-1.212],[0.024,-0.017]],"o":[[0.014,0.074],[1.592,8.408],[8.189,-1.448],[-0.079,-0.446],[-1.844,-7.036],[-0.736,0.01],[-2.177,0.385],[-0.029,0.016],[-4.751,3.367]],"v":[[-15.029,2.091],[-14.981,2.303],[2.523,14.898],[14.62,-3.149],[14.336,-4.459],[-0.713,-16.172],[-2.931,-15.956],[-8.802,-13.503],[-8.866,-13.447]],"c":true},"ix":2},"nm":"Path 1","mn":"ADBE Vector Shape - Group","hd":false},{"ty":"fl","c":{"a":0,"k":[0.46699999641,0.136999990426,0.255000005984,1],"ix":4},"o":{"a":0,"k":100,"ix":5},"r":1,"bm":0,"nm":"Fill 1","mn":"ADBE Vector Graphic - Fill","hd":false},{"ty":"tr","p":{"a":0,"k":[388.635,527.691],"ix":2},"a":{"a":0,"k":[0,0],"ix":1},"s":{"a":0,"k":[100,100],"ix":3},"r":{"a":0,"k":0,"ix":6},"o":{"a":0,"k":100,"ix":7},"sk":{"a":0,"k":0,"ix":4},"sa":{"a":0,"k":0,"ix":5},"nm":"Transform"}],"nm":"Group 1","np":2,"cix":2,"bm":0,"ix":1,"mn":"ADBE Vector Group","hd":false},{"ty":"gr","it":[{"ind":0,"ty":"sh","ix":1,"ks":{"a":0,"k":{"i":[[-1.62,-5.95],[-8.14,-23.793],[0.351,1.045],[18.443,26.818],[5.003,0.69],[0.288,0.017],[0.669,-0.127],[0.015,-0.021]],"o":[[13.195,48.454],[7.931,1.165],[-8.394,-20.484],[-5.664,-8.236],[-0.302,-0.041],[-0.66,0.027],[-1.953,0.371],[-6.491,3.668]],"v":[[-36.255,-44.609],[23.009,63.708],[37.525,54.969],[-7.1,-54.217],[-19.843,-64.831],[-21.584,-64.854],[-23.572,-64.62],[-28.9,-62.417]],"c":true},"ix":2},"nm":"Path 1","mn":"ADBE Vector Shape - Group","hd":false},{"ty":"fl","c":{"a":0,"k":[0.46699999641,0.136999990426,0.255000005984,1],"ix":4},"o":{"a":0,"k":100,"ix":5},"r":1,"bm":0,"nm":"Fill 1","mn":"ADBE Vector Graphic - Fill","hd":false},{"ty":"tr","p":{"a":0,"k":[409.764,576.412],"ix":2},"a":{"a":0,"k":[0,0],"ix":1},"s":{"a":0,"k":[100,100],"ix":3},"r":{"a":0,"k":0,"ix":6},"o":{"a":0,"k":100,"ix":7},"sk":{"a":0,"k":0,"ix":4},"sa":{"a":0,"k":0,"ix":5},"nm":"Transform"}],"nm":"Group 2","np":2,"cix":2,"bm":0,"ix":2,"mn":"ADBE Vector Group","hd":false}],"ip":0,"op":247,"st":0,"bm":0},{"ddd":0,"ind":16,"ty":4,"nm":"hand_1","parent":15,"sr":1,"ks":{"o":{"a":0,"k":100,"ix":11},"r":{"a":0,"k":0,"ix":10},"p":{"a":0,"k":[441.38,630.363,0],"ix":2},"a":{"a":0,"k":[441.38,630.363,0],"ix":1},"s":{"a":0,"k":[100,100,100],"ix":6}},"ao":0,"shapes":[{"ty":"gr","it":[{"ind":0,"ty":"sh","ix":1,"ks":{"a":0,"k":{"i":[[0.469,0.085],[-0.839,-1.619],[0.193,0.424],[0.501,0.83]],"o":[[1.153,1.438],[-0.159,-0.44],[-0.396,-0.878],[-0.241,-0.401]],"v":[[1.742,14.675],[4.542,19.367],[4.021,18.068],[2.768,15.461]],"c":true},"ix":2},"nm":"Path 1","mn":"ADBE Vector Shape - Group","hd":false},{"ind":1,"ty":"sh","ix":2,"ks":{"a":0,"k":{"i":[[-1.228,-2.017],[1.237,2.013]],"o":[[-0.855,-2.206],[0.976,2.146]],"v":[[10.346,30.8],[7.06,24.548]],"c":true},"ix":2},"nm":"Path 2","mn":"ADBE Vector Shape - Group","hd":false},{"ind":2,"ty":"sh","ix":3,"ks":{"a":0,"k":{"i":[[-0.693,-1.356],[0.684,2.003],[0.763,0.564],[-0.129,-0.243],[-0.348,-1.17]],"o":[[-0.645,-2.014],[-0.304,-0.891],[0.101,0.259],[0.573,1.078],[0.427,1.436]],"v":[[-1.202,21.406],[-3.148,15.367],[-4.816,13.19],[-4.456,13.933],[-2.939,17.252]],"c":true},"ix":2},"nm":"Path 3","mn":"ADBE Vector Shape - Group","hd":false},{"ind":3,"ty":"sh","ix":4,"ks":{"a":0,"k":{"i":[[-0.348,-0.945],[0.022,0.126],[0.479,1.065],[1.634,2.808],[1.274,2.24],[0.147,0.208],[0.126,-0.07],[-0.057,-0.117],[-0.137,-0.23],[-1.416,-2.391],[-1.14,-3.097]],"o":[[0.082,-0.146],[-0.2,-1.135],[-1.329,-2.96],[-1.297,-2.228],[-0.126,-0.222],[-0.086,-0.122],[-0.131,0.072],[0.118,0.24],[1.416,2.39],[1.686,2.845],[0.34,0.923]],"v":[[16.652,31.319],[16.672,30.914],[15.699,27.592],[11.279,18.922],[7.477,12.19],[7.072,11.541],[6.737,11.467],[6.694,11.764],[7.052,12.483],[11.309,19.649],[15.625,28.529]],"c":true},"ix":2},"nm":"Path 4","mn":"ADBE Vector Shape - Group","hd":false},{"ind":4,"ty":"sh","ix":5,"ks":{"a":0,"k":{"i":[[0.016,-0.015],[-0.167,-0.461],[-0.133,-0.417],[0.936,-0.489],[0.381,1.523],[0.273,0.577],[0.368,-0.327],[0.8,0.328],[0.462,0.636],[1.784,2.876],[0.067,0.088],[0.45,-0.32],[0.703,0.415],[0.729,0.839],[1.26,1.821],[1.078,1.981],[0.882,1.567],[1.165,2.056],[0.684,1.947],[-0.932,6.842],[-1.726,1.944],[-21.833,-10.471],[-1.412,-0.927],[-0.619,-0.708],[-1.767,-1.374],[-0.949,-0.781],[-1.569,-0.979],[-0.442,-0.563],[0.341,-0.484],[1.041,-0.009],[1.878,1.015],[0.423,0.312],[1.698,1.527],[0.503,0.38],[0.088,-0.321],[0.106,-0.615],[-0.004,-0.584],[-0.639,-1.776],[-0.669,-1.646],[-0.469,-0.888],[-1.443,-3.848],[-0.669,-2.446],[-0.017,-0.602],[-0.025,-1.067],[0.445,-0.808],[1.102,0.921],[0.04,0.033]],"o":[[0.171,0.46],[0.15,0.414],[0.504,1.577],[-1.247,0.652],[-0.151,-0.603],[-0.036,0.504],[-0.639,0.567],[-0.724,-0.296],[-1.987,-2.733],[-0.027,-0.044],[-0.07,0.592],[-0.587,0.416],[-0.954,-0.563],[-1.447,-1.667],[-1.285,-1.858],[-0.859,-1.58],[-1.159,-2.058],[-8.572,-19.078],[-2.485,-7.236],[1.227,-2.341],[5.952,-4.919],[1.414,0.925],[0.771,0.507],[1.485,1.699],[0.967,0.752],[1.434,1.178],[0.585,0.364],[0.402,0.513],[-0.584,0.831],[-2.033,0.017],[-0.462,-0.25],[-1.826,-1.34],[-0.479,-0.431],[-0.283,-0.213],[-0.164,0.597],[-0.099,0.568],[0.015,1.911],[0.6,1.669],[0.376,0.925],[1.917,3.628],[0.897,2.39],[0.162,0.593],[0.03,1.068],[0.023,0.945],[-0.648,1.179],[-0.039,-0.033],[-0.015,0.015]],"v":[[18.431,36.891],[18.944,38.272],[19.32,39.532],[17.939,42.723],[14.855,41.06],[14.241,39.295],[13.759,40.594],[11.574,40.834],[9.888,39.313],[4.147,30.961],[4.018,30.79],[3.34,32.2],[1.43,32.304],[-0.967,30.06],[-5.065,24.859],[-8.508,19.043],[-11.125,14.325],[-14.622,8.16],[-23.518,-19.992],[-26.646,-34.803],[-23.948,-38.456],[7.182,-17.857],[11.449,-15.129],[13.467,-13.221],[18.299,-8.556],[21.156,-6.23],[25.576,-2.858],[27.138,-1.458],[27.237,0.008],[24.819,1.343],[18.962,-0.228],[17.68,-1.137],[12.345,-5.366],[10.827,-6.492],[9.703,-6.154],[9.242,-4.351],[9.345,-2.596],[10.84,2.828],[12.72,7.811],[14.052,10.511],[19.448,21.559],[21.693,28.839],[21.888,30.635],[22.025,33.842],[21.513,36.518],[18.595,36.945],[18.478,36.846]],"c":true},"ix":2},"nm":"Path 5","mn":"ADBE Vector Shape - Group","hd":false},{"ty":"mm","mm":1,"nm":"Merge Paths 1","mn":"ADBE Vector Filter - Merge","hd":false},{"ty":"fl","c":{"a":0,"k":[0.788000009574,0.54900004069,0.458999992819,1],"ix":4},"o":{"a":0,"k":100,"ix":5},"r":1,"bm":0,"nm":"Fill 1","mn":"ADBE Vector Graphic - Fill","hd":false},{"ty":"tr","p":{"a":0,"k":[461.104,661.096],"ix":2},"a":{"a":0,"k":[0,0],"ix":1},"s":{"a":0,"k":[100,100],"ix":3},"r":{"a":0,"k":0,"ix":6},"o":{"a":0,"k":100,"ix":7},"sk":{"a":0,"k":0,"ix":4},"sa":{"a":0,"k":0,"ix":5},"nm":"Transform"}],"nm":"Group 1","np":7,"cix":2,"bm":0,"ix":1,"mn":"ADBE Vector Group","hd":false}],"ip":0,"op":247,"st":0,"bm":0},{"ddd":0,"ind":17,"ty":4,"nm":"arm_1","parent":6,"sr":1,"ks":{"o":{"a":0,"k":100,"ix":11},"r":{"a":1,"k":[{"i":{"x":[0.833],"y":[0.833]},"o":{"x":[0.167],"y":[0.167]},"t":10,"s":[-7]},{"i":{"x":[0.833],"y":[0.833]},"o":{"x":[0.167],"y":[0.167]},"t":54,"s":[-54]},{"i":{"x":[0.833],"y":[0.833]},"o":{"x":[0.167],"y":[0.167]},"t":91,"s":[-101]},{"i":{"x":[0.833],"y":[0.833]},"o":{"x":[0.167],"y":[0.167]},"t":127,"s":[-54]},{"t":167,"s":[-7]}],"ix":10},"p":{"a":0,"k":[343.607,442.348,0],"ix":2},"a":{"a":0,"k":[512.768,451.406,0],"ix":1},"s":{"a":0,"k":[100,100,100],"ix":6}},"ao":0,"shapes":[{"ty":"gr","it":[{"ind":0,"ty":"sh","ix":1,"ks":{"a":0,"k":{"i":[[2.702,-9.146],[-12.705,-3.055],[-5.98,5.442],[-1.375,4.315],[0,0],[-0.052,0.177],[12.705,3.054],[2.727,-0.317],[0.768,-0.169]],"o":[[-3.761,12.728],[8.164,1.962],[3.189,-2.906],[0,0],[0.065,-0.174],[3.761,-12.728],[-2.777,-0.668],[-0.782,0.089],[-8.802,1.86]],"v":[[-22.997,-6.109],[-6.811,22.473],[15.757,16.448],[22.822,5.5],[22.833,5.465],[22.997,4.948],[6.809,-23.62],[-1.511,-24.117],[-3.839,-23.743]],"c":true},"ix":2},"nm":"Path 1","mn":"ADBE Vector Shape - Group","hd":false},{"ty":"fl","c":{"a":0,"k":[0.46699999641,0.136999990426,0.255000005984,1],"ix":4},"o":{"a":0,"k":100,"ix":5},"r":1,"bm":0,"nm":"Fill 1","mn":"ADBE Vector Graphic - Fill","hd":false},{"ty":"tr","p":{"a":0,"k":[515.056,449.383],"ix":2},"a":{"a":0,"k":[0,0],"ix":1},"s":{"a":0,"k":[100,100],"ix":3},"r":{"a":0,"k":0,"ix":6},"o":{"a":0,"k":100,"ix":7},"sk":{"a":0,"k":0,"ix":4},"sa":{"a":0,"k":0,"ix":5},"nm":"Transform"}],"nm":"Group 1","np":2,"cix":2,"bm":0,"ix":1,"mn":"ADBE Vector Group","hd":false},{"ty":"gr","it":[{"ind":0,"ty":"sh","ix":1,"ks":{"a":0,"k":{"i":[[-17.514,11.442],[-31.252,21.287],[-6.42,3.332],[-13.375,6.392],[-0.204,7.751],[13.487,3.041],[16.367,-20.069],[27.506,-27.591]],"o":[[16.499,-10.78],[19.028,-12.961],[0,0],[16.004,-7.649],[0.195,-7.381],[-10.908,-2.461],[-43.373,16.067],[-17.441,17.495]],"v":[[-52.667,52.354],[9.057,18.924],[42.808,-5.066],[66.287,-12.474],[87.882,-37.928],[70.658,-61.336],[34.024,-40.926],[-70.636,26.104]],"c":true},"ix":2},"nm":"Path 1","mn":"ADBE Vector Shape - Group","hd":false},{"ty":"fl","c":{"a":0,"k":[0.46699999641,0.136999990426,0.255000005984,1],"ix":4},"o":{"a":0,"k":100,"ix":5},"r":1,"bm":0,"nm":"Fill 1","mn":"ADBE Vector Graphic - Fill","hd":false},{"ty":"tr","p":{"a":0,"k":[451.206,487.1],"ix":2},"a":{"a":0,"k":[0,0],"ix":1},"s":{"a":0,"k":[100,100],"ix":3},"r":{"a":0,"k":0,"ix":6},"o":{"a":0,"k":100,"ix":7},"sk":{"a":0,"k":0,"ix":4},"sa":{"a":0,"k":0,"ix":5},"nm":"Transform"}],"nm":"Group 2","np":2,"cix":2,"bm":0,"ix":2,"mn":"ADBE Vector Group","hd":false}],"ip":0,"op":247,"st":0,"bm":0}],"markers":[]}