{"v":"5.6.3","fr":60,"ip":0,"op":120,"w":1100,"h":1100,"nm":"Floor Dips","ddd":0,"assets":[],"layers":[{"ddd":0,"ind":1,"ty":4,"nm":"arm","parent":5,"sr":1,"ks":{"o":{"a":0,"k":100,"ix":11},"r":{"a":1,"k":[{"i":{"x":[0.589],"y":[0.582]},"o":{"x":[0.368],"y":[0]},"t":6,"s":[0]},{"i":{"x":[0.503],"y":[1]},"o":{"x":[0.21],"y":[0.639]},"t":29,"s":[-23.823]},{"i":{"x":[0.757],"y":[0.232]},"o":{"x":[0.444],"y":[0]},"t":67,"s":[-37]},{"i":{"x":[0.718],"y":[0.571]},"o":{"x":[0.406],"y":[0.384]},"t":88,"s":[-28.913]},{"i":{"x":[0.637],"y":[1]},"o":{"x":[0.341],"y":[0.415]},"t":98,"s":[-16.059]},{"t":108,"s":[0]}],"ix":10},"p":{"a":0,"k":[750.223,540.846,0],"ix":2},"a":{"a":0,"k":[714.223,416.846,0],"ix":1},"s":{"a":0,"k":[100,100,100],"ix":6}},"ao":0,"shapes":[{"ty":"gr","it":[{"ind":0,"ty":"sh","ix":1,"ks":{"a":0,"k":{"i":[[-19.607,1.383],[-1.383,-19.608],[19.608,-1.383],[1.383,19.608]],"o":[[19.608,-1.383],[1.383,19.608],[-19.609,1.383],[-1.383,-19.609]],"v":[[-2.504,-35.505],[35.505,-2.504],[2.504,35.504],[-35.504,2.504]],"c":true},"ix":2},"nm":"Path 1","mn":"ADBE Vector Shape - Group","hd":false},{"ty":"fl","c":{"a":0,"k":[0.847000002394,0.607999973671,0.501999978458,1],"ix":4},"o":{"a":0,"k":100,"ix":5},"r":1,"bm":0,"nm":"Fill 1","mn":"ADBE Vector Graphic - Fill","hd":false},{"ty":"tr","p":{"a":0,"k":[712.695,415.394],"ix":2},"a":{"a":0,"k":[0,0],"ix":1},"s":{"a":0,"k":[100,100],"ix":3},"r":{"a":0,"k":0,"ix":6},"o":{"a":0,"k":100,"ix":7},"sk":{"a":0,"k":0,"ix":4},"sa":{"a":0,"k":0,"ix":5},"nm":"Transform"}],"nm":"Group 1","np":2,"cix":2,"bm":0,"ix":1,"mn":"ADBE Vector Group","hd":false},{"ty":"gr","it":[{"ind":0,"ty":"sh","ix":1,"ks":{"a":0,"k":{"i":[[3.462,-1.385],[3.103,-10.188],[-2.968,-10.046],[-4.534,-4.974],[-3.569,-4.285],[-0.508,-5.052],[-8.017,-16.166],[-1.014,-3.862],[-1.51,-3.414],[-2.786,-2.142],[-7.155,3.984],[0.459,8.623],[0.313,3.438],[0.523,4.294],[0.99,6.646],[0.718,4.631],[1.196,10.238],[2.254,11.476],[10.325,7.726],[8.141,-0.428]],"o":[[-10.005,4.002],[-3.081,10.117],[1.896,6.419],[3.752,4.116],[3.388,4.067],[1.828,17.957],[1.766,3.56],[0.945,3.593],[1.42,3.212],[6.515,5.007],[7.647,-4.257],[-0.183,-3.445],[-0.375,-4.314],[-0.801,-6.66],[-0.697,-4.633],[-1.579,-10.186],[-1.355,-11.604],[-2.43,-12.367],[-6.528,-4.884],[-3.695,0.195]],"v":[[-21.778,-91.262],[-43.283,-68.583],[-42.6,-37.189],[-33.127,-19.584],[-21.492,-7.582],[-17.448,6.885],[-2.541,58.625],[1.999,69.509],[5.033,80.3],[11.458,88.518],[34.497,90.131],[45.905,68.521],[45.167,58.196],[43.816,45.29],[41.085,25.333],[38.951,11.427],[34.871,-19.227],[32.146,-52.669],[11.894,-86.479],[-10.966,-93.688]],"c":true},"ix":2},"nm":"Path 1","mn":"ADBE Vector Shape - Group","hd":false},{"ty":"fl","c":{"a":0,"k":[0.847000002394,0.607999973671,0.501999978458,1],"ix":4},"o":{"a":0,"k":100,"ix":5},"r":1,"bm":0,"nm":"Fill 1","mn":"ADBE Vector Graphic - Fill","hd":false},{"ty":"tr","p":{"a":0,"k":[721.875,473.338],"ix":2},"a":{"a":0,"k":[0,0],"ix":1},"s":{"a":0,"k":[100,100],"ix":3},"r":{"a":0,"k":0,"ix":6},"o":{"a":0,"k":100,"ix":7},"sk":{"a":0,"k":0,"ix":4},"sa":{"a":0,"k":0,"ix":5},"nm":"Transform"}],"nm":"Group 2","np":2,"cix":2,"bm":0,"ix":2,"mn":"ADBE Vector Group","hd":false}],"ip":0,"op":120,"st":0,"bm":0},{"ddd":0,"ind":2,"ty":4,"nm":"forearm","parent":1,"sr":1,"ks":{"o":{"a":0,"k":100,"ix":11},"r":{"a":1,"k":[{"i":{"x":[0.589],"y":[0.62]},"o":{"x":[0.368],"y":[0]},"t":6,"s":[0]},{"i":{"x":[0.503],"y":[1]},"o":{"x":[0.21],"y":[0.779]},"t":29,"s":[43.892]},{"i":{"x":[0.757],"y":[0.101]},"o":{"x":[0.444],"y":[0]},"t":67,"s":[62]},{"i":{"x":[0.718],"y":[0.517]},"o":{"x":[0.406],"y":[0.412]},"t":88,"s":[50.422]},{"i":{"x":[0.637],"y":[1]},"o":{"x":[0.341],"y":[0.386]},"t":98,"s":[30.332]},{"t":108,"s":[0]}],"ix":10},"p":{"a":0,"k":[745.916,542.52,0],"ix":2},"a":{"a":0,"k":[745.916,542.52,0],"ix":1},"s":{"a":0,"k":[100,100,100],"ix":6}},"ao":0,"shapes":[{"ty":"gr","it":[{"ind":0,"ty":"sh","ix":1,"ks":{"a":0,"k":{"i":[[-11.646,2.747],[-2.748,-11.645],[11.646,-2.747],[2.748,11.645]],"o":[[11.646,-2.747],[2.747,11.646],[-11.645,2.748],[-2.747,-11.646]],"v":[[-4.974,-21.086],[21.086,-4.975],[4.974,21.085],[-21.086,4.974]],"c":true},"ix":2},"nm":"Path 1","mn":"ADBE Vector Shape - Group","hd":false},{"ty":"fl","c":{"a":0,"k":[0.847000002394,0.607999973671,0.501999978458,1],"ix":4},"o":{"a":0,"k":100,"ix":5},"r":1,"bm":0,"nm":"Fill 1","mn":"ADBE Vector Graphic - Fill","hd":false},{"ty":"tr","p":{"a":0,"k":[746.269,544.57],"ix":2},"a":{"a":0,"k":[0,0],"ix":1},"s":{"a":0,"k":[100,100],"ix":3},"r":{"a":0,"k":0,"ix":6},"o":{"a":0,"k":100,"ix":7},"sk":{"a":0,"k":0,"ix":4},"sa":{"a":0,"k":0,"ix":5},"nm":"Transform"}],"nm":"Group 1","np":2,"cix":2,"bm":0,"ix":1,"mn":"ADBE Vector Group","hd":false},{"ty":"gr","it":[{"ind":0,"ty":"sh","ix":1,"ks":{"a":0,"k":{"i":[[-0.208,-0.103],[-2.476,-4.194],[-1.474,-4.172],[-1.346,-6.339],[-0.183,-0.943],[-0.036,-0.198],[-0.204,-1.215],[2.363,-20.818],[3.356,-7.013],[3.479,-2.022],[1.259,-1.108],[1.291,-2.544],[6.229,23.169],[2.369,11.122],[0.146,4.678],[-1.045,4.324],[-7.451,2.026],[-4.266,-1.934]],"o":[[4.358,2.165],[2.249,3.811],[2.164,6.116],[0.191,0.941],[0.036,0.197],[0.235,1.208],[3.387,20.675],[-0.577,5.048],[-0.589,1.231],[-1.527,0.884],[-2.376,2.081],[-4.958,-26.338],[-2.942,-10.939],[-0.975,-4.579],[-0.136,-4.397],[1.822,-7.467],[4.52,-1.23],[0.214,0.097]],"v":[[2.485,-67.989],[12.825,-58.425],[18.133,-46.135],[23.283,-27.352],[23.857,-24.528],[23.967,-23.927],[24.62,-20.29],[23.837,37.743],[17.486,61.99],[7.228,64.304],[3.055,67.301],[-1.501,70.591],[-15.662,5.683],[-25.974,-26.638],[-27.659,-40.56],[-26.962,-53.678],[-11.881,-69.362],[1.853,-68.289]],"c":true},"ix":2},"nm":"Path 1","mn":"ADBE Vector Shape - Group","hd":false},{"ty":"fl","c":{"a":0,"k":[0.847000002394,0.607999973671,0.501999978458,1],"ix":4},"o":{"a":0,"k":100,"ix":5},"r":1,"bm":0,"nm":"Fill 1","mn":"ADBE Vector Graphic - Fill","hd":false},{"ty":"tr","p":{"a":0,"k":[752.745,593.549],"ix":2},"a":{"a":0,"k":[0,0],"ix":1},"s":{"a":0,"k":[100,100],"ix":3},"r":{"a":0,"k":0,"ix":6},"o":{"a":0,"k":100,"ix":7},"sk":{"a":0,"k":0,"ix":4},"sa":{"a":0,"k":0,"ix":5},"nm":"Transform"}],"nm":"Group 2","np":2,"cix":2,"bm":0,"ix":2,"mn":"ADBE Vector Group","hd":false}],"ip":0,"op":120,"st":0,"bm":0},{"ddd":0,"ind":3,"ty":4,"nm":"hand","sr":1,"ks":{"o":{"a":0,"k":100,"ix":11},"r":{"a":0,"k":0,"ix":10},"p":{"a":0,"k":[753.929,775.114,0],"ix":2},"a":{"a":0,"k":[717.929,651.114,0],"ix":1},"s":{"a":0,"k":[100,100,100],"ix":6}},"ao":0,"shapes":[{"ty":"gr","it":[{"ind":0,"ty":"sh","ix":1,"ks":{"a":0,"k":{"i":[[-0.729,-1.136],[-0.42,-0.276],[0.255,0.93],[-1.152,-0.397],[-1.21,0.138],[-1.972,0.807],[-1.375,-1.526],[-2.663,0.395],[-4.896,0.092],[-3.018,-0.686],[-7.215,-0.519],[-8.335,4.477],[0,0],[21.945,-4.142],[1.824,0.686],[3.259,-0.565],[4.048,-0.582],[4.447,-1.134],[4.926,-1.443],[2.841,-0.734],[4.648,-1.73],[0.489,-0.817]],"o":[[0.285,0.443],[0.274,0.18],[0.322,1.176],[1.151,0.399],[2.13,-0.243],[2.564,-1.05],[2,2.22],[4.838,-0.718],[3.126,-0.058],[7.061,1.604],[9.343,0.673],[7.854,-4.218],[-0.498,-3.748],[-1.873,0.354],[-3.044,-1.143],[-4.01,0.695],[-4.531,0.652],[-4.969,1.268],[-2.815,0.824],[-4.814,1.245],[-0.892,0.332],[-0.742,1.238]],"v":[[-54.131,8.401],[-53.071,9.505],[-49.711,9.593],[-47.198,12.048],[-43.581,12.286],[-37.531,10.588],[-34.235,13.534],[-26.36,15.086],[-12.045,11.72],[-2.94,13.317],[18.859,15.775],[46.099,11.255],[55.37,-2.854],[30.278,-11.028],[19.375,-14.694],[10.081,-15.882],[-1.596,-12.613],[-15.073,-8.983],[-30.045,-5.458],[-38.435,-2.906],[-52.281,2.628],[-54.628,4.151]],"c":true},"ix":2},"nm":"Path 1","mn":"ADBE Vector Shape - Group","hd":false},{"ty":"fl","c":{"a":0,"k":[0.847000002394,0.607999973671,0.501999978458,1],"ix":4},"o":{"a":0,"k":100,"ix":5},"r":1,"bm":0,"nm":"Fill 1","mn":"ADBE Vector Graphic - Fill","hd":false},{"ty":"tr","p":{"a":0,"k":[717.739,651.165],"ix":2},"a":{"a":0,"k":[0,0],"ix":1},"s":{"a":0,"k":[100,100],"ix":3},"r":{"a":0,"k":0,"ix":6},"o":{"a":0,"k":100,"ix":7},"sk":{"a":0,"k":0,"ix":4},"sa":{"a":0,"k":0,"ix":5},"nm":"Transform"}],"nm":"Group 1","np":2,"cix":2,"bm":0,"ix":1,"mn":"ADBE Vector Group","hd":false}],"ip":0,"op":120,"st":0,"bm":0},{"ddd":0,"ind":4,"ty":4,"nm":"head","parent":7,"sr":1,"ks":{"o":{"a":0,"k":100,"ix":11},"r":{"a":0,"k":0,"ix":10},"p":{"a":0,"k":[801.878,420.359,0],"ix":2},"a":{"a":0,"k":[801.878,420.359,0],"ix":1},"s":{"a":0,"k":[100,100,100],"ix":6}},"ao":0,"shapes":[{"ty":"gr","it":[{"ty":"gr","it":[{"ind":0,"ty":"sh","ix":1,"ks":{"a":0,"k":{"i":[[-0.071,0.137],[12.729,14.388],[11.186,4.709],[1.287,1.108],[0.966,0.839],[0.864,0.041],[1.116,0.822],[0,0],[2.148,0.074],[1.531,0.392],[0.068,0.537],[0.375,-0.194],[0.455,0.052],[-0.135,0.41],[0.276,-0.138],[0.044,0.384],[0.411,-0.559],[0.116,-0.068],[0.35,0.404],[0.836,-0.772],[0.091,-0.041],[0.003,-0.038],[0.495,0.192],[-0.594,0.776],[0.693,-0.627],[0.621,-0.82],[-2.922,-4.728],[-3.543,-0.79],[-3.358,-5.563],[0.312,-0.721],[0.193,-0.301],[-0.335,-0.739],[0.617,-1.297],[0.976,-1.583],[-0.682,-5.815],[3.012,-3.899],[-1.199,-0.353],[-2.111,2.591],[-3.476,-1.606],[-0.462,-3.377],[1.669,-3.78],[1.013,-4.994],[-0.243,-0.965],[-1.501,1.302],[-1.395,1.107],[-1.629,0.969],[-3.216,2.02],[-2.937,5.487]],"o":[[8.829,-16.957],[-7.972,-9.011],[-1.546,-0.651],[-0.969,-0.835],[-0.659,-0.574],[-1.367,-0.065],[-1.116,-0.822],[0,0],[-1.561,-0.055],[-0.197,-0.515],[-0.375,0.195],[-0.391,0.202],[-0.455,-0.054],[-0.277,0.138],[-0.042,-0.384],[-0.411,0.559],[-0.078,0.107],[-0.441,0.259],[-0.379,0.639],[-0.092,0.041],[0.001,0.022],[-0.381,0.253],[-1.365,-0.527],[-0.541,0.706],[-0.768,0.695],[-3.185,4.202],[2.001,3.239],[5.676,1.264],[0.426,0.707],[-0.142,0.328],[-0.455,0.713],[0.597,1.312],[-0.804,1.689],[-3.006,4.874],[0.585,4.995],[1.454,1.117],[0.575,-0.678],[3.21,-3.944],[3.319,1.534],[0.587,4.291],[-2.072,4.692],[-0.198,0.975],[0.618,2.441],[1.34,-1.163],[1.486,-1.179],[3.262,-1.94],[5.286,-3.319],[0.073,-0.136]],"v":[[33.081,26.509],[25.689,-27.042],[5.442,-41.729],[-0.016,-43.974],[-1.545,-47.31],[-4.043,-47.84],[-7.895,-49.215],[-12.488,-53.28],[-17.516,-50.987],[-22.063,-52.255],[-22.485,-53.835],[-23.61,-53.253],[-24.878,-52.895],[-25.653,-53.802],[-26.482,-53.387],[-26.611,-54.539],[-27.844,-52.862],[-28.12,-52.576],[-29.468,-53.169],[-31.236,-50.263],[-31.512,-50.138],[-31.517,-50.044],[-32.825,-49.885],[-32.89,-52.944],[-35.401,-51.088],[-37.487,-48.809],[-38.988,-33.781],[-29.545,-28.271],[-13.533,-21.297],[-13.09,-19.007],[-13.683,-18.117],[-13.465,-15.69],[-13.164,-12.01],[-16.418,-7.453],[-17.602,6.785],[-18.548,15.703],[-14.569,17.785],[-12.996,15.852],[-0.905,13.643],[4.512,22.49],[1.362,34.43],[-2.533,49.143],[-2.685,52.097],[1.87,52.813],[5.737,49.19],[10.439,46],[20.342,40.384],[32.865,26.917]],"c":true},"ix":2},"nm":"Path 1","mn":"ADBE Vector Shape - Group","hd":false},{"ty":"fl","c":{"a":0,"k":[0.266999989748,0.172999992967,0.144999995828,1],"ix":4},"o":{"a":0,"k":100,"ix":5},"r":1,"bm":0,"nm":"Fill 1","mn":"ADBE Vector Graphic - Fill","hd":false},{"ty":"tr","p":{"a":0,"k":[787.65,296.698],"ix":2},"a":{"a":0,"k":[0,0],"ix":1},"s":{"a":0,"k":[100,100],"ix":3},"r":{"a":0,"k":0,"ix":6},"o":{"a":0,"k":100,"ix":7},"sk":{"a":0,"k":0,"ix":4},"sa":{"a":0,"k":0,"ix":5},"nm":"Transform"}],"nm":"Group 1","np":2,"cix":2,"bm":0,"ix":1,"mn":"ADBE Vector Group","hd":false},{"ty":"tr","p":{"a":0,"k":[822.319,420.359],"ix":2},"a":{"a":0,"k":[786.319,296.359],"ix":1},"s":{"a":0,"k":[100,100],"ix":3},"r":{"a":0,"k":0,"ix":6},"o":{"a":0,"k":100,"ix":7},"sk":{"a":0,"k":0,"ix":4},"sa":{"a":0,"k":0,"ix":5},"nm":"Transform"}],"nm":"hair","np":1,"cix":2,"bm":0,"ix":1,"mn":"ADBE Vector Group","hd":false},{"ty":"gr","it":[{"ty":"gr","it":[{"ind":0,"ty":"sh","ix":1,"ks":{"a":0,"k":{"i":[[0,0],[-8.627,-3.138],[0.522,-2.03],[2.597,-1.772],[2.171,-1.62],[1.194,-0.683],[1.537,0.853],[0.464,1.577]],"o":[[2.692,-2.462],[1.969,0.717],[-0.778,3.015],[-2.239,1.528],[-1.101,0.822],[-1.513,0.866],[-1.537,-0.854],[0,0]],"v":[[-6.505,-5.857],[7.159,-10.001],[11.801,-2.186],[6.461,5.835],[-0.759,9.559],[-3.965,12.139],[-8.992,12.285],[-12.323,6.665]],"c":true},"ix":2},"nm":"Path 1","mn":"ADBE Vector Shape - Group","hd":false},{"ty":"fl","c":{"a":0,"k":[0.847000002861,0.60799998045,0.501999974251,1],"ix":4},"o":{"a":0,"k":100,"ix":5},"r":1,"bm":0,"nm":"Fill 1","mn":"ADBE Vector Graphic - Fill","hd":false},{"ty":"tr","p":{"a":0,"k":[779.586,320.34],"ix":2},"a":{"a":0,"k":[0,0],"ix":1},"s":{"a":0,"k":[100,100],"ix":3},"r":{"a":0,"k":0,"ix":6},"o":{"a":0,"k":100,"ix":7},"sk":{"a":0,"k":0,"ix":4},"sa":{"a":0,"k":0,"ix":5},"nm":"Transform"}],"nm":"Group 1","np":2,"cix":2,"bm":0,"ix":1,"mn":"ADBE Vector Group","hd":false},{"ty":"gr","it":[{"ind":0,"ty":"sh","ix":1,"ks":{"a":0,"k":{"i":[[1.052,-0.799],[6.199,-2.027],[1.667,0.218],[-0.396,3.505],[0.091,0.061],[-2.489,0.509],[-1.76,2.12],[-0.855,0.929],[-1.184,0.798],[-2.359,0.781],[-2.865,-1.4],[-0.069,-0.931],[0.51,-1.011],[0.623,-0.707],[0.901,-0.536]],"o":[[-5.178,3.934],[-1.597,0.524],[-3.521,-0.461],[0.023,-0.211],[2.007,1.349],[2.49,-0.509],[0.81,-0.976],[0.993,-1.077],[2.139,-1.441],[3.237,-1.072],[0.761,0.372],[0.09,1.204],[-0.414,0.822],[-0.728,0.826],[-1.149,0.684]],"v":[[10.179,0.648],[-7.342,10.81],[-12.285,11.561],[-18.192,3.959],[-17.904,1.752],[-11.714,2.786],[-5.055,-1.334],[-2.715,-4.339],[0.661,-7.025],[7.333,-10.707],[16.87,-10.076],[18.498,-8.207],[17.017,-5.066],[15.934,-2.481],[12.975,-0.682]],"c":true},"ix":2},"nm":"Path 1","mn":"ADBE Vector Shape - Group","hd":false},{"ty":"fl","c":{"a":0,"k":[0.787999987602,0.549000024796,0.458999991417,1],"ix":4},"o":{"a":0,"k":100,"ix":5},"r":1,"bm":0,"nm":"Fill 1","mn":"ADBE Vector Graphic - Fill","hd":false},{"ty":"tr","p":{"a":0,"k":[785.314,324.973],"ix":2},"a":{"a":0,"k":[0,0],"ix":1},"s":{"a":0,"k":[100,100],"ix":3},"r":{"a":0,"k":0,"ix":6},"o":{"a":0,"k":100,"ix":7},"sk":{"a":0,"k":0,"ix":4},"sa":{"a":0,"k":0,"ix":5},"nm":"Transform"}],"nm":"Group 2","np":2,"cix":2,"bm":0,"ix":2,"mn":"ADBE Vector Group","hd":false},{"ty":"gr","it":[{"ind":0,"ty":"sh","ix":1,"ks":{"a":0,"k":{"i":[[11.495,-9.322],[1.053,-0.781],[4.646,-2.297],[9.581,0.975],[9.573,5.013],[1.961,1.733],[-1.14,2.827],[-2.069,3.953],[0.091,0.061],[0,0],[0,0],[-1.436,1.985],[-1.714,2.073],[-6.986,2.367],[-10.901,-6.363],[1.22,-6.902]],"o":[[-1.009,0.826],[-4.626,3.425],[-2.411,1.199],[-10.677,-1.087],[-2.292,-1.199],[-2.379,-2.104],[1.671,-4.146],[0.414,-0.824],[-5.255,-3.61],[0,0],[1.685,-1.759],[1.576,-2.179],[4.651,-5.622],[11.418,-3.867],[15.199,8.872],[-4.581,14.398]],"v":[[25.864,33.113],[22.772,35.524],[8.36,44.921],[-11.411,45.406],[-43.116,36.51],[-49.838,32.574],[-51.159,25.213],[-45.947,12.791],[-41.308,3.961],[-47.191,-2.675],[-29.664,-15.691],[-25.316,-22.011],[-20.39,-28.398],[-3.636,-40.419],[33.03,-40.018],[51.079,-2.866]],"c":true},"ix":2},"nm":"Path 1","mn":"ADBE Vector Shape - Group","hd":false},{"ty":"fl","c":{"a":0,"k":[0.847000002861,0.60799998045,0.501999974251,1],"ix":4},"o":{"a":0,"k":100,"ix":5},"r":1,"bm":0,"nm":"Fill 1","mn":"ADBE Vector Graphic - Fill","hd":false},{"ty":"tr","p":{"a":0,"k":[757.999,303.447],"ix":2},"a":{"a":0,"k":[0,0],"ix":1},"s":{"a":0,"k":[100,100],"ix":3},"r":{"a":0,"k":0,"ix":6},"o":{"a":0,"k":100,"ix":7},"sk":{"a":0,"k":0,"ix":4},"sa":{"a":0,"k":0,"ix":5},"nm":"Transform"}],"nm":"Group 3","np":2,"cix":2,"bm":0,"ix":3,"mn":"ADBE Vector Group","hd":false},{"ty":"tr","p":{"a":0,"k":[793.704,428.408],"ix":2},"a":{"a":0,"k":[757.704,304.408],"ix":1},"s":{"a":0,"k":[100,100],"ix":3},"r":{"a":0,"k":0,"ix":6},"o":{"a":0,"k":100,"ix":7},"sk":{"a":0,"k":0,"ix":4},"sa":{"a":0,"k":0,"ix":5},"nm":"Transform"}],"nm":"head_skin","np":3,"cix":2,"bm":0,"ix":2,"mn":"ADBE Vector Group","hd":false}],"ip":0,"op":120,"st":0,"bm":0},{"ddd":0,"ind":5,"ty":4,"nm":"body","parent":14,"sr":1,"ks":{"o":{"a":0,"k":100,"ix":11},"r":{"a":0,"k":0,"ix":10},"p":{"a":0,"k":[591.441,484.589,0],"ix":2},"a":{"a":0,"k":[627.441,608.589,0],"ix":1},"s":{"a":0,"k":[100,100,100],"ix":6}},"ao":0,"shapes":[{"ty":"gr","it":[{"ty":"gr","it":[{"ind":0,"ty":"sh","ix":1,"ks":{"a":0,"k":{"i":[[-2.199,-2.025],[6.072,-3.157],[0,0],[0.828,0.699],[0,0],[-5.268,-4.936],[-6.459,-3.286],[-5.53,0.667],[-1.316,0.252]],"o":[[-6.816,2.756],[0,0],[1.103,-3.649],[-30.486,-25.519],[4.583,5.596],[5.235,4.913],[5.038,2.56],[1.322,-0.151],[1.734,2.573]],"v":[[29.068,13.258],[9.667,22.325],[5.751,24.386],[3.464,17.072],[-29.069,-24.386],[-14.173,-8.578],[2.886,4.7],[19.213,6.957],[23.157,6.338]],"c":true},"ix":2},"nm":"Path 1","mn":"ADBE Vector Shape - Group","hd":false},{"ty":"fl","c":{"a":0,"k":[0.180000007153,0.203999996185,0.243000000715,1],"ix":4},"o":{"a":0,"k":100,"ix":5},"r":1,"bm":0,"nm":"Fill 1","mn":"ADBE Vector Graphic - Fill","hd":false},{"ty":"tr","p":{"a":0,"k":[648.694,432.462],"ix":2},"a":{"a":0,"k":[0,0],"ix":1},"s":{"a":0,"k":[100,100],"ix":3},"r":{"a":0,"k":0,"ix":6},"o":{"a":0,"k":100,"ix":7},"sk":{"a":0,"k":0,"ix":4},"sa":{"a":0,"k":0,"ix":5},"nm":"Transform"}],"nm":"Group 1","np":2,"cix":2,"bm":0,"ix":1,"mn":"ADBE Vector Group","hd":false},{"ty":"tr","p":{"a":0,"k":[684.694,556.462],"ix":2},"a":{"a":0,"k":[648.694,432.462],"ix":1},"s":{"a":0,"k":[100,100],"ix":3},"r":{"a":0,"k":0,"ix":6},"o":{"a":0,"k":100,"ix":7},"sk":{"a":0,"k":0,"ix":4},"sa":{"a":0,"k":0,"ix":5},"nm":"Transform"}],"nm":"shirt_shadow","np":1,"cix":2,"bm":0,"ix":1,"mn":"ADBE Vector Group","hd":false},{"ty":"gr","it":[{"ty":"gr","it":[{"ind":0,"ty":"sh","ix":1,"ks":{"a":0,"k":{"i":[[-17.701,-20.494],[20.494,-17.701],[1.286,-0.912],[1.067,-0.631],[15.845,12.147],[2.242,2.596],[1.813,3.72],[0,0],[-17.209,14.864]],"o":[[17.708,20.501],[-1.218,1.053],[-1.025,0.727],[-17.21,10.321],[-2.633,-2.008],[-2.83,-3.277],[0,0],[-9.535,-19.514],[20.494,-17.702]],"v":[[36.511,-30.863],[31.455,38.305],[27.687,41.255],[24.546,43.294],[-30.377,40.152],[-37.706,33.242],[-44.677,22.693],[-44.683,22.686],[-32.651,-35.912]],"c":true},"ix":2},"nm":"Path 1","mn":"ADBE Vector Shape - Group","hd":false},{"ty":"fl","c":{"a":0,"k":[0.208000004292,0.238999992609,0.289999991655,1],"ix":4},"o":{"a":0,"k":100,"ix":5},"r":1,"bm":0,"nm":"Fill 1","mn":"ADBE Vector Graphic - Fill","hd":false},{"ty":"tr","p":{"a":0,"k":[591.189,485.417],"ix":2},"a":{"a":0,"k":[0,0],"ix":1},"s":{"a":0,"k":[100,100],"ix":3},"r":{"a":0,"k":0,"ix":6},"o":{"a":0,"k":100,"ix":7},"sk":{"a":0,"k":0,"ix":4},"sa":{"a":0,"k":0,"ix":5},"nm":"Transform"}],"nm":"Group 1","np":2,"cix":2,"bm":0,"ix":1,"mn":"ADBE Vector Group","hd":false},{"ty":"gr","it":[{"ind":0,"ty":"sh","ix":1,"ks":{"a":0,"k":{"i":[[-4.426,-8.03],[3.553,-7.271],[5.985,-4.88],[8.861,-1.904],[7.861,7.281],[1.733,2.573],[0.23,0.357],[0.927,4.485],[-0.071,2.427],[-4.542,5.588],[-18.198,-5.066]],"o":[[4.006,7.283],[-3.392,6.947],[-7.027,5.726],[-11.135,2.391],[-2.199,-2.025],[-0.237,-0.35],[-2.451,-3.894],[-0.486,-2.368],[0.235,-7.193],[12.481,-15.365],[8.706,2.431]],"v":[[87.112,-46.79],[86.517,-23.152],[71.586,-5.669],[47.76,6.861],[18.208,-1.545],[12.297,-8.465],[11.595,-9.537],[6.37,-22.241],[5.728,-29.456],[13.448,-49.219],[66.025,-62.497]],"c":true},"ix":2},"nm":"Path 1","mn":"ADBE Vector Shape - Group","hd":false},{"ind":1,"ty":"sh","ix":2,"ks":{"a":0,"k":{"i":[[6.64,4.612],[15.021,1.68],[11.511,1.118],[10.466,-10.493],[11.34,-9.756],[12.617,-10.529],[0,0],[0,0],[-13.05,6.171],[-14.369,9.385],[-10.357,13.955],[-2.565,5.981],[1.631,10.194]],"o":[[-12.894,-8.947],[-11.372,-1.278],[-13.931,-1.365],[-10.602,10.611],[-12.468,10.716],[16.992,14.301],[0,0],[12.508,-7.288],[15.518,-7.339],[14.432,-9.268],[3.845,-5.263],[3.924,-9.164],[-1.314,-8.192]],"v":[[85.143,-63.035],[41.714,-74.307],[14.781,-78.041],[-36.854,-61.361],[-62.952,-29.939],[-100.616,1.893],[-53.293,50.606],[-40.679,79.406],[-1.359,61.288],[43.41,36.017],[83.03,3.314],[92.365,-13.892],[98.984,-43.462]],"c":true},"ix":2},"nm":"Path 2","mn":"ADBE Vector Shape - Group","hd":false},{"ty":"mm","mm":1,"nm":"Merge Paths 1","mn":"ADBE Vector Filter - Merge","hd":false},{"ty":"fl","c":{"a":0,"k":[0.208000004292,0.238999992609,0.289999991655,1],"ix":4},"o":{"a":0,"k":100,"ix":5},"r":1,"bm":0,"nm":"Fill 1","mn":"ADBE Vector Graphic - Fill","hd":false},{"ty":"tr","p":{"a":0,"k":[659.554,447.265],"ix":2},"a":{"a":0,"k":[0,0],"ix":1},"s":{"a":0,"k":[100,100],"ix":3},"r":{"a":0,"k":0,"ix":6},"o":{"a":0,"k":100,"ix":7},"sk":{"a":0,"k":0,"ix":4},"sa":{"a":0,"k":0,"ix":5},"nm":"Transform"}],"nm":"Group 2","np":4,"cix":2,"bm":0,"ix":2,"mn":"ADBE Vector Group","hd":false},{"ty":"tr","p":{"a":0,"k":[686.223,576.356],"ix":2},"a":{"a":0,"k":[650.223,452.356],"ix":1},"s":{"a":0,"k":[100,100],"ix":3},"r":{"a":0,"k":0,"ix":6},"o":{"a":0,"k":100,"ix":7},"sk":{"a":0,"k":0,"ix":4},"sa":{"a":0,"k":0,"ix":5},"nm":"Transform"}],"nm":"shirt","np":2,"cix":2,"bm":0,"ix":2,"mn":"ADBE Vector Group","hd":false},{"ty":"gr","it":[{"ty":"gr","it":[{"ind":0,"ty":"sh","ix":1,"ks":{"a":0,"k":{"i":[[-18.111,-24.051],[-20.563,-0.469],[-7.815,12.572],[-5.06,13.888],[18.772,3.048],[5.796,-3.263],[5.504,0.23],[12.278,-0.289],[12.394,-4.214]],"o":[[12.104,16.073],[17.259,-13.357],[4.431,-7.129],[7.903,-21.695],[-4.889,-0.794],[-4.8,2.703],[-12.256,-0.512],[-13.154,0.309],[-11.426,24.68]],"v":[[-55.186,43.092],[-1.427,64.931],[43.547,24.063],[65.395,-21.509],[52.335,-58.1],[32.312,-61.668],[19.129,-48.282],[-17.651,-49.696],[-55.07,-42.199]],"c":true},"ix":2},"nm":"Path 1","mn":"ADBE Vector Shape - Group","hd":false},{"ty":"fl","c":{"a":0,"k":[0.847000002861,0.60799998045,0.501999974251,1],"ix":4},"o":{"a":0,"k":100,"ix":5},"r":1,"bm":0,"nm":"Fill 1","mn":"ADBE Vector Graphic - Fill","hd":false},{"ty":"tr","p":{"a":0,"k":[703.623,418.158],"ix":2},"a":{"a":0,"k":[0,0],"ix":1},"s":{"a":0,"k":[100,100],"ix":3},"r":{"a":0,"k":0,"ix":6},"o":{"a":0,"k":100,"ix":7},"sk":{"a":0,"k":0,"ix":4},"sa":{"a":0,"k":0,"ix":5},"nm":"Transform"}],"nm":"Group 1","np":2,"cix":2,"bm":0,"ix":1,"mn":"ADBE Vector Group","hd":false},{"ty":"tr","p":{"a":0,"k":[741.299,543.31],"ix":2},"a":{"a":0,"k":[705.299,419.31],"ix":1},"s":{"a":0,"k":[100,100],"ix":3},"r":{"a":0,"k":0,"ix":6},"o":{"a":0,"k":100,"ix":7},"sk":{"a":0,"k":0,"ix":4},"sa":{"a":0,"k":0,"ix":5},"nm":"Transform"}],"nm":"body_skin","np":1,"cix":2,"bm":0,"ix":3,"mn":"ADBE Vector Group","hd":false}],"ip":0,"op":120,"st":0,"bm":0},{"ddd":0,"ind":6,"ty":4,"nm":"lower_shirt","parent":14,"sr":1,"ks":{"o":{"a":0,"k":100,"ix":11},"r":{"a":0,"k":0,"ix":10},"p":{"a":0,"k":[573.103,502.27,0],"ix":2},"a":{"a":0,"k":[573.103,502.27,0],"ix":1},"s":{"a":0,"k":[100,100,100],"ix":6}},"ao":0,"shapes":[{"ty":"gr","it":[{"ind":0,"ty":"sh","ix":1,"ks":{"a":0,"k":{"i":[[0.354,-0.293],[2.77,-2.301],[5.014,-4.873],[2.863,-2.79],[-19.722,-22.832],[-18.301,-14.716],[-8.561,5.096],[-0.311,0.175],[-0.347,0.194],[20.038,17.815],[0,0],[0,0]],"o":[[-2.764,2.308],[-5.382,4.478],[-2.877,2.788],[0,0],[15.825,18.322],[4.495,-8.931],[0.304,-0.183],[0.34,-0.201],[0,0],[-20.038,-17.828],[0,0],[-0.348,0.301]],"v":[[-14.163,-53.113],[-22.453,-46.203],[-38.212,-32.46],[-46.808,-24.083],[-16.644,20.786],[21.411,53.993],[44.848,24.936],[45.773,24.401],[46.809,23.81],[11.333,-10.341],[-13.108,-53.971],[-13.113,-53.993]],"c":true},"ix":2},"nm":"Path 1","mn":"ADBE Vector Shape - Group","hd":false},{"ty":"fl","c":{"a":0,"k":[0.20800000359,0.238999998803,0.289999988032,1],"ix":4},"o":{"a":0,"k":100,"ix":5},"r":1,"bm":0,"nm":"Fill 1","mn":"ADBE Vector Graphic - Fill","hd":false},{"ty":"tr","p":{"a":0,"k":[573.103,502.27],"ix":2},"a":{"a":0,"k":[0,0],"ix":1},"s":{"a":0,"k":[100,100],"ix":3},"r":{"a":0,"k":0,"ix":6},"o":{"a":0,"k":100,"ix":7},"sk":{"a":0,"k":0,"ix":4},"sa":{"a":0,"k":0,"ix":5},"nm":"Transform"}],"nm":"Group 1","np":2,"cix":2,"bm":0,"ix":1,"mn":"ADBE Vector Group","hd":false}],"ip":0,"op":120,"st":0,"bm":0},{"ddd":0,"ind":7,"ty":4,"nm":"neck","parent":5,"sr":1,"ks":{"o":{"a":0,"k":100,"ix":11},"r":{"a":1,"k":[{"i":{"x":[0.323],"y":[1]},"o":{"x":[0.256],"y":[0]},"t":6,"s":[0]},{"i":{"x":[0.746],"y":[1]},"o":{"x":[0.626],"y":[0]},"t":67,"s":[-11]},{"t":108,"s":[0]}],"ix":10},"p":{"a":0,"k":[781.157,507.569,0],"ix":2},"a":{"a":0,"k":[781.157,507.569,0],"ix":1},"s":{"a":0,"k":[100,100,100],"ix":6}},"ao":0,"shapes":[{"ty":"gr","it":[{"ty":"gr","it":[{"ind":0,"ty":"sh","ix":1,"ks":{"a":0,"k":{"i":[[2.297,-2.274],[5.395,-0.538],[5.823,1.253],[1.193,0.286],[-1.726,3.858],[-1.024,-0.265],[-8.061,7.181],[0.52,-1.681],[0.14,-0.333]],"o":[[-3.478,3.474],[-5.728,0.569],[-1.198,-0.255],[1.124,-4.152],[1,0.332],[12.068,3.102],[1.226,1.603],[-0.114,0.392],[-1.272,2.924]],"v":[[14.303,3.846],[0.365,9.923],[-17.11,8.158],[-20.7,7.339],[-16.503,-4.731],[-13.473,-3.834],[19.474,-10.492],[20.04,-5.172],[19.654,-4.088]],"c":true},"ix":2},"nm":"Path 1","mn":"ADBE Vector Shape - Group","hd":false},{"ty":"fl","c":{"a":0,"k":[0.787999987602,0.549000024796,0.458999991417,1],"ix":4},"o":{"a":0,"k":100,"ix":5},"r":1,"bm":0,"nm":"Fill 1","mn":"ADBE Vector Graphic - Fill","hd":false},{"ty":"tr","p":{"a":0,"k":[744.257,342.968],"ix":2},"a":{"a":0,"k":[0,0],"ix":1},"s":{"a":0,"k":[100,100],"ix":3},"r":{"a":0,"k":0,"ix":6},"o":{"a":0,"k":100,"ix":7},"sk":{"a":0,"k":0,"ix":4},"sa":{"a":0,"k":0,"ix":5},"nm":"Transform"}],"nm":"Group 1","np":2,"cix":2,"bm":0,"ix":1,"mn":"ADBE Vector Group","hd":false},{"ty":"tr","p":{"a":0,"k":[780.118,466.761],"ix":2},"a":{"a":0,"k":[744.118,342.761],"ix":1},"s":{"a":0,"k":[100,100],"ix":3},"r":{"a":0,"k":0,"ix":6},"o":{"a":0,"k":100,"ix":7},"sk":{"a":0,"k":0,"ix":4},"sa":{"a":0,"k":0,"ix":5},"nm":"Transform"}],"nm":"neck_shadow","np":1,"cix":2,"bm":0,"ix":1,"mn":"ADBE Vector Group","hd":false},{"ty":"gr","it":[{"ty":"gr","it":[{"ind":0,"ty":"sh","ix":1,"ks":{"a":0,"k":{"i":[[-0.318,15.235],[-15.188,-0.255],[0.316,-15.243],[15.186,0.247]],"o":[[0.318,-15.235],[15.19,0.255],[-0.311,15.232],[-15.196,-0.258]],"v":[[-27.501,-0.457],[0.576,-27.583],[27.503,0.462],[-0.568,27.591]],"c":true},"ix":2},"nm":"Path 1","mn":"ADBE Vector Shape - Group","hd":false},{"ty":"fl","c":{"a":0,"k":[0.847000002861,0.60799998045,0.501999974251,1],"ix":4},"o":{"a":0,"k":100,"ix":5},"r":1,"bm":0,"nm":"Fill 1","mn":"ADBE Vector Graphic - Fill","hd":false},{"ty":"tr","p":{"a":0,"k":[744.909,382.434],"ix":2},"a":{"a":0,"k":[0,0],"ix":1},"s":{"a":0,"k":[100,100],"ix":3},"r":{"a":0,"k":0,"ix":6},"o":{"a":0,"k":100,"ix":7},"sk":{"a":0,"k":0,"ix":4},"sa":{"a":0,"k":0,"ix":5},"nm":"Transform"}],"nm":"Group 1","np":2,"cix":2,"bm":0,"ix":1,"mn":"ADBE Vector Group","hd":false},{"ty":"gr","it":[{"ind":0,"ty":"sh","ix":1,"ks":{"a":0,"k":{"i":[[13.854,7.58],[-0.076,10.018],[-0.503,2.276],[-2.335,8.62],[-1.726,3.858],[-1.433,2.263],[-8.392,4.343],[-9.865,-4.184],[-2.265,-5.374],[-0.222,-0.805],[-0.093,-1.482],[2.866,-3.684],[1.394,-3.819]],"o":[[-8.944,-4.887],[0.016,-2.338],[1.848,-8.424],[1.124,-4.152],[1.088,-2.445],[5.023,-7.89],[9.318,-4.818],[5.432,2.301],[0.321,0.766],[0.381,1.385],[0.289,4.881],[-10.614,13.638],[-5.707,15.727]],"v":[[-25.195,46.875],[-40.093,23.276],[-39.266,16.35],[-33.694,-9.708],[-29.497,-21.778],[-25.728,-28.847],[-5.142,-47.62],[25.538,-50.271],[37.965,-38.37],[38.78,-36.002],[39.88,-32.435],[35.029,-18.122],[11.158,38.265]],"c":true},"ix":2},"nm":"Path 1","mn":"ADBE Vector Shape - Group","hd":false},{"ty":"fl","c":{"a":0,"k":[0.847000002861,0.60799998045,0.501999974251,1],"ix":4},"o":{"a":0,"k":100,"ix":5},"r":1,"bm":0,"nm":"Fill 1","mn":"ADBE Vector Graphic - Fill","hd":false},{"ty":"tr","p":{"a":0,"k":[757.251,360.015],"ix":2},"a":{"a":0,"k":[0,0],"ix":1},"s":{"a":0,"k":[100,100],"ix":3},"r":{"a":0,"k":0,"ix":6},"o":{"a":0,"k":100,"ix":7},"sk":{"a":0,"k":0,"ix":4},"sa":{"a":0,"k":0,"ix":5},"nm":"Transform"}],"nm":"Group 2","np":2,"cix":2,"bm":0,"ix":2,"mn":"ADBE Vector Group","hd":false},{"ty":"tr","p":{"a":0,"k":[793.157,483.569],"ix":2},"a":{"a":0,"k":[757.157,359.569],"ix":1},"s":{"a":0,"k":[100,100],"ix":3},"r":{"a":0,"k":0,"ix":6},"o":{"a":0,"k":100,"ix":7},"sk":{"a":0,"k":0,"ix":4},"sa":{"a":0,"k":0,"ix":5},"nm":"Transform"}],"nm":"neck_skin","np":2,"cix":2,"bm":0,"ix":2,"mn":"ADBE Vector Group","hd":false}],"ip":0,"op":120,"st":0,"bm":0},{"ddd":0,"ind":8,"ty":4,"nm":"hand_1","sr":1,"ks":{"o":{"a":0,"k":100,"ix":11},"r":{"a":0,"k":0,"ix":10},"p":{"a":0,"k":[733.487,738.617,0],"ix":2},"a":{"a":0,"k":[697.487,614.617,0],"ix":1},"s":{"a":0,"k":[100,100,100],"ix":6}},"ao":0,"shapes":[{"ty":"gr","it":[{"ind":0,"ty":"sh","ix":1,"ks":{"a":0,"k":{"i":[[-0.727,-0.98],[-0.396,-0.224],[0.286,0.823],[-1.062,-0.29],[-1.084,0.198],[-1.729,0.846],[-1.332,-1.293],[-2.377,0.517],[-4.409,0.378],[-2.764,-0.437],[-6.536,-0.033],[-7.399,4.289],[-1.597,2.308],[0.517,2.567],[1.264,1.414],[1.722,0.467],[1.972,-0.224],[1.792,-0.3],[2.059,0.747],[1.698,0.334],[1.686,0.508],[2.906,-0.706],[3.616,-0.769],[3.942,-1.29],[4.354,-1.598],[2.518,-0.833],[4.088,-1.84],[0.392,-0.765]],"o":[[0.284,0.383],[0.258,0.145],[0.361,1.041],[1.062,0.289],[1.905,-0.347],[2.249,-1.101],[1.937,1.88],[4.319,-0.939],[2.816,-0.241],[6.462,1.02],[8.466,0.044],[2.413,-1.398],[1.473,-2.131],[-0.676,-3.349],[-1.188,-1.33],[-1.891,-0.513],[-1.777,0.2],[-2.16,0.36],[-1.618,-0.588],[-1.717,-0.339],[-2.815,-0.848],[-3.573,0.87],[-4.046,0.86],[-4.404,1.442],[-2.489,0.913],[-4.265,1.413],[-0.784,0.352],[-0.595,1.162]],"v":[[-48.715,10.581],[-47.693,11.512],[-44.657,11.389],[-42.243,13.452],[-38.967,13.448],[-33.614,11.552],[-30.465,14.011],[-23.27,14.935],[-10.565,11.038],[-2.256,11.93],[17.548,12.833],[41.84,7.117],[48.054,1.624],[49.497,-4.428],[47.701,-8.706],[43.698,-11.879],[37.797,-12.655],[32.641,-11.576],[26.229,-12.023],[21.307,-13.617],[16.178,-14.673],[7.724,-15.185],[-2.607,-11.533],[-14.542,-7.448],[-27.83,-3.368],[-35.242,-0.562],[-47.395,5.263],[-49.419,6.777]],"c":true},"ix":2},"nm":"Path 1","mn":"ADBE Vector Shape - Group","hd":false},{"ty":"fl","c":{"a":0,"k":[0.788000009574,0.54900004069,0.458999992819,1],"ix":4},"o":{"a":0,"k":100,"ix":5},"r":1,"bm":0,"nm":"Fill 1","mn":"ADBE Vector Graphic - Fill","hd":false},{"ty":"tr","p":{"a":0,"k":[697.472,614.705],"ix":2},"a":{"a":0,"k":[0,0],"ix":1},"s":{"a":0,"k":[100,100],"ix":3},"r":{"a":0,"k":0,"ix":6},"o":{"a":0,"k":100,"ix":7},"sk":{"a":0,"k":0,"ix":4},"sa":{"a":0,"k":0,"ix":5},"nm":"Transform"}],"nm":"Group 1","np":2,"cix":2,"bm":0,"ix":1,"mn":"ADBE Vector Group","hd":false}],"ip":0,"op":120,"st":0,"bm":0},{"ddd":0,"ind":9,"ty":4,"nm":"forearm_1","parent":10,"sr":1,"ks":{"o":{"a":0,"k":100,"ix":11},"r":{"a":1,"k":[{"i":{"x":[0.676],"y":[0.591]},"o":{"x":[0.383],"y":[0]},"t":6,"s":[0]},{"i":{"x":[0.611],"y":[0.603]},"o":{"x":[0.295],"y":[0.475]},"t":19,"s":[33.713]},{"i":{"x":[0.503],"y":[1]},"o":{"x":[0.21],"y":[0.878]},"t":29,"s":[54.083]},{"i":{"x":[0.7],"y":[0.687]},"o":{"x":[0.344],"y":[0]},"t":67,"s":[73]},{"i":{"x":[0.719],"y":[0.592]},"o":{"x":[0.392],"y":[0.135]},"t":78,"s":[69.608]},{"i":{"x":[0.718],"y":[0.623]},"o":{"x":[0.406],"y":[0.229]},"t":88,"s":[60.276]},{"i":{"x":[0.637],"y":[1]},"o":{"x":[0.341],"y":[0.301]},"t":98,"s":[36.297]},{"t":108,"s":[0]}],"ix":10},"p":{"a":0,"k":[724.023,515.567,0],"ix":2},"a":{"a":0,"k":[724.023,515.567,0],"ix":1},"s":{"a":0,"k":[100,100,100],"ix":6}},"ao":0,"shapes":[{"ty":"gr","it":[{"ind":0,"ty":"sh","ix":1,"ks":{"a":0,"k":{"i":[[-2.992,-16.032],[-6.415,-20.293],[-2.1,-4.421],[-3.713,-0.737],[-2.014,2.672],[0.163,2.596],[0.556,7.414],[-0.505,11.526],[5.68,21.615],[3.39,3.362],[3.721,-7.914]],"o":[[1.303,6.982],[3.82,12.091],[1.466,3.086],[3.29,0.655],[1.699,-2.252],[-0.232,-3.699],[-0.879,-11.717],[1,-22.815],[-1.2,-4.565],[-9.325,-9.248],[-4.169,8.866]],"v":[[-18.276,-19.417],[-6.423,24.446],[2.287,56.619],[10.279,64.866],[19.546,61.866],[22.668,54.818],[21.351,40.024],[20.609,12.051],[16.868,-47.231],[10.076,-56.272],[-18.662,-51.05]],"c":true},"ix":2},"nm":"Path 1","mn":"ADBE Vector Shape - Group","hd":false},{"ty":"fl","c":{"a":0,"k":[0.788000009574,0.54900004069,0.458999992819,1],"ix":4},"o":{"a":0,"k":100,"ix":5},"r":1,"bm":0,"nm":"Fill 1","mn":"ADBE Vector Graphic - Fill","hd":false},{"ty":"tr","p":{"a":0,"k":[724.329,556.433],"ix":2},"a":{"a":0,"k":[0,0],"ix":1},"s":{"a":0,"k":[100,100],"ix":3},"r":{"a":0,"k":0,"ix":6},"o":{"a":0,"k":100,"ix":7},"sk":{"a":0,"k":0,"ix":4},"sa":{"a":0,"k":0,"ix":5},"nm":"Transform"}],"nm":"Group 1","np":2,"cix":2,"bm":0,"ix":1,"mn":"ADBE Vector Group","hd":false},{"ty":"gr","it":[{"ind":0,"ty":"sh","ix":1,"ks":{"a":0,"k":{"i":[[-8.123,-6.768],[-7.099,7.917],[8.124,6.768],[7.1,-7.917]],"o":[[8.124,6.768],[7.1,-7.917],[-8.123,-6.767],[-7.099,7.917]],"v":[[-12.855,14.335],[14.708,12.253],[12.855,-14.336],[-14.709,-12.254]],"c":true},"ix":2},"nm":"Path 1","mn":"ADBE Vector Shape - Group","hd":false},{"ty":"fl","c":{"a":0,"k":[0.788000009574,0.54900004069,0.458999992819,1],"ix":4},"o":{"a":0,"k":100,"ix":5},"r":1,"bm":0,"nm":"Fill 1","mn":"ADBE Vector Graphic - Fill","hd":false},{"ty":"tr","p":{"a":0,"k":[722.571,515.539],"ix":2},"a":{"a":0,"k":[0,0],"ix":1},"s":{"a":0,"k":[100,100],"ix":3},"r":{"a":0,"k":0,"ix":6},"o":{"a":0,"k":100,"ix":7},"sk":{"a":0,"k":0,"ix":4},"sa":{"a":0,"k":0,"ix":5},"nm":"Transform"}],"nm":"Group 2","np":2,"cix":2,"bm":0,"ix":2,"mn":"ADBE Vector Group","hd":false}],"ip":0,"op":120,"st":0,"bm":0},{"ddd":0,"ind":10,"ty":4,"nm":"arm_1","parent":5,"sr":1,"ks":{"o":{"a":0,"k":100,"ix":11},"r":{"a":1,"k":[{"i":{"x":[0.676],"y":[0.554]},"o":{"x":[0.383],"y":[0]},"t":6,"s":[0]},{"i":{"x":[0.611],"y":[0.636]},"o":{"x":[0.295],"y":[0.412]},"t":19,"s":[-16.861]},{"i":{"x":[0.503],"y":[1]},"o":{"x":[0.21],"y":[0.773]},"t":29,"s":[-29.637]},{"i":{"x":[0.795],"y":[0.466]},"o":{"x":[0.539],"y":[0]},"t":67,"s":[-42]},{"i":{"x":[0.637],"y":[1]},"o":{"x":[0.341],"y":[0.355]},"t":98,"s":[-18.746]},{"t":108,"s":[0]}],"ix":10},"p":{"a":0,"k":[739.253,524.907,0],"ix":2},"a":{"a":0,"k":[703.253,400.907,0],"ix":1},"s":{"a":0,"k":[100,100,100],"ix":6}},"ao":0,"shapes":[{"ty":"gr","it":[{"ind":0,"ty":"sh","ix":1,"ks":{"a":0,"k":{"i":[[15.498,-1.646],[3.155,-4.585],[0.272,-8.156],[-4.361,-8.447],[-1.6,-2.893],[-1.319,-8.354],[-5.918,-16.592],[-1.086,-4.275],[-3.692,3.081],[0.431,9.321],[7.376,13.006],[-0.718,7.457],[11.902,12.05]],"o":[[-5.657,0.601],[-4.654,6.768],[-0.313,9.415],[1.515,2.936],[3.422,6.186],[2.359,14.936],[1.176,3.297],[7.97,21.535],[8.134,-6.788],[-0.691,-14.954],[-3.699,-6.521],[1.741,-18.092],[-1.681,-1.701]],"v":[[-11.134,-83.927],[-27.982,-74.732],[-36.39,-49.894],[-28.623,-23.191],[-23.481,-13.124],[-19.305,5.939],[-9.289,35.5],[-4.447,64.037],[28.569,71.692],[34.405,29.293],[26.43,-12.313],[22.444,-34.255],[13.526,-78.008]],"c":true},"ix":2},"nm":"Path 1","mn":"ADBE Vector Shape - Group","hd":false},{"ty":"fl","c":{"a":0,"k":[0.788000009574,0.54900004069,0.458999992819,1],"ix":4},"o":{"a":0,"k":100,"ix":5},"r":1,"bm":0,"nm":"Fill 1","mn":"ADBE Vector Graphic - Fill","hd":false},{"ty":"tr","p":{"a":0,"k":[708.01,454.793],"ix":2},"a":{"a":0,"k":[0,0],"ix":1},"s":{"a":0,"k":[100,100],"ix":3},"r":{"a":0,"k":0,"ix":6},"o":{"a":0,"k":100,"ix":7},"sk":{"a":0,"k":0,"ix":4},"sa":{"a":0,"k":0,"ix":5},"nm":"Transform"}],"nm":"Group 1","np":2,"cix":2,"bm":0,"ix":1,"mn":"ADBE Vector Group","hd":false},{"ty":"gr","it":[{"ind":0,"ty":"sh","ix":1,"ks":{"a":0,"k":{"i":[[-16.349,2.169],[-2.169,-16.349],[16.349,-2.169],[2.169,16.349]],"o":[[16.349,-2.17],[2.169,16.349],[-16.348,2.169],[-2.169,-16.348]],"v":[[-3.927,-29.602],[29.602,-3.927],[3.927,29.603],[-29.602,3.928]],"c":true},"ix":2},"nm":"Path 1","mn":"ADBE Vector Shape - Group","hd":false},{"ty":"fl","c":{"a":0,"k":[0.788000009574,0.54900004069,0.458999992819,1],"ix":4},"o":{"a":0,"k":100,"ix":5},"r":1,"bm":0,"nm":"Fill 1","mn":"ADBE Vector Graphic - Fill","hd":false},{"ty":"tr","p":{"a":0,"k":[701.472,399.753],"ix":2},"a":{"a":0,"k":[0,0],"ix":1},"s":{"a":0,"k":[100,100],"ix":3},"r":{"a":0,"k":0,"ix":6},"o":{"a":0,"k":100,"ix":7},"sk":{"a":0,"k":0,"ix":4},"sa":{"a":0,"k":0,"ix":5},"nm":"Transform"}],"nm":"Group 2","np":2,"cix":2,"bm":0,"ix":2,"mn":"ADBE Vector Group","hd":false}],"ip":0,"op":120,"st":0,"bm":0},{"ddd":0,"ind":11,"ty":4,"nm":"thigh","parent":13,"sr":1,"ks":{"o":{"a":0,"k":100,"ix":11},"r":{"a":1,"k":[{"i":{"x":[0.323],"y":[1]},"o":{"x":[0.256],"y":[0]},"t":6,"s":[0]},{"i":{"x":[0.746],"y":[1]},"o":{"x":[0.626],"y":[0]},"t":67,"s":[7]},{"t":108,"s":[0]}],"ix":10},"p":{"a":0,"k":[402.197,564.653,0],"ix":2},"a":{"a":0,"k":[366.197,440.653,0],"ix":1},"s":{"a":0,"k":[100,100,100],"ix":6}},"ao":0,"shapes":[{"ty":"gr","it":[{"ind":0,"ty":"sh","ix":1,"ks":{"a":0,"k":{"i":[[13.871,9.677],[-17.591,25.218],[-26.676,-18.608],[-2.529,-15.178],[8.344,-11.961],[13.833,-2.498]],"o":[[-26.676,-18.608],[17.591,-25.217],[14.023,9.784],[2.284,13.695],[-8.444,12.104],[-14.984,2.706]],"v":[[-27.27,46.978],[-45.043,-30.826],[35.109,-42.792],[60.349,-3.373],[51.56,36.562],[16.625,58.694]],"c":true},"ix":2},"nm":"Path 1","mn":"ADBE Vector Shape - Group","hd":false},{"ty":"fl","c":{"a":0,"k":[0.109999997008,0.113999998803,0.118000000598,1],"ix":4},"o":{"a":0,"k":100,"ix":5},"r":1,"bm":0,"nm":"Fill 1","mn":"ADBE Vector Graphic - Fill","hd":false},{"ty":"tr","p":{"a":0,"k":[496.189,551.521],"ix":2},"a":{"a":0,"k":[0,0],"ix":1},"s":{"a":0,"k":[100,100],"ix":3},"r":{"a":0,"k":0,"ix":6},"o":{"a":0,"k":100,"ix":7},"sk":{"a":0,"k":0,"ix":4},"sa":{"a":0,"k":0,"ix":5},"nm":"Transform"}],"nm":"Group 1","np":2,"cix":2,"bm":0,"ix":1,"mn":"ADBE Vector Group","hd":false},{"ty":"gr","it":[{"ind":0,"ty":"sh","ix":1,"ks":{"a":0,"k":{"i":[[4.266,2.042],[3.583,0.975],[7.389,-5.489],[0.559,-8.885],[-7.557,-7.944],[-14.319,-18.245],[-9.975,-11.262],[-14.123,-11.391],[-24.416,23.737],[0.666,14.669],[21.801,15.746],[34.674,20.4],[3.903,2.425]],"o":[[-3.347,-1.603],[-8.853,-2.412],[-7.166,5.324],[-0.749,11.916],[16.003,16.821],[9.302,11.818],[12.02,13.572],[22.3,17.986],[10.619,-10.323],[-1.302,-28.679],[-32.737,-23.644],[-3.961,-2.33],[-4.02,-2.498]],"v":[[-61.582,-98.732],[-71.957,-102.674],[-97.673,-97.827],[-109.856,-75.293],[-99.206,-51.179],[-50.181,6.152],[-21.542,41.015],[17.57,80.13],[94.483,81.349],[109.938,40.893],[66.018,-21.851],[-37.475,-84.503],[-49.191,-91.765]],"c":true},"ix":2},"nm":"Path 1","mn":"ADBE Vector Shape - Group","hd":false},{"ty":"fl","c":{"a":0,"k":[0.109999997008,0.113999998803,0.118000000598,1],"ix":4},"o":{"a":0,"k":100,"ix":5},"r":1,"bm":0,"nm":"Fill 1","mn":"ADBE Vector Graphic - Fill","hd":false},{"ty":"tr","p":{"a":0,"k":[446.029,514.065],"ix":2},"a":{"a":0,"k":[0,0],"ix":1},"s":{"a":0,"k":[100,100],"ix":3},"r":{"a":0,"k":0,"ix":6},"o":{"a":0,"k":100,"ix":7},"sk":{"a":0,"k":0,"ix":4},"sa":{"a":0,"k":0,"ix":5},"nm":"Transform"}],"nm":"Group 2","np":2,"cix":2,"bm":0,"ix":2,"mn":"ADBE Vector Group","hd":false}],"ip":0,"op":120,"st":0,"bm":0},{"ddd":0,"ind":12,"ty":4,"nm":"foot","sr":1,"ks":{"o":{"a":0,"k":100,"ix":11},"r":{"a":0,"k":0,"ix":10},"p":{"a":0,"k":[269.095,758.237,0],"ix":2},"a":{"a":0,"k":[269.095,758.237,0],"ix":1},"s":{"a":0,"k":[100,100,100],"ix":6}},"ao":0,"shapes":[{"ty":"gr","it":[{"ty":"gr","it":[{"ind":0,"ty":"sh","ix":1,"ks":{"a":0,"k":{"i":[[0.008,0.265],[0.499,1.022],[0.323,0.119],[0.096,-0.009],[7.699,0.25],[4.092,-0.09],[3.534,-0.778],[0.333,-0.077],[0.677,-0.164],[1.858,-0.345],[0.161,-0.029],[0.171,-0.029],[0.295,-0.039],[1.475,-0.18],[0.124,-0.009],[0.114,-0.009],[0.99,-0.104],[2.957,-0.179],[3.262,-0.044],[3.331,0.164],[3.158,0.451],[3.075,1.114],[0.074,0.086],[0.014,0.131],[0.432,1.034],[0.403,0.084],[0.109,-0.508],[-0.673,-2.766],[-1.045,-0.367],[-12.513,-0.057],[-7.605,0.368],[0,0],[-6.47,-0.391],[-2.517,3.232],[0.082,0.824]],"o":[[-0.115,-1.862],[-0.189,-0.402],[-0.541,-0.198],[-15.759,2.536],[-3.244,-0.113],[-4.978,0.115],[-0.343,0.077],[-0.696,0.163],[-1.847,0.433],[-0.161,0.019],[-0.162,0.028],[-0.286,0.048],[-1.21,0.17],[-0.114,0.01],[-0.114,0.019],[-0.914,0.114],[-2.948,0.294],[-3.257,0.197],[-3.335,0.045],[-3.184,-0.157],[-3.229,-0.46],[-0.106,-0.039],[-0.085,-0.1],[-0.121,-1.099],[-0.168,-0.4],[-0.445,-0.094],[-0.399,2.154],[0.262,1.089],[12.181,4.249],[7.347,0.032],[0,0],[9.137,-0.439],[24.355,1.492],[0.422,-0.617],[0.077,-0.205]],"v":[[63.318,-1.482],[61.734,-6.791],[60.899,-7.53],[59.7,-7.643],[28.973,-5.595],[18.288,-5.721],[5.92,-4.16],[4.901,-3.938],[2.852,-3.458],[-2.625,-2.257],[-3.11,-2.181],[-3.605,-2.095],[-4.472,-1.961],[-8.509,-1.431],[-8.871,-1.394],[-9.223,-1.356],[-12.089,-1.045],[-20.95,-0.336],[-30.731,0.032],[-40.734,-0.128],[-50.259,-1.002],[-59.845,-3.183],[-60.135,-3.35],[-60.252,-3.72],[-60.816,-7.044],[-61.838,-7.737],[-62.927,-7.228],[-62.429,-1.016],[-60.346,1.316],[-23.429,6.823],[-1.025,6.129],[0.822,6.039],[24.268,6.339],[62.706,1.368],[63.22,-0.777]],"c":true},"ix":2},"nm":"Path 1","mn":"ADBE Vector Shape - Group","hd":false},{"ty":"fl","c":{"a":0,"k":[0.40000000596,0.40000000596,0.40000000596,1],"ix":4},"o":{"a":0,"k":100,"ix":5},"r":1,"bm":0,"nm":"Fill 1","mn":"ADBE Vector Graphic - Fill","hd":false},{"ty":"tr","p":{"a":0,"k":[232.998,660.003],"ix":2},"a":{"a":0,"k":[0,0],"ix":1},"s":{"a":0,"k":[100,100],"ix":3},"r":{"a":0,"k":0,"ix":6},"o":{"a":0,"k":100,"ix":7},"sk":{"a":0,"k":0,"ix":4},"sa":{"a":0,"k":0,"ix":5},"nm":"Transform"}],"nm":"Group 1","np":2,"cix":2,"bm":0,"ix":1,"mn":"ADBE Vector Group","hd":false},{"ty":"tr","p":{"a":0,"k":[269.095,783.531],"ix":2},"a":{"a":0,"k":[233.095,659.531],"ix":1},"s":{"a":0,"k":[100,100],"ix":3},"r":{"a":0,"k":0,"ix":6},"o":{"a":0,"k":100,"ix":7},"sk":{"a":0,"k":0,"ix":4},"sa":{"a":0,"k":0,"ix":5},"nm":"Transform"}],"nm":"sole","np":1,"cix":2,"bm":0,"ix":1,"mn":"ADBE Vector Group","hd":false},{"ty":"gr","it":[{"ty":"gr","it":[{"ind":0,"ty":"sh","ix":1,"ks":{"a":0,"k":{"i":[[-0.255,1.879],[-0.056,2.305],[-0.733,4.173],[0.515,4.623],[0.557,2.948],[1.43,1.501],[1.486,-0.801],[0.69,-2.496],[2.325,-0.781],[1.875,0.464],[1.022,1.073],[0.163,1.889],[1.204,2.124],[1.079,-1.232],[0.451,-1.247],[0,0],[1.278,-0.806],[0,0],[0,0],[1.078,-1.232],[0,0],[2.023,-0.734],[12.95,-3.041],[2.381,-3.085],[-2.158,-4.827],[-10.953,-0.735],[-2.518,0.148],[-2.294,-0.475],[-5.446,-0.133],[-2.42,0.714]],"o":[[0.256,-1.879],[0.058,-2.304],[0.731,-4.172],[-0.515,-4.623],[-0.556,-2.946],[-1.43,-1.501],[-1.487,0.803],[-0.689,2.499],[-2.324,0.781],[-1.874,-0.466],[-1.021,-1.073],[-0.163,-1.891],[-1.206,-2.127],[-1.077,1.23],[-0.449,1.245],[-2.502,-0.481],[-1.277,0.807],[0,0],[0,0],[-1.078,1.23],[0.397,0.117],[-8.379,3.044],[-9.02,2.118],[-2.381,3.084],[3.394,7.589],[22.851,1.533],[2.518,-0.147],[2.294,0.476],[5.445,0.134],[3.713,-1.097]],"v":[[61.169,21.169],[60.068,12.542],[60.883,5.018],[60.522,-5.888],[57.044,-17.919],[54.284,-24.901],[49.865,-24.173],[46.354,-17.763],[42.281,-14.09],[28.25,-14.434],[22.463,-17.72],[16.325,-23.74],[13.972,-30.292],[8.867,-27.276],[4.963,-21.922],[1.515,-18.026],[-3.757,-16.689],[-5.075,-14.208],[-6.572,-12.986],[-10.38,-10.995],[-12.666,-6.427],[-20.286,-1.099],[-39.332,8.034],[-58.54,14.474],[-61.115,23.348],[-33.248,30.886],[-0.256,28.453],[17.173,26.995],[30.953,29.01],[59.561,26.099]],"c":true},"ix":2},"nm":"Path 1","mn":"ADBE Vector Shape - Group","hd":false},{"ty":"fl","c":{"a":0,"k":[0.07500000298,0.071000002325,0.067000001669,1],"ix":4},"o":{"a":0,"k":100,"ix":5},"r":1,"bm":0,"nm":"Fill 1","mn":"ADBE Vector Graphic - Fill","hd":false},{"ty":"tr","p":{"a":0,"k":[233.24,632.561],"ix":2},"a":{"a":0,"k":[0,0],"ix":1},"s":{"a":0,"k":[100,100],"ix":3},"r":{"a":0,"k":0,"ix":6},"o":{"a":0,"k":100,"ix":7},"sk":{"a":0,"k":0,"ix":4},"sa":{"a":0,"k":0,"ix":5},"nm":"Transform"}],"nm":"Group 1","np":2,"cix":2,"bm":0,"ix":1,"mn":"ADBE Vector Group","hd":false},{"ty":"tr","p":{"a":0,"k":[269.095,756.729],"ix":2},"a":{"a":0,"k":[233.095,632.729],"ix":1},"s":{"a":0,"k":[100,100],"ix":3},"r":{"a":0,"k":0,"ix":6},"o":{"a":0,"k":100,"ix":7},"sk":{"a":0,"k":0,"ix":4},"sa":{"a":0,"k":0,"ix":5},"nm":"Transform"}],"nm":"foot","np":1,"cix":2,"bm":0,"ix":2,"mn":"ADBE Vector Group","hd":false}],"ip":0,"op":120,"st":0,"bm":0},{"ddd":0,"ind":13,"ty":4,"nm":"calf","sr":1,"ks":{"o":{"a":0,"k":100,"ix":11},"r":{"a":0,"k":0,"ix":10},"p":{"a":0,"k":[292.604,742.727,0],"ix":2},"a":{"a":0,"k":[292.604,742.727,0],"ix":1},"s":{"a":0,"k":[100,100,100],"ix":6}},"ao":0,"shapes":[{"ty":"gr","it":[{"ty":"gr","it":[{"ind":0,"ty":"sh","ix":1,"ks":{"a":0,"k":{"i":[[13.366,-9.827],[9.826,13.365],[-13.366,9.825],[-9.825,-13.365]],"o":[[-13.366,9.825],[-9.825,-13.365],[13.366,-9.827],[9.828,13.366]],"v":[[17.79,24.202],[-24.203,17.792],[-17.793,-24.2],[24.199,-17.791]],"c":true},"ix":2},"nm":"Path 1","mn":"ADBE Vector Shape - Group","hd":false},{"ty":"fl","c":{"a":0,"k":[0.109999999404,0.11400000006,0.118000000715,1],"ix":4},"o":{"a":0,"k":100,"ix":5},"r":1,"bm":0,"nm":"Fill 1","mn":"ADBE Vector Graphic - Fill","hd":false},{"ty":"tr","p":{"a":0,"k":[366.826,440.055],"ix":2},"a":{"a":0,"k":[0,0],"ix":1},"s":{"a":0,"k":[100,100],"ix":3},"r":{"a":0,"k":0,"ix":6},"o":{"a":0,"k":100,"ix":7},"sk":{"a":0,"k":0,"ix":4},"sa":{"a":0,"k":0,"ix":5},"nm":"Transform"}],"nm":"Group 1","np":2,"cix":2,"bm":0,"ix":1,"mn":"ADBE Vector Group","hd":false},{"ty":"gr","it":[{"ind":0,"ty":"sh","ix":1,"ks":{"a":0,"k":{"i":[[-0.013,0.018],[-13.868,25.855],[-5.215,14.453],[-1.351,7.717],[-2.633,7.563],[-10.026,-2.494],[-4.314,-6.878],[5.395,-10.408],[8.302,-20.465],[27.128,-31.636],[4.578,3.623]],"o":[[17.796,-23.201],[7.266,-13.548],[2.658,-7.369],[1.981,-11.326],[3.367,-9.667],[7.879,1.96],[6.402,10.21],[-10.344,19.954],[-16.33,40.248],[-4.59,-1.653],[-7.748,-6.133]],"v":[[-65.806,73.456],[-22.991,10.044],[-4.499,-32.135],[2.965,-54.419],[7.725,-77.743],[39.368,-93.464],[58.61,-79.517],[60.424,-49.064],[40.465,15.491],[-38.233,95.958],[-52.843,87.708]],"c":true},"ix":2},"nm":"Path 1","mn":"ADBE Vector Shape - Group","hd":false},{"ty":"fl","c":{"a":0,"k":[0.109999999404,0.11400000006,0.118000000715,1],"ix":4},"o":{"a":0,"k":100,"ix":5},"r":1,"bm":0,"nm":"Fill 1","mn":"ADBE Vector Graphic - Fill","hd":false},{"ty":"tr","p":{"a":0,"k":[330.842,506.653],"ix":2},"a":{"a":0,"k":[0,0],"ix":1},"s":{"a":0,"k":[100,100],"ix":3},"r":{"a":0,"k":0,"ix":6},"o":{"a":0,"k":100,"ix":7},"sk":{"a":0,"k":0,"ix":4},"sa":{"a":0,"k":0,"ix":5},"nm":"Transform"}],"nm":"Group 2","np":2,"cix":2,"bm":0,"ix":2,"mn":"ADBE Vector Group","hd":false},{"ty":"tr","p":{"a":0,"k":[366.95,630.314],"ix":2},"a":{"a":0,"k":[330.95,506.314],"ix":1},"s":{"a":0,"k":[100,100],"ix":3},"r":{"a":0,"k":0,"ix":6},"o":{"a":0,"k":100,"ix":7},"sk":{"a":0,"k":0,"ix":4},"sa":{"a":0,"k":0,"ix":5},"nm":"Transform"}],"nm":"thigh","np":2,"cix":2,"bm":0,"ix":1,"mn":"ADBE Vector Group","hd":false},{"ty":"gr","it":[{"ty":"gr","it":[{"ind":0,"ty":"sh","ix":1,"ks":{"a":0,"k":{"i":[[3.556,2.102],[1.483,0.444],[4.572,-2.515],[2.31,-3.042],[3.517,-4.222],[2.197,-2.157],[1.677,-2.327],[-0.25,-4.796],[-2.772,-2.882],[-7.699,5.17],[-2.805,3.651],[-2.757,3.837],[-2.903,4.983],[0.582,4.912]],"o":[[-1.329,-0.785],[-4.428,-1.32],[-3.249,1.788],[-3.318,4.37],[-1.979,2.375],[-2.035,1.997],[-3.036,4.218],[0.226,4.347],[5.469,5.687],[3.801,-2.551],[2.87,-3.735],[3.365,-4.684],[2.636,-4.525],[-0.539,-4.549]],"v":[[22.876,-30.913],[18.622,-32.755],[4.43,-31.555],[-3.81,-23.828],[-13.601,-10.62],[-19.899,-3.878],[-25.536,2.495],[-30.044,16.284],[-25.445,27.561],[-2.678,28.904],[6.924,19.026],[15.372,7.721],[25.487,-6.39],[29.712,-20.935]],"c":true},"ix":2},"nm":"Path 1","mn":"ADBE Vector Shape - Group","hd":false},{"ty":"fl","c":{"a":0,"k":[0.847000002861,0.60799998045,0.501999974251,1],"ix":4},"o":{"a":0,"k":100,"ix":5},"r":1,"bm":0,"nm":"Fill 1","mn":"ADBE Vector Graphic - Fill","hd":false},{"ty":"tr","p":{"a":0,"k":[269.043,604.997],"ix":2},"a":{"a":0,"k":[0,0],"ix":1},"s":{"a":0,"k":[100,100],"ix":3},"r":{"a":0,"k":0,"ix":6},"o":{"a":0,"k":100,"ix":7},"sk":{"a":0,"k":0,"ix":4},"sa":{"a":0,"k":0,"ix":5},"nm":"Transform"}],"nm":"Group 1","np":2,"cix":2,"bm":0,"ix":1,"mn":"ADBE Vector Group","hd":false},{"ty":"gr","it":[{"ind":0,"ty":"sh","ix":1,"ks":{"a":0,"k":{"i":[[4.884,-8.604],[8.604,4.885],[-4.884,8.603],[-8.604,-4.885]],"o":[[-4.884,8.603],[-8.603,-4.883],[4.885,-8.604],[8.602,4.885]],"v":[[15.579,8.844],[-8.843,15.577],[-15.578,-8.843],[8.845,-15.578]],"c":true},"ix":2},"nm":"Path 1","mn":"ADBE Vector Shape - Group","hd":false},{"ty":"fl","c":{"a":0,"k":[0.847000002861,0.60799998045,0.501999974251,1],"ix":4},"o":{"a":0,"k":100,"ix":5},"r":1,"bm":0,"nm":"Fill 1","mn":"ADBE Vector Graphic - Fill","hd":false},{"ty":"tr","p":{"a":0,"k":[256.261,619.521],"ix":2},"a":{"a":0,"k":[0,0],"ix":1},"s":{"a":0,"k":[100,100],"ix":3},"r":{"a":0,"k":0,"ix":6},"o":{"a":0,"k":100,"ix":7},"sk":{"a":0,"k":0,"ix":4},"sa":{"a":0,"k":0,"ix":5},"nm":"Transform"}],"nm":"Group 2","np":2,"cix":2,"bm":0,"ix":2,"mn":"ADBE Vector Group","hd":false},{"ty":"tr","p":{"a":0,"k":[304.597,728.403],"ix":2},"a":{"a":0,"k":[268.597,604.403],"ix":1},"s":{"a":0,"k":[100,100],"ix":3},"r":{"a":0,"k":0,"ix":6},"o":{"a":0,"k":100,"ix":7},"sk":{"a":0,"k":0,"ix":4},"sa":{"a":0,"k":0,"ix":5},"nm":"Transform"}],"nm":"calf_skin","np":2,"cix":2,"bm":0,"ix":2,"mn":"ADBE Vector Group","hd":false}],"ip":0,"op":120,"st":0,"bm":0},{"ddd":0,"ind":14,"ty":4,"nm":"hips","parent":11,"sr":1,"ks":{"o":{"a":0,"k":100,"ix":11},"r":{"a":0,"k":0,"ix":10},"p":{"a":0,"k":[518.879,548.804,0],"ix":2},"a":{"a":0,"k":[518.879,548.804,0],"ix":1},"s":{"a":0,"k":[100,100,100],"ix":6}},"ao":0,"shapes":[{"ty":"gr","it":[{"ind":0,"ty":"sh","ix":1,"ks":{"a":0,"k":{"i":[[0.743,0.75],[24.561,29.713],[0,0],[0.768,-0.586],[11.452,-8.437],[10.027,-9.786],[-2.388,-6.323],[-10.586,-8.71],[-23.727,16.38],[-5.168,6.806],[-4.984,7.306]],"o":[[-5.418,-5.468],[-6.217,-7.522],[0.206,0.375],[-11.303,8.639],[-11.235,8.276],[-18.079,17.639],[5.083,13.455],[22.991,18.918],[7.072,-4.882],[5.36,-7.057],[1.242,-1.82]],"v":[[79.9,-2.4],[48.018,-37.768],[17.823,-79.235],[9.398,-72.713],[-29.943,-48.38],[-62.563,-21.715],[-78.111,24.196],[-48.685,60.317],[33.031,61.384],[51.557,43.663],[65.932,21.416]],"c":true},"ix":2},"nm":"Path 1","mn":"ADBE Vector Shape - Group","hd":false},{"ty":"fl","c":{"a":0,"k":[0.109999997008,0.113999998803,0.118000000598,1],"ix":4},"o":{"a":0,"k":100,"ix":5},"r":1,"bm":0,"nm":"Fill 1","mn":"ADBE Vector Graphic - Fill","hd":false},{"ty":"tr","p":{"a":0,"k":[518.535,551.378],"ix":2},"a":{"a":0,"k":[0,0],"ix":1},"s":{"a":0,"k":[100,100],"ix":3},"r":{"a":0,"k":0,"ix":6},"o":{"a":0,"k":100,"ix":7},"sk":{"a":0,"k":0,"ix":4},"sa":{"a":0,"k":0,"ix":5},"nm":"Transform"}],"nm":"Group 1","np":2,"cix":2,"bm":0,"ix":1,"mn":"ADBE Vector Group","hd":false}],"ip":0,"op":120,"st":0,"bm":0},{"ddd":0,"ind":15,"ty":4,"nm":"thigh_1","parent":17,"sr":1,"ks":{"o":{"a":0,"k":100,"ix":11},"r":{"a":1,"k":[{"i":{"x":[0.323],"y":[1]},"o":{"x":[0.256],"y":[0]},"t":6,"s":[0]},{"i":{"x":[0.746],"y":[1]},"o":{"x":[0.626],"y":[0]},"t":67,"s":[10]},{"t":108,"s":[0]}],"ix":10},"p":{"a":0,"k":[409.628,572.862,0],"ix":2},"a":{"a":0,"k":[373.628,448.862,0],"ix":1},"s":{"a":0,"k":[100,100,100],"ix":6}},"ao":0,"shapes":[{"ty":"gr","it":[{"ind":0,"ty":"sh","ix":1,"ks":{"a":0,"k":{"i":[[12.588,9.289],[-16.888,22.885],[-24.209,-17.864],[-1.964,-14.098],[8.011,-10.855],[12.853,-1.97]],"o":[[-24.209,-17.865],[16.889,-22.886],[12.726,9.392],[1.774,12.719],[-8.107,10.985],[-13.923,2.133]],"v":[[-26.315,42.645],[-40.833,-29.739],[33.58,-38.829],[55.948,-1.755],[46.836,34.956],[13.986,54.56]],"c":true},"ix":2},"nm":"Path 1","mn":"ADBE Vector Shape - Group","hd":false},{"ty":"fl","c":{"a":0,"k":[0.118000000598,0.118000000598,0.118000000598,1],"ix":4},"o":{"a":0,"k":100,"ix":5},"r":1,"bm":0,"nm":"Fill 1","mn":"ADBE Vector Graphic - Fill","hd":false},{"ty":"tr","p":{"a":0,"k":[500.196,553.7],"ix":2},"a":{"a":0,"k":[0,0],"ix":1},"s":{"a":0,"k":[100,100],"ix":3},"r":{"a":0,"k":0,"ix":6},"o":{"a":0,"k":100,"ix":7},"sk":{"a":0,"k":0,"ix":4},"sa":{"a":0,"k":0,"ix":5},"nm":"Transform"}],"nm":"Group 1","np":2,"cix":2,"bm":0,"ix":1,"mn":"ADBE Vector Group","hd":false},{"ty":"gr","it":[{"ind":0,"ty":"sh","ix":1,"ks":{"a":0,"k":{"i":[[3.957,1.867],[3.416,0.357],[6.808,-5.114],[0.472,-8.223],[-4.194,-4.866],[-3.26,-3.39],[-13.337,-16.806],[-9.283,-10.367],[-13.121,-10.467],[-22.466,22.08],[0.69,13.565],[20.246,14.455],[32.177,18.695],[3.622,2.223]],"o":[[-3.104,-1.466],[-8.531,-0.892],[-6.602,4.961],[-0.34,5.913],[3.952,4.585],[14.888,15.479],[8.664,10.885],[11.187,12.495],[20.718,16.525],[9.771,-9.603],[-1.349,-26.522],[-30.4,-21.706],[-3.676,-2.136],[-3.731,-2.29]],"v":[[-54.501,-90.225],[-72.581,-96.756],[-93.047,-92.359],[-105.211,-68.083],[-98.824,-52.203],[-85.004,-42.3],[-43.427,6.738],[-16.76,38.842],[19.617,74.828],[90.769,75.568],[104.861,38.068],[63.918,-19.75],[-32.13,-77.184],[-43.004,-83.843]],"c":true},"ix":2},"nm":"Path 1","mn":"ADBE Vector Shape - Group","hd":false},{"ty":"fl","c":{"a":0,"k":[0.071000005685,0.075,0.078000005086,1],"ix":4},"o":{"a":0,"k":100,"ix":5},"r":1,"bm":0,"nm":"Fill 1","mn":"ADBE Vector Graphic - Fill","hd":false},{"ty":"tr","p":{"a":0,"k":[451.349,519.3],"ix":2},"a":{"a":0,"k":[0,0],"ix":1},"s":{"a":0,"k":[100,100],"ix":3},"r":{"a":0,"k":0,"ix":6},"o":{"a":0,"k":100,"ix":7},"sk":{"a":0,"k":0,"ix":4},"sa":{"a":0,"k":0,"ix":5},"nm":"Transform"}],"nm":"Group 2","np":2,"cix":2,"bm":0,"ix":2,"mn":"ADBE Vector Group","hd":false}],"ip":0,"op":120,"st":0,"bm":0},{"ddd":0,"ind":16,"ty":4,"nm":"foot_1","sr":1,"ks":{"o":{"a":0,"k":100,"ix":11},"r":{"a":0,"k":0,"ix":10},"p":{"a":0,"k":[267.608,733.838,0],"ix":2},"a":{"a":0,"k":[267.608,733.838,0],"ix":1},"s":{"a":0,"k":[100,100,100],"ix":6}},"ao":0,"shapes":[{"ty":"gr","it":[{"ty":"gr","it":[{"ind":0,"ty":"sh","ix":1,"ks":{"a":0,"k":{"i":[[-0.005,0.244],[0.412,0.967],[0.293,0.125],[0.089,-0.004],[7.095,0.608],[3.783,0.118],[3.301,-0.545],[0.311,-0.054],[0.633,-0.117],[1.732,-0.227],[0.151,-0.018],[0.159,-0.017],[0.275,-0.022],[1.372,-0.093],[0.116,-0.002],[0.106,-0.003],[0.919,-0.047],[2.739,-0.02],[3.015,0.12],[3.068,0.315],[2.893,0.572],[2.784,1.181],[0.063,0.083],[0.007,0.121],[0.348,0.975],[0.368,0.098],[0.125,-0.463],[-0.485,-2.588],[-0.947,-0.391],[-11.551,-0.666],[-7.04,-0.034],[0,0],[-5.954,-0.68],[-2.483,2.861],[0.035,0.765]],"o":[[-0.015,-1.726],[-0.154,-0.381],[-0.49,-0.21],[-14.675,1.567],[-2.99,-0.264],[-4.601,-0.138],[-0.321,0.055],[-0.65,0.117],[-1.727,0.31],[-0.151,0.01],[-0.151,0.019],[-0.266,0.031],[-1.125,0.097],[-0.106,0.002],[-0.106,0.013],[-0.849,0.06],[-2.737,0.127],[-3.017,0.021],[-3.081,-0.122],[-2.933,-0.301],[-2.959,-0.584],[-0.096,-0.04],[-0.074,-0.097],[-0.058,-1.021],[-0.135,-0.377],[-0.407,-0.107],[-0.475,1.97],[0.188,1.017],[11.038,4.521],[6.781,0.391],[0,0],[8.458,0.044],[22.414,2.572],[0.419,-0.548],[0.081,-0.186]],"v":[[58.378,2.077],[57.175,-2.901],[56.441,-3.625],[55.34,-3.789],[26.869,-3.406],[17.009,-4.049],[5.513,-3.215],[4.561,-3.06],[2.646,-2.717],[-2.47,-1.878],[-2.922,-1.831],[-3.383,-1.776],[-4.19,-1.695],[-7.944,-1.404],[-8.28,-1.388],[-8.607,-1.37],[-11.268,-1.224],[-19.484,-1.003],[-28.534,-1.146],[-37.761,-1.784],[-46.513,-3.059],[-55.257,-5.544],[-55.516,-5.711],[-55.606,-6.059],[-55.964,-9.155],[-56.873,-9.846],[-57.903,-9.43],[-57.749,-3.669],[-55.94,-1.414],[-22.124,5.483],[-1.405,5.944],[0.305,5.951],[21.938,7.382],[57.673,4.679],[58.253,2.724]],"c":true},"ix":2},"nm":"Path 1","mn":"ADBE Vector Shape - Group","hd":false},{"ty":"fl","c":{"a":0,"k":[0.40000000596,0.40000000596,0.40000000596,1],"ix":4},"o":{"a":0,"k":100,"ix":5},"r":1,"bm":0,"nm":"Fill 1","mn":"ADBE Vector Graphic - Fill","hd":false},{"ty":"tr","p":{"a":0,"k":[231.517,631.948],"ix":2},"a":{"a":0,"k":[0,0],"ix":1},"s":{"a":0,"k":[100,100],"ix":3},"r":{"a":0,"k":0,"ix":6},"o":{"a":0,"k":100,"ix":7},"sk":{"a":0,"k":0,"ix":4},"sa":{"a":0,"k":0,"ix":5},"nm":"Transform"}],"nm":"Group 1","np":2,"cix":2,"bm":0,"ix":1,"mn":"ADBE Vector Group","hd":false},{"ty":"tr","p":{"a":0,"k":[267.608,755.239],"ix":2},"a":{"a":0,"k":[231.608,631.239],"ix":1},"s":{"a":0,"k":[100,100],"ix":3},"r":{"a":0,"k":0,"ix":6},"o":{"a":0,"k":100,"ix":7},"sk":{"a":0,"k":0,"ix":4},"sa":{"a":0,"k":0,"ix":5},"nm":"Transform"}],"nm":"sole_1","np":1,"cix":2,"bm":0,"ix":1,"mn":"ADBE Vector Group","hd":false},{"ty":"gr","it":[{"ty":"gr","it":[{"ind":0,"ty":"sh","ix":1,"ks":{"a":0,"k":{"i":[[-0.345,1.72],[-0.186,2.123],[-0.917,3.81],[0.207,4.297],[0.343,2.753],[1.233,1.469],[1.418,-0.653],[0.781,-2.264],[2.19,-0.586],[1.703,0.537],[0.88,1.049],[0.041,1.753],[0.988,2.03],[1.066,-1.075],[0.488,-1.124],[0,0],[1.226,-0.67],[0,0],[0,0],[1.067,-1.073],[0,0],[1.91,-0.561],[12.126,-2.055],[2.376,-2.709],[-1.712,-4.579],[-10.066,-1.313],[-2.332,-0.01],[-2.09,-0.573],[-5.018,-0.438],[-2.274,0.519]],"o":[[0.345,-1.719],[0.187,-2.123],[0.917,-3.807],[-0.207,-4.295],[-0.341,-2.752],[-1.233,-1.468],[-1.418,0.654],[-0.782,2.265],[-2.19,0.586],[-1.704,-0.539],[-0.88,-1.05],[-0.04,-1.754],[-0.989,-2.032],[-1.066,1.072],[-0.487,1.123],[-2.282,-0.588],[-1.225,0.671],[0,0],[0,0],[-1.065,1.072],[0.36,0.131],[-7.909,2.322],[-8.447,1.431],[-2.376,2.708],[2.691,7.199],[20.997,2.74],[2.333,0.01],[2.088,0.572],[5.017,0.44],[3.491,-0.797]],"v":[[56.481,23.015],[55.965,14.99],[57.153,8.093],[57.453,-1.992],[54.942,-13.296],[52.799,-19.9],[48.679,-19.482],[45.068,-13.771],[41.097,-10.619],[28.169,-11.75],[23.019,-15.117],[17.703,-21.029],[15.912,-27.213],[11.027,-24.724],[7.114,-20.01],[3.706,-16.616],[-1.237,-15.688],[-2.597,-13.474],[-4.049,-12.433],[-7.68,-10.817],[-10.054,-6.734],[-17.394,-2.257],[-35.499,5.063],[-53.599,9.891],[-56.489,17.932],[-31.21,26.505],[-0.625,26.172],[15.544,25.839],[28.144,28.497],[54.71,27.469]],"c":true},"ix":2},"nm":"Path 1","mn":"ADBE Vector Shape - Group","hd":false},{"ty":"fl","c":{"a":0,"k":[0.07500000298,0.071000002325,0.067000001669,1],"ix":4},"o":{"a":0,"k":100,"ix":5},"r":1,"bm":0,"nm":"Fill 1","mn":"ADBE Vector Graphic - Fill","hd":false},{"ty":"tr","p":{"a":0,"k":[231.183,607.096],"ix":2},"a":{"a":0,"k":[0,0],"ix":1},"s":{"a":0,"k":[100,100],"ix":3},"r":{"a":0,"k":0,"ix":6},"o":{"a":0,"k":100,"ix":7},"sk":{"a":0,"k":0,"ix":4},"sa":{"a":0,"k":0,"ix":5},"nm":"Transform"}],"nm":"Group 1","np":2,"cix":2,"bm":0,"ix":1,"mn":"ADBE Vector Group","hd":false},{"ty":"tr","p":{"a":0,"k":[267.498,731.48],"ix":2},"a":{"a":0,"k":[231.498,607.48],"ix":1},"s":{"a":0,"k":[100,100],"ix":3},"r":{"a":0,"k":0,"ix":6},"o":{"a":0,"k":100,"ix":7},"sk":{"a":0,"k":0,"ix":4},"sa":{"a":0,"k":0,"ix":5},"nm":"Transform"}],"nm":"foot_1","np":1,"cix":2,"bm":0,"ix":2,"mn":"ADBE Vector Group","hd":false}],"ip":0,"op":120,"st":0,"bm":0},{"ddd":0,"ind":17,"ty":4,"nm":"calf_1","sr":1,"ks":{"o":{"a":0,"k":100,"ix":11},"r":{"a":0,"k":0,"ix":10},"p":{"a":0,"k":[291.359,721.782,0],"ix":2},"a":{"a":0,"k":[291.359,721.782,0],"ix":1},"s":{"a":0,"k":[100,100,100],"ix":6}},"ao":0,"shapes":[{"ty":"gr","it":[{"ty":"gr","it":[{"ind":0,"ty":"sh","ix":1,"ks":{"a":0,"k":{"i":[[12.947,-7.479],[7.478,12.946],[-12.946,7.479],[-7.478,-12.948]],"o":[[-12.947,7.479],[-7.478,-12.947],[12.948,-7.478],[7.479,12.947]],"v":[[13.54,23.443],[-23.443,13.541],[-13.542,-23.443],[23.442,-13.54]],"c":true},"ix":2},"nm":"Path 1","mn":"ADBE Vector Shape - Group","hd":false},{"ty":"fl","c":{"a":0,"k":[0.071000002325,0.07500000298,0.078000001609,1],"ix":4},"o":{"a":0,"k":100,"ix":5},"r":1,"bm":0,"nm":"Fill 1","mn":"ADBE Vector Graphic - Fill","hd":false},{"ty":"tr","p":{"a":0,"k":[372.634,449.226],"ix":2},"a":{"a":0,"k":[0,0],"ix":1},"s":{"a":0,"k":[100,100],"ix":3},"r":{"a":0,"k":0,"ix":6},"o":{"a":0,"k":100,"ix":7},"sk":{"a":0,"k":0,"ix":4},"sa":{"a":0,"k":0,"ix":5},"nm":"Transform"}],"nm":"Group 1","np":2,"cix":2,"bm":0,"ix":1,"mn":"ADBE Vector Group","hd":false},{"ty":"gr","it":[{"ind":0,"ty":"sh","ix":1,"ks":{"a":0,"k":{"i":[[-0.014,0.015],[-15.908,22.59],[-6.521,12.917],[-3.048,6.719],[-6.751,7.493],[-6.255,1.262],[-5.829,-3.657],[8.345,-12.211],[10.092,-18.186],[28.963,-26.484],[3.867,3.909]],"o":[[19.279,-19.662],[8.336,-11.837],[3.325,-6.587],[4.098,-9.031],[4.26,-4.728],[6.869,-1.385],[13.115,8.226],[-11.942,17.474],[-19.849,35.764],[-4.102,-2.069],[-6.545,-6.615]],"v":[[-69.88,59.698],[-22.635,5.297],[-0.544,-32.027],[8.971,-52.008],[18.749,-72.952],[35.202,-82.488],[55.315,-77.614],[61.549,-39.644],[36.064,17.617],[-46.669,83.873],[-59.385,74.497]],"c":true},"ix":2},"nm":"Path 1","mn":"ADBE Vector Shape - Group","hd":false},{"ty":"fl","c":{"a":0,"k":[0.071000002325,0.07500000298,0.078000001609,1],"ix":4},"o":{"a":0,"k":100,"ix":5},"r":1,"bm":0,"nm":"Fill 1","mn":"ADBE Vector Graphic - Fill","hd":false},{"ty":"tr","p":{"a":0,"k":[332.731,505.274],"ix":2},"a":{"a":0,"k":[0,0],"ix":1},"s":{"a":0,"k":[100,100],"ix":3},"r":{"a":0,"k":0,"ix":6},"o":{"a":0,"k":100,"ix":7},"sk":{"a":0,"k":0,"ix":4},"sa":{"a":0,"k":0,"ix":5},"nm":"Transform"}],"nm":"Group 2","np":2,"cix":2,"bm":0,"ix":2,"mn":"ADBE Vector Group","hd":false},{"ty":"tr","p":{"a":0,"k":[367.281,629.648],"ix":2},"a":{"a":0,"k":[331.281,505.648],"ix":1},"s":{"a":0,"k":[100,100],"ix":3},"r":{"a":0,"k":0,"ix":6},"o":{"a":0,"k":100,"ix":7},"sk":{"a":0,"k":0,"ix":4},"sa":{"a":0,"k":0,"ix":5},"nm":"Transform"}],"nm":"calf_1","np":2,"cix":2,"bm":0,"ix":1,"mn":"ADBE Vector Group","hd":false},{"ty":"gr","it":[{"ty":"gr","it":[{"ind":0,"ty":"sh","ix":1,"ks":{"a":0,"k":{"i":[[7.952,-4.529],[4.529,7.953],[-7.952,4.528],[-4.529,-7.953]],"o":[[-7.952,4.528],[-4.529,-7.952],[7.953,-4.529],[4.528,7.953]],"v":[[8.201,14.399],[-14.399,8.2],[-8.201,-14.399],[14.399,-8.201]],"c":true},"ix":2},"nm":"Path 1","mn":"ADBE Vector Shape - Group","hd":false},{"ty":"fl","c":{"a":0,"k":[0.787999987602,0.549000024796,0.458999991417,1],"ix":4},"o":{"a":0,"k":100,"ix":5},"r":1,"bm":0,"nm":"Fill 1","mn":"ADBE Vector Graphic - Fill","hd":false},{"ty":"tr","p":{"a":0,"k":[254.58,596.704],"ix":2},"a":{"a":0,"k":[0,0],"ix":1},"s":{"a":0,"k":[100,100],"ix":3},"r":{"a":0,"k":0,"ix":6},"o":{"a":0,"k":100,"ix":7},"sk":{"a":0,"k":0,"ix":4},"sa":{"a":0,"k":0,"ix":5},"nm":"Transform"}],"nm":"Group 1","np":2,"cix":2,"bm":0,"ix":1,"mn":"ADBE Vector Group","hd":false},{"ty":"gr","it":[{"ind":0,"ty":"sh","ix":1,"ks":{"a":0,"k":{"i":[[3.009,2.341],[1.271,0.606],[4.06,-1.444],[3.74,-3.775],[2.583,-2.332],[2.2,-2.49],[-0.042,-4.132],[-2.301,-2.886],[-6.869,3.229],[-2.568,2.685],[-2.532,2.852],[-2.701,3.808],[0.326,4.283]],"o":[[-1.124,-0.874],[-3.793,-1.809],[-5.174,1.84],[-2.449,2.472],[-2.463,2.222],[-2.79,3.134],[0.038,3.746],[4.538,5.697],[3.392,-1.594],[2.626,-2.747],[3.092,-3.481],[2.453,-3.457],[-0.301,-3.966]],"v":[[20.898,-22.769],[17.273,-24.995],[4.915,-26.154],[-7.368,-15.619],[-14.918,-8.412],[-22.331,-1.695],[-26.748,9.384],[-23.169,19.719],[-3.464,24.369],[5.23,17.412],[12.974,9.06],[22.268,-1.431],[26.465,-13.199]],"c":true},"ix":2},"nm":"Path 1","mn":"ADBE Vector Shape - Group","hd":false},{"ty":"fl","c":{"a":0,"k":[0.787999987602,0.549000024796,0.458999991417,1],"ix":4},"o":{"a":0,"k":100,"ix":5},"r":1,"bm":0,"nm":"Fill 1","mn":"ADBE Vector Graphic - Fill","hd":false},{"ty":"tr","p":{"a":0,"k":[264.819,587.546],"ix":2},"a":{"a":0,"k":[0,0],"ix":1},"s":{"a":0,"k":[100,100],"ix":3},"r":{"a":0,"k":0,"ix":6},"o":{"a":0,"k":100,"ix":7},"sk":{"a":0,"k":0,"ix":4},"sa":{"a":0,"k":0,"ix":5},"nm":"Transform"}],"nm":"Group 2","np":2,"cix":2,"bm":0,"ix":2,"mn":"ADBE Vector Group","hd":false},{"ty":"tr","p":{"a":0,"k":[300.663,711.03],"ix":2},"a":{"a":0,"k":[264.663,587.03],"ix":1},"s":{"a":0,"k":[100,100],"ix":3},"r":{"a":0,"k":0,"ix":6},"o":{"a":0,"k":100,"ix":7},"sk":{"a":0,"k":0,"ix":4},"sa":{"a":0,"k":0,"ix":5},"nm":"Transform"}],"nm":"calf_skin_1","np":2,"cix":2,"bm":0,"ix":2,"mn":"ADBE Vector Group","hd":false}],"ip":0,"op":120,"st":0,"bm":0}],"markers":[]}