{"v":"5.6.3","fr":60,"ip":0,"op":180,"w":1100,"h":1100,"nm":"Bench Hamstring Stretch (Left)","ddd":0,"assets":[],"layers":[{"ddd":0,"ind":1,"ty":4,"nm":"arm","parent":6,"sr":1,"ks":{"o":{"a":0,"k":100,"ix":11},"r":{"a":0,"k":0,"ix":10},"p":{"a":0,"k":[756.47,305.328,0],"ix":2},"a":{"a":0,"k":[1635.698,350.646,0],"ix":1},"s":{"a":0,"k":[93,93,100],"ix":6}},"ao":0,"shapes":[{"ty":"gr","it":[{"ind":0,"ty":"sh","ix":1,"ks":{"a":0,"k":{"i":[[-19.528,2.244],[-2.244,-19.529],[19.528,-2.244],[2.244,19.529]],"o":[[19.529,-2.244],[2.243,19.528],[-19.529,2.244],[-2.243,-19.528]],"v":[[-4.063,-35.36],[35.36,-4.063],[4.063,35.359],[-35.36,4.063]],"c":true},"ix":2},"nm":"Path 1","mn":"ADBE Vector Shape - Group","hd":false},{"ty":"fl","c":{"a":0,"k":[0.847000002394,0.607999973671,0.501999978458,1],"ix":4},"o":{"a":0,"k":100,"ix":5},"r":1,"bm":0,"nm":"Fill 1","mn":"ADBE Vector Graphic - Fill","hd":false},{"ty":"tr","p":{"a":0,"k":[1636.233,351.43],"ix":2},"a":{"a":0,"k":[0,0],"ix":1},"s":{"a":0,"k":[100,100],"ix":3},"r":{"a":0,"k":0,"ix":6},"o":{"a":0,"k":100,"ix":7},"sk":{"a":0,"k":0,"ix":4},"sa":{"a":0,"k":0,"ix":5},"nm":"Transform"}],"nm":"Group 1","np":2,"cix":2,"bm":0,"ix":1,"mn":"ADBE Vector Group","hd":false},{"ty":"gr","it":[{"ind":0,"ty":"sh","ix":1,"ks":{"a":0,"k":{"i":[[2.818,-2.442],[-0.403,-10.642],[-6.092,-8.521],[-5.913,-3.216],[-4.774,-2.88],[-2.134,-4.607],[-12.868,-12.651],[-2.224,-3.317],[-2.545,-2.731],[-3.334,-1.112],[-5.456,6.106],[3.257,7.998],[1.419,3.145],[1.9,3.886],[3.113,5.956],[2.194,4.142],[4.482,9.283],[5.888,10.106],[12.286,3.919],[7.554,-3.07]],"o":[[-8.143,7.056],[0.402,10.568],[3.893,5.444],[4.893,2.661],[4.534,2.734],[7.605,16.369],[2.834,2.786],[2.068,3.086],[2.395,2.57],[7.795,2.599],[5.832,-6.527],[-1.3,-3.196],[-1.767,-3.954],[-2.937,-6.031],[-2.174,-4.149],[-4.827,-9.108],[-5.079,-10.521],[-6.344,-10.891],[-7.768,-2.478],[-3.427,1.393]],"v":[[-53.11,-76.304],[-66.006,-47.834],[-55.082,-18.393],[-40.367,-4.86],[-25.445,2.67],[-16.886,15.016],[14.137,59.024],[21.992,67.823],[28.39,77.026],[37.152,82.688],[59.449,76.669],[63.153,52.514],[59.077,43.002],[53.574,31.248],[44.459,13.284],[37.892,0.844],[24,-26.784],[10.476,-57.492],[-19.728,-82.808],[-43.689,-82.135]],"c":true},"ix":2},"nm":"Path 1","mn":"ADBE Vector Shape - Group","hd":false},{"ty":"fl","c":{"a":0,"k":[0.847000002394,0.607999973671,0.501999978458,1],"ix":4},"o":{"a":0,"k":100,"ix":5},"r":1,"bm":0,"nm":"Fill 1","mn":"ADBE Vector Graphic - Fill","hd":false},{"ty":"tr","p":{"a":0,"k":[1666.345,400.676],"ix":2},"a":{"a":0,"k":[0,0],"ix":1},"s":{"a":0,"k":[100,100],"ix":3},"r":{"a":0,"k":0,"ix":6},"o":{"a":0,"k":100,"ix":7},"sk":{"a":0,"k":0,"ix":4},"sa":{"a":0,"k":0,"ix":5},"nm":"Transform"}],"nm":"Group 2","np":2,"cix":2,"bm":0,"ix":2,"mn":"ADBE Vector Group","hd":false}],"ip":0,"op":180,"st":0,"bm":0},{"ddd":0,"ind":2,"ty":4,"nm":"hand","parent":3,"sr":1,"ks":{"o":{"a":0,"k":100,"ix":11},"r":{"a":0,"k":0,"ix":10},"p":{"a":0,"k":[1647.539,527.215,0],"ix":2},"a":{"a":0,"k":[1647.539,527.215,0],"ix":1},"s":{"a":0,"k":[100,100,100],"ix":6}},"ao":0,"shapes":[{"ty":"gr","it":[{"ind":0,"ty":"sh","ix":1,"ks":{"a":0,"k":{"i":[[-0.71,1.952],[2.889,1.671],[-2.686,3.139],[-5.829,-4.029],[0,0],[5.865,-7.351],[13.7,-4.134],[3.338,-1.408],[2.989,2.961],[0,0],[3.337,3.016],[-2.094,1.887],[2.268,2.582],[-0.012,2.069],[-1.645,3.231],[-3.463,4.244],[-4.61,2.787]],"o":[[1.914,-5.258],[-2.887,-1.672],[2.687,-3.139],[5.83,4.029],[0,0],[-5.864,7.351],[-13.7,4.134],[-3.338,1.409],[-1.062,-1.098],[0,0],[-0.99,-1.647],[0,0],[-2.27,-2.582],[0,0],[1.646,-3.231],[3.463,-4.243],[4.611,-2.786]],"v":[[3.735,-12.517],[-0.119,-22.475],[-4.148,-34.402],[6.32,-28.06],[22.381,-12.152],[30.364,12.192],[8.751,26.891],[-12.699,31.857],[-21.452,34.58],[-21.65,32.036],[-28.235,33.065],[-27.567,28.358],[-33.959,28.165],[-28.997,18.816],[-31.229,15.146],[-21.876,3.963],[-8.571,-6.161]],"c":true},"ix":2},"nm":"Path 1","mn":"ADBE Vector Shape - Group","hd":false},{"ty":"fl","c":{"a":0,"k":[0.847000002394,0.607999973671,0.501999978458,1],"ix":4},"o":{"a":0,"k":100,"ix":5},"r":1,"bm":0,"nm":"Fill 1","mn":"ADBE Vector Graphic - Fill","hd":false},{"ty":"tr","p":{"a":0,"k":[1623.027,528.157],"ix":2},"a":{"a":0,"k":[0,0],"ix":1},"s":{"a":0,"k":[100,100],"ix":3},"r":{"a":0,"k":0,"ix":6},"o":{"a":0,"k":100,"ix":7},"sk":{"a":0,"k":0,"ix":4},"sa":{"a":0,"k":0,"ix":5},"nm":"Transform"}],"nm":"Group 1","np":2,"cix":2,"bm":0,"ix":1,"mn":"ADBE Vector Group","hd":false}],"ip":0,"op":180,"st":0,"bm":0},{"ddd":0,"ind":3,"ty":4,"nm":"forearm","parent":1,"sr":1,"ks":{"o":{"a":0,"k":100,"ix":11},"r":{"a":0,"k":0,"ix":10},"p":{"a":0,"k":[1710.642,462.38,0],"ix":2},"a":{"a":0,"k":[1710.642,462.38,0],"ix":1},"s":{"a":0,"k":[100,100,100],"ix":6}},"ao":0,"shapes":[{"ty":"gr","it":[{"ind":0,"ty":"sh","ix":1,"ks":{"a":0,"k":{"i":[[-10.71,-5.334],[5.334,-10.709],[10.71,5.335],[-5.335,10.71]],"o":[[10.71,5.335],[-5.335,10.71],[-10.71,-5.335],[5.335,-10.709]],"v":[[9.66,-19.393],[19.393,9.659],[-9.658,19.392],[-19.391,-9.66]],"c":true},"ix":2},"nm":"Path 1","mn":"ADBE Vector Shape - Group","hd":false},{"ty":"fl","c":{"a":0,"k":[0.847000002394,0.607999973671,0.501999978458,1],"ix":4},"o":{"a":0,"k":100,"ix":5},"r":1,"bm":0,"nm":"Fill 1","mn":"ADBE Vector Graphic - Fill","hd":false},{"ty":"tr","p":{"a":0,"k":[1709.98,462.672],"ix":2},"a":{"a":0,"k":[0,0],"ix":1},"s":{"a":0,"k":[100,100],"ix":3},"r":{"a":0,"k":0,"ix":6},"o":{"a":0,"k":100,"ix":7},"sk":{"a":0,"k":0,"ix":4},"sa":{"a":0,"k":0,"ix":5},"nm":"Transform"}],"nm":"Group 1","np":2,"cix":2,"bm":0,"ix":1,"mn":"ADBE Vector Group","hd":false},{"ty":"gr","it":[{"ind":0,"ty":"sh","ix":1,"ks":{"a":0,"k":{"i":[[-0.046,-0.228],[1.778,-4.535],[2.378,-3.733],[4.163,-4.965],[0.63,-0.724],[0.133,-0.149],[0.831,-0.91],[17.854,-10.966],[7.591,-1.678],[-0.442,8.987],[-14.41,19.182],[-7.3,8.719],[-3.595,2.997],[-4.05,1.841],[-6.186,-4.62],[-1.105,-4.552]],"o":[[0.98,4.767],[-1.615,4.119],[-3.484,5.472],[-0.624,0.731],[-0.133,0.15],[-0.808,0.93],[-14.197,15.406],[-4.331,2.655],[-1.332,0.294],[12.3,-13.952],[6.804,-9.056],[3.005,-3.588],[3.379,-2.817],[7.004,-3.165],[3.754,2.803],[0.054,0.228]],"v":[[48.524,-32.726],[47.362,-18.69],[40.953,-6.935],[29.332,8.693],[27.461,10.885],[27.056,11.341],[24.593,14.098],[-7.486,37.854],[-33.542,49.974],[-49.062,37.796],[-20.684,-1.628],[-1.58,-29.664],[8.348,-39.568],[19.11,-47.102],[40.754,-44.888],[48.372,-33.409]],"c":true},"ix":2},"nm":"Path 1","mn":"ADBE Vector Shape - Group","hd":false},{"ty":"fl","c":{"a":0,"k":[0.847000002394,0.607999973671,0.501999978458,1],"ix":4},"o":{"a":0,"k":100,"ix":5},"r":1,"bm":0,"nm":"Fill 1","mn":"ADBE Vector Graphic - Fill","hd":false},{"ty":"tr","p":{"a":0,"k":[1681.716,490.756],"ix":2},"a":{"a":0,"k":[0,0],"ix":1},"s":{"a":0,"k":[100,100],"ix":3},"r":{"a":0,"k":0,"ix":6},"o":{"a":0,"k":100,"ix":7},"sk":{"a":0,"k":0,"ix":4},"sa":{"a":0,"k":0,"ix":5},"nm":"Transform"}],"nm":"Group 2","np":2,"cix":2,"bm":0,"ix":2,"mn":"ADBE Vector Group","hd":false}],"ip":0,"op":180,"st":0,"bm":0},{"ddd":0,"ind":4,"ty":4,"nm":"head","parent":7,"sr":1,"ks":{"o":{"a":0,"k":100,"ix":11},"r":{"a":0,"k":0,"ix":10},"p":{"a":0,"k":[743.552,184.008,0],"ix":2},"a":{"a":0,"k":[743.552,184.008,0],"ix":1},"s":{"a":0,"k":[100,100,100],"ix":6}},"ao":0,"shapes":[{"ty":"gr","it":[{"ty":"gr","it":[{"ind":0,"ty":"sh","ix":1,"ks":{"a":0,"k":{"i":[[-0.016,0.153],[17.143,8.667],[12.134,0.243],[1.606,0.554],[1.207,0.423],[0.82,-0.281],[1.341,0.352],[0,0],[2.023,-0.723],[1.568,-0.202],[0.261,0.474],[0.276,-0.319],[0.442,-0.119],[0.026,0.43],[0.206,-0.231],[0.182,0.341],[0.175,-0.671],[0.083,-0.107],[0.475,0.245],[0.492,-1.025],[0.07,-0.071],[-0.01,-0.037],[0.531,-0.005],[-0.267,0.94],[0.413,-0.839],[0.274,-0.991],[-4.462,-3.315],[-3.584,0.576],[-5.175,-3.928],[0.024,-0.786],[0.067,-0.35],[-0.585,-0.563],[0.094,-1.434],[0.322,-1.832],[-2.781,-5.151],[1.358,-4.737],[-1.244,0.113],[-1.003,3.187],[-3.823,-0.208],[-1.678,-2.968],[0.154,-4.13],[-0.904,-5.015],[-0.583,-0.806],[-0.913,1.764],[-0.888,1.545],[-1.155,1.501],[-2.242,3.065],[-0.703,6.184]],"o":[[1.939,-19.019],[-10.738,-5.428],[-1.676,-0.033],[-1.21,-0.418],[-0.825,-0.289],[-1.294,0.445],[-1.341,-0.351],[0,0],[-1.471,0.527],[-0.373,-0.406],[-0.278,0.319],[-0.29,0.332],[-0.443,0.118],[-0.205,0.231],[-0.182,-0.341],[-0.176,0.671],[-0.034,0.129],[-0.314,0.403],[-0.115,0.733],[-0.069,0.072],[0.009,0.022],[-0.26,0.375],[-1.463,0.015],[-0.242,0.856],[-0.458,0.928],[-1.408,5.082],[3.057,2.27],[5.743,-0.92],[0.658,0.5],[-0.01,0.356],[-0.16,0.83],[1.039,0.999],[-0.122,1.866],[-0.992,5.64],[2.39,4.425],[1.764,0.499],[0.283,-0.844],[1.526,-4.85],[3.651,0.199],[2.131,3.77],[-0.191,5.125],[0.176,0.979],[1.474,2.041],[0.815,-1.576],[0.944,-1.644],[2.315,-3.009],[3.686,-5.037],[0.018,-0.153]],"v":[[46.436,9.138],[19.782,-37.893],[-4.459,-44.061],[-10.36,-44.132],[-13.014,-46.667],[-15.531,-46.235],[-19.619,-46.09],[-25.389,-48.17],[-29.214,-44.182],[-33.907,-43.681],[-34.883,-44.992],[-35.713,-44.035],[-36.76,-43.235],[-37.816,-43.791],[-38.432,-43.099],[-38.977,-44.122],[-39.503,-42.108],[-39.655,-41.74],[-41.126,-41.793],[-41.697,-38.441],[-41.906,-38.224],[-41.875,-38.132],[-43.032,-37.502],[-44.222,-40.32],[-45.87,-37.667],[-46.967,-34.78],[-42.81,-20.259],[-32,-18.63],[-14.543,-18.064],[-13.286,-16.099],[-13.508,-15.054],[-12.409,-12.879],[-10.77,-9.571],[-12.109,-4.133],[-7.949,9.534],[-5.534,18.171],[-1.067,18.637],[-0.319,16.258],[10.099,9.738],[18.402,15.958],[19.886,28.217],[21.703,43.327],[22.655,46.129],[27.151,45.112],[29.406,40.315],[32.596,35.616],[39.724,26.738],[46.385,9.597]],"c":true},"ix":2},"nm":"Path 1","mn":"ADBE Vector Shape - Group","hd":false},{"ty":"fl","c":{"a":0,"k":[0.266999989748,0.172999992967,0.144999995828,1],"ix":4},"o":{"a":0,"k":100,"ix":5},"r":1,"bm":0,"nm":"Fill 1","mn":"ADBE Vector Graphic - Fill","hd":false},{"ty":"tr","p":{"a":0,"k":[1630.482,212.196],"ix":2},"a":{"a":0,"k":[0,0],"ix":1},"s":{"a":0,"k":[100,100],"ix":3},"r":{"a":0,"k":0,"ix":6},"o":{"a":0,"k":100,"ix":7},"sk":{"a":0,"k":0,"ix":4},"sa":{"a":0,"k":0,"ix":5},"nm":"Transform"}],"nm":"Group 1","np":2,"cix":2,"bm":0,"ix":1,"mn":"ADBE Vector Group","hd":false},{"ty":"tr","p":{"a":0,"k":[751.204,176.105],"ix":2},"a":{"a":0,"k":[1630.036,211.696],"ix":1},"s":{"a":0,"k":[93,93],"ix":3},"r":{"a":0,"k":0,"ix":6},"o":{"a":0,"k":100,"ix":7},"sk":{"a":0,"k":0,"ix":4},"sa":{"a":0,"k":0,"ix":5},"nm":"Transform"}],"nm":"hair","np":1,"cix":2,"bm":0,"ix":1,"mn":"ADBE Vector Group","hd":false},{"ty":"gr","it":[{"ty":"gr","it":[{"ind":0,"ty":"sh","ix":1,"ks":{"a":0,"k":{"i":[[0,0],[-3.205,-1.788],[-0.264,-2.079],[1.759,-2.606],[1.419,-2.308],[0.857,-1.077],[1.744,0.225],[1.014,1.293]],"o":[[3.031,-1.223],[1.83,1.022],[0.393,3.089],[-1.516,2.247],[-0.719,1.171],[-1.085,1.364],[-1.744,-0.225],[0,0]],"v":[[-4.334,-10.028],[6.252,-12.38],[9.376,-7.188],[7.378,2.24],[2.045,8.367],[0.019,11.949],[-4.599,13.943],[-9.77,9.951]],"c":true},"ix":2},"nm":"Path 1","mn":"ADBE Vector Shape - Group","hd":false},{"ty":"fl","c":{"a":0,"k":[0.847000002861,0.60799998045,0.501999974251,1],"ix":4},"o":{"a":0,"k":100,"ix":5},"r":1,"bm":0,"nm":"Fill 1","mn":"ADBE Vector Graphic - Fill","hd":false},{"ty":"tr","p":{"a":0,"k":[1638.405,234.667],"ix":2},"a":{"a":0,"k":[0,0],"ix":1},"s":{"a":0,"k":[100,100],"ix":3},"r":{"a":0,"k":0,"ix":6},"o":{"a":0,"k":100,"ix":7},"sk":{"a":0,"k":0,"ix":4},"sa":{"a":0,"k":0,"ix":5},"nm":"Transform"}],"nm":"Group 1","np":2,"cix":2,"bm":0,"ix":1,"mn":"ADBE Vector Group","hd":false},{"ty":"gr","it":[{"ind":0,"ty":"sh","ix":1,"ks":{"a":0,"k":{"i":[[0.683,-1.131],[5.01,-4.175],[1.63,-0.413],[0.928,3.404],[0.107,0.024],[-2.125,1.393],[-0.852,2.621],[-0.452,1.18],[-0.805,1.179],[-1.903,1.597],[-3.18,-0.242],[-0.408,-0.839],[0.099,-1.127],[0.319,-0.888],[0.639,-0.831]],"o":[[-3.358,5.568],[-1.291,1.075],[-3.442,0.873],[-0.055,-0.205],[2.363,0.513],[2.125,-1.393],[0.393,-1.206],[0.523,-1.367],[1.455,-2.13],[2.612,-2.192],[0.845,0.065],[0.528,1.086],[-0.082,0.918],[-0.371,1.035],[-0.815,1.059]],"v":[[10.35,-3.317],[-2.176,12.601],[-6.493,15.123],[-14.791,10.242],[-15.338,8.084],[-9.204,6.758],[-4.539,0.469],[-3.473,-3.188],[-1.33,-6.93],[3.51,-12.817],[12.606,-15.755],[14.81,-14.62],[14.594,-11.153],[14.541,-8.35],[12.457,-5.586]],"c":true},"ix":2},"nm":"Path 1","mn":"ADBE Vector Shape - Group","hd":false},{"ty":"fl","c":{"a":0,"k":[0.787999987602,0.549000024796,0.458999991417,1],"ix":4},"o":{"a":0,"k":100,"ix":5},"r":1,"bm":0,"nm":"Fill 1","mn":"ADBE Vector Graphic - Fill","hd":false},{"ty":"tr","p":{"a":0,"k":[1644.006,236.218],"ix":2},"a":{"a":0,"k":[0,0],"ix":1},"s":{"a":0,"k":[100,100],"ix":3},"r":{"a":0,"k":0,"ix":6},"o":{"a":0,"k":100,"ix":7},"sk":{"a":0,"k":0,"ix":4},"sa":{"a":0,"k":0,"ix":5},"nm":"Transform"}],"nm":"Group 2","np":2,"cix":2,"bm":0,"ix":2,"mn":"ADBE Vector Group","hd":false},{"ty":"gr","it":[{"ind":0,"ty":"sh","ix":1,"ks":{"a":0,"k":{"i":[[7.238,-12.909],[0.689,-1.115],[3.468,-3.851],[9.264,-2.634],[10.748,1.121],[2.462,0.886],[-0.015,3.049],[-0.462,4.437],[0.107,0.023],[0,0],[0,0],[-0.601,2.376],[-0.827,2.558],[-5.618,4.78],[-12.482,-1.885],[-1.416,-6.864]],"o":[[-0.632,1.141],[-3.035,4.891],[-1.797,2.005],[-10.323,2.935],[-2.573,-0.268],[-2.988,-1.076],[0.022,-4.469],[0.08,-0.919],[-6.216,-1.413],[0,0],[0.916,-2.257],[0.659,-2.607],[2.245,-6.943],[9.181,-7.813],[17.4,2.629],[1.062,15.071]],"v":[[34.953,21.362],[32.972,24.745],[23.05,38.802],[4.857,46.557],[-27.892,50.005],[-35.591,48.83],[-39.539,42.478],[-39.285,29.01],[-38.236,19.09],[-46.154,15.096],[-34.677,-3.473],[-32.971,-10.953],[-30.753,-18.707],[-19.626,-36.068],[14.595,-49.241],[45.092,-21.386]],"c":true},"ix":2},"nm":"Path 1","mn":"ADBE Vector Shape - Group","hd":false},{"ty":"fl","c":{"a":0,"k":[0.847000002861,0.60799998045,0.501999974251,1],"ix":4},"o":{"a":0,"k":100,"ix":5},"r":1,"bm":0,"nm":"Fill 1","mn":"ADBE Vector Graphic - Fill","hd":false},{"ty":"tr","p":{"a":0,"k":[1612.638,226],"ix":2},"a":{"a":0,"k":[0,0],"ix":1},"s":{"a":0,"k":[100,100],"ix":3},"r":{"a":0,"k":0,"ix":6},"o":{"a":0,"k":100,"ix":7},"sk":{"a":0,"k":0,"ix":4},"sa":{"a":0,"k":0,"ix":5},"nm":"Transform"}],"nm":"Group 3","np":2,"cix":2,"bm":0,"ix":3,"mn":"ADBE Vector Group","hd":false},{"ty":"tr","p":{"a":0,"k":[735.131,189.788],"ix":2},"a":{"a":0,"k":[1612.753,226.409],"ix":1},"s":{"a":0,"k":[93,93],"ix":3},"r":{"a":0,"k":0,"ix":6},"o":{"a":0,"k":100,"ix":7},"sk":{"a":0,"k":0,"ix":4},"sa":{"a":0,"k":0,"ix":5},"nm":"Transform"}],"nm":"head_skin","np":3,"cix":2,"bm":0,"ix":2,"mn":"ADBE Vector Group","hd":false}],"ip":0,"op":180,"st":0,"bm":0},{"ddd":0,"ind":5,"ty":4,"nm":"thigh","sr":1,"ks":{"o":{"a":0,"k":100,"ix":11},"r":{"a":0,"k":0,"ix":10},"p":{"a":0,"k":[599.852,628.697,0],"ix":2},"a":{"a":0,"k":[1467.292,698.355,0],"ix":1},"s":{"a":0,"k":[93,93,100],"ix":6}},"ao":0,"shapes":[{"ty":"gr","it":[{"ind":0,"ty":"sh","ix":1,"ks":{"a":0,"k":{"i":[[3.541,-3.136],[2.293,-2.92],[-2.183,-8.943],[-7.967,-3.971],[-10.258,3.871],[-22.379,6.094],[-14.254,4.808],[-15.988,8.58],[12.37,31.727],[13.772,5.092],[22.986,-13.959],[32.281,-24.008],[3.751,-2.652]],"o":[[-2.777,2.46],[-5.664,7.217],[2.117,8.672],[10.687,5.326],[21.722,-8.199],[14.505,-3.972],[17.179,-5.794],[25.245,-13.547],[-5.379,-13.799],[-26.926,-9.956],[-34.516,20.96],[-3.687,2.742],[-3.865,2.731]],"v":[[-111.794,27.368],[-119.463,35.392],[-125,60.969],[-108.98,80.958],[-82.622,80.527],[-10.735,57.665],[32.521,44.844],[83.771,24.027],[114.813,-46.353],[83.556,-76.328],[8.668,-60.275],[-89.307,10.695],[-100.556,18.663]],"c":true},"ix":2},"nm":"Path 1","mn":"ADBE Vector Shape - Group","hd":false},{"ty":"fl","c":{"a":0,"k":[0.109999997008,0.113999998803,0.118000000598,1],"ix":4},"o":{"a":0,"k":100,"ix":5},"r":1,"bm":0,"nm":"Fill 1","mn":"ADBE Vector Graphic - Fill","hd":false},{"ty":"tr","p":{"a":0,"k":[1565.446,644.612],"ix":2},"a":{"a":0,"k":[0,0],"ix":1},"s":{"a":0,"k":[100,100],"ix":3},"r":{"a":0,"k":0,"ix":6},"o":{"a":0,"k":100,"ix":7},"sk":{"a":0,"k":0,"ix":4},"sa":{"a":0,"k":0,"ix":5},"nm":"Transform"}],"nm":"Group 1","np":2,"cix":2,"bm":0,"ix":1,"mn":"ADBE Vector Group","hd":false}],"ip":0,"op":180,"st":0,"bm":0},{"ddd":0,"ind":6,"ty":4,"nm":"body","parent":10,"sr":1,"ks":{"o":{"a":0,"k":100,"ix":11},"r":{"a":0,"k":0,"ix":10},"p":{"a":0,"k":[1621.222,472.054,0],"ix":2},"a":{"a":0,"k":[743.007,418.238,0],"ix":1},"s":{"a":0,"k":[107.527,107.527,100],"ix":6}},"ao":0,"shapes":[{"ty":"gr","it":[{"ty":"gr","it":[{"ind":0,"ty":"sh","ix":1,"ks":{"a":0,"k":{"i":[[-1.086,9.904],[-1.849,7.456],[37.683,13.031],[-0.745,-18.749],[0,0],[-30.087,2.237],[-17.403,7.731]],"o":[[0.85,-7.649],[-19.038,6.966],[0.865,18.75],[0.05,1.16],[0,0],[14.291,-1.06],[-4.4,-8.977]],"v":[[43.287,-15.717],[47.661,-38.303],[-56.334,-47.757],[-54.299,8.516],[-52.403,47.757],[13.942,42.551],[56.335,32.93]],"c":true},"ix":2},"nm":"Path 1","mn":"ADBE Vector Shape - Group","hd":false},{"ty":"fl","c":{"a":0,"k":[0.208000004292,0.238999992609,0.289999991655,1],"ix":4},"o":{"a":0,"k":100,"ix":5},"r":1,"bm":0,"nm":"Fill 1","mn":"ADBE Vector Graphic - Fill","hd":false},{"ty":"tr","p":{"a":0,"k":[1624.631,509.215],"ix":2},"a":{"a":0,"k":[0,0],"ix":1},"s":{"a":0,"k":[100,100],"ix":3},"r":{"a":0,"k":0,"ix":6},"o":{"a":0,"k":100,"ix":7},"sk":{"a":0,"k":0,"ix":4},"sa":{"a":0,"k":0,"ix":5},"nm":"Transform"}],"nm":"Group 1","np":2,"cix":2,"bm":0,"ix":1,"mn":"ADBE Vector Group","hd":false},{"ty":"tr","p":{"a":0,"k":[746.178,452.797],"ix":2},"a":{"a":0,"k":[1624.631,509.215],"ix":1},"s":{"a":0,"k":[93,93],"ix":3},"r":{"a":0,"k":0,"ix":6},"o":{"a":0,"k":100,"ix":7},"sk":{"a":0,"k":0,"ix":4},"sa":{"a":0,"k":0,"ix":5},"nm":"Transform"}],"nm":"lower_shirt","np":1,"cix":2,"bm":0,"ix":1,"mn":"ADBE Vector Group","hd":false},{"ty":"gr","it":[{"ty":"gr","it":[{"ind":0,"ty":"sh","ix":1,"ks":{"a":0,"k":{"i":[[-2.937,0.538],[1.143,-6.734],[0,0],[1.06,-0.24],[0,0],[-7.119,1.216],[-6.522,3.17],[-2.808,4.807],[-0.589,1.194]],"o":[[-1.908,7.102],[0,0],[-2.245,-3.08],[-38.732,8.942],[7.218,-0.279],[7.08,-1.221],[5.078,-2.472],[0.674,-1.151],[3.09,0.175]],"v":[[32.54,-15.837],[28.083,5.108],[27.366,9.48],[20.146,6.895],[-32.54,7.859],[-10.946,5.504],[9.928,-0.11],[21.578,-11.765],[23.458,-15.289]],"c":true},"ix":2},"nm":"Path 1","mn":"ADBE Vector Shape - Group","hd":false},{"ty":"fl","c":{"a":0,"k":[0.180000007153,0.203999996185,0.243000000715,1],"ix":4},"o":{"a":0,"k":100,"ix":5},"r":1,"bm":0,"nm":"Fill 1","mn":"ADBE Vector Graphic - Fill","hd":false},{"ty":"tr","p":{"a":0,"k":[1606.417,412.495],"ix":2},"a":{"a":0,"k":[0,0],"ix":1},"s":{"a":0,"k":[100,100],"ix":3},"r":{"a":0,"k":0,"ix":6},"o":{"a":0,"k":100,"ix":7},"sk":{"a":0,"k":0,"ix":4},"sa":{"a":0,"k":0,"ix":5},"nm":"Transform"}],"nm":"Group 1","np":2,"cix":2,"bm":0,"ix":1,"mn":"ADBE Vector Group","hd":false},{"ty":"tr","p":{"a":0,"k":[729.239,360.662],"ix":2},"a":{"a":0,"k":[1606.417,410.145],"ix":1},"s":{"a":0,"k":[93,93],"ix":3},"r":{"a":0,"k":0,"ix":6},"o":{"a":0,"k":100,"ix":7},"sk":{"a":0,"k":0,"ix":4},"sa":{"a":0,"k":0,"ix":5},"nm":"Transform"}],"nm":"shirt_shadow","np":1,"cix":2,"bm":0,"ix":2,"mn":"ADBE Vector Group","hd":false},{"ty":"gr","it":[{"ty":"gr","it":[{"ind":0,"ty":"sh","ix":1,"ks":{"a":0,"k":{"i":[[-0.282,-7.724],[3.821,-8.212],[10.551,-1.879],[3.09,0.174],[0.43,0.037],[4.148,1.967],[1.889,1.528],[1.722,6.985],[-15.009,11.46],[-9.064,-1.322],[-3.659,-7.215]],"o":[[0.33,9.047],[-4.806,10.327],[-2.936,0.537],[-0.422,-0.015],[-4.584,-0.395],[-2.176,-1.045],[-5.594,-4.518],[-4.735,-19.231],[7.183,-5.486],[8.235,1.184],[3.498,6.887]],"v":[[46.453,-38.877],[42.079,-12.313],[17.56,6.195],[8.479,6.744],[7.198,6.656],[-6.094,3.162],[-12.229,-0.682],[-23.347,-18.743],[-2.24,-68.693],[22.992,-76.051],[41.498,-61.328]],"c":true},"ix":2},"nm":"Path 1","mn":"ADBE Vector Shape - Group","hd":false},{"ind":1,"ty":"sh","ix":2,"ks":{"a":0,"k":{"i":[[4.899,16.666],[3.224,5.649],[9.116,4.851],[7.675,-2.515],[10.4,-10.979],[7.834,-8.512],[-2.059,-14.677],[-0.937,-14.94],[-0.269,-5.93],[0.01,0.207],[-19.039,6.964],[-1.453,6.968],[-1.182,17.121]],"o":[[-1.886,-6.252],[-4.943,-8.658],[-7.321,-3.886],[-14.914,4.897],[-7.874,8.304],[-9.486,10.291],[2.072,14.862],[0.375,5.922],[-0.01,-0.207],[37.682,13.03],[1.708,-6.911],[3.5,-16.802],[1.31,-17.101]],"v":[[60.516,-42.589],[52.417,-60.417],[32.81,-83.528],[8.854,-84.28],[-26.319,-56.422],[-45.538,-37.185],[-63.355,14.063],[-54.027,53.839],[-53.074,71.617],[-53.1,70.995],[50.893,80.45],[55.901,59.688],[62.724,8.732]],"c":true},"ix":2},"nm":"Path 2","mn":"ADBE Vector Shape - Group","hd":false},{"ty":"mm","mm":1,"nm":"Merge Paths 1","mn":"ADBE Vector Filter - Merge","hd":false},{"ty":"fl","c":{"a":0,"k":[0.208000004292,0.238999992609,0.289999991655,1],"ix":4},"o":{"a":0,"k":100,"ix":5},"r":1,"bm":0,"nm":"Fill 1","mn":"ADBE Vector Graphic - Fill","hd":false},{"ty":"tr","p":{"a":0,"k":[1621.397,390.463],"ix":2},"a":{"a":0,"k":[0,0],"ix":1},"s":{"a":0,"k":[100,100],"ix":3},"r":{"a":0,"k":0,"ix":6},"o":{"a":0,"k":100,"ix":7},"sk":{"a":0,"k":0,"ix":4},"sa":{"a":0,"k":0,"ix":5},"nm":"Transform"}],"nm":"Group 1","np":4,"cix":2,"bm":0,"ix":1,"mn":"ADBE Vector Group","hd":false},{"ty":"gr","it":[{"ind":0,"ty":"sh","ix":1,"ks":{"a":0,"k":{"i":[[-1.471,-28.75],[-28.751,1.471],[1.471,28.75],[28.751,-1.471]],"o":[[1.472,28.751],[28.75,-1.471],[-1.471,-28.751],[-28.751,1.472]],"v":[[-51.63,2.664],[3.093,52.058],[51.631,-4.765],[-2.235,-52.058]],"c":true},"ix":2},"nm":"Path 1","mn":"ADBE Vector Shape - Group","hd":false},{"ty":"fl","c":{"a":0,"k":[0.208000004292,0.238999992609,0.289999991655,1],"ix":4},"o":{"a":0,"k":100,"ix":5},"r":1,"bm":0,"nm":"Fill 1","mn":"ADBE Vector Graphic - Fill","hd":false},{"ty":"tr","p":{"a":0,"k":[1620.529,470.3],"ix":2},"a":{"a":0,"k":[0,0],"ix":1},"s":{"a":0,"k":[100,100],"ix":3},"r":{"a":0,"k":0,"ix":6},"o":{"a":0,"k":100,"ix":7},"sk":{"a":0,"k":0,"ix":4},"sa":{"a":0,"k":0,"ix":5},"nm":"Transform"}],"nm":"Group 2","np":2,"cix":2,"bm":0,"ix":2,"mn":"ADBE Vector Group","hd":false},{"ty":"tr","p":{"a":0,"k":[743.327,363.59],"ix":2},"a":{"a":0,"k":[1621.567,413.293],"ix":1},"s":{"a":0,"k":[93,93],"ix":3},"r":{"a":0,"k":0,"ix":6},"o":{"a":0,"k":100,"ix":7},"sk":{"a":0,"k":0,"ix":4},"sa":{"a":0,"k":0,"ix":5},"nm":"Transform"}],"nm":"shirt","np":2,"cix":2,"bm":0,"ix":3,"mn":"ADBE Vector Group","hd":false},{"ty":"gr","it":[{"ty":"gr","it":[{"ind":0,"ty":"sh","ix":1,"ks":{"a":0,"k":{"i":[[-30.107,-0.048],[-12.77,16.125],[5.32,13.814],[8.032,12.41],[13.75,-13.14],[0.891,-6.592],[3.501,-4.253],[7.171,-9.97],[4.109,-12.429]],"o":[[20.121,0.033],[-0.253,-21.82],[-3.017,-7.833],[-12.544,-19.384],[-3.58,3.421],[-0.737,5.459],[-7.796,9.47],[-7.683,10.681],[12.802,23.994]],"v":[[9.073,79.948],[58.906,50.22],[53.41,-10.299],[30.22,-55.203],[-6.848,-66.841],[-21.764,-53.016],[-19.031,-34.428],[-42.331,-5.936],[-58.906,28.439]],"c":true},"ix":2},"nm":"Path 1","mn":"ADBE Vector Shape - Group","hd":false},{"ty":"fl","c":{"a":0,"k":[0.847000002861,0.60799998045,0.501999974251,1],"ix":4},"o":{"a":0,"k":100,"ix":5},"r":1,"bm":0,"nm":"Fill 1","mn":"ADBE Vector Graphic - Fill","hd":false},{"ty":"tr","p":{"a":0,"k":[1626.836,350.43],"ix":2},"a":{"a":0,"k":[0,0],"ix":1},"s":{"a":0,"k":[100,100],"ix":3},"r":{"a":0,"k":0,"ix":6},"o":{"a":0,"k":100,"ix":7},"sk":{"a":0,"k":0,"ix":4},"sa":{"a":0,"k":0,"ix":5},"nm":"Transform"}],"nm":"Group 1","np":2,"cix":2,"bm":0,"ix":1,"mn":"ADBE Vector Group","hd":false},{"ty":"tr","p":{"a":0,"k":[748.228,307.872],"ix":2},"a":{"a":0,"k":[1626.836,353.381],"ix":1},"s":{"a":0,"k":[93,93],"ix":3},"r":{"a":0,"k":0,"ix":6},"o":{"a":0,"k":100,"ix":7},"sk":{"a":0,"k":0,"ix":4},"sa":{"a":0,"k":0,"ix":5},"nm":"Transform"}],"nm":"body_skin","np":1,"cix":2,"bm":0,"ix":4,"mn":"ADBE Vector Group","hd":false}],"ip":0,"op":180,"st":0,"bm":0},{"ddd":0,"ind":7,"ty":4,"nm":"neck","parent":6,"sr":1,"ks":{"o":{"a":0,"k":100,"ix":11},"r":{"a":1,"k":[{"i":{"x":[0.527],"y":[1]},"o":{"x":[0.619],"y":[0.619]},"t":7,"s":[0]},{"i":{"x":[0.667],"y":[1]},"o":{"x":[0.333],"y":[0]},"t":58,"s":[11]},{"i":{"x":[0.511],"y":[0.527]},"o":{"x":[0.543],"y":[0.054]},"t":110,"s":[11]},{"t":162,"s":[0]}],"ix":10},"p":{"a":0,"k":[748.971,263.287,0],"ix":2},"a":{"a":0,"k":[748.971,263.287,0],"ix":1},"s":{"a":0,"k":[100,100,100],"ix":6}},"ao":0,"shapes":[{"ty":"gr","it":[{"ty":"gr","it":[{"ind":0,"ty":"sh","ix":1,"ks":{"a":0,"k":{"i":[[1.294,-2.962],[4.814,-2.494],[5.874,-0.987],[1.215,-0.176],[-0.179,4.224],[-1.049,0.131],[-4.837,9.65],[-0.139,-1.753],[0.007,-0.361]],"o":[[-1.948,4.512],[-5.112,2.644],[-1.208,0.205],[-0.49,-4.274],[1.052,-0.061],[12.36,-1.577],[1.731,1.035],[0.038,0.407],[-0.102,3.187]],"v":[[14.963,-0.473],[4.256,10.325],[-12.635,15.139],[-16.273,15.706],[-16.832,2.938],[-13.685,2.654],[14.471,-15.706],[16.963,-10.973],[17.004,-9.822]],"c":true},"ix":2},"nm":"Path 1","mn":"ADBE Vector Shape - Group","hd":false},{"ty":"fl","c":{"a":0,"k":[0.787999987602,0.549000024796,0.458999991417,1],"ix":4},"o":{"a":0,"k":100,"ix":5},"r":1,"bm":0,"nm":"Fill 1","mn":"ADBE Vector Graphic - Fill","hd":false},{"ty":"tr","p":{"a":0,"k":[1612.904,266.712],"ix":2},"a":{"a":0,"k":[0,0],"ix":1},"s":{"a":0,"k":[100,100],"ix":3},"r":{"a":0,"k":0,"ix":6},"o":{"a":0,"k":100,"ix":7},"sk":{"a":0,"k":0,"ix":4},"sa":{"a":0,"k":0,"ix":5},"nm":"Transform"}],"nm":"Group 1","np":2,"cix":2,"bm":0,"ix":1,"mn":"ADBE Vector Group","hd":false},{"ty":"tr","p":{"a":0,"k":[735.325,227.27],"ix":2},"a":{"a":0,"k":[1612.962,266.712],"ix":1},"s":{"a":0,"k":[93,93],"ix":3},"r":{"a":0,"k":0,"ix":6},"o":{"a":0,"k":100,"ix":7},"sk":{"a":0,"k":0,"ix":4},"sa":{"a":0,"k":0,"ix":5},"nm":"Transform"}],"nm":"neck shadow","np":1,"cix":2,"bm":0,"ix":1,"mn":"ADBE Vector Group","hd":false},{"ty":"gr","it":[{"ty":"gr","it":[{"ind":0,"ty":"sh","ix":1,"ks":{"a":0,"k":{"i":[[15.675,1.926],[3.63,9.336],[0.375,2.302],[1.016,8.873],[-0.179,4.225],[-0.496,2.632],[-6.194,7.135],[-10.712,-0.242],[-4.091,-4.157],[-0.504,-0.666],[-0.634,-1.343],[1.068,-4.544],[0.639,-7.942],[-1.67,-8.007],[-0.114,-4.064]],"o":[[-10.116,-1.236],[-0.849,-2.18],[-1.394,-8.51],[-0.489,-4.274],[0.107,-2.672],[1.752,-9.188],[6.879,-7.92],[5.898,0.133],[0.582,0.593],[0.866,1.146],[2.072,4.428],[-1.791,7.628],[-0.663,8.231],[0.842,4.044],[0.509,16.722]],"v":[[-1.851,53.666],[-24.413,37.242],[-26.205,30.499],[-30.654,4.227],[-31.212,-8.54],[-30.322,-16.501],[-18.128,-41.55],[9.401,-55.351],[25.346,-48.882],[26.978,-46.982],[29.319,-44.074],[30.098,-28.982],[25.908,-5.43],[27.501,18.106],[28.186,30.716]],"c":true},"ix":2},"nm":"Path 1","mn":"ADBE Vector Shape - Group","hd":false},{"ty":"fl","c":{"a":0,"k":[0.847000002861,0.60799998045,0.501999974251,1],"ix":4},"o":{"a":0,"k":100,"ix":5},"r":1,"bm":0,"nm":"Fill 1","mn":"ADBE Vector Graphic - Fill","hd":false},{"ty":"tr","p":{"a":0,"k":[1627.285,278.191],"ix":2},"a":{"a":0,"k":[0,0],"ix":1},"s":{"a":0,"k":[100,100],"ix":3},"r":{"a":0,"k":0,"ix":6},"o":{"a":0,"k":100,"ix":7},"sk":{"a":0,"k":0,"ix":4},"sa":{"a":0,"k":0,"ix":5},"nm":"Transform"}],"nm":"Group 1","np":2,"cix":2,"bm":0,"ix":1,"mn":"ADBE Vector Group","hd":false},{"ty":"gr","it":[{"ind":0,"ty":"sh","ix":1,"ks":{"a":0,"k":{"i":[[5.367,14.279],[-14.278,5.367],[-5.373,-14.285],[14.274,-5.374]],"o":[[-5.368,-14.278],[14.278,-5.367],[5.374,14.274],[-14.285,5.367]],"v":[[-25.856,9.72],[-9.724,-25.854],[25.85,-9.721],[9.724,25.854]],"c":true},"ix":2},"nm":"Path 1","mn":"ADBE Vector Shape - Group","hd":false},{"ty":"fl","c":{"a":0,"k":[0.847000002861,0.60799998045,0.501999974251,1],"ix":4},"o":{"a":0,"k":100,"ix":5},"r":1,"bm":0,"nm":"Fill 1","mn":"ADBE Vector Graphic - Fill","hd":false},{"ty":"tr","p":{"a":0,"k":[1628.489,304.4],"ix":2},"a":{"a":0,"k":[0,0],"ix":1},"s":{"a":0,"k":[100,100],"ix":3},"r":{"a":0,"k":0,"ix":6},"o":{"a":0,"k":100,"ix":7},"sk":{"a":0,"k":0,"ix":4},"sa":{"a":0,"k":0,"ix":5},"nm":"Transform"}],"nm":"Group 2","np":2,"cix":2,"bm":0,"ix":2,"mn":"ADBE Vector Group","hd":false},{"ty":"tr","p":{"a":0,"k":[748.471,237.287],"ix":2},"a":{"a":0,"k":[1627.097,277.484],"ix":1},"s":{"a":0,"k":[93,93],"ix":3},"r":{"a":0,"k":0,"ix":6},"o":{"a":0,"k":100,"ix":7},"sk":{"a":0,"k":0,"ix":4},"sa":{"a":0,"k":0,"ix":5},"nm":"Transform"}],"nm":"neck_skin","np":2,"cix":2,"bm":0,"ix":2,"mn":"ADBE Vector Group","hd":false}],"ip":0,"op":180,"st":0,"bm":0},{"ddd":0,"ind":8,"ty":4,"nm":"foot","sr":1,"ks":{"o":{"a":0,"k":100,"ix":11},"r":{"a":0,"k":0,"ix":10},"p":{"a":0,"k":[430.786,724.6,0],"ix":2},"a":{"a":0,"k":[430.786,724.6,0],"ix":1},"s":{"a":0,"k":[100,100,100],"ix":6}},"ao":0,"shapes":[{"ty":"gr","it":[{"ty":"gr","it":[{"ty":"gr","it":[{"ind":0,"ty":"sh","ix":1,"ks":{"a":0,"k":{"i":[[-0.234,0.123],[-0.702,0.894],[0.034,0.342],[0.051,0.081],[3.13,7.037],[1.865,3.643],[2.24,2.841],[0.214,0.267],[0.442,0.538],[1.12,1.522],[0.096,0.134],[0.101,0.141],[0.163,0.25],[0.804,1.25],[0.062,0.109],[0.057,0.099],[0.524,0.847],[1.45,2.584],[1.462,2.917],[1.305,3.07],[0.971,3.038],[0.338,3.254],[-0.046,0.102],[-0.112,0.07],[-0.741,0.84],[0.099,0.399],[0.504,-0.123],[2.196,-1.812],[-0.125,-1.101],[-5.406,-11.286],[-3.648,-6.685],[0,0],[-2.469,-5.994],[-4.006,-0.856],[-0.705,0.432]],"o":[[1.626,-0.916],[0.279,-0.346],[-0.058,-0.575],[-9.154,-13.078],[-1.314,-2.968],[-2.275,-4.43],[-0.219,-0.276],[-0.45,-0.554],[-1.195,-1.475],[-0.087,-0.137],[-0.097,-0.133],[-0.167,-0.236],[-0.681,-1.013],[-0.059,-0.099],[-0.067,-0.094],[-0.501,-0.773],[-1.552,-2.524],[-1.597,-2.846],[-1.495,-2.981],[-1.248,-2.934],[-0.993,-3.106],[-0.012,-0.112],[0.052,-0.12],[0.936,-0.588],[0.287,-0.324],[-0.111,-0.441],[-2.113,0.58],[-0.865,0.71],[1.488,12.814],[3.174,6.625],[0,0],[4.379,8.031],[9.277,22.567],[0.738,0.111],[0.219,-0.021]],"v":[[26.071,57.719],[30.158,53.979],[30.459,52.906],[30.038,51.778],[14.798,25.018],[10.252,15.347],[3.454,4.898],[2.81,4.076],[1.484,2.443],[-1.985,-1.963],[-2.264,-2.367],[-2.558,-2.774],[-3.056,-3.497],[-5.293,-6.898],[-5.485,-7.208],[-5.672,-7.508],[-7.201,-9.952],[-11.703,-17.617],[-16.299,-26.259],[-20.517,-35.33],[-23.884,-44.283],[-26.101,-53.861],[-26.076,-54.194],[-25.795,-54.461],[-23.05,-56.419],[-22.871,-57.64],[-23.804,-58.398],[-29.178,-55.241],[-30.368,-52.349],[-19.226,-16.725],[-8.833,3.134],[-7.948,4.756],[2.006,25.988],[23.24,58.411],[25.393,57.938]],"c":true},"ix":2},"nm":"Path 1","mn":"ADBE Vector Shape - Group","hd":false},{"ty":"fl","c":{"a":0,"k":[0.40000000596,0.40000000596,0.40000000596,1],"ix":4},"o":{"a":0,"k":100,"ix":5},"r":1,"bm":0,"nm":"Fill 1","mn":"ADBE Vector Graphic - Fill","hd":false},{"ty":"tr","p":{"a":0,"k":[1236.844,787.851],"ix":2},"a":{"a":0,"k":[0,0],"ix":1},"s":{"a":0,"k":[100,100],"ix":3},"r":{"a":0,"k":0,"ix":6},"o":{"a":0,"k":100,"ix":7},"sk":{"a":0,"k":0,"ix":4},"sa":{"a":0,"k":0,"ix":5},"nm":"Transform"}],"nm":"Group 1","np":2,"cix":2,"bm":0,"ix":1,"mn":"ADBE Vector Group","hd":false},{"ty":"tr","p":{"a":0,"k":[385.572,711.941],"ix":2},"a":{"a":0,"k":[1236.884,787.864],"ix":1},"s":{"a":0,"k":[93,93],"ix":3},"r":{"a":0,"k":0,"ix":6},"o":{"a":0,"k":100,"ix":7},"sk":{"a":0,"k":0,"ix":4},"sa":{"a":0,"k":0,"ix":5},"nm":"Transform"}],"nm":"sole","np":1,"cix":2,"bm":0,"ix":1,"mn":"ADBE Vector Group","hd":false},{"ty":"gr","it":[{"ty":"gr","it":[{"ind":0,"ty":"sh","ix":1,"ks":{"a":0,"k":{"i":[[-1.809,0.572],[-2.107,0.934],[-4.085,1.122],[-3.959,2.441],[-2.428,1.763],[-0.746,1.935],[1.359,1.001],[2.552,-0.444],[1.699,1.768],[0.38,1.894],[-0.532,1.383],[-1.638,0.955],[-1.406,1.996],[1.574,0.449],[1.32,-0.125],[0,0],[1.276,0.811],[0,0],[0,0],[1.574,0.45],[0,0],[1.53,1.515],[8.283,10.41],[3.807,0.834],[3.442,-4.015],[-4.016,-10.217],[-1.209,-2.214],[-0.55,-2.278],[-2.207,-4.979],[-1.678,-1.882]],"o":[[1.809,-0.572],[2.108,-0.932],[4.085,-1.122],[3.96,-2.442],[2.427,-1.762],[0.746,-1.935],[-1.36,-1.002],[-2.554,0.444],[-1.7,-1.767],[-0.38,-1.893],[0.534,-1.381],[1.64,-0.955],[1.408,-1.999],[-1.572,-0.449],[-1.318,0.126],[-0.635,-2.467],[-1.275,-0.809],[0,0],[0,0],[-1.572,-0.448],[0.063,0.409],[-6.332,-6.276],[-5.771,-7.25],[-3.806,-0.835],[-5.41,6.311],[8.379,21.313],[1.21,2.213],[0.55,2.276],[2.206,4.981],[2.579,2.889]],"v":[[10.091,55.049],[17.421,50.366],[24.571,47.887],[34.277,42.901],[43.668,34.616],[48.801,29.135],[46.253,25.452],[38.958,25.017],[33.898,22.905],[28.213,10.071],[28.709,3.436],[31.528,-4.686],[36.447,-9.614],[31.538,-12.939],[25.03,-14.181],[20.035,-15.634],[16.572,-19.829],[13.766,-19.96],[12.022,-20.791],[8.593,-23.384],[3.487,-23.498],[-4.588,-28.109],[-20.982,-41.427],[-35.013,-56.04],[-44.137,-54.575],[-39.043,-26.159],[-22.744,2.628],[-13.977,17.763],[-9.91,31.082],[4.947,55.701]],"c":true},"ix":2},"nm":"Path 1","mn":"ADBE Vector Shape - Group","hd":false},{"ty":"fl","c":{"a":0,"k":[0.07500000298,0.071000002325,0.067000001669,1],"ix":4},"o":{"a":0,"k":100,"ix":5},"r":1,"bm":0,"nm":"Fill 1","mn":"ADBE Vector Graphic - Fill","hd":false},{"ty":"tr","p":{"a":0,"k":[1255.365,786.362],"ix":2},"a":{"a":0,"k":[0,0],"ix":1},"s":{"a":0,"k":[100,100],"ix":3},"r":{"a":0,"k":0,"ix":6},"o":{"a":0,"k":100,"ix":7},"sk":{"a":0,"k":0,"ix":4},"sa":{"a":0,"k":0,"ix":5},"nm":"Transform"}],"nm":"Group 1","np":2,"cix":2,"bm":0,"ix":1,"mn":"ADBE Vector Group","hd":false},{"ty":"tr","p":{"a":0,"k":[404.046,710.46],"ix":2},"a":{"a":0,"k":[1256.748,786.271],"ix":1},"s":{"a":0,"k":[93,93],"ix":3},"r":{"a":0,"k":0,"ix":6},"o":{"a":0,"k":100,"ix":7},"sk":{"a":0,"k":0,"ix":4},"sa":{"a":0,"k":0,"ix":5},"nm":"Transform"}],"nm":"foot","np":1,"cix":2,"bm":0,"ix":2,"mn":"ADBE Vector Group","hd":false},{"ty":"tr","p":{"a":0,"k":[402.786,711.85],"ix":2},"a":{"a":0,"k":[402.786,711.85],"ix":1},"s":{"a":0,"k":[100,100],"ix":3},"r":{"a":0,"k":0,"ix":6},"o":{"a":0,"k":100,"ix":7},"sk":{"a":0,"k":0,"ix":4},"sa":{"a":0,"k":0,"ix":5},"nm":"Transform"}],"nm":"foot","np":2,"cix":2,"bm":0,"ix":1,"mn":"ADBE Vector Group","hd":false},{"ty":"gr","it":[{"ty":"gr","it":[{"ind":0,"ty":"sh","ix":1,"ks":{"a":0,"k":{"i":[[8.068,-5.725],[5.726,8.069],[-8.069,5.726],[-5.726,-8.069]],"o":[[-8.067,5.726],[-5.725,-8.068],[8.068,-5.725],[5.724,8.068]],"v":[[10.367,14.608],[-14.609,10.366],[-10.366,-14.609],[14.609,-10.367]],"c":true},"ix":2},"nm":"Path 1","mn":"ADBE Vector Shape - Group","hd":false},{"ty":"fl","c":{"a":0,"k":[0.847000002861,0.60799998045,0.501999974251,1],"ix":4},"o":{"a":0,"k":100,"ix":5},"r":1,"bm":0,"nm":"Fill 1","mn":"ADBE Vector Graphic - Fill","hd":false},{"ty":"tr","p":{"a":0,"k":[1285.74,801.089],"ix":2},"a":{"a":0,"k":[0,0],"ix":1},"s":{"a":0,"k":[100,100],"ix":3},"r":{"a":0,"k":0,"ix":6},"o":{"a":0,"k":100,"ix":7},"sk":{"a":0,"k":0,"ix":4},"sa":{"a":0,"k":0,"ix":5},"nm":"Transform"}],"nm":"Group 1","np":2,"cix":2,"bm":0,"ix":1,"mn":"ADBE Vector Group","hd":false},{"ty":"tr","p":{"a":0,"k":[431.008,724.24],"ix":2},"a":{"a":0,"k":[1285.74,801.089],"ix":1},"s":{"a":0,"k":[93,93],"ix":3},"r":{"a":0,"k":0,"ix":6},"o":{"a":0,"k":100,"ix":7},"sk":{"a":0,"k":0,"ix":4},"sa":{"a":0,"k":0,"ix":5},"nm":"Transform"}],"nm":"foot_skin","np":1,"cix":2,"bm":0,"ix":2,"mn":"ADBE Vector Group","hd":false}],"ip":0,"op":180,"st":0,"bm":0},{"ddd":0,"ind":9,"ty":4,"nm":"calf","sr":1,"ks":{"o":{"a":0,"k":100,"ix":11},"r":{"a":0,"k":0,"ix":10},"p":{"a":0,"k":[429.99,723.865,0],"ix":2},"a":{"a":0,"k":[429.99,723.865,0],"ix":1},"s":{"a":0,"k":[100,100,100],"ix":6}},"ao":0,"shapes":[{"ty":"gr","it":[{"ty":"gr","it":[{"ind":0,"ty":"sh","ix":1,"ks":{"a":0,"k":{"i":[[-0.02,0.009],[-24.7,15.836],[-11.59,10.087],[-4.935,6.084],[-5.981,5.325],[-7.544,-7.058],[-0.42,-8.109],[9.78,-6.466],[17.214,-13.836],[39.095,-14.431],[2.235,5.393]],"o":[[26.84,-11.605],[12.941,-8.299],[5.909,-5.144],[7.245,-8.931],[7.647,-6.807],[5.929,5.547],[0.624,12.035],[-18.748,12.395],[-33.855,27.21],[-3.205,-3.679],[-3.784,-9.128]],"v":[[-91.872,36.238],[-23.605,1.684],[13.078,-26.161],[30.443,-41.994],[48.859,-62.507],[81.249,-58.383],[91.269,-36.833],[78.031,-9.348],[29.175,37.329],[-78.738,69.314],[-87.484,54.997]],"c":true},"ix":2},"nm":"Path 1","mn":"ADBE Vector Shape - Group","hd":false},{"ty":"fl","c":{"a":0,"k":[0.109999999404,0.11400000006,0.118000000715,1],"ix":4},"o":{"a":0,"k":100,"ix":5},"r":1,"bm":0,"nm":"Fill 1","mn":"ADBE Vector Graphic - Fill","hd":false},{"ty":"tr","p":{"a":0,"k":[1404.792,734.487],"ix":2},"a":{"a":0,"k":[0,0],"ix":1},"s":{"a":0,"k":[100,100],"ix":3},"r":{"a":0,"k":0,"ix":6},"o":{"a":0,"k":100,"ix":7},"sk":{"a":0,"k":0,"ix":4},"sa":{"a":0,"k":0,"ix":5},"nm":"Transform"}],"nm":"Group 1","np":2,"cix":2,"bm":0,"ix":1,"mn":"ADBE Vector Group","hd":false},{"ty":"gr","it":[{"ind":0,"ty":"sh","ix":1,"ks":{"a":0,"k":{"i":[[16.459,-2.078],[2.079,16.458],[-16.458,2.079],[-2.078,-16.458]],"o":[[-16.458,2.077],[-2.078,-16.458],[16.459,-2.078],[2.078,16.459]],"v":[[3.762,29.801],[-29.801,3.763],[-3.762,-29.801],[29.801,-3.762]],"c":true},"ix":2},"nm":"Path 1","mn":"ADBE Vector Shape - Group","hd":false},{"ty":"fl","c":{"a":0,"k":[0.109999999404,0.11400000006,0.118000000715,1],"ix":4},"o":{"a":0,"k":100,"ix":5},"r":1,"bm":0,"nm":"Fill 1","mn":"ADBE Vector Graphic - Fill","hd":false},{"ty":"tr","p":{"a":0,"k":[1470.007,697.924],"ix":2},"a":{"a":0,"k":[0,0],"ix":1},"s":{"a":0,"k":[100,100],"ix":3},"r":{"a":0,"k":0,"ix":6},"o":{"a":0,"k":100,"ix":7},"sk":{"a":0,"k":0,"ix":4},"sa":{"a":0,"k":0,"ix":5},"nm":"Transform"}],"nm":"Group 2","np":2,"cix":2,"bm":0,"ix":2,"mn":"ADBE Vector Group","hd":false},{"ty":"tr","p":{"a":0,"k":[543.3,663.561],"ix":2},"a":{"a":0,"k":[1406.484,735.842],"ix":1},"s":{"a":0,"k":[93,93],"ix":3},"r":{"a":0,"k":0,"ix":6},"o":{"a":0,"k":100,"ix":7},"sk":{"a":0,"k":0,"ix":4},"sa":{"a":0,"k":0,"ix":5},"nm":"Transform"}],"nm":"calf","np":2,"cix":2,"bm":0,"ix":1,"mn":"ADBE Vector Group","hd":false},{"ty":"gr","it":[{"ty":"gr","it":[{"ind":0,"ty":"sh","ix":1,"ks":{"a":0,"k":{"i":[[2.083,3.566],[1.081,1.109],[5.218,0.028],[3.499,-1.533],[5.127,-1.976],[2.968,-0.815],[2.597,-1.218],[2.116,-4.311],[-1.019,-3.869],[-9.242,0.769],[-4.228,1.825],[-4.276,2.009],[-4.961,2.94],[-1.883,4.574]],"o":[[-0.778,-1.332],[-3.225,-3.309],[-3.709,-0.021],[-5.024,2.202],[-2.884,1.112],[-2.75,0.755],[-4.705,2.206],[-1.918,3.907],[2.01,7.629],[4.562,-0.379],[4.325,-1.865],[5.219,-2.454],[4.505,-2.67],[1.743,-4.236]],"v":[[34.417,-15.512],[31.596,-19.191],[18.615,-25.051],[7.655,-22.312],[-7.326,-15.54],[-16.109,-12.716],[-24.135,-9.893],[-34.785,-0.041],[-36.255,12.049],[-17.022,24.303],[-3.826,20.347],[9.056,14.585],[24.761,7.181],[35.531,-3.469]],"c":true},"ix":2},"nm":"Path 1","mn":"ADBE Vector Shape - Group","hd":false},{"ty":"fl","c":{"a":0,"k":[0.847000002861,0.60799998045,0.501999974251,1],"ix":4},"o":{"a":0,"k":100,"ix":5},"r":1,"bm":0,"nm":"Fill 1","mn":"ADBE Vector Graphic - Fill","hd":false},{"ty":"tr","p":{"a":0,"k":[1304.92,794.058],"ix":2},"a":{"a":0,"k":[0,0],"ix":1},"s":{"a":0,"k":[100,100],"ix":3},"r":{"a":0,"k":0,"ix":6},"o":{"a":0,"k":100,"ix":7},"sk":{"a":0,"k":0,"ix":4},"sa":{"a":0,"k":0,"ix":5},"nm":"Transform"}],"nm":"Group 1","np":2,"cix":2,"bm":0,"ix":1,"mn":"ADBE Vector Group","hd":false},{"ty":"tr","p":{"a":0,"k":[448.726,717.387],"ix":2},"a":{"a":0,"k":[1304.791,793.72],"ix":1},"s":{"a":0,"k":[93,93],"ix":3},"r":{"a":0,"k":0,"ix":6},"o":{"a":0,"k":100,"ix":7},"sk":{"a":0,"k":0,"ix":4},"sa":{"a":0,"k":0,"ix":5},"nm":"Transform"}],"nm":"calf_skin","np":1,"cix":2,"bm":0,"ix":2,"mn":"ADBE Vector Group","hd":false}],"ip":0,"op":180,"st":0,"bm":0},{"ddd":0,"ind":10,"ty":4,"nm":"hips","sr":1,"ks":{"o":{"a":0,"k":100,"ix":11},"r":{"a":1,"k":[{"i":{"x":[0.527],"y":[1]},"o":{"x":[0.619],"y":[0.619]},"t":7,"s":[0]},{"i":{"x":[0.667],"y":[1]},"o":{"x":[0.333],"y":[0]},"t":58,"s":[-18]},{"i":{"x":[0.511],"y":[0.501]},"o":{"x":[0.543],"y":[-0.033]},"t":110,"s":[-18]},{"t":162,"s":[0]}],"ix":10},"p":{"a":0,"k":[762.303,546.081,0],"ix":2},"a":{"a":0,"k":[1641.97,609.52,0],"ix":1},"s":{"a":0,"k":[93,93,100],"ix":6}},"ao":0,"shapes":[{"ty":"gr","it":[{"ind":0,"ty":"sh","ix":1,"ks":{"a":0,"k":{"i":[[22.392,22.524],[38.546,-0.412],[0,0],[0.025,-0.906],[0.608,-13.299],[-1.903,-12.994],[-6.174,-6.351],[-0.383,-0.372],[-5.787,-3.276],[-13.577,1.584],[-3.799,26.723]],"o":[[0,0],[-9.757,0.105],[0.421,0.07],[-0.356,13.308],[-0.597,13.048],[1.244,8.493],[0.371,0.382],[4.692,4.553],[11.846,6.708],[34.933,-4.078],[4.37,-30.751]],"v":[[37.635,-67.833],[-11.865,-61.839],[-63.099,-64.235],[-63.302,-54.264],[-65.099,-14.365],[-64.781,25.067],[-53.354,47.779],[-52.223,48.91],[-36.299,60.625],[3.909,66.25],[62.314,8.575]],"c":true},"ix":2},"nm":"Path 1","mn":"ADBE Vector Shape - Group","hd":false},{"ty":"fl","c":{"a":0,"k":[0.109999997008,0.113999998803,0.118000000598,1],"ix":4},"o":{"a":0,"k":100,"ix":5},"r":1,"bm":0,"nm":"Fill 1","mn":"ADBE Vector Graphic - Fill","hd":false},{"ty":"tr","p":{"a":0,"k":[1643.128,609.936],"ix":2},"a":{"a":0,"k":[0,0],"ix":1},"s":{"a":0,"k":[100,100],"ix":3},"r":{"a":0,"k":0,"ix":6},"o":{"a":0,"k":100,"ix":7},"sk":{"a":0,"k":0,"ix":4},"sa":{"a":0,"k":0,"ix":5},"nm":"Transform"}],"nm":"Group 1","np":2,"cix":2,"bm":0,"ix":1,"mn":"ADBE Vector Group","hd":false}],"ip":0,"op":180,"st":0,"bm":0},{"ddd":0,"ind":11,"ty":4,"nm":"arm_1","parent":6,"sr":1,"ks":{"o":{"a":0,"k":100,"ix":11},"r":{"a":0,"k":0,"ix":10},"p":{"a":0,"k":[754.339,299.031,0],"ix":2},"a":{"a":0,"k":[1633.407,343.874,0],"ix":1},"s":{"a":0,"k":[93,93,100],"ix":6}},"ao":0,"shapes":[{"ty":"gr","it":[{"ind":0,"ty":"sh","ix":1,"ks":{"a":0,"k":{"i":[[-15.8,-9.123],[9.123,-15.8],[15.8,9.123],[-9.122,15.8]],"o":[[15.8,9.123],[-9.123,15.801],[-15.801,-9.123],[9.123,-15.8]],"v":[[16.519,-28.609],[28.609,16.518],[-16.519,28.608],[-28.609,-16.519]],"c":true},"ix":2},"nm":"Path 1","mn":"ADBE Vector Shape - Group","hd":false},{"ty":"fl","c":{"a":0,"k":[0.788000009574,0.54900004069,0.458999992819,1],"ix":4},"o":{"a":0,"k":100,"ix":5},"r":1,"bm":0,"nm":"Fill 1","mn":"ADBE Vector Graphic - Fill","hd":false},{"ty":"tr","p":{"a":0,"k":[1633.663,343.922],"ix":2},"a":{"a":0,"k":[0,0],"ix":1},"s":{"a":0,"k":[100,100],"ix":3},"r":{"a":0,"k":0,"ix":6},"o":{"a":0,"k":100,"ix":7},"sk":{"a":0,"k":0,"ix":4},"sa":{"a":0,"k":0,"ix":5},"nm":"Transform"}],"nm":"Group 1","np":2,"cix":2,"bm":0,"ix":1,"mn":"ADBE Vector Group","hd":false},{"ty":"gr","it":[{"ind":0,"ty":"sh","ix":1,"ks":{"a":0,"k":{"i":[[2.656,-2.219],[-0.196,-9.882],[-5.51,-8.01],[-5.433,-3.084],[-4.383,-2.753],[-1.903,-4.311],[-11.728,-11.956],[-2.008,-3.115],[-2.316,-2.578],[-3.075,-1.087],[-5.166,5.575],[2.886,7.478],[1.265,2.942],[1.699,3.638],[2.787,5.58],[1.967,3.879],[4.003,8.69],[5.293,9.478],[11.335,3.844],[7.06,-2.722]],"o":[[-7.676,6.411],[0.194,9.814],[3.521,5.117],[4.496,2.552],[4.161,2.614],[6.782,15.318],[2.584,2.634],[1.867,2.899],[2.178,2.424],[7.19,2.543],[5.522,-5.958],[-1.154,-2.987],[-1.573,-3.7],[-2.624,-5.646],[-1.949,-3.886],[-4.326,-8.534],[-4.537,-9.849],[-5.704,-10.212],[-7.167,-2.43],[-3.204,1.234]],"v":[[-47.984,-71.816],[-60.43,-45.613],[-50.789,-18.108],[-37.362,-5.301],[-23.64,1.939],[-15.906,13.538],[12.143,54.9],[19.285,63.199],[25.067,71.848],[33.103,77.248],[53.896,72.038],[57.741,49.684],[54.117,40.788],[49.208,29.788],[41.053,12.965],[35.167,1.311],[22.741,-24.564],[9.999,-54.543],[-16.896,-77.29],[-39.143,-77.068]],"c":true},"ix":2},"nm":"Path 1","mn":"ADBE Vector Shape - Group","hd":false},{"ty":"fl","c":{"a":0,"k":[0.788000009574,0.54900004069,0.458999992819,1],"ix":4},"o":{"a":0,"k":100,"ix":5},"r":1,"bm":0,"nm":"Fill 1","mn":"ADBE Vector Graphic - Fill","hd":false},{"ty":"tr","p":{"a":0,"k":[1659.266,388.903],"ix":2},"a":{"a":0,"k":[0,0],"ix":1},"s":{"a":0,"k":[100,100],"ix":3},"r":{"a":0,"k":0,"ix":6},"o":{"a":0,"k":100,"ix":7},"sk":{"a":0,"k":0,"ix":4},"sa":{"a":0,"k":0,"ix":5},"nm":"Transform"}],"nm":"Group 2","np":2,"cix":2,"bm":0,"ix":2,"mn":"ADBE Vector Group","hd":false}],"ip":0,"op":180,"st":0,"bm":0},{"ddd":0,"ind":12,"ty":4,"nm":"hand_1","parent":13,"sr":1,"ks":{"o":{"a":0,"k":100,"ix":11},"r":{"a":0,"k":0,"ix":10},"p":{"a":0,"k":[1622.737,507.633,0],"ix":2},"a":{"a":0,"k":[1622.737,507.633,0],"ix":1},"s":{"a":0,"k":[100,100,100],"ix":6}},"ao":0,"shapes":[{"ty":"gr","it":[{"ind":0,"ty":"sh","ix":1,"ks":{"a":0,"k":{"i":[[1.145,-1.12],[2.148,0.514],[2.088,0.571],[3.36,0.462],[3.188,0.432],[2.014,-0.007],[1.005,-1.436],[-0.591,-0.808],[-1.38,-0.511],[-3.345,-5.835],[2.093,-1.79],[1.529,-1.312],[-0.839,-0.827],[-0.821,0.956],[0.406,-0.373],[0.25,-0.254],[0.667,-0.619],[0.17,-0.887],[-0.006,-0.378],[-0.103,-0.278],[-0.132,-0.186],[-0.213,-0.182],[-0.276,-0.114],[-0.844,0.107],[-0.159,-0.093],[-1.052,-0.675],[-1.718,0.907],[-1.068,0.442],[-0.028,-0.08],[0.026,-0.11],[-0.034,-0.107],[-0.619,-0.287],[-1.688,0.488],[-1.787,0.712],[-1.625,1.16],[-0.565,0.505],[-0.396,0.108],[-2.973,2.692],[-1.366,1.621],[-0.924,2.081],[-2.441,3.807],[2.034,2.968],[0.568,0.454],[2.358,-0.184]],"o":[[-2.19,0.394],[-2.11,-0.503],[-3.281,-0.898],[-3.188,-0.437],[-1.997,-0.27],[-1.479,0.005],[-0.572,0.817],[0.864,1.177],[5.447,2.014],[-2.222,1.631],[-1.957,1.675],[-8.542,7.338],[1.339,1.32],[-0.168,0.522],[-0.263,0.242],[-0.638,0.649],[-0.666,0.62],[-0.073,0.373],[0.004,0.296],[0.08,0.213],[0.161,0.228],[0.226,0.193],[0.785,0.325],[1.76,-0.226],[-0.07,0.252],[1.498,0.96],[1.023,-0.541],[0.028,0.08],[-0.114,0.002],[-0.026,0.11],[0.204,0.643],[1.738,0.808],[1.849,-0.534],[1.858,-0.742],[0.619,-0.442],[0.304,-0.271],[3.983,-1.089],[1.569,-1.421],[1.503,-1.781],[1.88,-4.233],[1.966,-3.066],[-0.368,-0.537],[-1.84,-1.47],[-1.611,0.126]],"v":[[19.138,-20.179],[11.151,-20.595],[5.013,-22.517],[-5.022,-24.217],[-14.495,-25.991],[-20.522,-26.387],[-25.627,-25.468],[-25.257,-22.695],[-21.708,-20.2],[-4.659,-13.578],[-11.398,-8.707],[-22.962,0.824],[-28.95,12.55],[-23.203,11.814],[-28.533,16.024],[-29.276,16.792],[-31.338,18.583],[-32.766,20.843],[-32.828,21.975],[-32.716,22.851],[-32.372,23.439],[-31.834,24.08],[-31.06,24.518],[-28.57,24.737],[-25.446,23.42],[-24.758,25.842],[-19.861,25.285],[-16.816,23.732],[-16.73,23.972],[-16.94,24.282],[-16.905,24.615],[-15.594,26.096],[-9.988,25.425],[-4.512,23.611],[0.772,20.807],[2.547,19.382],[3.559,18.714],[13.681,12.189],[18.296,7.816],[21.358,1.968],[30.837,-7.159],[30.805,-14.461],[27.542,-18.591],[23.341,-20.355]],"c":true},"ix":2},"nm":"Path 1","mn":"ADBE Vector Shape - Group","hd":false},{"ty":"fl","c":{"a":0,"k":[0.788000009574,0.54900004069,0.458999992819,1],"ix":4},"o":{"a":0,"k":100,"ix":5},"r":1,"bm":0,"nm":"Fill 1","mn":"ADBE Vector Graphic - Fill","hd":false},{"ty":"tr","p":{"a":0,"k":[1600.412,520.035],"ix":2},"a":{"a":0,"k":[0,0],"ix":1},"s":{"a":0,"k":[100,100],"ix":3},"r":{"a":0,"k":0,"ix":6},"o":{"a":0,"k":100,"ix":7},"sk":{"a":0,"k":0,"ix":4},"sa":{"a":0,"k":0,"ix":5},"nm":"Transform"}],"nm":"Group 1","np":2,"cix":2,"bm":0,"ix":1,"mn":"ADBE Vector Group","hd":false}],"ip":0,"op":180,"st":0,"bm":0},{"ddd":0,"ind":13,"ty":4,"nm":"forearm_1","parent":11,"sr":1,"ks":{"o":{"a":0,"k":100,"ix":11},"r":{"a":0,"k":0,"ix":10},"p":{"a":0,"k":[1699.989,446.751,0],"ix":2},"a":{"a":0,"k":[1699.989,446.751,0],"ix":1},"s":{"a":0,"k":[100,100,100],"ix":6}},"ao":0,"shapes":[{"ty":"gr","it":[{"ind":0,"ty":"sh","ix":1,"ks":{"a":0,"k":{"i":[[-6.701,-8.856],[8.856,-6.7],[6.7,8.856],[-8.855,6.7]],"o":[[6.7,8.856],[-8.857,6.701],[-6.701,-8.856],[8.857,-6.701]],"v":[[16.036,-12.133],[12.133,16.035],[-16.035,12.132],[-12.133,-16.035]],"c":true},"ix":2},"nm":"Path 1","mn":"ADBE Vector Shape - Group","hd":false},{"ty":"fl","c":{"a":0,"k":[0.788000009574,0.54900004069,0.458999992819,1],"ix":4},"o":{"a":0,"k":100,"ix":5},"r":1,"bm":0,"nm":"Fill 1","mn":"ADBE Vector Graphic - Fill","hd":false},{"ty":"tr","p":{"a":0,"k":[1700.21,446.279],"ix":2},"a":{"a":0,"k":[0,0],"ix":1},"s":{"a":0,"k":[100,100],"ix":3},"r":{"a":0,"k":0,"ix":6},"o":{"a":0,"k":100,"ix":7},"sk":{"a":0,"k":0,"ix":4},"sa":{"a":0,"k":0,"ix":5},"nm":"Transform"}],"nm":"Group 1","np":2,"cix":2,"bm":0,"ix":1,"mn":"ADBE Vector Group","hd":false},{"ty":"gr","it":[{"ind":0,"ty":"sh","ix":1,"ks":{"a":0,"k":{"i":[[-0.017,-0.215],[2.166,-3.968],[2.625,-3.16],[4.413,-4.088],[0.666,-0.594],[0.139,-0.123],[0.872,-0.742],[17.719,-8.016],[7.187,-0.66],[3.266,1.811],[1.482,0.477],[2.641,-0.181],[-15.506,15.983],[-7.739,7.177],[-3.66,2.34],[-3.944,1.223],[-5.16,-4.976],[-0.486,-4.322]],"o":[[0.347,4.503],[-1.968,3.605],[-3.846,4.633],[-0.659,0.6],[-0.14,0.122],[-0.853,0.76],[-14.869,12.53],[-4.297,1.94],[-1.26,0.116],[-1.432,-0.797],[-2.789,-0.904],[18.635,-16.476],[7.321,-7.545],[3.185,-2.954],[3.44,-2.2],[6.818,-2.098],[3.129,3.018],[0.025,0.215]],"v":[[56.005,-27.557],[53.298,-14.768],[46.026,-4.691],[33.503,8.344],[31.525,10.145],[31.099,10.518],[28.51,12.768],[-18.122,39.74],[-40.469,46.206],[-47.189,39.13],[-51.563,37.229],[-56.352,35.161],[-11.348,-6.992],[9.512,-30.579],[19.808,-38.542],[30.596,-44.224],[50.269,-39.66],[55.943,-28.203]],"c":true},"ix":2},"nm":"Path 1","mn":"ADBE Vector Shape - Group","hd":false},{"ty":"fl","c":{"a":0,"k":[0.788000009574,0.54900004069,0.458999992819,1],"ix":4},"o":{"a":0,"k":100,"ix":5},"r":1,"bm":0,"nm":"Fill 1","mn":"ADBE Vector Graphic - Fill","hd":false},{"ty":"tr","p":{"a":0,"k":[1663.968,471.661],"ix":2},"a":{"a":0,"k":[0,0],"ix":1},"s":{"a":0,"k":[100,100],"ix":3},"r":{"a":0,"k":0,"ix":6},"o":{"a":0,"k":100,"ix":7},"sk":{"a":0,"k":0,"ix":4},"sa":{"a":0,"k":0,"ix":5},"nm":"Transform"}],"nm":"Group 2","np":2,"cix":2,"bm":0,"ix":2,"mn":"ADBE Vector Group","hd":false}],"ip":0,"op":180,"st":0,"bm":0},{"ddd":0,"ind":14,"ty":4,"nm":"thigh_1","sr":1,"ks":{"o":{"a":0,"k":100,"ix":11},"r":{"a":0,"k":0,"ix":10},"p":{"a":0,"k":[749.726,723.3,0],"ix":2},"a":{"a":0,"k":[1628.447,800.078,0],"ix":1},"s":{"a":0,"k":[93,93,100],"ix":6}},"ao":0,"shapes":[{"ty":"gr","it":[{"ind":0,"ty":"sh","ix":1,"ks":{"a":0,"k":{"i":[[-0.755,-4.309],[-1.677,-2.997],[-8.105,-2.614],[-6.99,4.353],[-1.558,6.232],[-0.89,4.619],[-6.043,20.586],[-3.12,13.562],[-0.989,16.756],[30.993,5.628],[10.688,-8.385],[0.141,-24.876],[-3.274,-37.069],[-0.272,-4.241]],"o":[[0.592,3.381],[4.19,7.485],[7.859,2.535],[5.028,-3.132],[1.469,-5.872],[4.066,-21.088],[3.9,-13.355],[3.759,-16.343],[1.558,-26.456],[-13.48,-2.448],[-20.893,16.391],[-0.21,37.355],[0.374,4.235],[0.28,4.369]],"v":[[-41.401,90.732],[-36.315,109.27],[-20.922,123.458],[5.925,119.404],[15.219,105.029],[15.343,88.028],[31.444,25.786],[42.304,-14.512],[50.737,-64.981],[10.324,-123.546],[-28.443,-113.442],[-52.084,-46.657],[-43.641,64.935],[-42.814,77.659]],"c":true},"ix":2},"nm":"Path 1","mn":"ADBE Vector Shape - Group","hd":false},{"ty":"fl","c":{"a":0,"k":[0.071000005685,0.075,0.078000005086,1],"ix":4},"o":{"a":0,"k":100,"ix":5},"r":1,"bm":0,"nm":"Fill 1","mn":"ADBE Vector Graphic - Fill","hd":false},{"ty":"tr","p":{"a":0,"k":[1639.268,701.549],"ix":2},"a":{"a":0,"k":[0,0],"ix":1},"s":{"a":0,"k":[100,100],"ix":3},"r":{"a":0,"k":0,"ix":6},"o":{"a":0,"k":100,"ix":7},"sk":{"a":0,"k":0,"ix":4},"sa":{"a":0,"k":0,"ix":5},"nm":"Transform"}],"nm":"Group 1","np":2,"cix":2,"bm":0,"ix":1,"mn":"ADBE Vector Group","hd":false}],"ip":0,"op":180,"st":0,"bm":0},{"ddd":0,"ind":15,"ty":4,"nm":"foot_1","sr":1,"ks":{"o":{"a":0,"k":100,"ix":11},"r":{"a":0,"k":0,"ix":10},"p":{"a":0,"k":[775.868,898.105,0],"ix":2},"a":{"a":0,"k":[775.868,898.105,0],"ix":1},"s":{"a":0,"k":[100,100,100],"ix":6}},"ao":0,"shapes":[{"ty":"gr","it":[{"ty":"gr","it":[{"ind":0,"ty":"sh","ix":1,"ks":{"a":0,"k":{"i":[[0.011,0.244],[0.475,0.938],[0.299,0.106],[0.089,-0.01],[7.12,0.131],[3.783,-0.136],[3.258,-0.765],[0.308,-0.075],[0.623,-0.159],[1.713,-0.342],[0.15,-0.028],[0.158,-0.029],[0.273,-0.039],[1.361,-0.186],[0.115,-0.01],[0.104,-0.01],[0.914,-0.109],[2.733,-0.203],[3.016,-0.083],[3.082,0.108],[2.925,0.376],[2.859,0.991],[0.069,0.078],[0.015,0.121],[0.413,0.949],[0.374,0.072],[0.094,-0.47],[-0.658,-2.549],[-0.972,-0.326],[-11.57,0.11],[-7.026,0.438],[0,0],[-5.986,-0.278],[-2.285,3.021],[0.087,0.76]],"o":[[-0.131,-1.721],[-0.18,-0.37],[-0.504,-0.176],[-14.537,2.548],[-3.001,-0.062],[-4.6,0.171],[-0.315,0.075],[-0.64,0.161],[-1.703,0.424],[-0.149,0.02],[-0.149,0.028],[-0.264,0.048],[-1.115,0.173],[-0.107,0.009],[-0.105,0.018],[-0.844,0.117],[-2.723,0.311],[-3.008,0.224],[-3.082,0.085],[-2.946,-0.104],[-2.991,-0.385],[-0.097,-0.034],[-0.08,-0.092],[-0.126,-1.014],[-0.16,-0.367],[-0.412,-0.08],[-0.342,1.997],[0.256,1.003],[11.316,3.771],[6.792,-0.065],[0,0],[8.443,-0.525],[22.536,1.063],[0.382,-0.575],[0.069,-0.191]],"v":[[58.561,-1.588],[57.027,-6.475],[56.247,-7.147],[55.136,-7.236],[26.755,-4.945],[16.874,-4.923],[5.459,-3.319],[4.52,-3.102],[2.633,-2.631],[-2.416,-1.45],[-2.863,-1.374],[-3.32,-1.287],[-4.12,-1.152],[-7.844,-0.609],[-8.179,-0.57],[-8.503,-0.531],[-11.149,-0.208],[-19.333,0.563],[-28.371,1.03],[-37.621,1.012],[-46.438,0.328],[-55.33,-1.565],[-55.599,-1.715],[-55.712,-2.057],[-56.277,-5.121],[-57.231,-5.75],[-58.23,-5.266],[-57.69,0.473],[-55.733,2.601],[-21.531,7.214],[-0.828,6.282],[0.878,6.176],[22.559,6.15],[58.032,1.055],[58.479,-0.934]],"c":true},"ix":2},"nm":"Path 1","mn":"ADBE Vector Shape - Group","hd":false},{"ty":"fl","c":{"a":0,"k":[0.40000000596,0.40000000596,0.40000000596,1],"ix":4},"o":{"a":0,"k":100,"ix":5},"r":1,"bm":0,"nm":"Fill 1","mn":"ADBE Vector Graphic - Fill","hd":false},{"ty":"tr","p":{"a":0,"k":[1627.437,1025.825],"ix":2},"a":{"a":0,"k":[0,0],"ix":1},"s":{"a":0,"k":[100,100],"ix":3},"r":{"a":0,"k":0,"ix":6},"o":{"a":0,"k":100,"ix":7},"sk":{"a":0,"k":0,"ix":4},"sa":{"a":0,"k":0,"ix":5},"nm":"Transform"}],"nm":"Group 1","np":2,"cix":2,"bm":0,"ix":1,"mn":"ADBE Vector Group","hd":false},{"ty":"tr","p":{"a":0,"k":[748.868,933.226],"ix":2},"a":{"a":0,"k":[1627.524,1025.805],"ix":1},"s":{"a":0,"k":[93,93],"ix":3},"r":{"a":0,"k":0,"ix":6},"o":{"a":0,"k":100,"ix":7},"sk":{"a":0,"k":0,"ix":4},"sa":{"a":0,"k":0,"ix":5},"nm":"Transform"}],"nm":"sole_1","np":1,"cix":2,"bm":0,"ix":1,"mn":"ADBE Vector Group","hd":false},{"ty":"gr","it":[{"ty":"gr","it":[{"ind":0,"ty":"sh","ix":1,"ks":{"a":0,"k":{"i":[[-0.229,1.739],[-0.043,2.131],[-0.66,3.863],[0.495,4.274],[0.528,2.724],[1.328,1.382],[1.371,-0.747],[0.627,-2.31],[2.145,-0.733],[1.735,0.422],[0.949,0.988],[0.159,1.747],[1.122,1.959],[0.992,-1.144],[0.412,-1.155],[0,0],[1.178,-0.751],[0,0],[0,0],[0.992,-1.143],[0,0],[1.868,-0.687],[11.962,-2.865],[2.189,-2.862],[-2.015,-4.454],[-10.131,-0.635],[-2.327,0.147],[-2.123,-0.431],[-5.035,-0.101],[-2.234,0.669]],"o":[[0.229,-1.738],[0.044,-2.131],[0.659,-3.86],[-0.495,-4.271],[-0.525,-2.723],[-1.329,-1.382],[-1.371,0.748],[-0.628,2.314],[-2.147,0.731],[-1.735,-0.424],[-0.949,-0.988],[-0.158,-1.747],[-1.123,-1.961],[-0.991,1.142],[-0.411,1.153],[-2.316,-0.435],[-1.176,0.752],[0,0],[0,0],[-0.992,1.142],[0.368,0.107],[-7.736,2.848],[-8.331,1.995],[-2.189,2.861],[3.168,7.003],[21.134,1.325],[2.328,-0.146],[2.123,0.43],[5.036,0.102],[3.429,-1.029]],"v":[[56.555,19.33],[55.501,11.357],[56.224,4.396],[55.847,-5.686],[52.583,-16.795],[50.001,-23.24],[45.918,-22.548],[42.699,-16.608],[38.949,-13.194],[25.974,-13.456],[20.609,-16.471],[14.908,-22.012],[12.707,-28.061],[8,-25.25],[4.411,-20.285],[1.24,-16.669],[-3.63,-15.411],[-4.839,-13.111],[-6.218,-11.976],[-9.73,-10.119],[-11.827,-5.886],[-18.849,-0.928],[-36.423,7.593],[-54.156,13.625],[-56.501,21.84],[-30.704,28.697],[-0.21,26.313],[15.9,24.895],[28.65,26.702],[55.088,23.894]],"c":true},"ix":2},"nm":"Path 1","mn":"ADBE Vector Shape - Group","hd":false},{"ty":"fl","c":{"a":0,"k":[0.07500000298,0.071000002325,0.067000001669,1],"ix":4},"o":{"a":0,"k":100,"ix":5},"r":1,"bm":0,"nm":"Fill 1","mn":"ADBE Vector Graphic - Fill","hd":false},{"ty":"tr","p":{"a":0,"k":[1626.954,1001.151],"ix":2},"a":{"a":0,"k":[0,0],"ix":1},"s":{"a":0,"k":[100,100],"ix":3},"r":{"a":0,"k":0,"ix":6},"o":{"a":0,"k":100,"ix":7},"sk":{"a":0,"k":0,"ix":4},"sa":{"a":0,"k":0,"ix":5},"nm":"Transform"}],"nm":"Group 1","np":2,"cix":2,"bm":0,"ix":1,"mn":"ADBE Vector Group","hd":false},{"ty":"tr","p":{"a":0,"k":[748.214,910.465],"ix":2},"a":{"a":0,"k":[1626.821,1001.33],"ix":1},"s":{"a":0,"k":[93,93],"ix":3},"r":{"a":0,"k":0,"ix":6},"o":{"a":0,"k":100,"ix":7},"sk":{"a":0,"k":0,"ix":4},"sa":{"a":0,"k":0,"ix":5},"nm":"Transform"}],"nm":"foot_1","np":1,"cix":2,"bm":0,"ix":2,"mn":"ADBE Vector Group","hd":false},{"ty":"gr","it":[{"ty":"gr","it":[{"ind":0,"ty":"sh","ix":1,"ks":{"a":0,"k":{"i":[[-2.219,-8.878],[8.879,-2.219],[2.218,8.878],[-8.879,2.218]],"o":[[2.219,8.878],[-8.878,2.219],[-2.218,-8.879],[8.878,-2.217]],"v":[[16.076,-4.018],[4.016,16.075],[-16.077,4.017],[-4.017,-16.077]],"c":true},"ix":2},"nm":"Path 1","mn":"ADBE Vector Shape - Group","hd":false},{"ty":"fl","c":{"a":0,"k":[0.787999987602,0.549000024796,0.458999991417,1],"ix":4},"o":{"a":0,"k":100,"ix":5},"r":1,"bm":0,"nm":"Fill 1","mn":"ADBE Vector Graphic - Fill","hd":false},{"ty":"tr","p":{"a":0,"k":[1657.054,987.565],"ix":2},"a":{"a":0,"k":[0,0],"ix":1},"s":{"a":0,"k":[100,100],"ix":3},"r":{"a":0,"k":0,"ix":6},"o":{"a":0,"k":100,"ix":7},"sk":{"a":0,"k":0,"ix":4},"sa":{"a":0,"k":0,"ix":5},"nm":"Transform"}],"nm":"Group 1","np":2,"cix":2,"bm":0,"ix":1,"mn":"ADBE Vector Group","hd":false},{"ty":"tr","p":{"a":0,"k":[776.331,897.662],"ix":2},"a":{"a":0,"k":[1657.054,987.564],"ix":1},"s":{"a":0,"k":[93,93],"ix":3},"r":{"a":0,"k":0,"ix":6},"o":{"a":0,"k":100,"ix":7},"sk":{"a":0,"k":0,"ix":4},"sa":{"a":0,"k":0,"ix":5},"nm":"Transform"}],"nm":"foot_skin_1","np":1,"cix":2,"bm":0,"ix":3,"mn":"ADBE Vector Group","hd":false}],"ip":0,"op":180,"st":0,"bm":0},{"ddd":0,"ind":16,"ty":4,"nm":"calf_1","sr":1,"ks":{"o":{"a":0,"k":100,"ix":11},"r":{"a":0,"k":0,"ix":10},"p":{"a":0,"k":[777.23,894.975,0],"ix":2},"a":{"a":0,"k":[777.23,894.975,0],"ix":1},"s":{"a":0,"k":[100,100,100],"ix":6}},"ao":0,"shapes":[{"ty":"gr","it":[{"ty":"gr","it":[{"ind":0,"ty":"sh","ix":1,"ks":{"a":0,"k":{"i":[[0.001,0.021],[6.033,26.963],[5.181,13.51],[2.926,6.773],[1.01,10.035],[-3.271,5.48],[-6.625,1.858],[-3.432,-14.387],[-6.682,-19.695],[-0.143,-39.247],[5.493,-0.237]],"o":[[-1.601,-27.489],[-3.163,-14.129],[-2.642,-6.889],[-3.934,-9.103],[-0.638,-6.332],[3.59,-6.018],[14.905,-4.182],[4.911,20.587],[13.139,38.736],[-4.289,1.646],[-9.297,0.399]],"v":[[-6.952,93.298],[-15.476,21.751],[-28.264,-19.692],[-36.663,-40.168],[-45.599,-61.484],[-41.6,-80.076],[-24.474,-91.692],[7.831,-70.787],[33.099,-13.431],[26.549,92.361],[11.059,95.475]],"c":true},"ix":2},"nm":"Path 1","mn":"ADBE Vector Shape - Group","hd":false},{"ty":"fl","c":{"a":0,"k":[0.071000002325,0.07500000298,0.078000001609,1],"ix":4},"o":{"a":0,"k":100,"ix":5},"r":1,"bm":0,"nm":"Fill 1","mn":"ADBE Vector Graphic - Fill","hd":false},{"ty":"tr","p":{"a":0,"k":[1647.14,865.604],"ix":2},"a":{"a":0,"k":[0,0],"ix":1},"s":{"a":0,"k":[100,100],"ix":3},"r":{"a":0,"k":0,"ix":6},"o":{"a":0,"k":100,"ix":7},"sk":{"a":0,"k":0,"ix":4},"sa":{"a":0,"k":0,"ix":5},"nm":"Transform"}],"nm":"Group 1","np":2,"cix":2,"bm":0,"ix":1,"mn":"ADBE Vector Group","hd":false},{"ty":"gr","it":[{"ind":0,"ty":"sh","ix":1,"ks":{"a":0,"k":{"i":[[3.165,-14.614],[14.612,3.164],[-3.165,14.612],[-14.612,-3.165]],"o":[[-3.165,14.612],[-14.613,-3.166],[3.165,-14.613],[14.614,3.164]],"v":[[26.458,5.732],[-5.731,26.46],[-26.459,-5.73],[5.73,-26.458]],"c":true},"ix":2},"nm":"Path 1","mn":"ADBE Vector Shape - Group","hd":false},{"ty":"fl","c":{"a":0,"k":[0.071000002325,0.07500000298,0.078000001609,1],"ix":4},"o":{"a":0,"k":100,"ix":5},"r":1,"bm":0,"nm":"Fill 1","mn":"ADBE Vector Graphic - Fill","hd":false},{"ty":"tr","p":{"a":0,"k":[1628.274,799.819],"ix":2},"a":{"a":0,"k":[0,0],"ix":1},"s":{"a":0,"k":[100,100],"ix":3},"r":{"a":0,"k":0,"ix":6},"o":{"a":0,"k":100,"ix":7},"sk":{"a":0,"k":0,"ix":4},"sa":{"a":0,"k":0,"ix":5},"nm":"Transform"}],"nm":"Group 2","np":2,"cix":2,"bm":0,"ix":2,"mn":"ADBE Vector Group","hd":false},{"ty":"tr","p":{"a":0,"k":[763.23,785.474],"ix":2},"a":{"a":0,"k":[1642.967,866.932],"ix":1},"s":{"a":0,"k":[93,93],"ix":3},"r":{"a":0,"k":0,"ix":6},"o":{"a":0,"k":100,"ix":7},"sk":{"a":0,"k":0,"ix":4},"sa":{"a":0,"k":0,"ix":5},"nm":"Transform"}],"nm":"calf_1","np":2,"cix":2,"bm":0,"ix":1,"mn":"ADBE Vector Group","hd":false},{"ty":"gr","it":[{"ty":"gr","it":[{"ind":0,"ty":"sh","ix":1,"ks":{"a":0,"k":{"i":[[3.756,-0.654],[1.303,-0.534],[1.66,-3.977],[-0.281,-5.306],[0.009,-3.48],[-0.365,-3.303],[-3.088,-2.747],[-3.684,-0.238],[-2.225,7.257],[0.262,3.706],[0.409,3.791],[1.004,4.559],[3.391,2.637]],"o":[[-1.403,0.244],[-3.89,1.593],[-2.114,5.068],[0.184,3.476],[-0.01,3.317],[0.445,4.172],[2.799,2.49],[7.268,0.468],[1.1,-3.582],[-0.269,-3.791],[-0.5,-4.63],[-0.911,-4.14],[-3.14,-2.443]],"v":[[-2.131,-30.5],[-6.216,-29.313],[-15.381,-20.941],[-15.837,-4.766],[-15.575,5.669],[-15.583,15.672],[-10.349,26.39],[-0.292,30.687],[16.396,19.219],[17.089,8.107],[16.109,-3.24],[14.589,-17.172],[8.695,-28.19]],"c":true},"ix":2},"nm":"Path 1","mn":"ADBE Vector Shape - Group","hd":false},{"ty":"fl","c":{"a":0,"k":[0.787999987602,0.549000024796,0.458999991417,1],"ix":4},"o":{"a":0,"k":100,"ix":5},"r":1,"bm":0,"nm":"Fill 1","mn":"ADBE Vector Graphic - Fill","hd":false},{"ty":"tr","p":{"a":0,"k":[1657.544,972.341],"ix":2},"a":{"a":0,"k":[0,0],"ix":1},"s":{"a":0,"k":[100,100],"ix":3},"r":{"a":0,"k":0,"ix":6},"o":{"a":0,"k":100,"ix":7},"sk":{"a":0,"k":0,"ix":4},"sa":{"a":0,"k":0,"ix":5},"nm":"Transform"}],"nm":"Group 1","np":2,"cix":2,"bm":0,"ix":1,"mn":"ADBE Vector Group","hd":false},{"ty":"tr","p":{"a":0,"k":[777.129,883.486],"ix":2},"a":{"a":0,"k":[1657.912,972.321],"ix":1},"s":{"a":0,"k":[93,93],"ix":3},"r":{"a":0,"k":0,"ix":6},"o":{"a":0,"k":100,"ix":7},"sk":{"a":0,"k":0,"ix":4},"sa":{"a":0,"k":0,"ix":5},"nm":"Transform"}],"nm":"calf_skin_1","np":1,"cix":2,"bm":0,"ix":2,"mn":"ADBE Vector Group","hd":false}],"ip":0,"op":180,"st":0,"bm":0},{"ddd":0,"ind":17,"ty":4,"nm":"bench","sr":1,"ks":{"o":{"a":0,"k":100,"ix":11},"r":{"a":0,"k":0,"ix":10},"p":{"a":0,"k":[367.086,844.556,0],"ix":2},"a":{"a":0,"k":[1217.006,930.461,0],"ix":1},"s":{"a":0,"k":[93,93,100],"ix":6}},"ao":0,"shapes":[{"ty":"gr","it":[{"ind":0,"ty":"sh","ix":1,"ks":{"a":0,"k":{"i":[[0,0],[0,0],[0,0],[0,0]],"o":[[0,0],[0,0],[0,0],[0,0]],"v":[[91.977,17.109],[-91.978,17.109],[-91.978,-17.109],[91.977,-17.109]],"c":true},"ix":2},"nm":"Path 1","mn":"ADBE Vector Shape - Group","hd":false},{"ty":"fl","c":{"a":0,"k":[0.783999992819,0.791999966491,0.8,1],"ix":4},"o":{"a":0,"k":100,"ix":5},"r":1,"bm":0,"nm":"Fill 1","mn":"ADBE Vector Graphic - Fill","hd":false},{"ty":"tr","p":{"a":0,"k":[1122.673,931.068],"ix":2},"a":{"a":0,"k":[0,0],"ix":1},"s":{"a":0,"k":[100,100],"ix":3},"r":{"a":0,"k":0,"ix":6},"o":{"a":0,"k":100,"ix":7},"sk":{"a":0,"k":0,"ix":4},"sa":{"a":0,"k":0,"ix":5},"nm":"Transform"}],"nm":"Group 1","np":2,"cix":2,"bm":0,"ix":1,"mn":"ADBE Vector Group","hd":false},{"ty":"gr","it":[{"ind":0,"ty":"sh","ix":1,"ks":{"a":0,"k":{"i":[[0,0],[0,0],[0,0],[0,0]],"o":[[0,0],[0,0],[0,0],[0,0]],"v":[[94.333,-75.796],[-94.333,102.317],[-94.333,68.099],[94.333,-102.317]],"c":true},"ix":2},"nm":"Path 1","mn":"ADBE Vector Shape - Group","hd":false},{"ty":"fl","c":{"a":0,"k":[0.698000021542,0.709999952129,0.717999985639,1],"ix":4},"o":{"a":0,"k":100,"ix":5},"r":1,"bm":0,"nm":"Fill 1","mn":"ADBE Vector Graphic - Fill","hd":false},{"ty":"tr","p":{"a":0,"k":[1308.983,845.86],"ix":2},"a":{"a":0,"k":[0,0],"ix":1},"s":{"a":0,"k":[100,100],"ix":3},"r":{"a":0,"k":0,"ix":6},"o":{"a":0,"k":100,"ix":7},"sk":{"a":0,"k":0,"ix":4},"sa":{"a":0,"k":0,"ix":5},"nm":"Transform"}],"nm":"Group 2","np":2,"cix":2,"bm":0,"ix":2,"mn":"ADBE Vector Group","hd":false},{"ty":"gr","it":[{"ind":0,"ty":"sh","ix":1,"ks":{"a":0,"k":{"i":[[0,0],[0,0],[0,0],[0,0]],"o":[[0,0],[0,0],[0,0],[0,0]],"v":[[-0.544,85.208],[-186.311,85.208],[63.689,-85.207],[186.311,-85.207]],"c":true},"ix":2},"nm":"Path 1","mn":"ADBE Vector Shape - Group","hd":false},{"ty":"fl","c":{"a":0,"k":[0.866999966491,0.866999966491,0.866999966491,1],"ix":4},"o":{"a":0,"k":100,"ix":5},"r":1,"bm":0,"nm":"Fill 1","mn":"ADBE Vector Graphic - Fill","hd":false},{"ty":"tr","p":{"a":0,"k":[1217.005,828.751],"ix":2},"a":{"a":0,"k":[0,0],"ix":1},"s":{"a":0,"k":[100,100],"ix":3},"r":{"a":0,"k":0,"ix":6},"o":{"a":0,"k":100,"ix":7},"sk":{"a":0,"k":0,"ix":4},"sa":{"a":0,"k":0,"ix":5},"nm":"Transform"}],"nm":"Group 3","np":2,"cix":2,"bm":0,"ix":3,"mn":"ADBE Vector Group","hd":false},{"ty":"gr","it":[{"ind":0,"ty":"sh","ix":1,"ks":{"a":0,"k":{"i":[[0,0],[0,0],[0,0],[0,0]],"o":[[0,0],[0,0],[0,0],[0,0]],"v":[[2.179,59.841],[-2.179,64.87],[-2.179,-64.87],[2.179,-64.87]],"c":true},"ix":2},"nm":"Path 1","mn":"ADBE Vector Shape - Group","hd":false},{"ty":"fl","c":{"a":0,"k":[0.698000021542,0.709999952129,0.717999985639,1],"ix":4},"o":{"a":0,"k":100,"ix":5},"r":1,"bm":0,"nm":"Fill 1","mn":"ADBE Vector Graphic - Fill","hd":false},{"ty":"tr","p":{"a":0,"k":[1368.934,829.674],"ix":2},"a":{"a":0,"k":[0,0],"ix":1},"s":{"a":0,"k":[100,100],"ix":3},"r":{"a":0,"k":0,"ix":6},"o":{"a":0,"k":100,"ix":7},"sk":{"a":0,"k":0,"ix":4},"sa":{"a":0,"k":0,"ix":5},"nm":"Transform"}],"nm":"Group 4","np":2,"cix":2,"bm":0,"ix":4,"mn":"ADBE Vector Group","hd":false},{"ty":"gr","it":[{"ind":0,"ty":"sh","ix":1,"ks":{"a":0,"k":{"i":[[0,0],[0,0],[0,0],[0,0]],"o":[[0,0],[0,0],[0,0],[0,0]],"v":[[3.212,64.87],[-3.211,64.87],[-3.211,-64.87],[3.212,-64.87]],"c":true},"ix":2},"nm":"Path 1","mn":"ADBE Vector Shape - Group","hd":false},{"ty":"fl","c":{"a":0,"k":[0.783999992819,0.791999966491,0.8,1],"ix":4},"o":{"a":0,"k":100,"ix":5},"r":1,"bm":0,"nm":"Fill 1","mn":"ADBE Vector Graphic - Fill","hd":false},{"ty":"tr","p":{"a":0,"k":[1363.543,829.675],"ix":2},"a":{"a":0,"k":[0,0],"ix":1},"s":{"a":0,"k":[100,100],"ix":3},"r":{"a":0,"k":0,"ix":6},"o":{"a":0,"k":100,"ix":7},"sk":{"a":0,"k":0,"ix":4},"sa":{"a":0,"k":0,"ix":5},"nm":"Transform"}],"nm":"Group 5","np":2,"cix":2,"bm":0,"ix":5,"mn":"ADBE Vector Group","hd":false},{"ty":"gr","it":[{"ind":0,"ty":"sh","ix":1,"ks":{"a":0,"k":{"i":[[0,0],[0,0],[0,0],[0,0]],"o":[[0,0],[0,0],[0,0],[0,0]],"v":[[2.178,61.787],[-2.179,66.979],[-2.179,-66.979],[2.178,-66.979]],"c":true},"ix":2},"nm":"Path 1","mn":"ADBE Vector Shape - Group","hd":false},{"ty":"fl","c":{"a":0,"k":[0.698000021542,0.709999952129,0.717999985639,1],"ix":4},"o":{"a":0,"k":100,"ix":5},"r":1,"bm":0,"nm":"Fill 1","mn":"ADBE Vector Graphic - Fill","hd":false},{"ty":"tr","p":{"a":0,"k":[1282.163,831.783],"ix":2},"a":{"a":0,"k":[0,0],"ix":1},"s":{"a":0,"k":[100,100],"ix":3},"r":{"a":0,"k":0,"ix":6},"o":{"a":0,"k":100,"ix":7},"sk":{"a":0,"k":0,"ix":4},"sa":{"a":0,"k":0,"ix":5},"nm":"Transform"}],"nm":"Group 6","np":2,"cix":2,"bm":0,"ix":6,"mn":"ADBE Vector Group","hd":false},{"ty":"gr","it":[{"ind":0,"ty":"sh","ix":1,"ks":{"a":0,"k":{"i":[[0,0],[0,0],[0,0],[0,0]],"o":[[0,0],[0,0],[0,0],[0,0]],"v":[[3.212,66.979],[-3.211,66.979],[-3.211,-66.979],[3.212,-66.979]],"c":true},"ix":2},"nm":"Path 1","mn":"ADBE Vector Shape - Group","hd":false},{"ty":"fl","c":{"a":0,"k":[0.783999992819,0.791999966491,0.8,1],"ix":4},"o":{"a":0,"k":100,"ix":5},"r":1,"bm":0,"nm":"Fill 1","mn":"ADBE Vector Graphic - Fill","hd":false},{"ty":"tr","p":{"a":0,"k":[1276.772,831.784],"ix":2},"a":{"a":0,"k":[0,0],"ix":1},"s":{"a":0,"k":[100,100],"ix":3},"r":{"a":0,"k":0,"ix":6},"o":{"a":0,"k":100,"ix":7},"sk":{"a":0,"k":0,"ix":4},"sa":{"a":0,"k":0,"ix":5},"nm":"Transform"}],"nm":"Group 7","np":2,"cix":2,"bm":0,"ix":7,"mn":"ADBE Vector Group","hd":false},{"ty":"gr","it":[{"ind":0,"ty":"sh","ix":1,"ks":{"a":0,"k":{"i":[[0,0],[0,0],[0,0],[0,0]],"o":[[0,0],[0,0],[0,0],[0,0]],"v":[[3.167,86.963],[-3.167,94.271],[-3.167,-94.271],[3.167,-94.271]],"c":true},"ix":2},"nm":"Path 1","mn":"ADBE Vector Shape - Group","hd":false},{"ty":"fl","c":{"a":0,"k":[0.698000021542,0.709999952129,0.717999985639,1],"ix":4},"o":{"a":0,"k":100,"ix":5},"r":1,"bm":0,"nm":"Fill 1","mn":"ADBE Vector Graphic - Fill","hd":false},{"ty":"tr","p":{"a":0,"k":[1189.195,1023.107],"ix":2},"a":{"a":0,"k":[0,0],"ix":1},"s":{"a":0,"k":[100,100],"ix":3},"r":{"a":0,"k":0,"ix":6},"o":{"a":0,"k":100,"ix":7},"sk":{"a":0,"k":0,"ix":4},"sa":{"a":0,"k":0,"ix":5},"nm":"Transform"}],"nm":"Group 8","np":2,"cix":2,"bm":0,"ix":8,"mn":"ADBE Vector Group","hd":false},{"ty":"gr","it":[{"ind":0,"ty":"sh","ix":1,"ks":{"a":0,"k":{"i":[[0,0],[0,0],[0,0],[0,0]],"o":[[0,0],[0,0],[0,0],[0,0]],"v":[[4.667,94.271],[-4.667,94.271],[-4.667,-94.272],[4.667,-94.272]],"c":true},"ix":2},"nm":"Path 1","mn":"ADBE Vector Shape - Group","hd":false},{"ty":"fl","c":{"a":0,"k":[0.783999992819,0.791999966491,0.8,1],"ix":4},"o":{"a":0,"k":100,"ix":5},"r":1,"bm":0,"nm":"Fill 1","mn":"ADBE Vector Graphic - Fill","hd":false},{"ty":"tr","p":{"a":0,"k":[1181.361,1023.107],"ix":2},"a":{"a":0,"k":[0,0],"ix":1},"s":{"a":0,"k":[100,100],"ix":3},"r":{"a":0,"k":0,"ix":6},"o":{"a":0,"k":100,"ix":7},"sk":{"a":0,"k":0,"ix":4},"sa":{"a":0,"k":0,"ix":5},"nm":"Transform"}],"nm":"Group 9","np":2,"cix":2,"bm":0,"ix":9,"mn":"ADBE Vector Group","hd":false},{"ty":"gr","it":[{"ind":0,"ty":"sh","ix":1,"ks":{"a":0,"k":{"i":[[0,0],[0,0],[0,0],[0,0]],"o":[[0,0],[0,0],[0,0],[0,0]],"v":[[3.167,86.963],[-3.167,94.271],[-3.167,-94.271],[3.167,-94.271]],"c":true},"ix":2},"nm":"Path 1","mn":"ADBE Vector Shape - Group","hd":false},{"ty":"fl","c":{"a":0,"k":[0.698000021542,0.709999952129,0.717999985639,1],"ix":4},"o":{"a":0,"k":100,"ix":5},"r":1,"bm":0,"nm":"Fill 1","mn":"ADBE Vector Graphic - Fill","hd":false},{"ty":"tr","p":{"a":0,"k":[1070.195,1023.107],"ix":2},"a":{"a":0,"k":[0,0],"ix":1},"s":{"a":0,"k":[100,100],"ix":3},"r":{"a":0,"k":0,"ix":6},"o":{"a":0,"k":100,"ix":7},"sk":{"a":0,"k":0,"ix":4},"sa":{"a":0,"k":0,"ix":5},"nm":"Transform"}],"nm":"Group 10","np":2,"cix":2,"bm":0,"ix":10,"mn":"ADBE Vector Group","hd":false},{"ty":"gr","it":[{"ind":0,"ty":"sh","ix":1,"ks":{"a":0,"k":{"i":[[0,0],[0,0],[0,0],[0,0]],"o":[[0,0],[0,0],[0,0],[0,0]],"v":[[4.667,94.271],[-4.667,94.271],[-4.667,-94.272],[4.667,-94.272]],"c":true},"ix":2},"nm":"Path 1","mn":"ADBE Vector Shape - Group","hd":false},{"ty":"fl","c":{"a":0,"k":[0.783999992819,0.791999966491,0.8,1],"ix":4},"o":{"a":0,"k":100,"ix":5},"r":1,"bm":0,"nm":"Fill 1","mn":"ADBE Vector Graphic - Fill","hd":false},{"ty":"tr","p":{"a":0,"k":[1062.361,1023.107],"ix":2},"a":{"a":0,"k":[0,0],"ix":1},"s":{"a":0,"k":[100,100],"ix":3},"r":{"a":0,"k":0,"ix":6},"o":{"a":0,"k":100,"ix":7},"sk":{"a":0,"k":0,"ix":4},"sa":{"a":0,"k":0,"ix":5},"nm":"Transform"}],"nm":"Group 11","np":2,"cix":2,"bm":0,"ix":11,"mn":"ADBE Vector Group","hd":false}],"ip":0,"op":180,"st":0,"bm":0}],"markers":[]}