{"v":"5.6.3","fr":60,"ip":0,"op":180,"w":1100,"h":1100,"nm":"Decline Push-Up","ddd":0,"assets":[],"layers":[{"ddd":0,"ind":1,"ty":4,"nm":"head","parent":5,"sr":1,"ks":{"o":{"a":0,"k":100,"ix":11},"r":{"a":0,"k":0,"ix":10},"p":{"a":0,"k":[805.435,653.881,0],"ix":2},"a":{"a":0,"k":[805.435,653.881,0],"ix":1},"s":{"a":0,"k":[100,100,100],"ix":6}},"ao":0,"shapes":[{"ty":"gr","it":[{"ty":"gr","it":[{"ind":0,"ty":"sh","ix":1,"ks":{"a":0,"k":{"i":[[-1.507,0.014],[1.115,0.155],[-1.093,0.699],[0.27,0.325],[-0.788,0.923],[-0.071,1.473],[0.115,0.585],[-1.575,0.807],[0.379,0.201],[-0.47,1.567],[0.494,1.059],[-0.488,0.717],[0.568,0.963],[0.457,2.468],[0.115,3.03],[0.356,1.708],[3.406,3.021],[0.33,0.917],[0.747,0.712],[-0.441,1.113],[12.561,-2.023],[0.262,-0.341],[-0.196,0.327],[6.043,-4.578],[5.638,-2.287],[-1.633,1.024],[-3.222,-4.782],[10.101,-6.366],[-10.561,0.782],[-9.776,-10.845],[-1.739,-4.891],[-5.071,-2.487],[-5.476,1.158],[-1.907,0.728]],"o":[[-1.074,-0.177],[0.917,-0.944],[-0.349,-0.331],[-0.831,-0.996],[0.787,-0.923],[0.032,-0.66],[-0.332,-1.692],[-0.378,-0.202],[0.734,-1.456],[-1.137,-0.116],[0.644,-0.58],[-0.811,-0.762],[-1.255,-2.128],[-0.555,-3.011],[-0.064,-1.71],[-0.896,-4.318],[-0.642,-0.57],[-0.33,-0.916],[-0.746,-0.712],[-8.758,-9.724],[-0.787,0.127],[-0.262,0.342],[-6.715,1.045],[-10.426,7.898],[0.558,-0.227],[10.796,-6.771],[2.071,3.074],[2.319,4.076],[4.409,-0.326],[5.28,5.857],[2.12,5.964],[5.143,2.523],[1.701,-0.36],[1.104,-0.421]],"v":[[46.79,37.359],[43.41,37.068],[46.434,34.624],[45.455,33.263],[45.852,30.867],[48.859,27.72],[47.854,26.058],[49.285,22.126],[48.147,21.515],[49.947,17.006],[47.525,15.287],[49.215,13.353],[47.188,10.755],[44.145,4.126],[44.187,-4.911],[43.455,-9.955],[38.082,-21.221],[36.389,-22.914],[35.733,-26.527],[33.462,-29.356],[1.908,-40.431],[1.007,-39.9],[1.554,-39.54],[-24.097,-31.144],[-49.946,-17.38],[-46.52,-14.872],[-23.924,-17.332],[-35.591,-0.477],[-19.144,8.949],[8.915,14.667],[13.534,28.652],[20.995,39.931],[36.917,40.808],[41.57,39.36]],"c":true},"ix":2},"nm":"Path 1","mn":"ADBE Vector Shape - Group","hd":false},{"ty":"fl","c":{"a":0,"k":[0.266999989748,0.172999992967,0.144999995828,1],"ix":4},"o":{"a":0,"k":100,"ix":5},"r":1,"bm":0,"nm":"Fill 1","mn":"ADBE Vector Graphic - Fill","hd":false},{"ty":"tr","p":{"a":0,"k":[782.893,237.512],"ix":2},"a":{"a":0,"k":[0,0],"ix":1},"s":{"a":0,"k":[100,100],"ix":3},"r":{"a":0,"k":0,"ix":6},"o":{"a":0,"k":100,"ix":7},"sk":{"a":0,"k":0,"ix":4},"sa":{"a":0,"k":0,"ix":5},"nm":"Transform"}],"nm":"Group 1","np":2,"cix":2,"bm":0,"ix":1,"mn":"ADBE Vector Group","hd":false},{"ty":"tr","p":{"a":0,"k":[810.893,643.892],"ix":2},"a":{"a":0,"k":[782.893,237.892],"ix":1},"s":{"a":0,"k":[100,100],"ix":3},"r":{"a":0,"k":0,"ix":6},"o":{"a":0,"k":100,"ix":7},"sk":{"a":0,"k":0,"ix":4},"sa":{"a":0,"k":0,"ix":5},"nm":"Transform"}],"nm":"hair","np":1,"cix":2,"bm":0,"ix":1,"mn":"ADBE Vector Group","hd":false},{"ty":"gr","it":[{"ty":"gr","it":[{"ind":0,"ty":"sh","ix":1,"ks":{"a":0,"k":{"i":[[7.401,-12.452],[1.2,-0.527],[3.121,-2.548],[3.032,-9.14],[-0.654,-10.786],[-0.779,-2.498],[-3.047,-0.117],[-4.453,0.27],[-0.02,-0.109],[-2.213,-0.129],[0,0],[-2.399,0.498],[-2.592,0.716],[-5.02,5.406],[1.343,12.551],[6.796,1.711]],"o":[[-1.167,0.582],[-4.54,1.995],[-2.084,1.703],[-3.379,10.188],[0.158,2.582],[0.946,3.032],[4.466,0.172],[0.922,-0.04],[1.142,6.271],[0,0],[2.295,-0.818],[2.633,-0.546],[7.033,-1.943],[8.202,-8.834],[-1.873,-17.498],[-15.012,-1.714]],"v":[[-20.323,-31.096],[-26.948,-28.529],[-37.468,-22.43],[-45.978,-8.779],[-50.841,23.791],[-49.999,31.534],[-43.823,35.753],[-30.357,36.082],[-20.401,35.464],[-16.755,43.548],[2.294,32.883],[9.841,31.503],[17.684,29.623],[35.51,19.257],[50.152,-14.362],[23.502,-40.832]],"c":true},"ix":2},"nm":"Path 1","mn":"ADBE Vector Shape - Group","hd":false},{"ty":"fl","c":{"a":0,"k":[0.847000002861,0.60799998045,0.501999974251,1],"ix":4},"o":{"a":0,"k":100,"ix":5},"r":1,"bm":0,"nm":"Fill 1","mn":"ADBE Vector Graphic - Fill","hd":false},{"ty":"tr","p":{"a":0,"k":[772.989,255.696],"ix":2},"a":{"a":0,"k":[0,0],"ix":1},"s":{"a":0,"k":[100,100],"ix":3},"r":{"a":0,"k":0,"ix":6},"o":{"a":0,"k":100,"ix":7},"sk":{"a":0,"k":0,"ix":4},"sa":{"a":0,"k":0,"ix":5},"nm":"Transform"}],"nm":"Group 1","np":2,"cix":2,"bm":0,"ix":1,"mn":"ADBE Vector Group","hd":false},{"ty":"gr","it":[{"ind":0,"ty":"sh","ix":1,"ks":{"a":0,"k":{"i":[[-5.674,1.839],[1.962,4.489],[2.134,0.398],[2.47,-1.39],[1.294,-0.789],[-4.277,-4.047]],"o":[[5.661,-1.834],[-1.12,-2.563],[-3.171,-0.593],[-2.128,1.197],[-4.462,2.723],[6.371,-0.567]],"v":[[8.738,5.773],[13.638,-5.069],[8.142,-8.26],[-0.939,-5.647],[-7.613,-0.823],[-11.323,8.853]],"c":true},"ix":2},"nm":"Path 1","mn":"ADBE Vector Shape - Group","hd":false},{"ty":"fl","c":{"a":0,"k":[0.847000002861,0.60799998045,0.501999974251,1],"ix":4},"o":{"a":0,"k":100,"ix":5},"r":1,"bm":0,"nm":"Fill 1","mn":"ADBE Vector Graphic - Fill","hd":false},{"ty":"tr","p":{"a":0,"k":[745.311,225.33],"ix":2},"a":{"a":0,"k":[0,0],"ix":1},"s":{"a":0,"k":[100,100],"ix":3},"r":{"a":0,"k":0,"ix":6},"o":{"a":0,"k":100,"ix":7},"sk":{"a":0,"k":0,"ix":4},"sa":{"a":0,"k":0,"ix":5},"nm":"Transform"}],"nm":"Group 2","np":2,"cix":2,"bm":0,"ix":2,"mn":"ADBE Vector Group","hd":false},{"ty":"tr","p":{"a":0,"k":[800.662,662.549],"ix":2},"a":{"a":0,"k":[772.662,256.549],"ix":1},"s":{"a":0,"k":[100,100],"ix":3},"r":{"a":0,"k":0,"ix":6},"o":{"a":0,"k":100,"ix":7},"sk":{"a":0,"k":0,"ix":4},"sa":{"a":0,"k":0,"ix":5},"nm":"Transform"}],"nm":"head_skin","np":2,"cix":2,"bm":0,"ix":2,"mn":"ADBE Vector Group","hd":false}],"ip":0,"op":180,"st":0,"bm":0},{"ddd":0,"ind":2,"ty":4,"nm":"arm","parent":6,"sr":1,"ks":{"o":{"a":0,"k":100,"ix":11},"r":{"a":1,"k":[{"i":{"x":[0.677],"y":[0.545]},"o":{"x":[0.422],"y":[0]},"t":9,"s":[-50]},{"i":{"x":[0.482],"y":[1]},"o":{"x":[0.215],"y":[0.543]},"t":39,"s":[-24.352]},{"i":{"x":[0.719],"y":[0.626]},"o":{"x":[0.391],"y":[0.036]},"t":90,"s":[0]},{"i":{"x":[0.741],"y":[0.508]},"o":{"x":[0.43],"y":[0.247]},"t":104,"s":[-5.496]},{"i":{"x":[0.568],"y":[1]},"o":{"x":[0.36],"y":[0.442]},"t":119,"s":[-19.105]},{"t":141,"s":[-50]}],"ix":10},"p":{"a":1,"k":[{"i":{"x":0.386,"y":1},"o":{"x":0.333,"y":0},"t":9,"s":[641.586,638.297,0],"to":[4.418,0.92,0],"ti":[0,0,0]},{"i":{"x":0.667,"y":1},"o":{"x":0.641,"y":0},"t":90,"s":[668.091,643.816,0],"to":[0,0,0],"ti":[4.418,0.92,0]},{"t":141,"s":[641.586,638.297,0]}],"ix":2},"a":{"a":0,"k":[640.091,237.816,0],"ix":1},"s":{"a":0,"k":[100,100,100],"ix":6}},"ao":0,"shapes":[{"ty":"gr","it":[{"ind":0,"ty":"sh","ix":1,"ks":{"a":0,"k":{"i":[[-8.754,-5.522],[18.66,-4.83],[6.712,3.04],[9.985,-0.262],[8.43,0.997],[6.958,1.435],[6.446,2.968],[2.95,2.662],[0.853,5.419],[-1.676,4.158],[-6.11,1.542],[-6.589,1.257],[-6.778,0.551],[-7.394,-1.308],[-3.43,0.298],[-3.811,1.16],[-4.252,-0.189]],"o":[[28.014,20.775],[-6.776,3.423],[-12.007,-5.438],[-8.595,0.227],[-6.651,-0.787],[-6.581,-1.358],[-3.345,-1.542],[-3.604,-3.252],[-0.707,-4.491],[2.854,-7.076],[6.51,-1.643],[6.631,-1.263],[7.702,-0.626],[3.383,0.599],[3.44,-0.298],[3.826,-1.164],[12.405,0.553]],"v":[[52.057,-31.281],[45.635,34.612],[20.905,35.173],[0.041,26.16],[-23.586,25.757],[-42.964,22.401],[-63.537,15.072],[-71.227,10.798],[-79.364,-3.332],[-77.713,-16.066],[-62.06,-28.258],[-44.852,-31.207],[-24.68,-34.118],[-1.372,-32.882],[5.735,-32.672],[16.829,-36.318],[29.08,-38.024]],"c":true},"ix":2},"nm":"Path 1","mn":"ADBE Vector Shape - Group","hd":false},{"ty":"fl","c":{"a":0,"k":[0.847000002394,0.607999973671,0.501999978458,1],"ix":4},"o":{"a":0,"k":100,"ix":5},"r":1,"bm":0,"nm":"Fill 1","mn":"ADBE Vector Graphic - Fill","hd":false},{"ty":"tr","p":{"a":0,"k":[611.772,237.341],"ix":2},"a":{"a":0,"k":[0,0],"ix":1},"s":{"a":0,"k":[100,100],"ix":3},"r":{"a":0,"k":0,"ix":6},"o":{"a":0,"k":100,"ix":7},"sk":{"a":0,"k":0,"ix":4},"sa":{"a":0,"k":0,"ix":5},"nm":"Transform"}],"nm":"Group 1","np":2,"cix":2,"bm":0,"ix":1,"mn":"ADBE Vector Group","hd":false},{"ty":"gr","it":[{"ind":0,"ty":"sh","ix":1,"ks":{"a":0,"k":{"i":[[-10.495,18.015],[18.014,10.495],[10.495,-18.015],[-18.015,-10.495]],"o":[[10.495,-18.015],[-18.015,-10.495],[-10.495,18.014],[18.015,10.495]],"v":[[32.618,19.003],[19.003,-32.618],[-32.618,-19.003],[-19.003,32.618]],"c":true},"ix":2},"nm":"Path 1","mn":"ADBE Vector Shape - Group","hd":false},{"ty":"fl","c":{"a":0,"k":[0.847000002394,0.607999973671,0.501999978458,1],"ix":4},"o":{"a":0,"k":100,"ix":5},"r":1,"bm":0,"nm":"Fill 1","mn":"ADBE Vector Graphic - Fill","hd":false},{"ty":"tr","p":{"a":0,"k":[640.214,237.589],"ix":2},"a":{"a":0,"k":[0,0],"ix":1},"s":{"a":0,"k":[100,100],"ix":3},"r":{"a":0,"k":0,"ix":6},"o":{"a":0,"k":100,"ix":7},"sk":{"a":0,"k":0,"ix":4},"sa":{"a":0,"k":0,"ix":5},"nm":"Transform"}],"nm":"Group 2","np":2,"cix":2,"bm":0,"ix":2,"mn":"ADBE Vector Group","hd":false}],"ip":0,"op":180,"st":0,"bm":0},{"ddd":0,"ind":3,"ty":4,"nm":"hand","sr":1,"ks":{"o":{"a":0,"k":100,"ix":11},"r":{"a":0,"k":0,"ix":10},"p":{"a":0,"k":[603.853,772.481,0],"ix":2},"a":{"a":0,"k":[603.853,772.481,0],"ix":1},"s":{"a":0,"k":[100,100,100],"ix":6}},"ao":0,"shapes":[{"ty":"gr","it":[{"ty":"gr","it":[{"ind":0,"ty":"sh","ix":1,"ks":{"a":0,"k":{"i":[[1.628,8.124],[0.164,0.31],[-0.002,0.384],[-0.093,0.053],[-0.086,0.223],[-0.002,0.119],[-0.002,0.144],[0.034,0.125],[0.544,0.958],[3.188,2.279],[3.037,2.172],[2.355,-0.162],[2.135,0.063],[1.098,-0.158],[2.26,-0.299],[3.286,-3.945],[-2.301,-5.157],[-0.748,-1.163],[-2.073,-0.456],[-2.6,-0.401],[-2.518,-0.134],[-0.464,-0.166],[-0.426,-0.31],[-2.923,-1.008],[-1.43,0.306],[-0.558,0.327],[-0.326,0.722],[-0.794,-0.803],[-3.054,-0.599],[-1.358,1.611]],"o":[[-0.126,-0.328],[-0.153,-0.293],[-0.001,0.236],[0.212,-0.119],[0.042,-0.11],[0.002,-0.144],[0.003,-0.128],[-0.285,-1.05],[-0.654,-1.149],[-3.038,-2.173],[-1.921,-1.374],[-2.127,0.147],[-1.092,-0.032],[-2.255,0.324],[-4.684,0.618],[-3.602,4.323],[0.562,1.259],[1.234,1.909],[2.598,0.572],[2.473,0.383],[0.492,0.026],[0.496,0.178],[2.498,1.822],[1.384,0.476],[0.632,-0.136],[0.669,-0.391],[0.28,-0.621],[2.19,2.211],[2.052,0.402],[0.93,0.781]],"v":[[34.343,12.118],[34.034,11.086],[33.571,10.273],[34.654,10.157],[35.5,9.492],[35.547,9.141],[35.555,8.709],[35.526,8.326],[33.607,5.216],[15.446,-10.916],[6.333,-17.432],[-0.076,-20.081],[-6.106,-19.211],[-9.294,-18.935],[-16.096,-18.185],[-31.685,-13.039],[-33.669,2.114],[-31.63,5.713],[-24.177,9.097],[-16.354,9.945],[-8.828,10.526],[-7.372,10.745],[-6.023,11.558],[2.169,15.833],[6.468,16.385],[8.255,15.654],[9.925,13.979],[10.953,13.403],[18.633,18.328],[24.308,15.904]],"c":true},"ix":2},"nm":"Path 1","mn":"ADBE Vector Shape - Group","hd":false},{"ty":"fl","c":{"a":0,"k":[0.847000002861,0.60799998045,0.501999974251,1],"ix":4},"o":{"a":0,"k":100,"ix":5},"r":1,"bm":0,"nm":"Fill 1","mn":"ADBE Vector Graphic - Fill","hd":false},{"ty":"tr","p":{"a":0,"k":[575.454,367.324],"ix":2},"a":{"a":0,"k":[0,0],"ix":1},"s":{"a":0,"k":[100,100],"ix":3},"r":{"a":0,"k":0,"ix":6},"o":{"a":0,"k":100,"ix":7},"sk":{"a":0,"k":0,"ix":4},"sa":{"a":0,"k":0,"ix":5},"nm":"Transform"}],"nm":"Group 1","np":2,"cix":2,"bm":0,"ix":1,"mn":"ADBE Vector Group","hd":false},{"ty":"tr","p":{"a":0,"k":[581.73,770.481],"ix":2},"a":{"a":0,"k":[553.73,364.481],"ix":1},"s":{"a":0,"k":[100,100],"ix":3},"r":{"a":0,"k":0,"ix":6},"o":{"a":0,"k":100,"ix":7},"sk":{"a":0,"k":0,"ix":4},"sa":{"a":0,"k":0,"ix":5},"nm":"Transform"}],"nm":"Layer 669","np":1,"cix":2,"bm":0,"ix":1,"mn":"ADBE Vector Group","hd":false},{"ty":"gr","it":[{"ty":"gr","it":[{"ind":0,"ty":"sh","ix":1,"ks":{"a":0,"k":{"i":[[0.949,-0.468],[0.254,-0.486],[0.134,-0.296],[0.325,-0.332],[0.533,-0.145],[1.193,0.086],[4.397,1.175],[0.262,0.074],[1.085,0.728],[-0.24,2.41],[-3.49,0.883],[-4.377,0.285],[-4.044,-1.627],[-4.064,-1.46],[-0.792,-0.424],[0.425,-0.76],[0.766,-0.415],[1.902,-0.068],[2.61,0.145],[0.991,-0.253]],"o":[[-0.491,0.242],[-0.15,0.288],[-0.193,0.424],[-0.372,0.379],[-1.154,0.315],[-4.539,-0.326],[-0.262,-0.07],[-1.258,-0.351],[-2.012,-1.349],[0.408,-4.084],[4.248,-1.075],[4.406,-0.285],[4.018,1.617],[1.623,0.583],[0.791,0.423],[-0.427,0.76],[-1.673,0.907],[-2.615,0.091],[-1.065,-0.058],[-1.006,0.258]],"v":[[3.535,5.519],[2.307,6.571],[1.963,7.481],[1.113,8.579],[-0.916,9.341],[-4.482,9.516],[-17.926,7.257],[-18.711,7.042],[-22.323,5.568],[-25.273,-0.691],[-17.979,-7.193],[-5.028,-9.371],[7.69,-6.761],[19.712,-1.95],[24.722,-0.69],[24.555,1.818],[22.66,3.566],[17.127,4.742],[9.288,4.506],[6.604,4.879]],"c":true},"ix":2},"nm":"Path 1","mn":"ADBE Vector Shape - Group","hd":false},{"ty":"fl","c":{"a":0,"k":[0.808000028133,0.545000016689,0.455000013113,1],"ix":4},"o":{"a":0,"k":100,"ix":5},"r":1,"bm":0,"nm":"Fill 1","mn":"ADBE Vector Graphic - Fill","hd":false},{"ty":"tr","p":{"a":0,"k":[586.126,364.393],"ix":2},"a":{"a":0,"k":[0,0],"ix":1},"s":{"a":0,"k":[100,100],"ix":3},"r":{"a":0,"k":0,"ix":6},"o":{"a":0,"k":100,"ix":7},"sk":{"a":0,"k":0,"ix":4},"sa":{"a":0,"k":0,"ix":5},"nm":"Transform"}],"nm":"Group 1","np":2,"cix":2,"bm":0,"ix":1,"mn":"ADBE Vector Group","hd":false},{"ty":"tr","p":{"a":0,"k":[614.038,770.478],"ix":2},"a":{"a":0,"k":[586.038,364.478],"ix":1},"s":{"a":0,"k":[100,100],"ix":3},"r":{"a":0,"k":0,"ix":6},"o":{"a":0,"k":100,"ix":7},"sk":{"a":0,"k":0,"ix":4},"sa":{"a":0,"k":0,"ix":5},"nm":"Transform"}],"nm":"Layer 770","np":1,"cix":2,"bm":0,"ix":2,"mn":"ADBE Vector Group","hd":false}],"ip":0,"op":180,"st":0,"bm":0},{"ddd":0,"ind":4,"ty":4,"nm":"forearm","parent":2,"sr":1,"ks":{"o":{"a":0,"k":100,"ix":11},"r":{"a":1,"k":[{"i":{"x":[0.677],"y":[0.577]},"o":{"x":[0.422],"y":[0]},"t":9,"s":[81]},{"i":{"x":[0.482],"y":[1]},"o":{"x":[0.215],"y":[0.59]},"t":39,"s":[36.311]},{"i":{"x":[0.719],"y":[0.601]},"o":{"x":[0.391],"y":[-0.028]},"t":90,"s":[0]},{"i":{"x":[0.741],"y":[0.473]},"o":{"x":[0.43],"y":[0.22]},"t":104,"s":[7.019]},{"i":{"x":[0.568],"y":[1]},"o":{"x":[0.36],"y":[0.423]},"t":119,"s":[27.91]},{"t":141,"s":[81]}],"ix":10},"p":{"a":0,"k":[554.584,228.932,0],"ix":2},"a":{"a":0,"k":[554.584,228.932,0],"ix":1},"s":{"a":0,"k":[100,100,100],"ix":6}},"ao":0,"shapes":[{"ty":"gr","it":[{"ind":0,"ty":"sh","ix":1,"ks":{"a":0,"k":{"i":[[8.115,-8.941],[1.265,-7.263],[-2.626,-13.666],[-2.588,-11.765],[-0.86,-5.539],[-7.243,8.98],[-1.468,9.707],[-2.348,12.591],[1.318,16.952],[1.171,6.214],[7.177,4.208]],"o":[[-2.438,2.687],[-2.303,13.222],[2.749,14.308],[2.424,11.022],[0.86,5.538],[4.938,-6.123],[1.007,-6.655],[2.764,-14.82],[-0.464,-5.96],[-1.308,-6.945],[-9.396,-5.508]],"v":[[-16.319,-72.843],[-22.479,-59.229],[-22.443,-7.367],[-13.365,37.781],[-13.271,72.966],[7.104,74.432],[12.478,53.914],[18.745,10.587],[23.75,-41.411],[22.245,-61.36],[12.208,-77.904]],"c":true},"ix":2},"nm":"Path 1","mn":"ADBE Vector Shape - Group","hd":false},{"ty":"fl","c":{"a":0,"k":[0.847000002394,0.607999973671,0.501999978458,1],"ix":4},"o":{"a":0,"k":100,"ix":5},"r":1,"bm":0,"nm":"Fill 1","mn":"ADBE Vector Graphic - Fill","hd":false},{"ty":"tr","p":{"a":0,"k":[553.723,290.046],"ix":2},"a":{"a":0,"k":[0,0],"ix":1},"s":{"a":0,"k":[100,100],"ix":3},"r":{"a":0,"k":0,"ix":6},"o":{"a":0,"k":100,"ix":7},"sk":{"a":0,"k":0,"ix":4},"sa":{"a":0,"k":0,"ix":5},"nm":"Transform"}],"nm":"Group 1","np":2,"cix":2,"bm":0,"ix":1,"mn":"ADBE Vector Group","hd":false},{"ty":"gr","it":[{"ind":0,"ty":"sh","ix":1,"ks":{"a":0,"k":{"i":[[4.114,11.307],[11.306,-4.115],[-4.115,-11.305],[-11.307,4.114]],"o":[[-4.114,-11.306],[-11.307,4.114],[4.114,11.307],[11.305,-4.114]],"v":[[20.472,-7.449],[-7.449,-20.471],[-20.471,7.449],[7.45,20.472]],"c":true},"ix":2},"nm":"Path 1","mn":"ADBE Vector Shape - Group","hd":false},{"ty":"fl","c":{"a":0,"k":[0.847000002394,0.607999973671,0.501999978458,1],"ix":4},"o":{"a":0,"k":100,"ix":5},"r":1,"bm":0,"nm":"Fill 1","mn":"ADBE Vector Graphic - Fill","hd":false},{"ty":"tr","p":{"a":0,"k":[554.706,230.217],"ix":2},"a":{"a":0,"k":[0,0],"ix":1},"s":{"a":0,"k":[100,100],"ix":3},"r":{"a":0,"k":0,"ix":6},"o":{"a":0,"k":100,"ix":7},"sk":{"a":0,"k":0,"ix":4},"sa":{"a":0,"k":0,"ix":5},"nm":"Transform"}],"nm":"Group 2","np":2,"cix":2,"bm":0,"ix":2,"mn":"ADBE Vector Group","hd":false}],"ip":0,"op":180,"st":0,"bm":0},{"ddd":0,"ind":5,"ty":4,"nm":"neck","parent":6,"sr":1,"ks":{"o":{"a":0,"k":100,"ix":11},"r":{"a":0,"k":0,"ix":10},"p":{"a":0,"k":[763.511,652.862,0],"ix":2},"a":{"a":0,"k":[763.511,652.862,0],"ix":1},"s":{"a":0,"k":[100,100,100],"ix":6}},"ao":0,"shapes":[{"ty":"gr","it":[{"ty":"gr","it":[{"ind":0,"ty":"sh","ix":1,"ks":{"a":0,"k":{"i":[[-3.507,5.478],[3.641,-2.322],[-0.173,-3.603],[-2.05,-1.292],[-2.633,0.3]],"o":[[-4.629,-1.061],[-3.203,2.042],[0.174,3.603],[2.671,-0.328],[3.53,-5.509]],"v":[[11.271,-8.124],[-1.481,-4.441],[-11.099,4.974],[-7.208,9.185],[0.686,8.393]],"c":true},"ix":2},"nm":"Path 1","mn":"ADBE Vector Shape - Group","hd":false},{"ty":"fl","c":{"a":0,"k":[0.787999987602,0.549000024796,0.458999991417,1],"ix":4},"o":{"a":0,"k":100,"ix":5},"r":1,"bm":0,"nm":"Fill 1","mn":"ADBE Vector Graphic - Fill","hd":false},{"ty":"tr","p":{"a":0,"k":[741.165,225.031],"ix":2},"a":{"a":0,"k":[0,0],"ix":1},"s":{"a":0,"k":[100,100],"ix":3},"r":{"a":0,"k":0,"ix":6},"o":{"a":0,"k":100,"ix":7},"sk":{"a":0,"k":0,"ix":4},"sa":{"a":0,"k":0,"ix":5},"nm":"Transform"}],"nm":"Group 1","np":2,"cix":2,"bm":0,"ix":1,"mn":"ADBE Vector Group","hd":false},{"ty":"gr","it":[{"ind":0,"ty":"sh","ix":1,"ks":{"a":0,"k":{"i":[[-6.057,0.53],[0.859,-1.477],[12.814,-8.793],[3.648,-4.383],[0.075,-0.096],[0.618,0.234],[0.294,0.116],[4.925,-0.17],[1.244,-0.034],[-1.846,3.456],[-3.446,3.042],[-4.174,1.46],[-6.653,0.999]],"o":[[-0.517,1.615],[-7.773,13.417],[-4.5,3.085],[-0.065,0.087],[-0.436,-0.474],[-0.305,-0.116],[-3.746,-2.462],[-1.244,0.044],[0.236,-4.253],[2.257,-4.227],[3.446,-3.031],[6.429,-2.263],[6.047,-0.901]],"v":[[31.969,-24.394],[30.065,-19.837],[-0.174,12.905],[-12.758,22.642],[-13.141,24.394],[-14.736,23.308],[-15.638,22.96],[-28.225,18.787],[-31.969,18.947],[-24.761,-0.056],[-17.052,-11.345],[-5.57,-17.673],[13.9,-22.629]],"c":true},"ix":2},"nm":"Path 1","mn":"ADBE Vector Shape - Group","hd":false},{"ty":"fl","c":{"a":0,"k":[0.787999987602,0.549000024796,0.458999991417,1],"ix":4},"o":{"a":0,"k":100,"ix":5},"r":1,"bm":0,"nm":"Fill 1","mn":"ADBE Vector Graphic - Fill","hd":false},{"ty":"tr","p":{"a":0,"k":[743.093,249.079],"ix":2},"a":{"a":0,"k":[0,0],"ix":1},"s":{"a":0,"k":[100,100],"ix":3},"r":{"a":0,"k":0,"ix":6},"o":{"a":0,"k":100,"ix":7},"sk":{"a":0,"k":0,"ix":4},"sa":{"a":0,"k":0,"ix":5},"nm":"Transform"}],"nm":"Group 2","np":2,"cix":2,"bm":0,"ix":2,"mn":"ADBE Vector Group","hd":false},{"ty":"tr","p":{"a":0,"k":[771.093,651.061],"ix":2},"a":{"a":0,"k":[743.093,245.061],"ix":1},"s":{"a":0,"k":[100,100],"ix":3},"r":{"a":0,"k":0,"ix":6},"o":{"a":0,"k":100,"ix":7},"sk":{"a":0,"k":0,"ix":4},"sa":{"a":0,"k":0,"ix":5},"nm":"Transform"}],"nm":"neck_shadow","np":2,"cix":2,"bm":0,"ix":1,"mn":"ADBE Vector Group","hd":false},{"ty":"gr","it":[{"ty":"gr","it":[{"ind":0,"ty":"sh","ix":1,"ks":{"a":0,"k":{"i":[[1.365,-2.531],[12.523,-8.63],[3.583,-4.316],[1.029,-1.639],[2.409,1.588],[4.927,-0.17],[1.243,-0.035],[2.062,0.779],[2.032,2.091],[-22.143,8.372],[-6.614,-1.612],[-7.036,1.07],[-3.877,-6.214]],"o":[[-7.156,13.381],[-4.387,3.033],[-1.251,1.506],[-2.484,-1.684],[-3.745,-2.461],[-1.244,0.045],[-2.226,0.062],[-2.719,-1.025],[-10.889,-8.465],[6.857,-1.851],[6.831,1.673],[7.128,-1.086],[2.114,3.406]],"v":[[46.406,-15.752],[16.461,16.322],[3.93,25.833],[0.807,29.794],[-6.434,24.685],[-19.021,20.515],[-22.765,20.677],[-29.252,19.873],[-38.203,14.563],[-28.112,-26.872],[-11.589,-27.24],[19.25,-28.102],[48.141,-23.581]],"c":true},"ix":2},"nm":"Path 1","mn":"ADBE Vector Shape - Group","hd":false},{"ty":"fl","c":{"a":0,"k":[0.847000002861,0.60799998045,0.501999974251,1],"ix":4},"o":{"a":0,"k":100,"ix":5},"r":1,"bm":0,"nm":"Fill 1","mn":"ADBE Vector Graphic - Fill","hd":false},{"ty":"tr","p":{"a":0,"k":[733.919,247.279],"ix":2},"a":{"a":0,"k":[0,0],"ix":1},"s":{"a":0,"k":[100,100],"ix":3},"r":{"a":0,"k":0,"ix":6},"o":{"a":0,"k":100,"ix":7},"sk":{"a":0,"k":0,"ix":4},"sa":{"a":0,"k":0,"ix":5},"nm":"Transform"}],"nm":"Group 1","np":2,"cix":2,"bm":0,"ix":1,"mn":"ADBE Vector Group","hd":false},{"ty":"gr","it":[{"ind":0,"ty":"sh","ix":1,"ks":{"a":0,"k":{"i":[[14.15,1.181],[-2.183,14.435],[-14.099,-1.173],[2.092,-14.393]],"o":[[-14.18,-1.183],[2.174,-14.374],[14.069,1.171],[-2.101,14.455]],"v":[[-3.671,24.405],[-25.628,-2.413],[3.329,-24.413],[25.719,1.885]],"c":true},"ix":2},"nm":"Path 1","mn":"ADBE Vector Shape - Group","hd":false},{"ty":"fl","c":{"a":0,"k":[0.847000002861,0.60799998045,0.501999974251,1],"ix":4},"o":{"a":0,"k":100,"ix":5},"r":1,"bm":0,"nm":"Fill 1","mn":"ADBE Vector Graphic - Fill","hd":false},{"ty":"tr","p":{"a":0,"k":[715.211,242.846],"ix":2},"a":{"a":0,"k":[0,0],"ix":1},"s":{"a":0,"k":[100,100],"ix":3},"r":{"a":0,"k":0,"ix":6},"o":{"a":0,"k":100,"ix":7},"sk":{"a":0,"k":0,"ix":4},"sa":{"a":0,"k":0,"ix":5},"nm":"Transform"}],"nm":"Group 2","np":2,"cix":2,"bm":0,"ix":2,"mn":"ADBE Vector Group","hd":false},{"ty":"tr","p":{"a":0,"k":[763.511,653.701],"ix":2},"a":{"a":0,"k":[735.511,247.701],"ix":1},"s":{"a":0,"k":[100,100],"ix":3},"r":{"a":0,"k":0,"ix":6},"o":{"a":0,"k":100,"ix":7},"sk":{"a":0,"k":0,"ix":4},"sa":{"a":0,"k":0,"ix":5},"nm":"Transform"}],"nm":"neck_skin","np":2,"cix":2,"bm":0,"ix":2,"mn":"ADBE Vector Group","hd":false}],"ip":0,"op":180,"st":0,"bm":0},{"ddd":0,"ind":6,"ty":4,"nm":"body","parent":11,"sr":1,"ks":{"o":{"a":0,"k":100,"ix":11},"r":{"a":0,"k":0,"ix":10},"p":{"a":0,"k":[643.496,636.906,0],"ix":2},"a":{"a":0,"k":[643.496,636.906,0],"ix":1},"s":{"a":0,"k":[100,100,100],"ix":6}},"ao":0,"shapes":[{"ty":"gr","it":[{"ty":"gr","it":[{"ind":0,"ty":"sh","ix":1,"ks":{"a":0,"k":{"i":[[0.753,0.316],[0,-1.457],[-1.011,1.039],[-0.793,0.97]],"o":[[0.323,1.541],[0,1.473],[0.996,-1.021],[0.783,-0.957]],"v":[[-3.771,-3.822],[-2.477,1.97],[-0.829,2.783],[2.988,-1.068]],"c":true},"ix":2},"nm":"Path 1","mn":"ADBE Vector Shape - Group","hd":false},{"ty":"fl","c":{"a":0,"k":[0.787999987602,0.549000024796,0.458999991417,1],"ix":4},"o":{"a":0,"k":100,"ix":5},"r":1,"bm":0,"nm":"Fill 1","mn":"ADBE Vector Graphic - Fill","hd":false},{"ty":"tr","p":{"a":0,"k":[698.402,260.004],"ix":2},"a":{"a":0,"k":[0,0],"ix":1},"s":{"a":0,"k":[100,100],"ix":3},"r":{"a":0,"k":0,"ix":6},"o":{"a":0,"k":100,"ix":7},"sk":{"a":0,"k":0,"ix":4},"sa":{"a":0,"k":0,"ix":5},"nm":"Transform"}],"nm":"Group 1","np":2,"cix":2,"bm":0,"ix":1,"mn":"ADBE Vector Group","hd":false},{"ty":"gr","it":[{"ind":0,"ty":"sh","ix":1,"ks":{"a":0,"k":{"i":[[0,0],[0.103,-0.244],[2.72,-1.248],[2.522,-2.05],[2.101,0.212],[0.354,0.499],[-0.522,2.496],[1.603,1.317],[3.164,1.71],[3.354,1.901],[-0.977,1.812],[-1.943,-1.335],[-2.745,-3.01],[-0.715,-1.44],[-0.273,-1.076],[-0.484,-1.067],[-1.367,0.087],[-0.701,0.564],[-1.2,1.098],[-1.362,0.578]],"o":[[-0.174,0.632],[-0.147,0.124],[-2.759,1.256],[-1.559,1.27],[-0.667,-0.065],[-1.417,-1.998],[0.451,-2.089],[-2.64,-2.162],[-3.33,-1.788],[0.847,-1.828],[1.968,1.237],[3.536,2.43],[1.088,1.199],[0.48,0.967],[0.281,1.136],[0.484,1.077],[0.884,-0.054],[1.327,-1.052],[1.147,-1.041],[2.9,-1.239]],"v":[[22.577,0.775],[21.833,3.089],[12.146,6.193],[4.888,11.846],[-1.292,14.694],[-2.724,13.767],[-3.216,6.771],[-4.427,2.411],[-12.599,-3.849],[-22.576,-9.444],[-19.834,-14.906],[-14.123,-10.979],[-4.326,-3.111],[-1.56,0.821],[-0.221,3.896],[0.487,7.368],[3.164,9.212],[5.417,8.099],[9.06,4.698],[13.016,2.404]],"c":true},"ix":2},"nm":"Path 1","mn":"ADBE Vector Shape - Group","hd":false},{"ty":"fl","c":{"a":0,"k":[0.787999987602,0.549000024796,0.458999991417,1],"ix":4},"o":{"a":0,"k":100,"ix":5},"r":1,"bm":0,"nm":"Fill 1","mn":"ADBE Vector Graphic - Fill","hd":false},{"ty":"tr","p":{"a":0,"k":[692.498,258.756],"ix":2},"a":{"a":0,"k":[0,0],"ix":1},"s":{"a":0,"k":[100,100],"ix":3},"r":{"a":0,"k":0,"ix":6},"o":{"a":0,"k":100,"ix":7},"sk":{"a":0,"k":0,"ix":4},"sa":{"a":0,"k":0,"ix":5},"nm":"Transform"}],"nm":"Group 2","np":2,"cix":2,"bm":0,"ix":2,"mn":"ADBE Vector Group","hd":false},{"ty":"tr","p":{"a":0,"k":[720.498,664.659],"ix":2},"a":{"a":0,"k":[692.498,258.659],"ix":1},"s":{"a":0,"k":[100,100],"ix":3},"r":{"a":0,"k":0,"ix":6},"o":{"a":0,"k":100,"ix":7},"sk":{"a":0,"k":0,"ix":4},"sa":{"a":0,"k":0,"ix":5},"nm":"Transform"}],"nm":"body_shadow","np":2,"cix":2,"bm":0,"ix":1,"mn":"ADBE Vector Group","hd":false},{"ty":"gr","it":[{"ty":"gr","it":[{"ind":0,"ty":"sh","ix":1,"ks":{"a":0,"k":{"i":[[22.138,-12.828],[7.887,8.768],[-5.864,12.599],[-0.977,1.812],[-5.062,5.009],[-8.6,-15.946]],"o":[[-17.592,10.176],[-4.436,-4.931],[0.847,-1.828],[3.904,-7.183],[19.062,-18.85],[8.564,15.865]],"v":[[5.63,26.445],[-32.645,32.333],[-28.69,2.229],[-25.948,-3.234],[-12.155,-22.251],[28.516,-24.408]],"c":true},"ix":2},"nm":"Path 1","mn":"ADBE Vector Shape - Group","hd":false},{"ty":"fl","c":{"a":0,"k":[0.847000002861,0.60799998045,0.501999974251,1],"ix":4},"o":{"a":0,"k":100,"ix":5},"r":1,"bm":0,"nm":"Fill 1","mn":"ADBE Vector Graphic - Fill","hd":false},{"ty":"tr","p":{"a":0,"k":[698.611,247.084],"ix":2},"a":{"a":0,"k":[0,0],"ix":1},"s":{"a":0,"k":[100,100],"ix":3},"r":{"a":0,"k":0,"ix":6},"o":{"a":0,"k":100,"ix":7},"sk":{"a":0,"k":0,"ix":4},"sa":{"a":0,"k":0,"ix":5},"nm":"Transform"}],"nm":"Group 1","np":2,"cix":2,"bm":0,"ix":1,"mn":"ADBE Vector Group","hd":false},{"ty":"tr","p":{"a":0,"k":[724.995,653.396],"ix":2},"a":{"a":0,"k":[696.995,247.396],"ix":1},"s":{"a":0,"k":[100,100],"ix":3},"r":{"a":0,"k":0,"ix":6},"o":{"a":0,"k":100,"ix":7},"sk":{"a":0,"k":0,"ix":4},"sa":{"a":0,"k":0,"ix":5},"nm":"Transform"}],"nm":"body_skin","np":1,"cix":2,"bm":0,"ix":2,"mn":"ADBE Vector Group","hd":false},{"ty":"gr","it":[{"ty":"gr","it":[{"ind":0,"ty":"sh","ix":1,"ks":{"a":0,"k":{"i":[[1.965,0.448],[7.476,3.281],[4.486,2.677],[1.344,1.27],[0.751,4.746],[-0.195,5.233],[-7.117,10.415],[-19.006,5.065],[-16.362,-4.73],[-7.763,-20.475],[20.689,-8.86],[6.789,-0.573],[7.213,12.528]],"o":[[-7.937,-1.811],[-4.79,-2.103],[-1.653,-0.986],[-3.965,-3.744],[-0.804,-5.086],[0.446,-11.903],[10.123,-14.817],[17.05,-4.543],[26.232,7.581],[12.035,31.123],[-6.166,2.639],[-7.453,0.629],[-0.045,-0.202]],"v":[[-42.188,49.808],[-65.395,42.147],[-79.334,34.972],[-83.973,31.682],[-89.663,18.081],[-91.371,2.735],[-79.687,-31.427],[-36.319,-60.717],[19.583,-55.882],[79.531,-8.336],[34.45,55.116],[13.369,60.581],[-33.709,52.732]],"c":true},"ix":2},"nm":"Path 1","mn":"ADBE Vector Shape - Group","hd":false},{"ty":"fl","c":{"a":0,"k":[0.208000004292,0.238999992609,0.289999991655,1],"ix":4},"o":{"a":0,"k":100,"ix":5},"r":1,"bm":0,"nm":"Fill 1","mn":"ADBE Vector Graphic - Fill","hd":false},{"ty":"tr","p":{"a":0,"k":[653.056,235.841],"ix":2},"a":{"a":0,"k":[0,0],"ix":1},"s":{"a":0,"k":[100,100],"ix":3},"r":{"a":0,"k":0,"ix":6},"o":{"a":0,"k":100,"ix":7},"sk":{"a":0,"k":0,"ix":4},"sa":{"a":0,"k":0,"ix":5},"nm":"Transform"}],"nm":"Group 1","np":2,"cix":2,"bm":0,"ix":1,"mn":"ADBE Vector Group","hd":false},{"ty":"gr","it":[{"ind":0,"ty":"sh","ix":1,"ks":{"a":0,"k":{"i":[[-13.794,26.831],[26.83,13.793],[13.794,-26.83],[-26.831,-13.793]],"o":[[13.793,-26.83],[-26.832,-13.794],[-13.793,26.831],[26.831,13.793]],"v":[[48.582,24.975],[24.976,-48.581],[-48.581,-24.974],[-24.975,48.581]],"c":true},"ix":2},"nm":"Path 1","mn":"ADBE Vector Shape - Group","hd":false},{"ty":"fl","c":{"a":0,"k":[0.208000004292,0.238999992609,0.289999991655,1],"ix":4},"o":{"a":0,"k":100,"ix":5},"r":1,"bm":0,"nm":"Fill 1","mn":"ADBE Vector Graphic - Fill","hd":false},{"ty":"tr","p":{"a":0,"k":[615.659,230.676],"ix":2},"a":{"a":0,"k":[0,0],"ix":1},"s":{"a":0,"k":[100,100],"ix":3},"r":{"a":0,"k":0,"ix":6},"o":{"a":0,"k":100,"ix":7},"sk":{"a":0,"k":0,"ix":4},"sa":{"a":0,"k":0,"ix":5},"nm":"Transform"}],"nm":"Group 2","np":2,"cix":2,"bm":0,"ix":2,"mn":"ADBE Vector Group","hd":false},{"ty":"tr","p":{"a":0,"k":[675.996,641.406],"ix":2},"a":{"a":0,"k":[647.996,235.406],"ix":1},"s":{"a":0,"k":[100,100],"ix":3},"r":{"a":0,"k":0,"ix":6},"o":{"a":0,"k":100,"ix":7},"sk":{"a":0,"k":0,"ix":4},"sa":{"a":0,"k":0,"ix":5},"nm":"Transform"}],"nm":"shirt","np":2,"cix":2,"bm":0,"ix":3,"mn":"ADBE Vector Group","hd":false}],"ip":0,"op":180,"st":0,"bm":0},{"ddd":0,"ind":7,"ty":4,"nm":"lower_shirt","parent":11,"sr":1,"ks":{"o":{"a":0,"k":100,"ix":11},"r":{"a":0,"k":0,"ix":10},"p":{"a":0,"k":[604.313,630.604,0],"ix":2},"a":{"a":0,"k":[576.313,224.604,0],"ix":1},"s":{"a":0,"k":[100,100,100],"ix":6}},"ao":0,"shapes":[{"ty":"gr","it":[{"ind":0,"ty":"sh","ix":1,"ks":{"a":0,"k":{"i":[[-2.747,9.241],[-1.063,3.488],[-2.247,3.665],[4.227,1.271],[10.947,5.6],[7.348,-2.215],[4.718,-3.395],[4.639,-6.082],[1.684,-6.757],[-0.811,-5.22],[-0.786,-2.811],[-10.668,-2.266],[-5.308,-3.036],[-8.135,-0.715],[-1.373,6.594]],"o":[[1.04,-3.497],[1.254,-4.112],[4.391,-7.161],[-2.396,-0.72],[-6.874,-3.515],[-5.564,1.678],[-6.202,4.462],[-4.135,5.422],[-1.276,5.126],[0.448,2.885],[2.799,10.016],[5.971,1.269],[21.692,11.215],[0.585,-6.714],[1.966,-9.442]],"v":[[37.585,10.832],[40.75,0.358],[45.526,-11.582],[58.273,-45.186],[3.352,-56.396],[-18.976,-58.093],[-34.365,-50.068],[-50.846,-34.232],[-61.224,-16.293],[-61.039,-0.555],[-59.31,8.025],[-38.307,32.83],[-20.67,38.836],[28.357,60.308],[30.292,38.808]],"c":true},"ix":2},"nm":"Path 1","mn":"ADBE Vector Shape - Group","hd":false},{"ty":"fl","c":{"a":0,"k":[0.20800000359,0.238999998803,0.289999988032,1],"ix":4},"o":{"a":0,"k":100,"ix":5},"r":1,"bm":0,"nm":"Fill 1","mn":"ADBE Vector Graphic - Fill","hd":false},{"ty":"tr","p":{"a":0,"k":[577.721,224.183],"ix":2},"a":{"a":0,"k":[0,0],"ix":1},"s":{"a":0,"k":[100,100],"ix":3},"r":{"a":0,"k":0,"ix":6},"o":{"a":0,"k":100,"ix":7},"sk":{"a":0,"k":0,"ix":4},"sa":{"a":0,"k":0,"ix":5},"nm":"Transform"}],"nm":"Group 1","np":2,"cix":2,"bm":0,"ix":1,"mn":"ADBE Vector Group","hd":false}],"ip":0,"op":180,"st":0,"bm":0},{"ddd":0,"ind":8,"ty":4,"nm":"thigh","parent":10,"sr":1,"ks":{"o":{"a":0,"k":100,"ix":11},"r":{"a":0,"k":0,"ix":10},"p":{"a":0,"k":[461.147,561.334,0],"ix":2},"a":{"a":0,"k":[433.147,155.334,0],"ix":1},"s":{"a":0,"k":[100,100,100],"ix":6}},"ao":0,"shapes":[{"ty":"gr","it":[{"ind":0,"ty":"sh","ix":1,"ks":{"a":0,"k":{"i":[[15.426,-14.114],[2.192,-1.296],[0.01,0.001],[7.851,0.746],[6.579,7.198],[-15.426,14.114],[-7.93,0.733],[0,0],[-5.238,-1.879],[-4.288,-4.694]],"o":[[-1.947,1.78],[-0.001,0.01],[-7.031,4.185],[-8.987,-0.865],[-14.116,-15.426],[6.335,-5.794],[0,0],[5.515,-0.51],[5.6,2.019],[14.115,15.426]],"v":[[25.547,27.823],[19.323,32.441],[19.303,32.45],[-3.639,37.576],[-27.932,25.436],[-25.556,-28.052],[-3.518,-37.813],[-3.509,-37.812],[12.844,-35.736],[27.933,-25.665]],"c":true},"ix":2},"nm":"Path 1","mn":"ADBE Vector Shape - Group","hd":false},{"ty":"fl","c":{"a":0,"k":[0.109999997008,0.113999998803,0.118000000598,1],"ix":4},"o":{"a":0,"k":100,"ix":5},"r":1,"bm":0,"nm":"Fill 1","mn":"ADBE Vector Graphic - Fill","hd":false},{"ty":"tr","p":{"a":0,"k":[508.699,179.938],"ix":2},"a":{"a":0,"k":[0,0],"ix":1},"s":{"a":0,"k":[100,100],"ix":3},"r":{"a":0,"k":0,"ix":6},"o":{"a":0,"k":100,"ix":7},"sk":{"a":0,"k":0,"ix":4},"sa":{"a":0,"k":0,"ix":5},"nm":"Transform"}],"nm":"Group 1","np":2,"cix":2,"bm":0,"ix":1,"mn":"ADBE Vector Group","hd":false},{"ty":"gr","it":[{"ind":0,"ty":"sh","ix":1,"ks":{"a":0,"k":{"i":[[15.426,-14.114],[2.192,-1.296],[0.01,0.001],[4.277,-0.785],[3.535,-0.003],[11.293,5.884],[12.238,10.77],[0.894,8.67],[-7.594,4.055],[-5.661,0.061],[-5.416,-0.397],[-11.276,-3.609],[-4.075,-0.405],[0,0],[-0.854,0.036],[-4.49,-1.449],[-4.288,-4.694]],"o":[[-1.947,1.78],[-0.001,0.01],[-3.844,2.04],[-3.499,0.645],[-12.648,0.002],[-14.453,-7.544],[-6.535,-5.754],[-0.899,-8.558],[5.039,-2.687],[5.561,-0.057],[11.622,0.835],[4.46,1.439],[0,0],[0.747,0.079],[4.725,-0.16],[5.6,2.019],[14.115,15.426]],"v":[[51.906,32.539],[45.682,37.158],[45.662,37.167],[33.284,41.34],[22.72,42.293],[-13.905,32.536],[-53.141,3.544],[-67.508,-17.516],[-55.107,-38.439],[-38.693,-42.237],[-23.292,-39.781],[11.547,-36.728],[22.841,-33.096],[22.85,-33.095],[25.24,-33.021],[39.203,-31.019],[54.292,-20.948]],"c":true},"ix":2},"nm":"Path 1","mn":"ADBE Vector Shape - Group","hd":false},{"ty":"fl","c":{"a":0,"k":[0.109999997008,0.113999998803,0.118000000598,1],"ix":4},"o":{"a":0,"k":100,"ix":5},"r":1,"bm":0,"nm":"Fill 1","mn":"ADBE Vector Graphic - Fill","hd":false},{"ty":"tr","p":{"a":0,"k":[482.34,175.222],"ix":2},"a":{"a":0,"k":[0,0],"ix":1},"s":{"a":0,"k":[100,100],"ix":3},"r":{"a":0,"k":0,"ix":6},"o":{"a":0,"k":100,"ix":7},"sk":{"a":0,"k":0,"ix":4},"sa":{"a":0,"k":0,"ix":5},"nm":"Transform"}],"nm":"Group 2","np":2,"cix":2,"bm":0,"ix":2,"mn":"ADBE Vector Group","hd":false}],"ip":0,"op":180,"st":0,"bm":0},{"ddd":0,"ind":9,"ty":4,"nm":"foot","sr":1,"ks":{"o":{"a":0,"k":100,"ix":11},"r":{"a":0,"k":0,"ix":10},"p":{"a":0,"k":[400.281,551.059,0],"ix":2},"a":{"a":0,"k":[400.281,551.059,0],"ix":1},"s":{"a":0,"k":[100,100,100],"ix":6}},"ao":0,"shapes":[{"ty":"gr","it":[{"ty":"gr","it":[{"ind":0,"ty":"sh","ix":1,"ks":{"a":0,"k":{"i":[[0.028,-0.067],[0.379,0.179],[0.111,0.157],[0.635,1.29],[0.522,1.33],[-0.002,1.383],[-1.169,1.916],[-1.582,1.311],[-1.558,0.682],[2.366,-0.471],[0.819,-0.617],[1.398,-5.246],[0.037,-1.12],[-0.275,-1.45],[-0.549,-1.49],[-0.782,-4.478],[-0.53,-3.751],[-1.038,-2.359],[-5.013,-1.487],[-1.678,-0.125],[-0.879,0.427],[-0.428,1.112],[-1.521,0.225],[-0.939,0.139],[-0.765,-0.363],[-0.241,-0.401],[-0.405,-0.346],[-0.125,-0.044],[-0.458,0.746],[0.305,0.952],[0.892,1.214],[0.81,0.791],[0.603,0.939],[-0.241,1.309],[0.008,0.669],[0.55,0.443],[-0.599,0.87],[0.36,0.36],[0.179,0.145],[-0.22,0.579],[-0.079,0.712],[0.337,0.418],[0.264,0.257],[-0.102,0.356],[-0.071,0.128],[0.192,0.568],[0.24,0.503],[-0.195,0.83],[0.434,1.589],[0.872,0.331],[1.309,0.095],[3.274,-0.199],[0.409,-1.505],[-0.048,-0.58],[0.085,-0.445]],"o":[[-0.138,0.33],[-0.174,-0.083],[-0.829,-1.175],[-0.63,-1.283],[-0.507,-1.288],[0.003,-2.221],[1.082,-1.775],[1.148,-0.95],[-0.177,-0.146],[-1.007,0.201],[-4.054,3.055],[-0.288,1.084],[-0.049,1.475],[0.294,1.56],[1.574,4.275],[0.65,3.733],[0.362,2.551],[2.108,4.786],[1.608,0.477],[0.938,0.07],[1.223,-0.592],[0.608,-1.576],[0.939,-0.138],[0.841,-0.124],[0.421,0.201],[0.274,0.457],[0.101,0.086],[0.785,0.276],[0.548,-0.895],[-0.463,-1.444],[-0.669,-0.911],[-0.786,-0.769],[-0.737,-1.148],[0.12,-0.659],[-0.009,-0.72],[-0.71,-0.572],[0.289,-0.418],[-0.163,-0.163],[-0.646,-0.523],[0.252,-0.666],[0.059,-0.534],[-0.232,-0.288],[-0.266,-0.258],[0.04,-0.14],[0.291,-0.524],[-0.178,-0.528],[-0.369,-0.77],[0.338,-1.433],[-0.246,-0.899],[-1.226,-0.465],[-3.271,-0.235],[-1.272,0.078],[-0.154,0.57],[0.036,0.439],[-0.012,0.066]],"v":[[-7.106,-7.831],[-7.934,-7.384],[-8.34,-7.785],[-10.442,-11.546],[-12.224,-15.444],[-12.911,-19.706],[-11.276,-26.246],[-6.854,-30.749],[-3.208,-32.762],[-5.835,-34.022],[-9.386,-32.629],[-20.749,-20.658],[-21.122,-17.322],[-20.932,-12.908],[-19.447,-8.391],[-16.218,5.038],[-14.447,16.264],[-12.704,23.77],[-0.824,33.247],[4.102,34.272],[7.049,34.066],[8.373,30.715],[11.464,28.819],[14.281,28.402],[16.495,28.577],[17.604,29.4],[18.255,30.84],[18.6,31.03],[20.659,30.439],[20.733,27.402],[18.587,23.471],[16.39,20.889],[14.091,18.523],[13.536,14.715],[13.851,12.734],[12.958,11.014],[12.747,9.428],[12.915,8.038],[12.329,7.676],[12.474,5.6],[13.064,3.447],[12.691,1.923],[11.868,1.184],[11.493,0.197],[11.689,-0.194],[11.847,-1.933],[11.055,-3.402],[10.817,-6.119],[12.239,-10.368],[10.248,-12.178],[6.388,-12.871],[-3.444,-12.926],[-7.126,-11.098],[-7.19,-9.335],[-7.044,-8.033]],"c":true},"ix":2},"nm":"Path 1","mn":"ADBE Vector Shape - Group","hd":false},{"ty":"fl","c":{"a":0,"k":[0.07500000298,0.071000002325,0.067000001669,1],"ix":4},"o":{"a":0,"k":100,"ix":5},"r":1,"bm":0,"nm":"Fill 1","mn":"ADBE Vector Graphic - Fill","hd":false},{"ty":"tr","p":{"a":0,"k":[374.19,143.705],"ix":2},"a":{"a":0,"k":[0,0],"ix":1},"s":{"a":0,"k":[100,100],"ix":3},"r":{"a":0,"k":0,"ix":6},"o":{"a":0,"k":100,"ix":7},"sk":{"a":0,"k":0,"ix":4},"sa":{"a":0,"k":0,"ix":5},"nm":"Transform"}],"nm":"Group 1","np":2,"cix":2,"bm":0,"ix":1,"mn":"ADBE Vector Group","hd":false},{"ty":"tr","p":{"a":0,"k":[402.12,549.828],"ix":2},"a":{"a":0,"k":[374.12,143.828],"ix":1},"s":{"a":0,"k":[100,100],"ix":3},"r":{"a":0,"k":0,"ix":6},"o":{"a":0,"k":100,"ix":7},"sk":{"a":0,"k":0,"ix":4},"sa":{"a":0,"k":0,"ix":5},"nm":"Transform"}],"nm":"Layer 779","np":1,"cix":2,"bm":0,"ix":1,"mn":"ADBE Vector Group","hd":false},{"ty":"gr","it":[{"ty":"gr","it":[{"ind":0,"ty":"sh","ix":1,"ks":{"a":0,"k":{"i":[[-0.906,-0.377],[-0.458,-0.713],[-0.51,-1.5],[-0.795,-1.836],[-1.646,-2.692],[-0.685,-1.162],[-1.007,-1.283],[-0.011,0.149],[-0.098,-0.041],[0.365,-1.126],[0.919,-0.573],[1.049,-0.266],[5.938,0.643],[2.158,1.789],[1.117,2.674],[0.53,5.281],[1.769,4.839],[0.512,2.723],[-0.831,2.404],[-0.754,0.738],[-0.706,0.406],[-0.493,0.303],[-1.563,1.208],[-0.074,0.059],[0.158,-0.972],[0.376,-0.911],[-1.309,-4.516],[-3.182,-3.462],[-1.032,-0.521],[-1.517,2.08],[-0.44,0.411]],"o":[[0.845,-0.063],[0.849,1.323],[0.645,1.895],[1.253,2.889],[0.708,1.159],[0.828,1.404],[0.01,-0.15],[0.076,-0.073],[0.205,1.166],[-0.335,1.03],[-0.918,0.573],[-5.825,1.475],[-2.739,-0.296],[-2.248,-1.862],[-2.081,-4.981],[-0.516,-5.15],[-0.942,-2.579],[-0.475,-2.529],[0.345,-0.997],[0.582,-0.569],[0.502,-0.287],[1.682,-1.036],[0.075,-0.059],[0.745,0.645],[-0.159,0.973],[-1.794,4.345],[1.308,4.516],[0.782,0.851],[2.298,1.161],[0.355,-0.486],[0.716,-0.671]],"v":[[7.844,-2.803],[9.963,-1.634],[11.042,3.123],[13.282,8.693],[17.407,17.193],[19.691,20.452],[22.448,24.49],[22.479,24.04],[22.774,23.985],[22.817,27.499],[20.776,29.939],[17.761,31.111],[-0.046,31.769],[-7.58,28.995],[-12.627,21.866],[-14.994,6.73],[-19.702,-8.559],[-22.706,-16.314],[-21.883,-24.064],[-20.318,-26.78],[-18.305,-28.152],[-16.812,-29.038],[-11.939,-32.408],[-11.716,-32.585],[-10.89,-29.944],[-11.88,-27.165],[-12.39,-13.335],[-5.317,-1.277],[-2.664,0.926],[4.238,-0.736],[5.311,-2.184]],"c":true},"ix":2},"nm":"Path 1","mn":"ADBE Vector Shape - Group","hd":false},{"ty":"fl","c":{"a":0,"k":[0.40000000596,0.40000000596,0.40000000596,1],"ix":4},"o":{"a":0,"k":100,"ix":5},"r":1,"bm":0,"nm":"Fill 1","mn":"ADBE Vector Graphic - Fill","hd":false},{"ty":"tr","p":{"a":0,"k":[372.22,148.277],"ix":2},"a":{"a":0,"k":[0,0],"ix":1},"s":{"a":0,"k":[100,100],"ix":3},"r":{"a":0,"k":0,"ix":6},"o":{"a":0,"k":100,"ix":7},"sk":{"a":0,"k":0,"ix":4},"sa":{"a":0,"k":0,"ix":5},"nm":"Transform"}],"nm":"Group 1","np":2,"cix":2,"bm":0,"ix":1,"mn":"ADBE Vector Group","hd":false},{"ty":"tr","p":{"a":0,"k":[400.281,554.107],"ix":2},"a":{"a":0,"k":[372.281,148.107],"ix":1},"s":{"a":0,"k":[100,100],"ix":3},"r":{"a":0,"k":0,"ix":6},"o":{"a":0,"k":100,"ix":7},"sk":{"a":0,"k":0,"ix":4},"sa":{"a":0,"k":0,"ix":5},"nm":"Transform"}],"nm":"Layer 880","np":1,"cix":2,"bm":0,"ix":2,"mn":"ADBE Vector Group","hd":false},{"ty":"gr","it":[{"ty":"gr","it":[{"ind":0,"ty":"sh","ix":1,"ks":{"a":0,"k":{"i":[[-0.098,-1.635],[0.066,-1.403],[0.259,-1.548],[-0.254,-1.353],[-0.48,-1.989],[-1.278,-2.047],[-3.044,-1.144],[-3.169,-0.728],[-3.609,2.272],[-0.196,0.394],[0.031,0.463],[1.839,2.412],[-0.321,7.033],[-0.127,3.306],[0.665,1.256],[1.126,0.484],[1.644,0.997],[0.692,1.794],[0.034,1.449],[0.053,2.249],[0.398,0.363],[0.301,0.048],[1.72,-1.719],[0.705,-1.224],[0.335,-1.717],[-0.037,-2.743],[-0.492,-2.636]],"o":[[0.084,1.403],[-0.072,1.568],[-0.225,1.353],[0.388,2.067],[0.548,2.269],[1.722,2.758],[3.045,1.142],[4.156,0.956],[0.372,-0.233],[0.205,-0.416],[-0.205,-3.106],[-4.27,-5.598],[0.152,-3.305],[0.052,-1.373],[-0.589,-1.11],[-1.767,-0.757],[-1.642,-0.998],[-0.521,-1.351],[-0.052,-2.248],[-0.013,-0.537],[-0.226,-0.205],[-2.4,-0.389],[-0.999,0.998],[-0.872,1.516],[-0.524,2.681],[0.036,2.732],[0.301,1.609]],"v":[[-15.549,-1.655],[-15.521,2.56],[-16.017,7.242],[-16.674,11.493],[-14.982,17.435],[-12.98,23.867],[-5.309,29.607],[4.137,32.009],[16.571,31.922],[17.501,31.013],[17.667,29.649],[14.594,21.613],[7.347,2.235],[8.549,-7.596],[8.021,-12.21],[4.917,-14.338],[-0.314,-16.752],[-4.132,-20.934],[-4.728,-25.215],[-4.886,-31.96],[-5.337,-33.461],[-6.17,-33.804],[-12.411,-30.617],[-15.127,-27.382],[-16.689,-22.397],[-17.67,-14.249],[-16.149,-6.527]],"c":true},"ix":2},"nm":"Path 1","mn":"ADBE Vector Shape - Group","hd":false},{"ty":"fl","c":{"a":0,"k":[0.847000002861,0.60799998045,0.501999974251,1],"ix":4},"o":{"a":0,"k":100,"ix":5},"r":1,"bm":0,"nm":"Fill 1","mn":"ADBE Vector Graphic - Fill","hd":false},{"ty":"tr","p":{"a":0,"k":[375.672,143.676],"ix":2},"a":{"a":0,"k":[0,0],"ix":1},"s":{"a":0,"k":[100,100],"ix":3},"r":{"a":0,"k":0,"ix":6},"o":{"a":0,"k":100,"ix":7},"sk":{"a":0,"k":0,"ix":4},"sa":{"a":0,"k":0,"ix":5},"nm":"Transform"}],"nm":"Group 1","np":2,"cix":2,"bm":0,"ix":1,"mn":"ADBE Vector Group","hd":false},{"ty":"tr","p":{"a":0,"k":[403.678,549.354],"ix":2},"a":{"a":0,"k":[375.678,143.354],"ix":1},"s":{"a":0,"k":[100,100],"ix":3},"r":{"a":0,"k":0,"ix":6},"o":{"a":0,"k":100,"ix":7},"sk":{"a":0,"k":0,"ix":4},"sa":{"a":0,"k":0,"ix":5},"nm":"Transform"}],"nm":"Layer 881","np":1,"cix":2,"bm":0,"ix":3,"mn":"ADBE Vector Group","hd":false}],"ip":0,"op":180,"st":0,"bm":0},{"ddd":0,"ind":10,"ty":4,"nm":"calf","sr":1,"ks":{"o":{"a":0,"k":100,"ix":11},"r":{"a":1,"k":[{"i":{"x":[0.386],"y":[1]},"o":{"x":[0.333],"y":[0]},"t":9,"s":[-16]},{"i":{"x":[0.667],"y":[1]},"o":{"x":[0.641],"y":[0.074]},"t":90,"s":[0]},{"t":141,"s":[-16]}],"ix":10},"p":{"a":0,"k":[402.337,528.774,0],"ix":2},"a":{"a":0,"k":[402.337,528.774,0],"ix":1},"s":{"a":0,"k":[100,100,100],"ix":6}},"ao":0,"shapes":[{"ty":"gr","it":[{"ty":"gr","it":[{"ind":0,"ty":"sh","ix":1,"ks":{"a":0,"k":{"i":[[7.244,-7.46],[7.46,7.244],[-7.244,7.46],[-7.46,-7.243]],"o":[[-7.243,7.459],[-7.459,-7.244],[7.243,-7.459],[7.459,7.244]],"v":[[13.507,13.115],[-13.115,13.507],[-13.506,-13.115],[13.116,-13.508]],"c":true},"ix":2},"nm":"Path 1","mn":"ADBE Vector Shape - Group","hd":false},{"ty":"fl","c":{"a":0,"k":[0.109999999404,0.11400000006,0.118000000715,1],"ix":4},"o":{"a":0,"k":100,"ix":5},"r":1,"bm":0,"nm":"Fill 1","mn":"ADBE Vector Graphic - Fill","hd":false},{"ty":"tr","p":{"a":0,"k":[433.522,155.935],"ix":2},"a":{"a":0,"k":[0,0],"ix":1},"s":{"a":0,"k":[100,100],"ix":3},"r":{"a":0,"k":0,"ix":6},"o":{"a":0,"k":100,"ix":7},"sk":{"a":0,"k":0,"ix":4},"sa":{"a":0,"k":0,"ix":5},"nm":"Transform"}],"nm":"Group 1","np":2,"cix":2,"bm":0,"ix":1,"mn":"ADBE Vector Group","hd":false},{"ty":"gr","it":[{"ind":0,"ty":"sh","ix":1,"ks":{"a":0,"k":{"i":[[1.116,0.881],[3.189,3.31],[8.359,5.681],[2.252,3.74],[-0.853,3.878],[-3.941,1.612],[-1.462,0.292],[-2.354,0.47],[-6.568,-1.785],[-6.779,-7.583],[-2.367,-4.321],[-0.541,-4.96],[1.267,-3.075],[1.632,-1.776],[1.932,-1.129],[5.191,3.058]],"o":[[-3.588,-2.833],[-7.014,-7.277],[-3.52,-2.393],[-2.066,-3.43],[0.91,-4.159],[1.379,-0.564],[2.355,-0.469],[6.701,-1.337],[9.855,2.677],[3.291,3.681],[2.389,4.362],[0.361,3.305],[-0.918,2.23],[-1.513,1.648],[-5.059,2.305],[-1.232,-0.726]],"v":[[6.733,28.164],[-3.129,18.52],[-26.272,-0.985],[-36.846,-8.918],[-38.557,-20.548],[-30.859,-30.116],[-26.546,-31.267],[-19.48,-32.676],[-0.046,-31.53],[25.456,-15.396],[33.882,-3.249],[39.049,13.14],[37.099,21.895],[33.223,27.976],[27.387,31.707],[10.245,30.587]],"c":true},"ix":2},"nm":"Path 1","mn":"ADBE Vector Shape - Group","hd":false},{"ty":"fl","c":{"a":0,"k":[0.109999999404,0.11400000006,0.118000000715,1],"ix":4},"o":{"a":0,"k":100,"ix":5},"r":1,"bm":0,"nm":"Fill 1","mn":"ADBE Vector Graphic - Fill","hd":false},{"ty":"tr","p":{"a":0,"k":[413.261,141.611],"ix":2},"a":{"a":0,"k":[0,0],"ix":1},"s":{"a":0,"k":[100,100],"ix":3},"r":{"a":0,"k":0,"ix":6},"o":{"a":0,"k":100,"ix":7},"sk":{"a":0,"k":0,"ix":4},"sa":{"a":0,"k":0,"ix":5},"nm":"Transform"}],"nm":"Group 2","np":2,"cix":2,"bm":0,"ix":2,"mn":"ADBE Vector Group","hd":false},{"ty":"tr","p":{"a":0,"k":[401.845,529.274],"ix":2},"a":{"a":0,"k":[373.845,123.274],"ix":1},"s":{"a":0,"k":[100,100],"ix":3},"r":{"a":0,"k":0,"ix":6},"o":{"a":0,"k":100,"ix":7},"sk":{"a":0,"k":0,"ix":4},"sa":{"a":0,"k":0,"ix":5},"nm":"Transform"}],"nm":"Layer 882","np":2,"cix":2,"bm":0,"ix":1,"mn":"ADBE Vector Group","hd":false},{"ty":"gr","it":[{"ty":"gr","it":[{"ind":0,"ty":"sh","ix":1,"ks":{"a":0,"k":{"i":[[0.164,0.024],[1.096,0.444],[0.228,1.351],[-1.228,2.592],[-2.874,1.109],[-2.745,-0.318],[-2.022,-0.655]],"o":[[-0.737,-0.111],[-5.217,-1.396],[-0.474,-2.829],[1.318,-2.784],[2.579,-0.993],[2.111,0.244],[-0.672,4.669]],"v":[[9.37,13.731],[-2.764,9.792],[-10.77,1.918],[-10.038,-6.52],[-3.203,-12.405],[4.941,-13.437],[11.266,-12.036]],"c":true},"ix":2},"nm":"Path 1","mn":"ADBE Vector Shape - Group","hd":false},{"ty":"fl","c":{"a":0,"k":[0.847000002861,0.60799998045,0.501999974251,1],"ix":4},"o":{"a":0,"k":100,"ix":5},"r":1,"bm":0,"nm":"Fill 1","mn":"ADBE Vector Graphic - Fill","hd":false},{"ty":"tr","p":{"a":0,"k":[374.612,123.257],"ix":2},"a":{"a":0,"k":[0,0],"ix":1},"s":{"a":0,"k":[100,100],"ix":3},"r":{"a":0,"k":0,"ix":6},"o":{"a":0,"k":100,"ix":7},"sk":{"a":0,"k":0,"ix":4},"sa":{"a":0,"k":0,"ix":5},"nm":"Transform"}],"nm":"Group 1","np":2,"cix":2,"bm":0,"ix":1,"mn":"ADBE Vector Group","hd":false},{"ty":"tr","p":{"a":0,"k":[402.709,529.348],"ix":2},"a":{"a":0,"k":[374.709,123.348],"ix":1},"s":{"a":0,"k":[100,100],"ix":3},"r":{"a":0,"k":0,"ix":6},"o":{"a":0,"k":100,"ix":7},"sk":{"a":0,"k":0,"ix":4},"sa":{"a":0,"k":0,"ix":5},"nm":"Transform"}],"nm":"Layer 883","np":1,"cix":2,"bm":0,"ix":2,"mn":"ADBE Vector Group","hd":false}],"ip":0,"op":180,"st":0,"bm":0},{"ddd":0,"ind":11,"ty":4,"nm":"hips","parent":8,"sr":1,"ks":{"o":{"a":0,"k":100,"ix":11},"r":{"a":0,"k":0,"ix":10},"p":{"a":0,"k":[531.82,196.676,0],"ix":2},"a":{"a":0,"k":[559.82,602.676,0],"ix":1},"s":{"a":0,"k":[100,100,100],"ix":6}},"ao":0,"shapes":[{"ty":"gr","it":[{"ty":"gr","it":[{"ind":0,"ty":"sh","ix":1,"ks":{"a":0,"k":{"i":[[-14.435,1.046],[10.271,-4.139],[1.162,-0.579],[8.399,0.039],[4.193,1.18],[1.63,0.817],[7.472,4.758],[4.027,3.976],[1.405,5.28],[0.041,0.172],[-0.082,0.226],[-0.191,0.021],[-1.887,-1.061],[-16.562,-4.012]],"o":[[-3.807,7.852],[-2.547,1.028],[-1.799,0.898],[-4.325,-0.026],[-1.747,-0.493],[-7.945,-3.94],[-4.767,-3.043],[-3.885,-3.838],[-0.052,-0.173],[-0.059,-0.233],[0.05,-0.178],[1.775,0.914],[13.516,7.678],[13.221,3.195]],"v":[[47.682,1.673],[32.673,17.69],[27.921,20.084],[15.66,21.335],[2.694,19.775],[-2.392,17.835],[-25.412,4.223],[-38.948,-5.949],[-47.467,-19.753],[-47.61,-20.281],[-47.601,-21.032],[-47.243,-21.374],[-42.254,-17.197],[1.084,0.024]],"c":true},"ix":2},"nm":"Path 1","mn":"ADBE Vector Shape - Group","hd":false},{"ty":"fl","c":{"a":0,"k":[0.071000002325,0.07500000298,0.078000001609,1],"ix":4},"o":{"a":0,"k":100,"ix":5},"r":1,"bm":0,"nm":"Fill 1","mn":"ADBE Vector Graphic - Fill","hd":false},{"ty":"tr","p":{"a":0,"k":[525.17,233.681],"ix":2},"a":{"a":0,"k":[0,0],"ix":1},"s":{"a":0,"k":[100,100],"ix":3},"r":{"a":0,"k":0,"ix":6},"o":{"a":0,"k":100,"ix":7},"sk":{"a":0,"k":0,"ix":4},"sa":{"a":0,"k":0,"ix":5},"nm":"Transform"}],"nm":"Group 1","np":2,"cix":2,"bm":0,"ix":1,"mn":"ADBE Vector Group","hd":false},{"ty":"tr","p":{"a":0,"k":[553.182,639.663],"ix":2},"a":{"a":0,"k":[525.182,233.663],"ix":1},"s":{"a":0,"k":[100,100],"ix":3},"r":{"a":0,"k":0,"ix":6},"o":{"a":0,"k":100,"ix":7},"sk":{"a":0,"k":0,"ix":4},"sa":{"a":0,"k":0,"ix":5},"nm":"Transform"}],"nm":"Layer 884","np":1,"cix":2,"bm":0,"ix":1,"mn":"ADBE Vector Group","hd":false},{"ty":"gr","it":[{"ty":"gr","it":[{"ind":0,"ty":"sh","ix":1,"ks":{"a":0,"k":{"i":[[2.686,-19.735],[1.883,-9.284],[17.431,-8.262],[1.832,-0.184],[7.17,-0.561],[2.396,0.346],[1.629,0.818],[7.468,4.761],[4.027,3.979],[1.403,5.281],[0.018,0.242],[0.011,0.181],[-1.841,18.148],[-3.547,2.887],[-2.413,-1.529]],"o":[[-1.296,9.545],[-2.951,14.524],[-1.417,0.666],[-5.458,0.572],[-1.176,0.088],[-1.746,-0.494],[-7.943,-3.944],[-4.767,-3.046],[-3.881,-3.84],[-0.047,-0.243],[-0.021,-0.18],[-1.655,-19.625],[0.846,-8.408],[15.141,-12.308],[24.581,15.609]],"v":[[53.671,0.251],[45.628,21.688],[25.702,60.66],[20.801,61.883],[1.118,61.983],[-4.428,61.561],[-9.512,59.618],[-32.524,45.995],[-46.057,35.816],[-54.569,22.008],[-54.661,21.281],[-54.702,20.729],[-51.254,-27.436],[-34.361,-50.146],[26.485,-36.915]],"c":true},"ix":2},"nm":"Path 1","mn":"ADBE Vector Shape - Group","hd":false},{"ty":"fl","c":{"a":0,"k":[0.109999999404,0.11400000006,0.118000000715,1],"ix":4},"o":{"a":0,"k":100,"ix":5},"r":1,"bm":0,"nm":"Fill 1","mn":"ADBE Vector Graphic - Fill","hd":false},{"ty":"tr","p":{"a":0,"k":[532.247,191.977],"ix":2},"a":{"a":0,"k":[0,0],"ix":1},"s":{"a":0,"k":[100,100],"ix":3},"r":{"a":0,"k":0,"ix":6},"o":{"a":0,"k":100,"ix":7},"sk":{"a":0,"k":0,"ix":4},"sa":{"a":0,"k":0,"ix":5},"nm":"Transform"}],"nm":"Group 1","np":2,"cix":2,"bm":0,"ix":1,"mn":"ADBE Vector Group","hd":false},{"ty":"tr","p":{"a":0,"k":[559.82,602.185],"ix":2},"a":{"a":0,"k":[531.82,196.185],"ix":1},"s":{"a":0,"k":[100,100],"ix":3},"r":{"a":0,"k":0,"ix":6},"o":{"a":0,"k":100,"ix":7},"sk":{"a":0,"k":0,"ix":4},"sa":{"a":0,"k":0,"ix":5},"nm":"Transform"}],"nm":"Layer 885","np":1,"cix":2,"bm":0,"ix":2,"mn":"ADBE Vector Group","hd":false}],"ip":0,"op":180,"st":0,"bm":0},{"ddd":0,"ind":12,"ty":4,"nm":"thigh_1","parent":11,"sr":1,"ks":{"o":{"a":0,"k":100,"ix":11},"r":{"a":0,"k":0,"ix":10},"p":{"a":0,"k":[542.424,616.978,0],"ix":2},"a":{"a":0,"k":[514.424,210.978,0],"ix":1},"s":{"a":0,"k":[100,100,100],"ix":6}},"ao":0,"shapes":[{"ty":"gr","it":[{"ind":0,"ty":"sh","ix":1,"ks":{"a":0,"k":{"i":[[11.47,-12.258],[12.167,8.303],[0,0],[0.887,0.77],[0.308,0.283],[-11.469,12.258],[-11.38,-4.774],[-2.148,-1.676],[-0.009,-0.021],[-0.673,-0.631]],"o":[[-10.388,11.084],[0,0],[-0.943,-0.632],[-0.318,-0.263],[-12.258,-11.47],[8.928,-9.537],[2.418,1.008],[0.02,0.011],[0.717,0.551],[12.258,11.47]],"v":[[22.194,20.46],[-17.086,24.818],[-17.095,24.808],[-19.845,22.694],[-20.77,21.874],[-22.194,-21.09],[11.758,-28.346],[18.638,-24.319],[18.685,-24.277],[20.77,-22.504]],"c":true},"ix":2},"nm":"Path 1","mn":"ADBE Vector Shape - Group","hd":false},{"ty":"fl","c":{"a":0,"k":[0.109999997008,0.113999998803,0.118000000598,1],"ix":4},"o":{"a":0,"k":100,"ix":5},"r":1,"bm":0,"nm":"Fill 1","mn":"ADBE Vector Graphic - Fill","hd":false},{"ty":"tr","p":{"a":0,"k":[513.86,210.991],"ix":2},"a":{"a":0,"k":[0,0],"ix":1},"s":{"a":0,"k":[100,100],"ix":3},"r":{"a":0,"k":0,"ix":6},"o":{"a":0,"k":100,"ix":7},"sk":{"a":0,"k":0,"ix":4},"sa":{"a":0,"k":0,"ix":5},"nm":"Transform"}],"nm":"Group 1","np":2,"cix":2,"bm":0,"ix":1,"mn":"ADBE Vector Group","hd":false},{"ty":"gr","it":[{"ind":0,"ty":"sh","ix":1,"ks":{"a":0,"k":{"i":[[11.47,-12.258],[12.167,8.303],[0,0],[0.929,0.742],[6.681,6.51],[4.617,7.229],[-3.253,9.115],[-0.209,0.432],[-1.821,2.042],[-2.193,1.175],[-4.393,-3.207],[-8.106,-4.12],[-4.652,-2.357],[-4.513,-2.071],[-5.538,-2.895],[-2.188,-1.457],[-0.009,-0.021],[-0.673,-0.631]],"o":[[-10.388,11.084],[0,0],[-0.902,-0.66],[-12.439,-9.866],[-6.096,-5.934],[-4.242,-6.644],[0.159,-0.433],[1.218,-2.438],[1.675,-1.888],[5.177,-2.775],[7.215,5.271],[4.652,2.357],[4.426,2.246],[5.417,2.48],[2.378,1.237],[0.02,0.011],[0.717,0.551],[12.258,11.47]],"v":[[47.028,38.501],[7.748,42.859],[7.739,42.849],[4.989,40.735],[-28.811,9.039],[-45.175,-10.578],[-55.244,-36.755],[-54.697,-38.044],[-49.863,-44.638],[-42.481,-48.387],[-27.729,-45.365],[-7.53,-31.715],[6.413,-24.635],[19.777,-18.07],[36.591,-10.305],[43.471,-6.279],[43.519,-6.236],[45.604,-4.463]],"c":true},"ix":2},"nm":"Path 1","mn":"ADBE Vector Shape - Group","hd":false},{"ty":"fl","c":{"a":0,"k":[0.071000005685,0.075,0.078000005086,1],"ix":4},"o":{"a":0,"k":100,"ix":5},"r":1,"bm":0,"nm":"Fill 1","mn":"ADBE Vector Graphic - Fill","hd":false},{"ty":"tr","p":{"a":0,"k":[489.026,192.95],"ix":2},"a":{"a":0,"k":[0,0],"ix":1},"s":{"a":0,"k":[100,100],"ix":3},"r":{"a":0,"k":0,"ix":6},"o":{"a":0,"k":100,"ix":7},"sk":{"a":0,"k":0,"ix":4},"sa":{"a":0,"k":0,"ix":5},"nm":"Transform"}],"nm":"Group 2","np":2,"cix":2,"bm":0,"ix":2,"mn":"ADBE Vector Group","hd":false}],"ip":0,"op":180,"st":0,"bm":0},{"ddd":0,"ind":13,"ty":4,"nm":"calf_1","parent":12,"sr":1,"ks":{"o":{"a":0,"k":100,"ix":11},"r":{"a":0,"k":0,"ix":10},"p":{"a":0,"k":[451.19,161.393,0],"ix":2},"a":{"a":0,"k":[479.19,567.393,0],"ix":1},"s":{"a":0,"k":[100,100,100],"ix":6}},"ao":0,"shapes":[{"ty":"gr","it":[{"ty":"gr","it":[{"ind":0,"ty":"sh","ix":1,"ks":{"a":0,"k":{"i":[[7.047,-6.513],[6.513,7.047],[-7.048,6.513],[-6.513,-7.047]],"o":[[-7.048,6.513],[-6.513,-7.047],[7.047,-6.513],[6.512,7.047]],"v":[[11.794,12.76],[-12.759,11.793],[-11.793,-12.76],[12.76,-11.793]],"c":true},"ix":2},"nm":"Path 1","mn":"ADBE Vector Shape - Group","hd":false},{"ty":"fl","c":{"a":0,"k":[0.071000002325,0.07500000298,0.078000001609,1],"ix":4},"o":{"a":0,"k":100,"ix":5},"r":1,"bm":0,"nm":"Fill 1","mn":"ADBE Vector Graphic - Fill","hd":false},{"ty":"tr","p":{"a":0,"k":[450.887,161.208],"ix":2},"a":{"a":0,"k":[0,0],"ix":1},"s":{"a":0,"k":[100,100],"ix":3},"r":{"a":0,"k":0,"ix":6},"o":{"a":0,"k":100,"ix":7},"sk":{"a":0,"k":0,"ix":4},"sa":{"a":0,"k":0,"ix":5},"nm":"Transform"}],"nm":"Group 1","np":2,"cix":2,"bm":0,"ix":1,"mn":"ADBE Vector Group","hd":false},{"ty":"gr","it":[{"ind":0,"ty":"sh","ix":1,"ks":{"a":0,"k":{"i":[[0.71,0.946],[1.91,3.32],[5.307,6.177],[1.176,3.453],[-1.001,3.135],[-3.039,0.825],[-1.115,0.041],[-1.837,0.068],[-4.956,-2.66],[-4.355,-8.162],[-1.206,-4.332],[0.464,-4.382],[1.601,-2.267],[1.623,-1.058],[1.71,-0.44],[3.471,3.609]],"o":[[-2.275,-3.037],[-4.196,-7.289],[-2.22,-2.584],[-1.082,-3.177],[1.084,-3.404],[1.075,-0.291],[1.808,-0.067],[5.313,-0.197],[7.582,4.07],[2.116,3.964],[1.213,4.354],[-0.306,2.892],[-1.149,1.626],[-1.493,0.974],[-4.535,1.165],[-0.819,-0.853]],"v":[[-2.105,23.371],[-8.1,13.563],[-22.425,-6.724],[-28.989,-15.067],[-28.972,-25.062],[-22.4,-32.142],[-19.093,-32.517],[-13.625,-32.719],[1.365,-28.681],[19.668,-9.518],[28.858,8.871],[29.118,19.924],[24.231,27.677],[18.83,30.832],[12.956,31.751],[0.18,26.078]],"c":true},"ix":2},"nm":"Path 1","mn":"ADBE Vector Shape - Group","hd":false},{"ty":"fl","c":{"a":0,"k":[0.071000002325,0.07500000298,0.078000001609,1],"ix":4},"o":{"a":0,"k":100,"ix":5},"r":1,"bm":0,"nm":"Fill 1","mn":"ADBE Vector Graphic - Fill","hd":false},{"ty":"tr","p":{"a":0,"k":[437.849,146.736],"ix":2},"a":{"a":0,"k":[0,0],"ix":1},"s":{"a":0,"k":[100,100],"ix":3},"r":{"a":0,"k":0,"ix":6},"o":{"a":0,"k":100,"ix":7},"sk":{"a":0,"k":0,"ix":4},"sa":{"a":0,"k":0,"ix":5},"nm":"Transform"}],"nm":"Group 2","np":2,"cix":2,"bm":0,"ix":2,"mn":"ADBE Vector Group","hd":false},{"ty":"tr","p":{"a":0,"k":[478.174,567.615],"ix":2},"a":{"a":0,"k":[450.174,161.615],"ix":1},"s":{"a":0,"k":[100,100],"ix":3},"r":{"a":0,"k":0,"ix":6},"o":{"a":0,"k":100,"ix":7},"sk":{"a":0,"k":0,"ix":4},"sa":{"a":0,"k":0,"ix":5},"nm":"Transform"}],"nm":"Layer 887","np":2,"cix":2,"bm":0,"ix":1,"mn":"ADBE Vector Group","hd":false},{"ty":"gr","it":[{"ty":"gr","it":[{"ind":0,"ty":"sh","ix":1,"ks":{"a":0,"k":{"i":[[0.103,0.058],[0.61,0.585],[-0.125,1.095],[-1.317,1.794],[-2.138,0.301],[-1.788,-0.838],[-1.238,-0.974]],"o":[[-0.457,-0.256],[-3.035,-2.22],[0.262,-2.303],[1.43,-1.948],[1.937,-0.275],[1.382,0.648],[-1.548,3.669]],"v":[[1.789,11.787],[-5.226,6.014],[-8.737,-1.795],[-6.563,-8.264],[-0.845,-11.57],[4.857,-10.711],[8.862,-8.209]],"c":true},"ix":2},"nm":"Path 1","mn":"ADBE Vector Shape - Group","hd":false},{"ty":"fl","c":{"a":0,"k":[0.787999987602,0.549000024796,0.458999991417,1],"ix":4},"o":{"a":0,"k":100,"ix":5},"r":1,"bm":0,"nm":"Fill 1","mn":"ADBE Vector Graphic - Fill","hd":false},{"ty":"tr","p":{"a":0,"k":[409.87,123.727],"ix":2},"a":{"a":0,"k":[0,0],"ix":1},"s":{"a":0,"k":[100,100],"ix":3},"r":{"a":0,"k":0,"ix":6},"o":{"a":0,"k":100,"ix":7},"sk":{"a":0,"k":0,"ix":4},"sa":{"a":0,"k":0,"ix":5},"nm":"Transform"}],"nm":"Group 1","np":2,"cix":2,"bm":0,"ix":1,"mn":"ADBE Vector Group","hd":false},{"ty":"tr","p":{"a":0,"k":[437.925,529.786],"ix":2},"a":{"a":0,"k":[409.925,123.786],"ix":1},"s":{"a":0,"k":[100,100],"ix":3},"r":{"a":0,"k":0,"ix":6},"o":{"a":0,"k":100,"ix":7},"sk":{"a":0,"k":0,"ix":4},"sa":{"a":0,"k":0,"ix":5},"nm":"Transform"}],"nm":"Layer 888","np":1,"cix":2,"bm":0,"ix":2,"mn":"ADBE Vector Group","hd":false}],"ip":0,"op":180,"st":0,"bm":0},{"ddd":0,"ind":14,"ty":4,"nm":"foot_1","sr":1,"ks":{"o":{"a":0,"k":100,"ix":11},"r":{"a":0,"k":0,"ix":10},"p":{"a":0,"k":[435.413,546.92,0],"ix":2},"a":{"a":0,"k":[435.413,546.92,0],"ix":1},"s":{"a":0,"k":[100,100,100],"ix":6}},"ao":0,"shapes":[{"ty":"gr","it":[{"ty":"gr","it":[{"ind":0,"ty":"sh","ix":1,"ks":{"a":0,"k":{"i":[[0.027,-0.059],[0.331,0.174],[0.093,0.146],[0.518,1.18],[0.416,1.211],[-0.055,1.237],[-1.12,1.67],[-1.468,1.112],[-1.065,0.807],[0.533,0.167],[0.523,-0.15],[0.758,-0.522],[1.454,-4.643],[0.077,-1.002],[-0.188,-1.309],[-0.434,-1.355],[-0.526,-4.039],[-0.329,-3.378],[-0.839,-2.151],[-4.429,-1.526],[-1.497,-0.178],[-0.804,0.347],[-0.427,0.98],[-1.371,0.143],[-0.845,0.088],[-0.67,-0.355],[-0.2,-0.368],[-0.349,-0.326],[-0.109,-0.044],[-0.439,0.65],[0.236,0.863],[0.751,1.121],[0.694,0.74],[0.503,0.863],[-0.266,1.164],[-0.019,0.599],[0.475,0.419],[-0.571,0.755],[0.307,0.336],[0.155,0.136],[-0.22,0.511],[-0.097,0.634],[0.285,0.388],[0.227,0.241],[-0.105,0.315],[-0.068,0.113],[0.149,0.514],[0.196,0.459],[-0.207,0.735],[0.328,1.439],[0.767,0.329],[1.168,0.134],[2.938,-0.052],[0.424,-1.332],[-0.019,-0.521],[0.094,-0.395]],"o":[[-0.137,0.291],[-0.152,-0.081],[-0.697,-1.083],[-0.514,-1.173],[-0.403,-1.173],[0.089,-1.988],[1.039,-1.547],[1.065,-0.806],[-0.498,-0.253],[-0.513,-0.162],[-0.886,0.249],[-3.747,2.577],[-0.301,0.958],[-0.101,1.318],[0.203,1.408],[1.243,3.887],[0.437,3.366],[0.224,2.299],[1.7,4.367],[1.421,0.489],[0.838,0.099],[1.117,-0.484],[0.605,-1.386],[0.846,-0.087],[0.758,-0.079],[0.37,0.196],[0.227,0.419],[0.086,0.081],[0.692,0.278],[0.527,-0.78],[-0.358,-1.31],[-0.563,-0.842],[-0.674,-0.718],[-0.615,-1.057],[0.132,-0.585],[0.019,-0.646],[-0.613,-0.539],[0.274,-0.365],[-0.14,-0.152],[-0.557,-0.492],[0.251,-0.586],[0.073,-0.476],[-0.197,-0.267],[-0.227,-0.241],[0.041,-0.124],[0.281,-0.457],[-0.139,-0.48],[-0.3,-0.703],[0.357,-1.27],[-0.185,-0.814],[-1.08,-0.465],[-2.919,-0.338],[-1.142,0.021],[-0.16,0.503],[0.016,0.394],[-0.014,0.059]],"v":[[-5.763,-7.333],[-6.522,-6.965],[-6.871,-7.34],[-8.605,-10.788],[-10.051,-14.346],[-10.5,-18.187],[-8.784,-23.979],[-4.65,-27.838],[-1.456,-30.257],[-3.007,-30.889],[-4.424,-30.919],[-6.844,-29.618],[-17.479,-19.344],[-17.943,-16.373],[-17.944,-12.414],[-16.789,-8.312],[-14.419,3.833],[-13.27,13.951],[-12,20.738],[-1.734,29.683],[2.635,30.791],[5.283,30.722],[6.598,27.771],[9.438,26.194],[11.974,25.932],[13.951,26.174],[14.911,26.954],[15.439,28.268],[15.74,28.45],[17.605,28.002],[17.789,25.287],[16.021,21.684],[14.155,19.287],[12.189,17.081],[11.84,13.649],[12.198,11.89],[11.465,10.314],[11.339,8.888],[11.543,7.649],[11.031,7.303],[11.242,5.448],[11.853,3.546],[11.579,2.166],[10.87,1.472],[10.573,0.574],[10.763,0.231],[10.974,-1.317],[10.32,-2.663],[10.215,-5.105],[11.65,-8.854],[9.939,-10.551],[6.51,-11.321],[-2.289,-11.751],[-5.656,-10.257],[-5.781,-8.682],[-5.701,-7.512]],"c":true},"ix":2},"nm":"Path 1","mn":"ADBE Vector Shape - Group","hd":false},{"ty":"fl","c":{"a":0,"k":[0.07500000298,0.071000002325,0.067000001669,1],"ix":4},"o":{"a":0,"k":100,"ix":5},"r":1,"bm":0,"nm":"Fill 1","mn":"ADBE Vector Graphic - Fill","hd":false},{"ty":"tr","p":{"a":0,"k":[409.14,139.84],"ix":2},"a":{"a":0,"k":[0,0],"ix":1},"s":{"a":0,"k":[100,100],"ix":3},"r":{"a":0,"k":0,"ix":6},"o":{"a":0,"k":100,"ix":7},"sk":{"a":0,"k":0,"ix":4},"sa":{"a":0,"k":0,"ix":5},"nm":"Transform"}],"nm":"Group 1","np":2,"cix":2,"bm":0,"ix":1,"mn":"ADBE Vector Group","hd":false},{"ty":"tr","p":{"a":0,"k":[437.105,545.793],"ix":2},"a":{"a":0,"k":[409.105,139.793],"ix":1},"s":{"a":0,"k":[100,100],"ix":3},"r":{"a":0,"k":0,"ix":6},"o":{"a":0,"k":100,"ix":7},"sk":{"a":0,"k":0,"ix":4},"sa":{"a":0,"k":0,"ix":5},"nm":"Transform"}],"nm":"Layer 889","np":1,"cix":2,"bm":0,"ix":1,"mn":"ADBE Vector Group","hd":false},{"ty":"gr","it":[{"ty":"gr","it":[{"ind":0,"ty":"sh","ix":1,"ks":{"a":0,"k":{"i":[[-0.797,-0.373],[-0.381,-0.655],[-0.398,-1.363],[-0.642,-1.675],[-1.369,-2.475],[-0.567,-1.067],[-0.852,-1.187],[-0.016,0.133],[-0.086,-0.041],[0.371,-0.993],[0.844,-0.478],[0.95,-0.197],[5.29,0.804],[1.862,1.685],[0.896,2.437],[0.27,4.749],[1.395,4.401],[0.352,2.458],[-0.838,2.121],[-0.703,0.631],[-0.648,0.335],[-0.453,0.252],[-1.446,1.022],[-0.069,0.051],[0.18,-0.865],[0.372,-0.801],[-0.997,-4.094],[-2.714,-3.222],[-0.904,-0.506],[-1.438,1.803],[-0.409,0.352]],"o":[[0.758,-0.024],[0.709,1.218],[0.504,1.721],[1.01,2.634],[0.589,1.064],[0.688,1.289],[0.014,-0.134],[0.07,-0.064],[0.139,1.051],[-0.339,0.909],[-0.844,0.476],[-5.272,1.095],[-2.441,-0.371],[-1.94,-1.754],[-1.67,-4.539],[-0.263,-4.63],[-0.744,-2.345],[-0.327,-2.282],[0.347,-0.877],[0.543,-0.487],[0.461,-0.238],[1.546,-0.863],[0.07,-0.048],[0.641,0.608],[-0.179,0.865],[-1.774,3.821],[0.996,4.093],[0.668,0.792],[2.012,1.128],[0.337,-0.421],[0.667,-0.573]],"v":[[7.276,-2.208],[9.127,-1.081],[9.909,3.219],[11.698,8.293],[15.061,16.062],[16.978,19.067],[19.29,22.788],[19.336,22.388],[19.601,22.35],[19.503,25.496],[17.582,27.603],[14.838,28.533],[-1.127,28.433],[-7.764,25.656],[-12.005,19.08],[-13.537,5.439],[-17.159,-8.43],[-19.547,-15.489],[-18.509,-22.395],[-17.004,-24.765],[-15.149,-25.913],[-13.778,-26.649],[-9.285,-29.478],[-9.078,-29.628],[-8.442,-27.231],[-9.435,-24.783],[-10.428,-12.422],[-4.565,-1.353],[-2.275,0.722],[3.967,-0.499],[4.984,-1.753]],"c":true},"ix":2},"nm":"Path 1","mn":"ADBE Vector Shape - Group","hd":false},{"ty":"fl","c":{"a":0,"k":[0.40000000596,0.40000000596,0.40000000596,1],"ix":4},"o":{"a":0,"k":100,"ix":5},"r":1,"bm":0,"nm":"Fill 1","mn":"ADBE Vector Graphic - Fill","hd":false},{"ty":"tr","p":{"a":0,"k":[407.347,143.814],"ix":2},"a":{"a":0,"k":[0,0],"ix":1},"s":{"a":0,"k":[100,100],"ix":3},"r":{"a":0,"k":0,"ix":6},"o":{"a":0,"k":100,"ix":7},"sk":{"a":0,"k":0,"ix":4},"sa":{"a":0,"k":0,"ix":5},"nm":"Transform"}],"nm":"Group 1","np":2,"cix":2,"bm":0,"ix":1,"mn":"ADBE Vector Group","hd":false},{"ty":"tr","p":{"a":0,"k":[435.396,549.603],"ix":2},"a":{"a":0,"k":[407.396,143.603],"ix":1},"s":{"a":0,"k":[100,100],"ix":3},"r":{"a":0,"k":0,"ix":6},"o":{"a":0,"k":100,"ix":7},"sk":{"a":0,"k":0,"ix":4},"sa":{"a":0,"k":0,"ix":5},"nm":"Transform"}],"nm":"Layer 990","np":1,"cix":2,"bm":0,"ix":2,"mn":"ADBE Vector Group","hd":false},{"ty":"gr","it":[{"ty":"gr","it":[{"ind":0,"ty":"sh","ix":1,"ks":{"a":0,"k":{"i":[[-0.189,-0.566],[-0.065,-0.162],[-1.995,-1.341],[-0.745,-0.854],[0.248,-2.779],[-3.605,-5.177],[-0.064,-2.788],[0.2,-0.364],[0.342,-0.195],[3.683,1.017],[2.681,1.14],[1.434,2.536],[0.402,2.053],[0.266,1.865],[-0.255,1.202],[-0.126,1.402],[0.021,1.259],[0.207,1.453],[-0.073,2.447],[-0.573,2.38],[-0.84,1.324],[-4.78,-1.266],[-0.3,-0.183],[-0.179,-0.268],[0.643,-1.131],[0.234,-1.28],[-0.377,-1.361],[-0.403,-1.003]],"o":[[0.055,0.165],[0.884,2.236],[0.94,0.633],[2.092,2.395],[-0.561,6.283],[1.553,2.231],[0.009,0.416],[-0.19,0.345],[-3.319,1.893],[-2.809,-0.775],[-2.68,-1.142],[-1.065,-1.882],[-0.354,-1.799],[-0.176,-1.222],[0.291,-1.376],[0.112,-1.253],[-0.024,-1.468],[-0.339,-2.378],[0.074,-2.456],[0.367,-1.524],[2.579,-4.061],[0.339,0.09],[0.274,0.167],[-1.296,0.109],[-0.643,1.13],[-0.252,1.39],[0.289,1.041],[0.221,0.553]],"v":[[-0.574,-14.296],[-0.396,-13.805],[4.398,-8.567],[7.072,-6.484],[6.927,2.531],[12.662,20.161],[15.102,27.471],[14.9,28.687],[14.032,29.464],[2.898,29.06],[-5.464,26.544],[-12.108,21.107],[-13.65,15.273],[-14.935,9.888],[-14.181,6.107],[-13.555,1.935],[-13.419,-1.836],[-13.765,-6.224],[-14.829,-13.193],[-13.634,-20.45],[-12.043,-24.851],[0.168,-30.091],[1.145,-29.711],[1.835,-29.049],[-1.212,-26.862],[-2.345,-23.148],[-2.456,-18.951],[-1.136,-15.995]],"c":true},"ix":2},"nm":"Path 1","mn":"ADBE Vector Shape - Group","hd":false},{"ty":"fl","c":{"a":0,"k":[0.847000002861,0.60799998045,0.501999974251,1],"ix":4},"o":{"a":0,"k":100,"ix":5},"r":1,"bm":0,"nm":"Fill 1","mn":"ADBE Vector Graphic - Fill","hd":false},{"ty":"tr","p":{"a":0,"k":[410.325,139.578],"ix":2},"a":{"a":0,"k":[0,0],"ix":1},"s":{"a":0,"k":[100,100],"ix":3},"r":{"a":0,"k":0,"ix":6},"o":{"a":0,"k":100,"ix":7},"sk":{"a":0,"k":0,"ix":4},"sa":{"a":0,"k":0,"ix":5},"nm":"Transform"}],"nm":"Group 1","np":2,"cix":2,"bm":0,"ix":1,"mn":"ADBE Vector Group","hd":false},{"ty":"tr","p":{"a":0,"k":[438.395,545.583],"ix":2},"a":{"a":0,"k":[410.395,139.583],"ix":1},"s":{"a":0,"k":[100,100],"ix":3},"r":{"a":0,"k":0,"ix":6},"o":{"a":0,"k":100,"ix":7},"sk":{"a":0,"k":0,"ix":4},"sa":{"a":0,"k":0,"ix":5},"nm":"Transform"}],"nm":"Layer 991","np":1,"cix":2,"bm":0,"ix":3,"mn":"ADBE Vector Group","hd":false}],"ip":0,"op":180,"st":0,"bm":0},{"ddd":0,"ind":15,"ty":4,"nm":"hand_1","sr":1,"ks":{"o":{"a":0,"k":100,"ix":11},"r":{"a":0,"k":0,"ix":10},"p":{"a":0,"k":[794.661,741.836,0],"ix":2},"a":{"a":0,"k":[794.661,741.836,0],"ix":1},"s":{"a":0,"k":[100,100,100],"ix":6}},"ao":0,"shapes":[{"ty":"gr","it":[{"ty":"gr","it":[{"ind":0,"ty":"sh","ix":1,"ks":{"a":0,"k":{"i":[[0.147,-0.027],[2.071,-1.37],[0.366,-2.707],[-4.169,-2.744],[-2.628,-1.364],[-3.391,-1.076],[-1.161,-0.15],[-1.187,-0.103],[-4.061,-1.594],[-1.098,-0.139],[-0.242,0.137],[-0.11,0.195],[1.4,1.855],[2.125,0.94],[1.968,1.236],[0.85,1.816],[-1.887,0.798],[-0.63,-0.03],[-4.635,-2.509],[-1.533,-0.808],[-1.985,-0.09],[-0.971,0.577],[-0.035,1.128],[1.743,0.568],[0.549,1.026],[0.144,0.3],[1.165,0.338],[3.43,1.939],[2.881,2.046],[2.445,0.621],[1.858,0.036],[4.216,0.08],[3.769,-0.765]],"o":[[-2.374,0.436],[-2.334,1.543],[-0.718,5.3],[2.499,1.644],[3.157,1.641],[1.115,0.354],[1.183,0.153],[4.347,0.372],[1.03,0.405],[0.276,0.035],[0.193,-0.11],[1.138,-2.025],[-1.401,-1.854],[-2.125,-0.941],[-1.697,-1.065],[-1.001,-2.139],[0.471,-0.2],[5.257,0.246],[3.736,2.022],[1.738,0.917],[1.128,0.052],[0.969,-0.577],[0.056,-1.832],[-1.107,-0.361],[-0.157,-0.294],[-0.525,-1.093],[-3.761,-1.093],[-3.091,-1.748],[-2.046,-1.453],[-1.801,-0.458],[-4.215,-0.079],[-3.84,-0.072],[-0.145,0.029]],"v":[[-27.528,-17.326],[-34.488,-15.379],[-38.368,-8.535],[-31.162,4.061],[-23.195,8.004],[-13.347,12.087],[-9.94,12.915],[-6.372,13.14],[6.012,17.204],[9.193,18.124],[10.009,18.038],[10.443,17.54],[9.635,11.004],[4.005,7.022],[-2.313,4.09],[-6.184,-0.191],[-3.632,-3.808],[-1.987,-4.298],[12.25,-0.189],[28.427,7.329],[34.019,9.077],[37.285,8.379],[39.031,5.645],[35.617,1.827],[32.644,0.186],[32.268,-0.739],[29.286,-2.618],[18.264,-6.739],[8.99,-13.163],[3.112,-16.645],[-2.423,-17.176],[-15.071,-17.413],[-27.089,-17.41]],"c":true},"ix":2},"nm":"Path 1","mn":"ADBE Vector Shape - Group","hd":false},{"ty":"fl","c":{"a":0,"k":[0.787999987602,0.549000024796,0.458999991417,1],"ix":4},"o":{"a":0,"k":100,"ix":5},"r":1,"bm":0,"nm":"Fill 1","mn":"ADBE Vector Graphic - Fill","hd":false},{"ty":"tr","p":{"a":0,"k":[766.374,335.645],"ix":2},"a":{"a":0,"k":[0,0],"ix":1},"s":{"a":0,"k":[100,100],"ix":3},"r":{"a":0,"k":0,"ix":6},"o":{"a":0,"k":100,"ix":7},"sk":{"a":0,"k":0,"ix":4},"sa":{"a":0,"k":0,"ix":5},"nm":"Transform"}],"nm":"Group 1","np":2,"cix":2,"bm":0,"ix":1,"mn":"ADBE Vector Group","hd":false},{"ty":"tr","p":{"a":0,"k":[794.661,741.836],"ix":2},"a":{"a":0,"k":[766.661,335.836],"ix":1},"s":{"a":0,"k":[100,100],"ix":3},"r":{"a":0,"k":0,"ix":6},"o":{"a":0,"k":100,"ix":7},"sk":{"a":0,"k":0,"ix":4},"sa":{"a":0,"k":0,"ix":5},"nm":"Transform"}],"nm":"Layer 992","np":1,"cix":2,"bm":0,"ix":1,"mn":"ADBE Vector Group","hd":false},{"ty":"gr","it":[{"ty":"gr","it":[{"ind":0,"ty":"sh","ix":1,"ks":{"a":0,"k":{"i":[[-1.617,1.272],[-0.055,0.609],[2.107,1.727],[3.154,1.766],[2.859,-5.989],[3.845,-3.869],[-0.729,-0.213],[-4.019,-0.05],[-2.001,-1.289],[-4.237,-0.636],[-0.995,-0.494]],"o":[[0.364,-0.287],[0.29,-3.15],[-2.796,-2.29],[-4.446,-2.491],[-2.866,6],[0.582,-0.587],[3.849,1.126],[2.314,0.029],[2.367,1.524],[1.083,0.249],[1.466,0.729]],"v":[[22.415,12.367],[23.074,11.043],[17.276,3.118],[8.289,-2.999],[-18.774,-7.65],[-23.364,2.491],[-18.832,3.235],[-6.337,3.837],[-0.055,5.146],[12.224,10.026],[15.249,11.399]],"c":true},"ix":2},"nm":"Path 1","mn":"ADBE Vector Shape - Group","hd":false},{"ty":"fl","c":{"a":0,"k":[0.749000012875,0.505999982357,0.426999986172,1],"ix":4},"o":{"a":0,"k":100,"ix":5},"r":1,"bm":0,"nm":"Fill 1","mn":"ADBE Vector Graphic - Fill","hd":false},{"ty":"tr","p":{"a":0,"k":[777.528,333.995],"ix":2},"a":{"a":0,"k":[0,0],"ix":1},"s":{"a":0,"k":[100,100],"ix":3},"r":{"a":0,"k":0,"ix":6},"o":{"a":0,"k":100,"ix":7},"sk":{"a":0,"k":0,"ix":4},"sa":{"a":0,"k":0,"ix":5},"nm":"Transform"}],"nm":"Group 1","np":2,"cix":2,"bm":0,"ix":1,"mn":"ADBE Vector Group","hd":false},{"ty":"tr","p":{"a":0,"k":[805.391,741.523],"ix":2},"a":{"a":0,"k":[777.391,335.523],"ix":1},"s":{"a":0,"k":[100,100],"ix":3},"r":{"a":0,"k":0,"ix":6},"o":{"a":0,"k":100,"ix":7},"sk":{"a":0,"k":0,"ix":4},"sa":{"a":0,"k":0,"ix":5},"nm":"Transform"}],"nm":"Layer 993","np":1,"cix":2,"bm":0,"ix":2,"mn":"ADBE Vector Group","hd":false}],"ip":0,"op":180,"st":0,"bm":0},{"ddd":0,"ind":16,"ty":4,"nm":"forearm_1","parent":17,"sr":1,"ks":{"o":{"a":0,"k":100,"ix":11},"r":{"a":1,"k":[{"i":{"x":[0.677],"y":[0.592]},"o":{"x":[0.422],"y":[0]},"t":9,"s":[-12]},{"i":{"x":[0.482],"y":[1]},"o":{"x":[0.215],"y":[0.619]},"t":39,"s":[40.672]},{"i":{"x":[0.719],"y":[-0.023]},"o":{"x":[0.391],"y":[0.046]},"t":90,"s":[80]},{"i":{"x":[0.712],"y":[0.587]},"o":{"x":[0.384],"y":[0.312]},"t":104,"s":[75.727]},{"i":{"x":[0.709],"y":[0.63]},"o":{"x":[0.387],"y":[0.27]},"t":113,"s":[63.404]},{"i":{"x":[0.567],"y":[1]},"o":{"x":[0.337],"y":[0.457]},"t":121,"s":[40.922]},{"t":141,"s":[-12]}],"ix":10},"p":{"a":0,"k":[729.432,686.775,0],"ix":2},"a":{"a":0,"k":[754.67,228.089,0],"ix":1},"s":{"a":0,"k":[100,100,100],"ix":6}},"ao":0,"shapes":[{"ty":"gr","it":[{"ind":0,"ty":"sh","ix":1,"ks":{"a":0,"k":{"i":[[8.469,-7.049],[6.751,8.634],[-8.458,7.045],[-6.759,-8.604]],"o":[[-8.487,7.062],[-6.737,-8.617],[8.441,-7.031],[6.776,8.62]],"v":[[11.768,14.996],[-15.085,12.491],[-11.779,-15.027],[15.045,-12.587]],"c":true},"ix":2},"nm":"Path 1","mn":"ADBE Vector Shape - Group","hd":false},{"ty":"fl","c":{"a":0,"k":[0.788000009574,0.54900004069,0.458999992819,1],"ix":4},"o":{"a":0,"k":100,"ix":5},"r":1,"bm":0,"nm":"Fill 1","mn":"ADBE Vector Graphic - Fill","hd":false},{"ty":"tr","p":{"a":0,"k":[754.97,227.691],"ix":2},"a":{"a":0,"k":[0,0],"ix":1},"s":{"a":0,"k":[100,100],"ix":3},"r":{"a":0,"k":0,"ix":6},"o":{"a":0,"k":100,"ix":7},"sk":{"a":0,"k":0,"ix":4},"sa":{"a":0,"k":0,"ix":5},"nm":"Transform"}],"nm":"Group 1","np":2,"cix":2,"bm":0,"ix":1,"mn":"ADBE Vector Group","hd":false},{"ty":"gr","it":[{"ind":0,"ty":"sh","ix":1,"ks":{"a":0,"k":{"i":[[2.897,-17.197],[4.053,-12.483],[3.267,-7.545],[4.336,-0.247],[2.159,2.766],[-0.173,3.608],[-0.527,6.049],[0.13,10.485],[-5.34,20.292],[-3.16,2.653],[-4.634,-11.569]],"o":[[-1.264,7.496],[-2.412,7.427],[-2.281,5.27],[-4.535,0.259],[-1.82,-2.329],[0.246,-5.137],[0.833,-9.561],[-0.255,-20.737],[1.128,-4.284],[8.698,-7.299],[5.202,12.987]],"v":[[17.931,-19.232],[5.279,26.034],[-3.738,57.82],[-12.49,66.291],[-21.977,62.626],[-24.121,54.044],[-22.702,42.273],[-21.228,12.691],[-15.815,-49.587],[-8.782,-59.25],[19.092,-54.308]],"c":true},"ix":2},"nm":"Path 1","mn":"ADBE Vector Shape - Group","hd":false},{"ty":"fl","c":{"a":0,"k":[0.788000009574,0.54900004069,0.458999992819,1],"ix":4},"o":{"a":0,"k":100,"ix":5},"r":1,"bm":0,"nm":"Fill 1","mn":"ADBE Vector Graphic - Fill","hd":false},{"ty":"tr","p":{"a":0,"k":[752.254,272.897],"ix":2},"a":{"a":0,"k":[0,0],"ix":1},"s":{"a":0,"k":[100,100],"ix":3},"r":{"a":0,"k":0,"ix":6},"o":{"a":0,"k":100,"ix":7},"sk":{"a":0,"k":0,"ix":4},"sa":{"a":0,"k":0,"ix":5},"nm":"Transform"}],"nm":"Group 2","np":2,"cix":2,"bm":0,"ix":2,"mn":"ADBE Vector Group","hd":false}],"ip":0,"op":180,"st":0,"bm":0},{"ddd":0,"ind":17,"ty":4,"nm":"arm_1","parent":6,"sr":1,"ks":{"o":{"a":0,"k":100,"ix":11},"r":{"a":1,"k":[{"i":{"x":[0.677],"y":[0.539]},"o":{"x":[0.422],"y":[0]},"t":9,"s":[16]},{"i":{"x":[0.482],"y":[1]},"o":{"x":[0.215],"y":[0.537]},"t":39,"s":[-31.125]},{"i":{"x":[0.667],"y":[1]},"o":{"x":[0.641],"y":[-0.013]},"t":90,"s":[-77]},{"t":141,"s":[16]}],"ix":10},"p":{"a":1,"k":[{"i":{"x":0.386,"y":1},"o":{"x":0.333,"y":0},"t":9,"s":[724.947,669.045,0],"to":[2.083,-6.25,0],"ti":[0,0,0]},{"i":{"x":0.667,"y":1},"o":{"x":0.641,"y":0},"t":90,"s":[737.447,631.545,0],"to":[0,0,0],"ti":[2.083,-6.25,0]},{"t":141,"s":[724.947,669.045,0]}],"ix":2},"a":{"a":0,"k":[721.113,636.188,0],"ix":1},"s":{"a":0,"k":[100,100,100],"ix":6}},"ao":0,"shapes":[{"ty":"gr","it":[{"ind":0,"ty":"sh","ix":1,"ks":{"a":0,"k":{"i":[[17.274,-0.844],[4,1.734],[-2.301,16.016],[-13.68,-1.027],[-6.049,-25.523],[0.718,-2.361]],"o":[[-4.351,0.212],[-21.651,-9.382],[4.127,-28.736],[9.149,0.687],[1.356,5.727],[-0.893,2.935]],"v":[[9.633,50.718],[-3.847,50.169],[-26.186,-18.466],[0.117,-50.876],[25.929,-20.367],[27.769,4.704]],"c":true},"ix":2},"nm":"Path 1","mn":"ADBE Vector Shape - Group","hd":false},{"ty":"fl","c":{"a":0,"k":[0.788000009574,0.54900004069,0.458999992819,1],"ix":4},"o":{"a":0,"k":100,"ix":5},"r":1,"bm":0,"nm":"Fill 1","mn":"ADBE Vector Graphic - Fill","hd":false},{"ty":"tr","p":{"a":0,"k":[726.54,654.099],"ix":2},"a":{"a":0,"k":[0,0],"ix":1},"s":{"a":0,"k":[100,100],"ix":3},"r":{"a":0,"k":0,"ix":6},"o":{"a":0,"k":100,"ix":7},"sk":{"a":0,"k":0,"ix":4},"sa":{"a":0,"k":0,"ix":5},"nm":"Transform"}],"nm":"Group 1","np":2,"cix":2,"bm":0,"ix":1,"mn":"ADBE Vector Group","hd":false}],"ip":0,"op":180,"st":0,"bm":0},{"ddd":0,"ind":18,"ty":4,"nm":"bench","sr":1,"ks":{"o":{"a":0,"k":100,"ix":11},"r":{"a":0,"k":0,"ix":10},"p":{"a":0,"k":[393.487,645.427,0],"ix":2},"a":{"a":0,"k":[365.487,239.427,0],"ix":1},"s":{"a":0,"k":[100,100,100],"ix":6}},"ao":0,"shapes":[{"ty":"gr","it":[{"ind":0,"ty":"sh","ix":1,"ks":{"a":0,"k":{"i":[[0,0],[0,0],[0,0],[0,0]],"o":[[0,0],[0,0],[0,0],[0,0]],"v":[[80.689,9.868],[-80.689,9.868],[-80.689,-9.868],[80.689,-9.868]],"c":true},"ix":2},"nm":"Path 1","mn":"ADBE Vector Shape - Group","hd":false},{"ty":"fl","c":{"a":0,"k":[0.783999992819,0.791999966491,0.8,1],"ix":4},"o":{"a":0,"k":100,"ix":5},"r":1,"bm":0,"nm":"Fill 1","mn":"ADBE Vector Graphic - Fill","hd":false},{"ty":"tr","p":{"a":0,"k":[247.27,211.628],"ix":2},"a":{"a":0,"k":[0,0],"ix":1},"s":{"a":0,"k":[100,100],"ix":3},"r":{"a":0,"k":0,"ix":6},"o":{"a":0,"k":100,"ix":7},"sk":{"a":0,"k":0,"ix":4},"sa":{"a":0,"k":0,"ix":5},"nm":"Transform"}],"nm":"Group 1","np":2,"cix":2,"bm":0,"ix":1,"mn":"ADBE Vector Group","hd":false},{"ty":"gr","it":[{"ind":0,"ty":"sh","ix":1,"ks":{"a":0,"k":{"i":[[0,0],[0,0],[0,0],[0,0]],"o":[[0,0],[0,0],[0,0],[0,0]],"v":[[118.218,-24.363],[-118.218,37.555],[-118.218,17.819],[118.218,-37.555]],"c":true},"ix":2},"nm":"Path 1","mn":"ADBE Vector Shape - Group","hd":false},{"ty":"fl","c":{"a":0,"k":[0.698000021542,0.709999952129,0.717999985639,1],"ix":4},"o":{"a":0,"k":100,"ix":5},"r":1,"bm":0,"nm":"Fill 1","mn":"ADBE Vector Graphic - Fill","hd":false},{"ty":"tr","p":{"a":0,"k":[446.176,183.941],"ix":2},"a":{"a":0,"k":[0,0],"ix":1},"s":{"a":0,"k":[100,100],"ix":3},"r":{"a":0,"k":0,"ix":6},"o":{"a":0,"k":100,"ix":7},"sk":{"a":0,"k":0,"ix":4},"sa":{"a":0,"k":0,"ix":5},"nm":"Transform"}],"nm":"Group 2","np":2,"cix":2,"bm":0,"ix":2,"mn":"ADBE Vector Group","hd":false},{"ty":"gr","it":[{"ind":0,"ty":"sh","ix":1,"ks":{"a":0,"k":{"i":[[0,0],[0,0],[0,0],[0,0],[0,0]],"o":[[0,0],[0,0],[0,0],[0,0],[0,0]],"v":[[-35.939,34.01],[-198.907,34.01],[-198.907,24.765],[91.335,-34.01],[198.908,-30.609]],"c":true},"ix":2},"nm":"Path 1","mn":"ADBE Vector Shape - Group","hd":false},{"ty":"fl","c":{"a":0,"k":[0.866999966491,0.866999966491,0.866999966491,1],"ix":4},"o":{"a":0,"k":100,"ix":5},"r":1,"bm":0,"nm":"Fill 1","mn":"ADBE Vector Graphic - Fill","hd":false},{"ty":"tr","p":{"a":0,"k":[365.487,176.995],"ix":2},"a":{"a":0,"k":[0,0],"ix":1},"s":{"a":0,"k":[100,100],"ix":3},"r":{"a":0,"k":0,"ix":6},"o":{"a":0,"k":100,"ix":7},"sk":{"a":0,"k":0,"ix":4},"sa":{"a":0,"k":0,"ix":5},"nm":"Transform"}],"nm":"Group 3","np":2,"cix":2,"bm":0,"ix":3,"mn":"ADBE Vector Group","hd":false},{"ty":"gr","it":[{"ind":0,"ty":"sh","ix":1,"ks":{"a":0,"k":{"i":[[0,0],[0,0],[0,0],[0,0]],"o":[[0,0],[0,0],[0,0],[0,0]],"v":[[1.911,45.046],[-1.912,48.832],[-1.912,-48.832],[1.911,-48.832]],"c":true},"ix":2},"nm":"Path 1","mn":"ADBE Vector Shape - Group","hd":false},{"ty":"fl","c":{"a":0,"k":[0.698000021542,0.709999952129,0.717999985639,1],"ix":4},"o":{"a":0,"k":100,"ix":5},"r":1,"bm":0,"nm":"Fill 1","mn":"ADBE Vector Graphic - Fill","hd":false},{"ty":"tr","p":{"a":0,"k":[544.154,213.838],"ix":2},"a":{"a":0,"k":[0,0],"ix":1},"s":{"a":0,"k":[100,100],"ix":3},"r":{"a":0,"k":0,"ix":6},"o":{"a":0,"k":100,"ix":7},"sk":{"a":0,"k":0,"ix":4},"sa":{"a":0,"k":0,"ix":5},"nm":"Transform"}],"nm":"Group 4","np":2,"cix":2,"bm":0,"ix":4,"mn":"ADBE Vector Group","hd":false},{"ty":"gr","it":[{"ind":0,"ty":"sh","ix":1,"ks":{"a":0,"k":{"i":[[0,0],[0,0],[0,0],[0,0]],"o":[[0,0],[0,0],[0,0],[0,0]],"v":[[2.818,48.832],[-2.818,48.832],[-2.818,-48.832],[2.818,-48.832]],"c":true},"ix":2},"nm":"Path 1","mn":"ADBE Vector Shape - Group","hd":false},{"ty":"fl","c":{"a":0,"k":[0.783999992819,0.791999966491,0.8,1],"ix":4},"o":{"a":0,"k":100,"ix":5},"r":1,"bm":0,"nm":"Fill 1","mn":"ADBE Vector Graphic - Fill","hd":false},{"ty":"tr","p":{"a":0,"k":[539.424,213.838],"ix":2},"a":{"a":0,"k":[0,0],"ix":1},"s":{"a":0,"k":[100,100],"ix":3},"r":{"a":0,"k":0,"ix":6},"o":{"a":0,"k":100,"ix":7},"sk":{"a":0,"k":0,"ix":4},"sa":{"a":0,"k":0,"ix":5},"nm":"Transform"}],"nm":"Group 5","np":2,"cix":2,"bm":0,"ix":5,"mn":"ADBE Vector Group","hd":false},{"ty":"gr","it":[{"ind":0,"ty":"sh","ix":1,"ks":{"a":0,"k":{"i":[[0,0],[0,0],[0,0],[0,0]],"o":[[0,0],[0,0],[0,0],[0,0]],"v":[[1.911,46.511],[-1.912,50.42],[-1.912,-50.42],[1.911,-50.42]],"c":true},"ix":2},"nm":"Path 1","mn":"ADBE Vector Shape - Group","hd":false},{"ty":"fl","c":{"a":0,"k":[0.698000021542,0.709999952129,0.717999985639,1],"ix":4},"o":{"a":0,"k":100,"ix":5},"r":1,"bm":0,"nm":"Fill 1","mn":"ADBE Vector Graphic - Fill","hd":false},{"ty":"tr","p":{"a":0,"k":[468.032,215.426],"ix":2},"a":{"a":0,"k":[0,0],"ix":1},"s":{"a":0,"k":[100,100],"ix":3},"r":{"a":0,"k":0,"ix":6},"o":{"a":0,"k":100,"ix":7},"sk":{"a":0,"k":0,"ix":4},"sa":{"a":0,"k":0,"ix":5},"nm":"Transform"}],"nm":"Group 6","np":2,"cix":2,"bm":0,"ix":6,"mn":"ADBE Vector Group","hd":false},{"ty":"gr","it":[{"ind":0,"ty":"sh","ix":1,"ks":{"a":0,"k":{"i":[[0,0],[0,0],[0,0],[0,0]],"o":[[0,0],[0,0],[0,0],[0,0]],"v":[[2.817,50.42],[-2.817,50.42],[-2.817,-50.42],[2.817,-50.42]],"c":true},"ix":2},"nm":"Path 1","mn":"ADBE Vector Shape - Group","hd":false},{"ty":"fl","c":{"a":0,"k":[0.783999992819,0.791999966491,0.8,1],"ix":4},"o":{"a":0,"k":100,"ix":5},"r":1,"bm":0,"nm":"Fill 1","mn":"ADBE Vector Graphic - Fill","hd":false},{"ty":"tr","p":{"a":0,"k":[463.303,215.426],"ix":2},"a":{"a":0,"k":[0,0],"ix":1},"s":{"a":0,"k":[100,100],"ix":3},"r":{"a":0,"k":0,"ix":6},"o":{"a":0,"k":100,"ix":7},"sk":{"a":0,"k":0,"ix":4},"sa":{"a":0,"k":0,"ix":5},"nm":"Transform"}],"nm":"Group 7","np":2,"cix":2,"bm":0,"ix":7,"mn":"ADBE Vector Group","hd":false},{"ty":"gr","it":[{"ind":0,"ty":"sh","ix":1,"ks":{"a":0,"k":{"i":[[0,0],[0,0],[0,0],[0,0]],"o":[[0,0],[0,0],[0,0],[0,0]],"v":[[2.779,57.592],[-2.779,62.432],[-2.779,-62.432],[2.779,-62.432]],"c":true},"ix":2},"nm":"Path 1","mn":"ADBE Vector Shape - Group","hd":false},{"ty":"fl","c":{"a":0,"k":[0.698000021542,0.709999952129,0.717999985639,1],"ix":4},"o":{"a":0,"k":100,"ix":5},"r":1,"bm":0,"nm":"Fill 1","mn":"ADBE Vector Graphic - Fill","hd":false},{"ty":"tr","p":{"a":0,"k":[305.628,273.438],"ix":2},"a":{"a":0,"k":[0,0],"ix":1},"s":{"a":0,"k":[100,100],"ix":3},"r":{"a":0,"k":0,"ix":6},"o":{"a":0,"k":100,"ix":7},"sk":{"a":0,"k":0,"ix":4},"sa":{"a":0,"k":0,"ix":5},"nm":"Transform"}],"nm":"Group 8","np":2,"cix":2,"bm":0,"ix":8,"mn":"ADBE Vector Group","hd":false},{"ty":"gr","it":[{"ind":0,"ty":"sh","ix":1,"ks":{"a":0,"k":{"i":[[0,0],[0,0],[0,0],[0,0]],"o":[[0,0],[0,0],[0,0],[0,0]],"v":[[4.094,62.432],[-4.094,62.432],[-4.094,-62.432],[4.094,-62.432]],"c":true},"ix":2},"nm":"Path 1","mn":"ADBE Vector Shape - Group","hd":false},{"ty":"fl","c":{"a":0,"k":[0.783999992819,0.791999966491,0.8,1],"ix":4},"o":{"a":0,"k":100,"ix":5},"r":1,"bm":0,"nm":"Fill 1","mn":"ADBE Vector Graphic - Fill","hd":false},{"ty":"tr","p":{"a":0,"k":[298.756,273.438],"ix":2},"a":{"a":0,"k":[0,0],"ix":1},"s":{"a":0,"k":[100,100],"ix":3},"r":{"a":0,"k":0,"ix":6},"o":{"a":0,"k":100,"ix":7},"sk":{"a":0,"k":0,"ix":4},"sa":{"a":0,"k":0,"ix":5},"nm":"Transform"}],"nm":"Group 9","np":2,"cix":2,"bm":0,"ix":9,"mn":"ADBE Vector Group","hd":false},{"ty":"gr","it":[{"ind":0,"ty":"sh","ix":1,"ks":{"a":0,"k":{"i":[[0,0],[0,0],[0,0],[0,0]],"o":[[0,0],[0,0],[0,0],[0,0]],"v":[[2.779,57.592],[-2.779,62.432],[-2.779,-62.432],[2.779,-62.432]],"c":true},"ix":2},"nm":"Path 1","mn":"ADBE Vector Shape - Group","hd":false},{"ty":"fl","c":{"a":0,"k":[0.698000021542,0.709999952129,0.717999985639,1],"ix":4},"o":{"a":0,"k":100,"ix":5},"r":1,"bm":0,"nm":"Fill 1","mn":"ADBE Vector Graphic - Fill","hd":false},{"ty":"tr","p":{"a":0,"k":[201.232,273.438],"ix":2},"a":{"a":0,"k":[0,0],"ix":1},"s":{"a":0,"k":[100,100],"ix":3},"r":{"a":0,"k":0,"ix":6},"o":{"a":0,"k":100,"ix":7},"sk":{"a":0,"k":0,"ix":4},"sa":{"a":0,"k":0,"ix":5},"nm":"Transform"}],"nm":"Group 10","np":2,"cix":2,"bm":0,"ix":10,"mn":"ADBE Vector Group","hd":false},{"ty":"gr","it":[{"ind":0,"ty":"sh","ix":1,"ks":{"a":0,"k":{"i":[[0,0],[0,0],[0,0],[0,0]],"o":[[0,0],[0,0],[0,0],[0,0]],"v":[[4.094,62.432],[-4.094,62.432],[-4.094,-62.432],[4.094,-62.432]],"c":true},"ix":2},"nm":"Path 1","mn":"ADBE Vector Shape - Group","hd":false},{"ty":"fl","c":{"a":0,"k":[0.783999992819,0.791999966491,0.8,1],"ix":4},"o":{"a":0,"k":100,"ix":5},"r":1,"bm":0,"nm":"Fill 1","mn":"ADBE Vector Graphic - Fill","hd":false},{"ty":"tr","p":{"a":0,"k":[194.36,273.438],"ix":2},"a":{"a":0,"k":[0,0],"ix":1},"s":{"a":0,"k":[100,100],"ix":3},"r":{"a":0,"k":0,"ix":6},"o":{"a":0,"k":100,"ix":7},"sk":{"a":0,"k":0,"ix":4},"sa":{"a":0,"k":0,"ix":5},"nm":"Transform"}],"nm":"Group 11","np":2,"cix":2,"bm":0,"ix":11,"mn":"ADBE Vector Group","hd":false}],"ip":0,"op":180,"st":0,"bm":0}],"markers":[]}