{"v":"5.6.6","fr":60,"ip":0,"op":240,"w":1200,"h":1100,"nm":"Plank","ddd":0,"assets":[],"layers":[{"ddd":0,"ind":1,"ty":4,"nm":"hand","sr":1,"ks":{"o":{"a":0,"k":100,"ix":11},"r":{"a":0,"k":0,"ix":10},"p":{"a":0,"k":[228.423,678.218,0],"ix":2},"a":{"a":0,"k":[193.795,636.998,0],"ix":1},"s":{"a":0,"k":[106,106,100],"ix":6}},"ao":0,"shapes":[{"ty":"gr","it":[{"ind":0,"ty":"sh","ix":1,"ks":{"a":0,"k":{"i":[[1.068,-6.918],[6.918,1.069],[7.884,1.685],[-0.126,0.992],[-1.494,1.328],[-1.446,2.812],[-2.434,2.66],[-4.707,-2.617],[-2.723,-2.364]],"o":[[-0.61,3.953],[-7.352,-1.135],[-5.28,-1.129],[-2.094,-0.72],[2.322,-2.065],[1.649,-3.206],[2.435,-2.66],[4.707,2.616],[2.723,2.364]],"v":[[24.025,6.399],[15.581,15.214],[-19.813,11.072],[-21.059,3.483],[-21.132,-2.599],[-22.344,-7.846],[-20.441,-13.622],[-3.335,-13.003],[14.587,-5.713]],"c":true},"ix":2},"nm":"Path 1","mn":"ADBE Vector Shape - Group","hd":false},{"ty":"fl","c":{"a":0,"k":[0.957000014361,0.819999964097,0.757000014361,1],"ix":4},"o":{"a":0,"k":100,"ix":5},"r":1,"bm":0,"nm":"Fill 1","mn":"ADBE Vector Graphic - Fill","hd":false},{"ty":"tr","p":{"a":0,"k":[193.039,636.988],"ix":2},"a":{"a":0,"k":[0,0],"ix":1},"s":{"a":0,"k":[100,100],"ix":3},"r":{"a":0,"k":0,"ix":6},"o":{"a":0,"k":100,"ix":7},"sk":{"a":0,"k":0,"ix":4},"sa":{"a":0,"k":0,"ix":5},"nm":"Transform"}],"nm":"Group 1","np":2,"cix":2,"bm":0,"ix":1,"mn":"ADBE Vector Group","hd":false}],"ip":0,"op":240,"st":0,"bm":0},{"ddd":0,"ind":2,"ty":4,"nm":"hair","sr":1,"ks":{"o":{"a":0,"k":100,"ix":11},"r":{"a":0,"k":0,"ix":10},"p":{"a":0,"k":[221.775,508.543,0],"ix":2},"a":{"a":0,"k":[187.524,476.927,0],"ix":1},"s":{"a":0,"k":[106,106,100],"ix":6}},"ao":0,"shapes":[{"ty":"gr","it":[{"ind":0,"ty":"sh","ix":1,"ks":{"a":0,"k":{"i":[[1.222,-2.444],[5.305,2.815],[2.542,10.169],[-6.109,6.11],[0,0],[0,0],[-4.888,1.222],[-12.22,-2.444],[-10.997,-17.107],[0,-2.444],[14.663,8.553],[5.411,0],[-2.444,-6.109],[0,-3.666],[10.46,-4.183],[4.646,-1.995]],"o":[[-2.114,4.228],[-3.109,-1.65],[-4.888,-19.551],[1.222,-1.222],[0,0],[0,0],[4.888,-1.222],[12.219,2.444],[10.997,17.106],[0,2.444],[-4.596,-2.681],[-14.764,0],[2.443,6.11],[0,3.665],[-6.109,2.444],[-3.005,1.291]],"v":[[-31.77,34.028],[-34.214,40.137],[-45.211,21.809],[-35.436,-24.624],[-35.436,-29.512],[-25.661,-35.621],[-18.329,-36.842],[3.666,-40.509],[39.102,-22.179],[47.654,2.259],[35.436,5.925],[17.106,-2.629],[0,10.811],[6.109,24.254],[-8.554,25.475],[-25.661,29.141]],"c":true},"ix":2},"nm":"Path 1","mn":"ADBE Vector Shape - Group","hd":false},{"ty":"fl","c":{"a":0,"k":[0.301999978458,0.231000010173,0.187999994615,1],"ix":4},"o":{"a":0,"k":100,"ix":5},"r":1,"bm":0,"nm":"Fill 1","mn":"ADBE Vector Graphic - Fill","hd":false},{"ty":"tr","p":{"a":0,"k":[186.91,477.023],"ix":2},"a":{"a":0,"k":[0,0],"ix":1},"s":{"a":0,"k":[100,100],"ix":3},"r":{"a":0,"k":0,"ix":6},"o":{"a":0,"k":100,"ix":7},"sk":{"a":0,"k":0,"ix":4},"sa":{"a":0,"k":0,"ix":5},"nm":"Transform"}],"nm":"Group 1","np":2,"cix":2,"bm":0,"ix":1,"mn":"ADBE Vector Group","hd":false}],"ip":0,"op":240,"st":0,"bm":0},{"ddd":0,"ind":3,"ty":4,"nm":"head_shadow","sr":1,"ks":{"o":{"a":0,"k":100,"ix":11},"r":{"a":0,"k":0,"ix":10},"p":{"a":0,"k":[236.291,517.602,0],"ix":2},"a":{"a":0,"k":[201.218,485.473,0],"ix":1},"s":{"a":0,"k":[106,106,100],"ix":6}},"ao":0,"shapes":[{"ty":"gr","it":[{"ind":0,"ty":"sh","ix":1,"ks":{"a":0,"k":{"i":[[-2.684,-0.512],[-8.052,-1.536],[-1.508,-0.843],[0,0],[1.84,2.02],[3.86,0.18],[2.02,-1.84]],"o":[[0,0],[8.052,1.536],[1.508,0.844],[0,0],[-1.84,-2.019],[-3.86,-0.18],[-2.019,1.84]],"v":[[-13.419,1.121],[-5.008,-5.063],[11.911,5.395],[14.415,9.767],[14.264,4.731],[-2.477,-9.587],[-11.885,-6.931]],"c":true},"ix":2},"nm":"Path 1","mn":"ADBE Vector Shape - Group","hd":false},{"ty":"fl","c":{"a":0,"k":[0.902000038297,0.752999997606,0.681999954523,1],"ix":4},"o":{"a":0,"k":100,"ix":5},"r":1,"bm":0,"nm":"Fill 1","mn":"ADBE Vector Graphic - Fill","hd":false},{"ty":"tr","p":{"a":0,"k":[200.988,485.394],"ix":2},"a":{"a":0,"k":[0,0],"ix":1},"s":{"a":0,"k":[100,100],"ix":3},"r":{"a":0,"k":0,"ix":6},"o":{"a":0,"k":100,"ix":7},"sk":{"a":0,"k":0,"ix":4},"sa":{"a":0,"k":0,"ix":5},"nm":"Transform"}],"nm":"Group 1","np":2,"cix":2,"bm":0,"ix":1,"mn":"ADBE Vector Group","hd":false}],"ip":0,"op":240,"st":0,"bm":0},{"ddd":0,"ind":4,"ty":4,"nm":"head","sr":1,"ks":{"o":{"a":0,"k":100,"ix":11},"r":{"a":0,"k":0,"ix":10},"p":{"a":0,"k":[227.601,524.093,0],"ix":2},"a":{"a":0,"k":[227.601,524.093,0],"ix":1},"s":{"a":0,"k":[100,100,100],"ix":6}},"ao":0,"shapes":[{"ty":"gr","it":[{"ty":"gr","it":[{"ind":0,"ty":"sh","ix":1,"ks":{"a":0,"k":{"i":[[-4.888,-3.666],[-9.775,0],[-4.32,-4.32],[-3.665,-2.444],[-1.16,2.321],[-1.407,0],[-6.145,1.024],[0,10.997],[0,0],[0,0],[0,0]],"o":[[0,0],[9.776,0],[1.222,1.222],[1.306,0.87],[1.222,-2.444],[7.331,0],[7.332,-1.222],[0,-10.997],[0,0],[0,0],[0,0]],"v":[[-42.767,18.504],[-17.107,36.834],[1.222,44.165],[8.553,50.275],[12.219,46.608],[15.885,44.165],[41.545,47.831],[51.32,20.949],[31.647,-31.223],[-13.441,-51.145],[-51.32,-9.599]],"c":true},"ix":2},"nm":"Path 1","mn":"ADBE Vector Shape - Group","hd":false},{"ty":"fl","c":{"a":0,"k":[0.957000017166,0.819999992847,0.757000029087,1],"ix":4},"o":{"a":0,"k":100,"ix":5},"r":1,"bm":0,"nm":"Fill 1","mn":"ADBE Vector Graphic - Fill","hd":false},{"ty":"tr","p":{"a":0,"k":[193.02,493.769],"ix":2},"a":{"a":0,"k":[0,0],"ix":1},"s":{"a":0,"k":[100,100],"ix":3},"r":{"a":0,"k":0,"ix":6},"o":{"a":0,"k":100,"ix":7},"sk":{"a":0,"k":0,"ix":4},"sa":{"a":0,"k":0,"ix":5},"nm":"Transform"}],"nm":"Group 1","np":2,"cix":2,"bm":0,"ix":1,"mn":"ADBE Vector Group","hd":false},{"ty":"tr","p":{"a":0,"k":[227.601,526.036],"ix":2},"a":{"a":0,"k":[193.02,493.431],"ix":1},"s":{"a":0,"k":[106,106],"ix":3},"r":{"a":0,"k":0,"ix":6},"o":{"a":0,"k":100,"ix":7},"sk":{"a":0,"k":0,"ix":4},"sa":{"a":0,"k":0,"ix":5},"nm":"Transform"}],"nm":"head","np":1,"cix":2,"bm":0,"ix":1,"mn":"ADBE Vector Group","hd":false},{"ty":"gr","it":[{"ty":"gr","it":[{"ind":0,"ty":"sh","ix":1,"ks":{"a":0,"k":{"i":[[0,-24.294],[24.295,0],[0,24.294],[-24.294,0]],"o":[[0,24.294],[-24.294,0],[0,-24.294],[24.295,0]],"v":[[43.989,0],[0,43.989],[-43.989,0],[0,-43.989]],"c":true},"ix":2},"nm":"Path 1","mn":"ADBE Vector Shape - Group","hd":false},{"ty":"fl","c":{"a":0,"k":[0.957000017166,0.855000019073,0.757000029087,1],"ix":4},"o":{"a":0,"k":100,"ix":5},"r":1,"bm":0,"nm":"Fill 1","mn":"ADBE Vector Graphic - Fill","hd":false},{"ty":"tr","p":{"a":0,"k":[185.688,482.947],"ix":2},"a":{"a":0,"k":[0,0],"ix":1},"s":{"a":0,"k":[100,100],"ix":3},"r":{"a":0,"k":0,"ix":6},"o":{"a":0,"k":100,"ix":7},"sk":{"a":0,"k":0,"ix":4},"sa":{"a":0,"k":0,"ix":5},"nm":"Transform"}],"nm":"Group 1","np":2,"cix":2,"bm":0,"ix":1,"mn":"ADBE Vector Group","hd":false},{"ty":"tr","p":{"a":0,"k":[219.829,514.924],"ix":2},"a":{"a":0,"k":[185.688,482.947],"ix":1},"s":{"a":0,"k":[106,106],"ix":3},"r":{"a":0,"k":0,"ix":6},"o":{"a":0,"k":100,"ix":7},"sk":{"a":0,"k":0,"ix":4},"sa":{"a":0,"k":0,"ix":5},"nm":"Transform"}],"nm":"Layer 6","np":1,"cix":2,"bm":0,"ix":2,"mn":"ADBE Vector Group","hd":false}],"ip":0,"op":240,"st":0,"bm":0},{"ddd":0,"ind":5,"ty":4,"nm":"arm","sr":1,"ks":{"o":{"a":0,"k":100,"ix":11},"r":{"a":0,"k":0,"ix":10},"p":{"a":0,"k":[353.725,617.029,0],"ix":2},"a":{"a":0,"k":[312.005,579.272,0],"ix":1},"s":{"a":0,"k":[106,106,100],"ix":6}},"ao":0,"shapes":[{"ty":"gr","it":[{"ind":0,"ty":"sh","ix":1,"ks":{"a":0,"k":{"i":[[32.234,-7.548],[-13.256,-23.061],[-6.648,-15.746],[-12.672,11.003],[5.804,18.437]],"o":[[-19.088,4.47],[13.256,23.061],[3.03,7.179],[13.523,-11.742],[-5.803,-18.436]],"v":[[-25.504,-85.161],[-27.171,-9.902],[-3.341,66.344],[31.069,81.707],[20.126,-22.938]],"c":true},"ix":2},"nm":"Path 1","mn":"ADBE Vector Shape - Group","hd":false},{"ty":"fl","c":{"a":0,"k":[0.957000014361,0.819999964097,0.757000014361,1],"ix":4},"o":{"a":0,"k":100,"ix":5},"r":1,"bm":0,"nm":"Fill 1","mn":"ADBE Vector Graphic - Fill","hd":false},{"ty":"tr","p":{"a":0,"k":[313.306,579.711],"ix":2},"a":{"a":0,"k":[0,0],"ix":1},"s":{"a":0,"k":[100,100],"ix":3},"r":{"a":0,"k":0,"ix":6},"o":{"a":0,"k":100,"ix":7},"sk":{"a":0,"k":0,"ix":4},"sa":{"a":0,"k":0,"ix":5},"nm":"Transform"}],"nm":"Group 1","np":2,"cix":2,"bm":0,"ix":1,"mn":"ADBE Vector Group","hd":false}],"ip":0,"op":240,"st":0,"bm":0},{"ddd":0,"ind":6,"ty":4,"nm":"body_skin","sr":1,"ks":{"o":{"a":0,"k":100,"ix":11},"r":{"a":0,"k":0,"ix":10},"p":{"a":0,"k":[356.583,543.945,0],"ix":2},"a":{"a":0,"k":[314.701,510.325,0],"ix":1},"s":{"a":0,"k":[106,106,100],"ix":6}},"ao":0,"shapes":[{"ty":"gr","it":[{"ind":0,"ty":"sh","ix":1,"ks":{"a":0,"k":{"i":[[0,0],[-7.331,10.997],[17.106,6.109],[10.997,1.222],[10.758,-13.601],[0,0]],"o":[[0,0],[7.331,-10.998],[-17.107,-6.11],[-10.997,-1.222],[-10.759,13.601],[0,0]],"v":[[-12.637,48.698],[24.604,21.271],[44.155,-37.381],[-2.166,-42.269],[-50.503,-35.097],[-48.352,-1.149]],"c":true},"ix":2},"nm":"Path 1","mn":"ADBE Vector Shape - Group","hd":false},{"ty":"fl","c":{"a":0,"k":[0.957000014361,0.819999964097,0.757000014361,1],"ix":4},"o":{"a":0,"k":100,"ix":5},"r":1,"bm":0,"nm":"Fill 1","mn":"ADBE Vector Graphic - Fill","hd":false},{"ty":"tr","p":{"a":0,"k":[317.377,508.11],"ix":2},"a":{"a":0,"k":[0,0],"ix":1},"s":{"a":0,"k":[100,100],"ix":3},"r":{"a":0,"k":0,"ix":6},"o":{"a":0,"k":100,"ix":7},"sk":{"a":0,"k":0,"ix":4},"sa":{"a":0,"k":0,"ix":5},"nm":"Transform"}],"nm":"Group 1","np":2,"cix":2,"bm":0,"ix":1,"mn":"ADBE Vector Group","hd":false}],"ip":0,"op":240,"st":0,"bm":0},{"ddd":0,"ind":7,"ty":4,"nm":"shirt_shadow","sr":1,"ks":{"o":{"a":0,"k":100,"ix":11},"r":{"a":0,"k":0,"ix":10},"p":{"a":0,"k":[380.179,597.111,0],"ix":2},"a":{"a":0,"k":[336.961,560.482,0],"ix":1},"s":{"a":0,"k":[106,106,100],"ix":6}},"ao":0,"shapes":[{"ty":"gr","it":[{"ind":0,"ty":"sh","ix":1,"ks":{"a":0,"k":{"i":[[-4.57,0.525],[0.575,0.061],[9.775,-2.444],[15.885,7.332],[9.115,13.111],[0,0],[-6.109,-1.221],[-6.109,1.222]],"o":[[-1.307,4.473],[0,0],[-9.776,2.443],[-9.653,-4.459],[0,0],[0,0],[6.11,1.222],[5.352,-1.075]],"v":[[43.476,7.618],[40.568,14.682],[27.126,17.125],[-16.862,11.016],[-43.475,-19.568],[-38.857,-18.31],[-10.753,7.349],[19.795,11.016]],"c":true},"ix":2},"nm":"Path 1","mn":"ADBE Vector Shape - Group","hd":false},{"ty":"fl","c":{"a":0,"k":[0.430999995213,0.234999997008,0.4,1],"ix":4},"o":{"a":0,"k":100,"ix":5},"r":1,"bm":0,"nm":"Fill 1","mn":"ADBE Vector Graphic - Fill","hd":false},{"ty":"tr","p":{"a":0,"k":[336.961,561.132],"ix":2},"a":{"a":0,"k":[0,0],"ix":1},"s":{"a":0,"k":[100,100],"ix":3},"r":{"a":0,"k":0,"ix":6},"o":{"a":0,"k":100,"ix":7},"sk":{"a":0,"k":0,"ix":4},"sa":{"a":0,"k":0,"ix":5},"nm":"Transform"}],"nm":"Group 1","np":2,"cix":2,"bm":0,"ix":1,"mn":"ADBE Vector Group","hd":false}],"ip":0,"op":240,"st":0,"bm":0},{"ddd":0,"ind":8,"ty":4,"nm":"shirt","sr":1,"ks":{"o":{"a":0,"k":100,"ix":11},"r":{"a":0,"k":0,"ix":10},"p":{"a":0,"k":[370.475,555.415,0],"ix":2},"a":{"a":0,"k":[327.807,521.146,0],"ix":1},"s":{"a":0,"k":[106,106,100],"ix":6}},"ao":0,"shapes":[{"ty":"gr","it":[{"ind":0,"ty":"sh","ix":1,"ks":{"a":0,"k":{"i":[[6.415,-21.896],[0.575,0.061],[9.775,-2.444],[15.885,7.332],[9.115,13.111],[7.784,6.232],[-3.58,8.052],[-23.009,0.489],[-1.369,-4.521]],"o":[[-1.307,4.473],[0,0],[-9.776,2.443],[-9.653,-4.459],[-5.89,-8.456],[-19.807,-15.885],[4.888,-10.997],[23.02,-0.489],[1.16,3.874]],"v":[[53.661,47.19],[50.753,54.254],[37.311,56.698],[-6.677,50.588],[-33.29,20.004],[-53.379,-3.176],[-67.773,-47.165],[6.557,-58.651],[72.027,-44.086]],"c":true},"ix":2},"nm":"Path 1","mn":"ADBE Vector Shape - Group","hd":false},{"ty":"fl","c":{"a":0,"k":[0.501999978458,0.275,0.46699999641,1],"ix":4},"o":{"a":0,"k":100,"ix":5},"r":1,"bm":0,"nm":"Fill 1","mn":"ADBE Vector Graphic - Fill","hd":false},{"ty":"tr","p":{"a":0,"k":[326.776,521.56],"ix":2},"a":{"a":0,"k":[0,0],"ix":1},"s":{"a":0,"k":[100,100],"ix":3},"r":{"a":0,"k":0,"ix":6},"o":{"a":0,"k":100,"ix":7},"sk":{"a":0,"k":0,"ix":4},"sa":{"a":0,"k":0,"ix":5},"nm":"Transform"}],"nm":"Group 1","np":2,"cix":2,"bm":0,"ix":1,"mn":"ADBE Vector Group","hd":false}],"ip":0,"op":240,"st":0,"bm":0},{"ddd":0,"ind":9,"ty":4,"nm":"thigh","sr":1,"ks":{"o":{"a":0,"k":100,"ix":11},"r":{"a":0,"k":0,"ix":10},"p":{"a":0,"k":[687.871,592.065,0],"ix":2},"a":{"a":0,"k":[627.237,555.722,0],"ix":1},"s":{"a":0,"k":[106,106,100],"ix":6}},"ao":0,"shapes":[{"ty":"gr","it":[{"ind":0,"ty":"sh","ix":1,"ks":{"a":0,"k":{"i":[[-16.142,-1.33],[1.33,-16.142],[16.141,1.33],[-1.33,16.142]],"o":[[16.142,1.33],[-1.331,16.141],[-16.142,-1.33],[1.33,-16.141]],"v":[[2.409,-29.227],[29.227,2.409],[-2.408,29.227],[-29.227,-2.409]],"c":true},"ix":2},"nm":"Path 1","mn":"ADBE Vector Shape - Group","hd":false},{"ty":"fl","c":{"a":0,"k":[0.128999986836,0.090000002992,0.125,1],"ix":4},"o":{"a":0,"k":100,"ix":5},"r":1,"bm":0,"nm":"Fill 1","mn":"ADBE Vector Graphic - Fill","hd":false},{"ty":"tr","p":{"a":0,"k":[722.255,562.173],"ix":2},"a":{"a":0,"k":[0,0],"ix":1},"s":{"a":0,"k":[100,100],"ix":3},"r":{"a":0,"k":0,"ix":6},"o":{"a":0,"k":100,"ix":7},"sk":{"a":0,"k":0,"ix":4},"sa":{"a":0,"k":0,"ix":5},"nm":"Transform"}],"nm":"Group 1","np":2,"cix":2,"bm":0,"ix":1,"mn":"ADBE Vector Group","hd":false},{"ty":"gr","it":[{"ind":0,"ty":"sh","ix":1,"ks":{"a":0,"k":{"i":[[-11.422,-18.709],[36.62,-12.921],[28.134,11.934],[-2.522,15.73],[-58.153,-8.47],[-13.451,-1.108]],"o":[[4.171,6.833],[-36.62,12.921],[-28.134,-11.934],[2.522,-15.731],[58.152,8.47],[25.573,2.108]],"v":[[112.472,-10.021],[95.71,38.244],[-95.959,39.421],[-129.808,-7.313],[-70.478,-42.884],[47.761,-19.654]],"c":true},"ix":2},"nm":"Path 1","mn":"ADBE Vector Shape - Group","hd":false},{"ty":"fl","c":{"a":0,"k":[0.128999986836,0.090000002992,0.125,1],"ix":4},"o":{"a":0,"k":100,"ix":5},"r":1,"bm":0,"nm":"Fill 1","mn":"ADBE Vector Graphic - Fill","hd":false},{"ty":"tr","p":{"a":0,"k":[632.661,553.859],"ix":2},"a":{"a":0,"k":[0,0],"ix":1},"s":{"a":0,"k":[100,100],"ix":3},"r":{"a":0,"k":0,"ix":6},"o":{"a":0,"k":100,"ix":7},"sk":{"a":0,"k":0,"ix":4},"sa":{"a":0,"k":0,"ix":5},"nm":"Transform"}],"nm":"Group 2","np":2,"cix":2,"bm":0,"ix":2,"mn":"ADBE Vector Group","hd":false},{"ty":"gr","it":[{"ind":0,"ty":"sh","ix":1,"ks":{"a":0,"k":{"i":[[-22.867,-1.885],[1.884,-22.867],[22.867,1.885],[-1.885,22.867]],"o":[[22.867,1.884],[-1.885,22.867],[-22.867,-1.884],[1.884,-22.868]],"v":[[3.412,-41.405],[41.405,3.412],[-3.412,41.404],[-41.404,-3.411]],"c":true},"ix":2},"nm":"Path 1","mn":"ADBE Vector Shape - Group","hd":false},{"ty":"fl","c":{"a":0,"k":[0.128999986836,0.090000002992,0.125,1],"ix":4},"o":{"a":0,"k":100,"ix":5},"r":1,"bm":0,"nm":"Fill 1","mn":"ADBE Vector Graphic - Fill","hd":false},{"ty":"tr","p":{"a":0,"k":[544.057,552.392],"ix":2},"a":{"a":0,"k":[0,0],"ix":1},"s":{"a":0,"k":[100,100],"ix":3},"r":{"a":0,"k":0,"ix":6},"o":{"a":0,"k":100,"ix":7},"sk":{"a":0,"k":0,"ix":4},"sa":{"a":0,"k":0,"ix":5},"nm":"Transform"}],"nm":"Group 3","np":2,"cix":2,"bm":0,"ix":3,"mn":"ADBE Vector Group","hd":false}],"ip":0,"op":240,"st":0,"bm":0},{"ddd":0,"ind":10,"ty":4,"nm":"hips","sr":1,"ks":{"o":{"a":0,"k":100,"ix":11},"r":{"a":0,"k":0,"ix":10},"p":{"a":0,"k":[581.711,574.606,0],"ix":2},"a":{"a":0,"k":[527.086,539.251,0],"ix":1},"s":{"a":0,"k":[106,106,100],"ix":6}},"ao":0,"shapes":[{"ty":"gr","it":[{"ind":0,"ty":"sh","ix":1,"ks":{"a":0,"k":{"i":[[-3.639,5.482],[-12.753,3.469],[-24.001,-24],[16.023,-21.791],[13.029,0.433],[7.619,3.024],[-1.108,2.901],[-1.512,19.887]],"o":[[0,0],[13.183,-3.586],[20.807,20.808],[-7.05,9.588],[-24.698,-0.822],[-2.128,-0.845],[2.632,-6.888],[2.148,-28.26]],"v":[[-51.741,-41.98],[-29.871,-49.308],[38.13,-34.308],[51.907,48.72],[13.836,56.571],[-65.802,49.023],[-66.116,45.371],[-53.793,3.775]],"c":true},"ix":2},"nm":"Path 1","mn":"ADBE Vector Shape - Group","hd":false},{"ty":"fl","c":{"a":0,"k":[0.128999986836,0.090000002992,0.125,1],"ix":4},"o":{"a":0,"k":100,"ix":5},"r":1,"bm":0,"nm":"Fill 1","mn":"ADBE Vector Graphic - Fill","hd":false},{"ty":"tr","p":{"a":0,"k":[530.622,537.055],"ix":2},"a":{"a":0,"k":[0,0],"ix":1},"s":{"a":0,"k":[100,100],"ix":3},"r":{"a":0,"k":0,"ix":6},"o":{"a":0,"k":100,"ix":7},"sk":{"a":0,"k":0,"ix":4},"sa":{"a":0,"k":0,"ix":5},"nm":"Transform"}],"nm":"Group 1","np":2,"cix":2,"bm":0,"ix":1,"mn":"ADBE Vector Group","hd":false}],"ip":0,"op":240,"st":0,"bm":0},{"ddd":0,"ind":11,"ty":4,"nm":"body_shadow","sr":1,"ks":{"o":{"a":0,"k":100,"ix":11},"r":{"a":0,"k":0,"ix":10},"p":{"a":0,"k":[469.53,613.793,0],"ix":2},"a":{"a":0,"k":[421.255,576.22,0],"ix":1},"s":{"a":0,"k":[106,106,100],"ix":6}},"ao":0,"shapes":[{"ty":"gr","it":[{"ind":0,"ty":"sh","ix":1,"ks":{"a":0,"k":{"i":[[-10.606,-0.379],[0,0],[13.441,3.666],[10.166,0.195],[1.796,0.11],[1.43,0.086],[6.439,-0.208],[0,0],[-7.137,0.465],[-7.075,-0.208],[-4.143,-0.953],[-1.723,-0.281],[-1.063,-0.148]],"o":[[0,0],[0,0],[-8.627,-2.346],[-1.65,0.232],[-1.528,-0.098],[-11.254,-0.586],[0,0],[0,0],[6.023,-0.403],[5.474,0.146],[1.332,0.306],[0.965,0.147],[14.883,2.003]],"v":[[52.28,-1.729],[46.695,8.217],[22.258,3.33],[-12.298,0.08],[-17.454,0.275],[-21.902,0.018],[-47.941,-0.446],[-52.28,-6.446],[-40.035,-7.497],[-19.483,-8.009],[-4.625,-6.446],[-0.018,-5.566],[3.036,-5.125]],"c":true},"ix":2},"nm":"Path 1","mn":"ADBE Vector Shape - Group","hd":false},{"ty":"fl","c":{"a":0,"k":[0.902000038297,0.752999997606,0.681999954523,1],"ix":4},"o":{"a":0,"k":100,"ix":5},"r":1,"bm":0,"nm":"Fill 1","mn":"ADBE Vector Graphic - Fill","hd":false},{"ty":"tr","p":{"a":0,"k":[421.255,576.149],"ix":2},"a":{"a":0,"k":[0,0],"ix":1},"s":{"a":0,"k":[100,100],"ix":3},"r":{"a":0,"k":0,"ix":6},"o":{"a":0,"k":100,"ix":7},"sk":{"a":0,"k":0,"ix":4},"sa":{"a":0,"k":0,"ix":5},"nm":"Transform"}],"nm":"Group 1","np":2,"cix":2,"bm":0,"ix":1,"mn":"ADBE Vector Group","hd":false}],"ip":0,"op":240,"st":0,"bm":0},{"ddd":0,"ind":12,"ty":4,"nm":"neck_shadow","sr":1,"ks":{"o":{"a":0,"k":100,"ix":11},"r":{"a":0,"k":0,"ix":10},"p":{"a":0,"k":[278.523,520.852,0],"ix":2},"a":{"a":0,"k":[241.059,488.54,0],"ix":1},"s":{"a":0,"k":[106,106,100],"ix":6}},"ao":0,"shapes":[{"ty":"gr","it":[{"ind":0,"ty":"sh","ix":1,"ks":{"a":0,"k":{"i":[[0,0],[3.336,-0.074],[1.809,-0.134],[0.391,-0.025],[3.397,0.77],[0,0],[0,0],[-6.513,-2.114],[-2.823,-5.047],[-1.442,-2.346]],"o":[[-2.725,-0.086],[-1.625,0.036],[-0.403,0.025],[-4.693,0.269],[0,0],[0,0],[1.918,0.342],[2.823,9.164],[1.002,1.783],[0,0]],"v":[[23.602,28.403],[14.548,28.293],[9.39,28.538],[8.193,28.624],[-3.917,27.853],[-23.602,-28.892],[-22.928,-28.892],[-8.792,-24.395],[3.281,10.21],[7.081,16.6]],"c":true},"ix":2},"nm":"Path 1","mn":"ADBE Vector Shape - Group","hd":false},{"ty":"fl","c":{"a":0,"k":[0.902000038297,0.752999997606,0.681999954523,1],"ix":4},"o":{"a":0,"k":100,"ix":5},"r":1,"bm":0,"nm":"Fill 1","mn":"ADBE Vector Graphic - Fill","hd":false},{"ty":"tr","p":{"a":0,"k":[241.059,488.623],"ix":2},"a":{"a":0,"k":[0,0],"ix":1},"s":{"a":0,"k":[100,100],"ix":3},"r":{"a":0,"k":0,"ix":6},"o":{"a":0,"k":100,"ix":7},"sk":{"a":0,"k":0,"ix":4},"sa":{"a":0,"k":0,"ix":5},"nm":"Transform"}],"nm":"Group 1","np":2,"cix":2,"bm":0,"ix":1,"mn":"ADBE Vector Group","hd":false}],"ip":0,"op":240,"st":0,"bm":0},{"ddd":0,"ind":13,"ty":4,"nm":"neck","sr":1,"ks":{"o":{"a":0,"k":100,"ix":11},"r":{"a":0,"k":0,"ix":10},"p":{"a":0,"k":[291.793,521.374,0],"ix":2},"a":{"a":0,"k":[291.793,521.374,0],"ix":1},"s":{"a":0,"k":[100,100,100],"ix":6}},"ao":0,"shapes":[{"ty":"gr","it":[{"ty":"gr","it":[{"ind":0,"ty":"sh","ix":1,"ks":{"a":0,"k":{"i":[[14.076,-10.13],[7.673,0.232],[3.336,-0.073],[1.808,-0.134],[0.391,-0.024],[3.397,0.77],[1.649,5.756],[-9.775,9.776],[-0.379,-0.061],[-6.512,-2.114],[-4.925,0],[-1.222,-1.222],[-2.517,-8.101]],"o":[[-5.963,4.276],[-2.725,-0.086],[-1.625,0.036],[-0.403,0.025],[-4.692,0.269],[-7.527,-1.698],[-2.444,-8.553],[0.074,-0.073],[1.919,0.343],[7.87,2.578],[9.775,0],[1.222,1.222],[2.517,8.101]],"v":[[31.129,24.469],[11.773,28.44],[2.719,28.33],[-2.438,28.574],[-3.635,28.66],[-15.744,27.89],[-29.32,16.355],[-35.429,-28.856],[-34.757,-28.856],[-20.62,-24.359],[1.229,-19.08],[22,-19.08],[36.59,-7.631]],"c":true},"ix":2},"nm":"Path 1","mn":"ADBE Vector Shape - Group","hd":false},{"ty":"fl","c":{"a":0,"k":[0.957000017166,0.819999992847,0.757000029087,1],"ix":4},"o":{"a":0,"k":100,"ix":5},"r":1,"bm":0,"nm":"Fill 1","mn":"ADBE Vector Graphic - Fill","hd":false},{"ty":"tr","p":{"a":0,"k":[252.888,488.587],"ix":2},"a":{"a":0,"k":[0,0],"ix":1},"s":{"a":0,"k":[100,100],"ix":3},"r":{"a":0,"k":0,"ix":6},"o":{"a":0,"k":100,"ix":7},"sk":{"a":0,"k":0,"ix":4},"sa":{"a":0,"k":0,"ix":5},"nm":"Transform"}],"nm":"Group 1","np":2,"cix":2,"bm":0,"ix":1,"mn":"ADBE Vector Group","hd":false},{"ty":"tr","p":{"a":0,"k":[291.663,520.825],"ix":2},"a":{"a":0,"k":[253.456,488.514],"ix":1},"s":{"a":0,"k":[106,106],"ix":3},"r":{"a":0,"k":0,"ix":6},"o":{"a":0,"k":100,"ix":7},"sk":{"a":0,"k":0,"ix":4},"sa":{"a":0,"k":0,"ix":5},"nm":"Transform"}],"nm":"neck","np":1,"cix":2,"bm":0,"ix":1,"mn":"ADBE Vector Group","hd":false},{"ty":"gr","it":[{"ty":"gr","it":[{"ind":0,"ty":"sh","ix":1,"ks":{"a":0,"k":{"i":[[0,-13.497],[13.497,0],[0,13.497],[-13.497,0]],"o":[[0,13.497],[-13.497,0],[0,-13.497],[13.497,0]],"v":[[24.438,0],[0,24.438],[-24.438,0],[0,-24.438]],"c":true},"ix":2},"nm":"Path 1","mn":"ADBE Vector Shape - Group","hd":false},{"ty":"fl","c":{"a":0,"k":[0.957000017166,0.855000019073,0.757000029087,1],"ix":4},"o":{"a":0,"k":100,"ix":5},"r":1,"bm":0,"nm":"Fill 1","mn":"ADBE Vector Graphic - Fill","hd":false},{"ty":"tr","p":{"a":0,"k":[268.779,493.945],"ix":2},"a":{"a":0,"k":[0,0],"ix":1},"s":{"a":0,"k":[100,100],"ix":3},"r":{"a":0,"k":0,"ix":6},"o":{"a":0,"k":100,"ix":7},"sk":{"a":0,"k":0,"ix":4},"sa":{"a":0,"k":0,"ix":5},"nm":"Transform"}],"nm":"Group 1","np":2,"cix":2,"bm":0,"ix":1,"mn":"ADBE Vector Group","hd":false},{"ty":"tr","p":{"a":0,"k":[307.906,526.582],"ix":2},"a":{"a":0,"k":[268.779,493.945],"ix":1},"s":{"a":0,"k":[106,106],"ix":3},"r":{"a":0,"k":0,"ix":6},"o":{"a":0,"k":100,"ix":7},"sk":{"a":0,"k":0,"ix":4},"sa":{"a":0,"k":0,"ix":5},"nm":"Transform"}],"nm":"Layer 116","np":1,"cix":2,"bm":0,"ix":2,"mn":"ADBE Vector Group","hd":false}],"ip":0,"op":240,"st":0,"bm":0},{"ddd":0,"ind":14,"ty":4,"nm":"ponytail_shadow","sr":1,"ks":{"o":{"a":0,"k":100,"ix":11},"r":{"a":0,"k":0,"ix":10},"p":{"a":0,"k":[212.34,466.27,0],"ix":2},"a":{"a":0,"k":[178.623,437.047,0],"ix":1},"s":{"a":0,"k":[106,106,100],"ix":6}},"ao":0,"shapes":[{"ty":"gr","it":[{"ind":0,"ty":"sh","ix":1,"ks":{"a":0,"k":{"i":[[8.981,0.965],[2.614,0],[0.379,-1.406],[-0.66,1.968],[-12.219,-10.997]],"o":[[-8.859,-4.582],[-4.241,0],[-0.831,-1.076],[1.222,-3.666],[5.511,4.961]],"v":[[6.385,7.258],[-12.811,-0.892],[-20.436,1.32],[-21.365,-3.336],[16.514,2.774]],"c":true},"ix":2},"nm":"Path 1","mn":"ADBE Vector Shape - Group","hd":false},{"ty":"fl","c":{"a":0,"k":[0.258999992819,0.184000007779,0.141000007181,1],"ix":4},"o":{"a":0,"k":100,"ix":5},"r":1,"bm":0,"nm":"Fill 1","mn":"ADBE Vector Graphic - Fill","hd":false},{"ty":"tr","p":{"a":0,"k":[180.171,436.185],"ix":2},"a":{"a":0,"k":[0,0],"ix":1},"s":{"a":0,"k":[100,100],"ix":3},"r":{"a":0,"k":0,"ix":6},"o":{"a":0,"k":100,"ix":7},"sk":{"a":0,"k":0,"ix":4},"sa":{"a":0,"k":0,"ix":5},"nm":"Transform"}],"nm":"Group 1","np":2,"cix":2,"bm":0,"ix":1,"mn":"ADBE Vector Group","hd":false}],"ip":0,"op":240,"st":0,"bm":0},{"ddd":0,"ind":15,"ty":4,"nm":"ponytail","sr":1,"ks":{"o":{"a":0,"k":100,"ix":11},"r":{"a":0,"k":0,"ix":10},"p":{"a":0,"k":[233.344,476.46,0],"ix":2},"a":{"a":0,"k":[198.438,446.66,0],"ix":1},"s":{"a":0,"k":[106,106,100],"ix":6}},"ao":0,"shapes":[{"ty":"gr","it":[{"ind":0,"ty":"sh","ix":1,"ks":{"a":0,"k":{"i":[[0,0],[0,0],[16.032,8.297],[2.615,0],[0.379,-1.405],[-3.091,-1.552],[0,0],[-1.222,10.997],[-19.551,-4.888],[-9.775,-13.441]],"o":[[0,0],[0,0],[-8.859,-4.582],[-4.24,0],[-0.269,1.014],[7.332,3.666],[0,0],[1.222,-10.997],[19.551,4.887],[9.775,13.442]],"v":[[50.098,30.548],[24.438,18.329],[-11.352,-1.625],[-30.548,-9.775],[-38.173,-7.564],[-34.214,-3.666],[-43.989,2.444],[-48.877,-13.441],[-19.551,-25.66],[36.657,4.887]],"c":true},"ix":2},"nm":"Path 1","mn":"ADBE Vector Shape - Group","hd":false},{"ty":"fl","c":{"a":0,"k":[0.301999978458,0.231000010173,0.187999994615,1],"ix":4},"o":{"a":0,"k":100,"ix":5},"r":1,"bm":0,"nm":"Fill 1","mn":"ADBE Vector Graphic - Fill","hd":false},{"ty":"tr","p":{"a":0,"k":[197.907,445.068],"ix":2},"a":{"a":0,"k":[0,0],"ix":1},"s":{"a":0,"k":[100,100],"ix":3},"r":{"a":0,"k":0,"ix":6},"o":{"a":0,"k":100,"ix":7},"sk":{"a":0,"k":0,"ix":4},"sa":{"a":0,"k":0,"ix":5},"nm":"Transform"}],"nm":"Group 1","np":2,"cix":2,"bm":0,"ix":1,"mn":"ADBE Vector Group","hd":false}],"ip":0,"op":240,"st":0,"bm":0},{"ddd":0,"ind":16,"ty":4,"nm":"forearm","sr":1,"ks":{"o":{"a":0,"k":100,"ix":11},"r":{"a":0,"k":0,"ix":10},"p":{"a":0,"k":[313.615,693.277,0],"ix":2},"a":{"a":0,"k":[274.165,651.205,0],"ix":1},"s":{"a":0,"k":[106,106,100],"ix":6}},"ao":0,"shapes":[{"ty":"gr","it":[{"ind":0,"ty":"sh","ix":1,"ks":{"a":0,"k":{"i":[[9.507,0.993],[-1.052,10.067],[-9.507,-0.993],[1.052,-10.068]],"o":[[-9.507,-0.994],[1.052,-10.069],[9.507,0.993],[-1.052,10.068]],"v":[[-1.905,18.229],[-17.214,-1.798],[1.905,-18.229],[17.214,1.798]],"c":true},"ix":2},"nm":"Path 1","mn":"ADBE Vector Shape - Group","hd":false},{"ty":"fl","c":{"a":0,"k":[0.957000014361,0.819999964097,0.757000014361,1],"ix":4},"o":{"a":0,"k":100,"ix":5},"r":1,"bm":0,"nm":"Fill 1","mn":"ADBE Vector Graphic - Fill","hd":false},{"ty":"tr","p":{"a":0,"k":[329.969,651.758],"ix":2},"a":{"a":0,"k":[0,0],"ix":1},"s":{"a":0,"k":[100,100],"ix":3},"r":{"a":0,"k":0,"ix":6},"o":{"a":0,"k":100,"ix":7},"sk":{"a":0,"k":0,"ix":4},"sa":{"a":0,"k":0,"ix":5},"nm":"Transform"}],"nm":"Group 1","np":2,"cix":2,"bm":0,"ix":1,"mn":"ADBE Vector Group","hd":false},{"ty":"gr","it":[{"ind":0,"ty":"sh","ix":1,"ks":{"a":0,"k":{"i":[[-5.533,24.439],[16.259,0.704],[30.727,-5.388],[8.156,-11.434],[-33.154,-4.694]],"o":[[3.563,-15.743],[-20.881,-0.903],[-30.726,5.389],[-8.156,11.433],[33.154,4.693]],"v":[[75.942,3.97],[62.403,-20.198],[4.202,-19.581],[-71.349,-16.975],[-20.464,6.771]],"c":true},"ix":2},"nm":"Path 1","mn":"ADBE Vector Shape - Group","hd":false},{"ty":"fl","c":{"a":0,"k":[0.957000014361,0.819999964097,0.757000014361,1],"ix":4},"o":{"a":0,"k":100,"ix":5},"r":1,"bm":0,"nm":"Fill 1","mn":"ADBE Vector Graphic - Fill","hd":false},{"ty":"tr","p":{"a":0,"k":[271.766,653.966],"ix":2},"a":{"a":0,"k":[0,0],"ix":1},"s":{"a":0,"k":[100,100],"ix":3},"r":{"a":0,"k":0,"ix":6},"o":{"a":0,"k":100,"ix":7},"sk":{"a":0,"k":0,"ix":4},"sa":{"a":0,"k":0,"ix":5},"nm":"Transform"}],"nm":"Group 2","np":2,"cix":2,"bm":0,"ix":2,"mn":"ADBE Vector Group","hd":false}],"ip":0,"op":240,"st":0,"bm":0},{"ddd":0,"ind":17,"ty":4,"nm":"foot","sr":1,"ks":{"o":{"a":0,"k":100,"ix":11},"r":{"a":0,"k":0,"ix":10},"p":{"a":0,"k":[999.955,646.314,0],"ix":2},"a":{"a":0,"k":[921.656,606.9,0],"ix":1},"s":{"a":0,"k":[106,106,100],"ix":6}},"ao":0,"shapes":[{"ty":"gr","it":[{"ind":0,"ty":"sh","ix":1,"ks":{"a":0,"k":{"i":[[0.403,3.338],[13.077,1.925],[-2.664,-5.632],[3.391,-5.082],[1.627,0.582],[4.419,-2.089],[-9.703,-6.224],[-2.149,-1.686],[-2.151,-1.687],[-2.672,-2.791],[-1.627,-0.582],[-2.672,-2.791],[0.119,-5.464],[-3.194,-3.895],[-3.114,1.502],[-2.423,26.76],[-2.446,11.972],[-1.844,10.218]],"o":[[-0.327,-2.713],[-3.626,-0.533],[2.09,4.419],[-3.955,5.926],[-1.627,-0.582],[-4.418,2.091],[9.703,6.223],[2.15,1.687],[2.149,1.687],[2.672,2.792],[1.627,0.582],[2.672,2.791],[-0.119,5.463],[3.196,3.896],[1.961,-0.947],[0.741,-8.164],[1.737,-8.499],[0.754,-4.175]],"v":[[28.054,-58.824],[1.32,-61.046],[1.081,-50.119],[0.143,-32.102],[-7.708,-22.981],[-22.875,-26.324],[-18.753,-17.755],[-12.661,3.694],[-9.524,10.321],[-7.435,14.739],[-3.776,22.471],[-2.792,27.412],[0.284,36.771],[-2.459,57.683],[5.07,58.334],[17.493,24.574],[20.013,-15.819],[26.13,-45.748]],"c":true},"ix":2},"nm":"Path 1","mn":"ADBE Vector Shape - Group","hd":false},{"ty":"fl","c":{"a":0,"k":[0.388000009574,0.211999990426,0.361000001197,1],"ix":4},"o":{"a":0,"k":100,"ix":5},"r":1,"bm":0,"nm":"Fill 1","mn":"ADBE Vector Graphic - Fill","hd":false},{"ty":"tr","p":{"a":0,"k":[920.681,607.413],"ix":2},"a":{"a":0,"k":[0,0],"ix":1},"s":{"a":0,"k":[100,100],"ix":3},"r":{"a":0,"k":0,"ix":6},"o":{"a":0,"k":100,"ix":7},"sk":{"a":0,"k":0,"ix":4},"sa":{"a":0,"k":0,"ix":5},"nm":"Transform"}],"nm":"Group 1","np":2,"cix":2,"bm":0,"ix":1,"mn":"ADBE Vector Group","hd":false}],"ip":0,"op":240,"st":0,"bm":0},{"ddd":0,"ind":18,"ty":4,"nm":"sole","sr":1,"ks":{"o":{"a":0,"k":100,"ix":11},"r":{"a":0,"k":0,"ix":10},"p":{"a":0,"k":[1022.505,646.925,0],"ix":2},"a":{"a":0,"k":[942.929,607.476,0],"ix":1},"s":{"a":0,"k":[106,106,100],"ix":6}},"ao":0,"shapes":[{"ty":"gr","it":[{"ind":0,"ty":"sh","ix":1,"ks":{"a":0,"k":{"i":[[0,0],[-1.627,-0.582],[-2.672,-2.791],[2.328,-6.509],[1.224,-5.986],[0.178,-8.196],[2.732,-5.465],[3,0],[0,0],[0,0],[0,0],[0,0]],"o":[[0,0],[1.627,0.582],[2.673,2.792],[-2.328,6.507],[-1.222,5.986],[-0.178,8.195],[-3,6],[-3.666,0],[0,0],[0,0],[0,0],[0,0]],"v":[[4.359,-58.018],[9.299,-59.004],[17.495,-58.826],[17.719,-44.062],[14.975,-18.433],[8.336,10.392],[-3.521,55.617],[-14.521,60.617],[-20.167,59.713],[-9.396,21.484],[-6.937,-16.177],[-0.177,-50.465]],"c":true},"ix":2},"nm":"Path 1","mn":"ADBE Vector Shape - Group","hd":false},{"ty":"fl","c":{"a":0,"k":[0.638999968884,0.579999976065,0.626999978458,1],"ix":4},"o":{"a":0,"k":100,"ix":5},"r":1,"bm":0,"nm":"Fill 1","mn":"ADBE Vector Graphic - Fill","hd":false},{"ty":"tr","p":{"a":0,"k":[943.271,607.13],"ix":2},"a":{"a":0,"k":[0,0],"ix":1},"s":{"a":0,"k":[100,100],"ix":3},"r":{"a":0,"k":0,"ix":6},"o":{"a":0,"k":100,"ix":7},"sk":{"a":0,"k":0,"ix":4},"sa":{"a":0,"k":0,"ix":5},"nm":"Transform"}],"nm":"Group 1","np":2,"cix":2,"bm":0,"ix":1,"mn":"ADBE Vector Group","hd":false}],"ip":0,"op":240,"st":0,"bm":0},{"ddd":0,"ind":19,"ty":4,"nm":"calf","sr":1,"ks":{"o":{"a":0,"k":100,"ix":11},"r":{"a":0,"k":0,"ix":10},"p":{"a":0,"k":[839.286,600.796,0],"ix":2},"a":{"a":0,"k":[770.081,563.959,0],"ix":1},"s":{"a":0,"k":[106,106,100],"ix":6}},"ao":0,"shapes":[{"ty":"gr","it":[{"ind":0,"ty":"sh","ix":1,"ks":{"a":0,"k":{"i":[[-16.728,-7.081],[-41.805,3.956],[-1.284,1.157],[6.038,1.535],[47.864,-4.674],[8.016,-13.045]],"o":[[13.171,5.575],[41.806,-3.956],[1.284,-1.157],[-6.039,-1.536],[-12.402,1.211],[-8.016,13.044]],"v":[[-59.435,26.951],[21.23,28.675],[70.42,23.877],[70.125,-17.739],[-24.417,-27.957],[-65.081,-19.445]],"c":true},"ix":2},"nm":"Path 1","mn":"ADBE Vector Shape - Group","hd":false},{"ty":"fl","c":{"a":0,"k":[0.128999986836,0.090000002992,0.125,1],"ix":4},"o":{"a":0,"k":100,"ix":5},"r":1,"bm":0,"nm":"Fill 1","mn":"ADBE Vector Graphic - Fill","hd":false},{"ty":"tr","p":{"a":0,"k":[769.256,562.721],"ix":2},"a":{"a":0,"k":[0,0],"ix":1},"s":{"a":0,"k":[100,100],"ix":3},"r":{"a":0,"k":0,"ix":6},"o":{"a":0,"k":100,"ix":7},"sk":{"a":0,"k":0,"ix":4},"sa":{"a":0,"k":0,"ix":5},"nm":"Transform"}],"nm":"Group 1","np":2,"cix":2,"bm":0,"ix":1,"mn":"ADBE Vector Group","hd":false}],"ip":0,"op":240,"st":0,"bm":0},{"ddd":0,"ind":20,"ty":4,"nm":"calf_skin","sr":1,"ks":{"o":{"a":0,"k":100,"ix":11},"r":{"a":0,"k":0,"ix":10},"p":{"a":0,"k":[958.511,603.251,0],"ix":2},"a":{"a":0,"k":[882.558,566.275,0],"ix":1},"s":{"a":0,"k":[106,106,100],"ix":6}},"ao":0,"shapes":[{"ty":"gr","it":[{"ind":0,"ty":"sh","ix":1,"ks":{"a":0,"k":{"i":[[-3.787,2.251],[-4.881,-0.253],[-7.322,-0.379],[-5.848,-5.196],[13.166,-3.645],[33.011,0.482],[3.598,1.41]],"o":[[1.485,-0.883],[4.881,0.252],[7.321,0.378],[5.85,5.197],[-7.447,2.062],[-33.011,-0.484],[-3.598,-1.409]],"v":[[-46.243,-20.398],[-10.854,-18.568],[18.433,-17.054],[41.491,-13.415],[38.757,15.809],[0.802,16.294],[-48.325,19.871]],"c":true},"ix":2},"nm":"Path 1","mn":"ADBE Vector Shape - Group","hd":false},{"ty":"fl","c":{"a":0,"k":[0.957000014361,0.819999964097,0.757000014361,1],"ix":4},"o":{"a":0,"k":100,"ix":5},"r":1,"bm":0,"nm":"Fill 1","mn":"ADBE Vector Graphic - Fill","hd":false},{"ty":"tr","p":{"a":0,"k":[883.12,566.474],"ix":2},"a":{"a":0,"k":[0,0],"ix":1},"s":{"a":0,"k":[100,100],"ix":3},"r":{"a":0,"k":0,"ix":6},"o":{"a":0,"k":100,"ix":7},"sk":{"a":0,"k":0,"ix":4},"sa":{"a":0,"k":0,"ix":5},"nm":"Transform"}],"nm":"Group 1","np":2,"cix":2,"bm":0,"ix":1,"mn":"ADBE Vector Group","hd":false},{"ty":"gr","it":[{"ind":0,"ty":"sh","ix":1,"ks":{"a":0,"k":{"i":[[9.037,-4.562],[4.561,9.037],[-9.037,4.562],[-4.562,-9.037]],"o":[[-9.036,4.562],[-4.561,-9.037],[9.037,-4.561],[4.56,9.036]],"v":[[8.26,16.362],[-16.362,8.259],[-8.259,-16.363],[16.364,-8.259]],"c":true},"ix":2},"nm":"Path 1","mn":"ADBE Vector Shape - Group","hd":false},{"ty":"fl","c":{"a":0,"k":[0.957000014361,0.855000035903,0.757000014361,1],"ix":4},"o":{"a":0,"k":100,"ix":5},"r":1,"bm":0,"nm":"Fill 1","mn":"ADBE Vector Graphic - Fill","hd":false},{"ty":"tr","p":{"a":0,"k":[913.908,568.331],"ix":2},"a":{"a":0,"k":[0,0],"ix":1},"s":{"a":0,"k":[100,100],"ix":3},"r":{"a":0,"k":0,"ix":6},"o":{"a":0,"k":100,"ix":7},"sk":{"a":0,"k":0,"ix":4},"sa":{"a":0,"k":0,"ix":5},"nm":"Transform"}],"nm":"Group 2","np":2,"cix":2,"bm":0,"ix":2,"mn":"ADBE Vector Group","hd":false}],"ip":0,"op":240,"st":0,"bm":0},{"ddd":0,"ind":21,"ty":4,"nm":"thigh_1","sr":1,"ks":{"o":{"a":0,"k":100,"ix":11},"r":{"a":0,"k":0,"ix":10},"p":{"a":0,"k":[679.415,572.831,0],"ix":2},"a":{"a":0,"k":[619.26,537.576,0],"ix":1},"s":{"a":0,"k":[106,106,100],"ix":6}},"ao":0,"shapes":[{"ty":"gr","it":[{"ind":0,"ty":"sh","ix":1,"ks":{"a":0,"k":{"i":[[-15.05,-1.742],[1.756,-14.912],[15.049,1.742],[-1.756,14.911]],"o":[[15.05,1.742],[-1.756,14.911],[-15.05,-1.741],[1.756,-14.912]],"v":[[3.18,-27],[27.25,3.155],[-3.179,27],[-27.25,-3.154]],"c":true},"ix":2},"nm":"Path 1","mn":"ADBE Vector Shape - Group","hd":false},{"ty":"fl","c":{"a":0,"k":[0.030999998953,0.019999999626,0.027000000898,1],"ix":4},"o":{"a":0,"k":100,"ix":5},"r":1,"bm":0,"nm":"Fill 1","mn":"ADBE Vector Graphic - Fill","hd":false},{"ty":"tr","p":{"a":0,"k":[707.989,547.721],"ix":2},"a":{"a":0,"k":[0,0],"ix":1},"s":{"a":0,"k":[100,100],"ix":3},"r":{"a":0,"k":0,"ix":6},"o":{"a":0,"k":100,"ix":7},"sk":{"a":0,"k":0,"ix":4},"sa":{"a":0,"k":0,"ix":5},"nm":"Transform"}],"nm":"Group 1","np":2,"cix":2,"bm":0,"ix":1,"mn":"ADBE Vector Group","hd":false},{"ty":"gr","it":[{"ind":0,"ty":"sh","ix":1,"ks":{"a":0,"k":{"i":[[-10.085,-17.693],[34.649,-10.813],[25.927,11.945],[-2.858,14.494],[-54.103,-9.683],[-12.542,-1.451]],"o":[[3.684,6.462],[-34.65,10.815],[-25.926,-11.944],[2.857,-14.493],[54.104,9.683],[23.843,2.76]],"v":[[106.013,-4.546],[88.81,39.636],[-90.436,34.675],[-120.601,-9.689],[-64,-40.768],[45.816,-15.514]],"c":true},"ix":2},"nm":"Path 1","mn":"ADBE Vector Shape - Group","hd":false},{"ty":"fl","c":{"a":0,"k":[0.030999998953,0.019999999626,0.027000000898,1],"ix":4},"o":{"a":0,"k":100,"ix":5},"r":1,"bm":0,"nm":"Fill 1","mn":"ADBE Vector Graphic - Fill","hd":false},{"ty":"tr","p":{"a":0,"k":[623.948,536.005],"ix":2},"a":{"a":0,"k":[0,0],"ix":1},"s":{"a":0,"k":[100,100],"ix":3},"r":{"a":0,"k":0,"ix":6},"o":{"a":0,"k":100,"ix":7},"sk":{"a":0,"k":0,"ix":4},"sa":{"a":0,"k":0,"ix":5},"nm":"Transform"}],"nm":"Group 2","np":2,"cix":2,"bm":0,"ix":2,"mn":"ADBE Vector Group","hd":false},{"ty":"gr","it":[{"ind":0,"ty":"sh","ix":1,"ks":{"a":0,"k":{"i":[[-21.321,-2.468],[2.487,-21.125],[21.321,2.467],[-2.488,21.125]],"o":[[21.321,2.468],[-2.488,21.124],[-21.321,-2.468],[2.487,-21.124]],"v":[[4.504,-38.25],[38.605,4.468],[-4.504,38.25],[-38.604,-4.469]],"c":true},"ix":2},"nm":"Path 1","mn":"ADBE Vector Shape - Group","hd":false},{"ty":"fl","c":{"a":0,"k":[0.030999998953,0.019999999626,0.027000000898,1],"ix":4},"o":{"a":0,"k":100,"ix":5},"r":1,"bm":0,"nm":"Fill 1","mn":"ADBE Vector Graphic - Fill","hd":false},{"ty":"tr","p":{"a":0,"k":[541.686,533.034],"ix":2},"a":{"a":0,"k":[0,0],"ix":1},"s":{"a":0,"k":[100,100],"ix":3},"r":{"a":0,"k":0,"ix":6},"o":{"a":0,"k":100,"ix":7},"sk":{"a":0,"k":0,"ix":4},"sa":{"a":0,"k":0,"ix":5},"nm":"Transform"}],"nm":"Group 3","np":2,"cix":2,"bm":0,"ix":3,"mn":"ADBE Vector Group","hd":false}],"ip":0,"op":240,"st":0,"bm":0},{"ddd":0,"ind":22,"ty":4,"nm":"calf_1","sr":1,"ks":{"o":{"a":0,"k":100,"ix":11},"r":{"a":0,"k":0,"ix":10},"p":{"a":0,"k":[810.653,582.81,0],"ix":2},"a":{"a":0,"k":[743.069,546.991,0],"ix":1},"s":{"a":0,"k":[106,106,100],"ix":6}},"ao":0,"shapes":[{"ty":"gr","it":[{"ind":0,"ty":"sh","ix":1,"ks":{"a":0,"k":{"i":[[0.966,-14.139],[14.271,0.959],[-0.966,14.139],[-14.27,-0.959]],"o":[[-0.966,14.14],[-14.27,-0.96],[0.966,-14.139],[14.271,0.959]],"v":[[25.839,1.737],[-1.749,25.602],[-25.839,-1.736],[1.749,-25.601]],"c":true},"ix":2},"nm":"Path 1","mn":"ADBE Vector Shape - Group","hd":false},{"ty":"fl","c":{"a":0,"k":[0.030999998953,0.019999999626,0.027000000898,1],"ix":4},"o":{"a":0,"k":100,"ix":5},"r":1,"bm":0,"nm":"Fill 1","mn":"ADBE Vector Graphic - Fill","hd":false},{"ty":"tr","p":{"a":0,"k":[710.107,546.991],"ix":2},"a":{"a":0,"k":[0,0],"ix":1},"s":{"a":0,"k":[100,100],"ix":3},"r":{"a":0,"k":0,"ix":6},"o":{"a":0,"k":100,"ix":7},"sk":{"a":0,"k":0,"ix":4},"sa":{"a":0,"k":0,"ix":5},"nm":"Transform"}],"nm":"Group 1","np":2,"cix":2,"bm":0,"ix":1,"mn":"ADBE Vector Group","hd":false},{"ty":"gr","it":[{"ind":0,"ty":"sh","ix":1,"ks":{"a":0,"k":{"i":[[0,0],[-18.54,-0.022],[-7.3,-1.716],[5.255,-4.546],[34.522,-3.165],[15.964,4.295],[-31.338,-2.539]],"o":[[0,0],[18.539,0.021],[5.091,1.196],[-2.95,2.553],[-19.585,1.796],[-26.327,-7.082],[7.322,0.593]],"v":[[-16.261,-23.364],[17.268,-23.506],[59.018,-19.475],[63.818,18.813],[14.281,24.643],[-42.747,22.674],[-27.719,-24.43]],"c":true},"ix":2},"nm":"Path 1","mn":"ADBE Vector Shape - Group","hd":false},{"ty":"fl","c":{"a":0,"k":[0.030999998953,0.019999999626,0.027000000898,1],"ix":4},"o":{"a":0,"k":100,"ix":5},"r":1,"bm":0,"nm":"Fill 1","mn":"ADBE Vector Graphic - Fill","hd":false},{"ty":"tr","p":{"a":0,"k":[738.968,546.654],"ix":2},"a":{"a":0,"k":[0,0],"ix":1},"s":{"a":0,"k":[100,100],"ix":3},"r":{"a":0,"k":0,"ix":6},"o":{"a":0,"k":100,"ix":7},"sk":{"a":0,"k":0,"ix":4},"sa":{"a":0,"k":0,"ix":5},"nm":"Transform"}],"nm":"Group 2","np":2,"cix":2,"bm":0,"ix":2,"mn":"ADBE Vector Group","hd":false}],"ip":0,"op":240,"st":0,"bm":0},{"ddd":0,"ind":23,"ty":4,"nm":"foot_1","sr":1,"ks":{"o":{"a":0,"k":100,"ix":11},"r":{"a":0,"k":0,"ix":10},"p":{"a":0,"k":[968.204,631.617,0],"ix":2},"a":{"a":0,"k":[891.702,593.035,0],"ix":1},"s":{"a":0,"k":[106,106,100],"ix":6}},"ao":0,"shapes":[{"ty":"gr","it":[{"ind":0,"ty":"sh","ix":1,"ks":{"a":0,"k":{"i":[[0.449,3.228],[12.817,1.653],[-2.697,-5.413],[3.233,-4.977],[1.601,0.537],[4.287,-2.097],[-9.589,-5.873],[-2.13,-1.599],[-2.129,-1.598],[-2.658,-2.66],[-1.601,-0.538],[-2.658,-2.662],[0.026,-5.295],[-3.187,-3.722],[-1.083,3.17],[-0.04,7.942],[-2.196,11.636],[-1.635,9.929]],"o":[[-0.364,-2.623],[-3.554,-0.459],[2.117,4.247],[-3.77,5.805],[-1.601,-0.537],[-4.285,2.096],[9.589,5.872],[2.129,1.599],[2.128,1.6],[2.658,2.662],[1.6,0.537],[2.659,2.66],[-0.026,5.294],[3.188,3.722],[1.085,-3.172],[0.04,-7.941],[1.559,-8.262],[0.668,-4.057]],"v":[[27.115,-57.672],[0.94,-59.392],[0.887,-48.805],[0.265,-31.335],[-7.261,-22.373],[-22.194,-28.272],[-17.975,-17.133],[-11.666,3.548],[-8.492,9.917],[-6.376,14.163],[-2.673,21.595],[-1.629,26.366],[1.532,35.382],[4.097,56.573],[10.511,56.076],[18.158,23.289],[19.958,-15.88],[25.448,-44.973]],"c":true},"ix":2},"nm":"Path 1","mn":"ADBE Vector Shape - Group","hd":false},{"ty":"fl","c":{"a":0,"k":[0.349000010771,0.19199999641,0.325,1],"ix":4},"o":{"a":0,"k":100,"ix":5},"r":1,"bm":0,"nm":"Fill 1","mn":"ADBE Vector Graphic - Fill","hd":false},{"ty":"tr","p":{"a":0,"k":[890.779,593.274],"ix":2},"a":{"a":0,"k":[0,0],"ix":1},"s":{"a":0,"k":[100,100],"ix":3},"r":{"a":0,"k":0,"ix":6},"o":{"a":0,"k":100,"ix":7},"sk":{"a":0,"k":0,"ix":4},"sa":{"a":0,"k":0,"ix":5},"nm":"Transform"}],"nm":"Group 1","np":2,"cix":2,"bm":0,"ix":1,"mn":"ADBE Vector Group","hd":false}],"ip":0,"op":240,"st":0,"bm":0},{"ddd":0,"ind":24,"ty":4,"nm":"sole_1","sr":1,"ks":{"o":{"a":0,"k":100,"ix":11},"r":{"a":0,"k":0,"ix":10},"p":{"a":0,"k":[993.637,631.863,0],"ix":2},"a":{"a":0,"k":[915.695,593.267,0],"ix":1},"s":{"a":0,"k":[106,106,100],"ix":6}},"ao":0,"shapes":[{"ty":"gr","it":[{"ind":0,"ty":"sh","ix":1,"ks":{"a":0,"k":{"i":[[0,0],[-1.6,-0.538],[-2.659,-2.66],[2.169,-6.343],[1.098,-5.819],[0.039,-7.941],[2.698,-5.282],[3.213,-1.571],[0,0],[0,0],[0,0],[0,0]],"o":[[0,0],[1.601,0.537],[2.658,2.661],[-2.169,6.342],[-1.097,5.818],[-0.04,7.941],[-2.699,5.28],[-3.214,1.572],[0,0],[0,0],[0,0],[0,0]],"v":[[0.829,-57.963],[5.643,-58.997],[13.659,-58.956],[14.121,-44.659],[11.858,-19.786],[5.84,8.245],[-1.277,42.094],[-10.986,60.044],[-16.317,57.37],[-11.316,19.276],[-9.528,-17.247],[-3.483,-50.571]],"c":true},"ix":2},"nm":"Path 1","mn":"ADBE Vector Shape - Group","hd":false},{"ty":"fl","c":{"a":0,"k":[0.579999976065,0.525,0.569000004787,1],"ix":4},"o":{"a":0,"k":100,"ix":5},"r":1,"bm":0,"nm":"Fill 1","mn":"ADBE Vector Graphic - Fill","hd":false},{"ty":"tr","p":{"a":0,"k":[916.002,593.089],"ix":2},"a":{"a":0,"k":[0,0],"ix":1},"s":{"a":0,"k":[100,100],"ix":3},"r":{"a":0,"k":0,"ix":6},"o":{"a":0,"k":100,"ix":7},"sk":{"a":0,"k":0,"ix":4},"sa":{"a":0,"k":0,"ix":5},"nm":"Transform"}],"nm":"Group 1","np":2,"cix":2,"bm":0,"ix":1,"mn":"ADBE Vector Group","hd":false}],"ip":0,"op":240,"st":0,"bm":0},{"ddd":0,"ind":25,"ty":4,"nm":"calf_skin_1","sr":1,"ks":{"o":{"a":0,"k":100,"ix":11},"r":{"a":0,"k":0,"ix":10},"p":{"a":0,"k":[918.902,585.789,0],"ix":2},"a":{"a":0,"k":[845.191,549.801,0],"ix":1},"s":{"a":0,"k":[106,106,100],"ix":6}},"ao":0,"shapes":[{"ty":"gr","it":[{"ind":0,"ty":"sh","ix":1,"ks":{"a":0,"k":{"i":[[-4.214,1.792],[-5.431,-0.364],[-8.147,-0.548],[-6.506,-4.589],[14.848,2.276],[35.394,2.52],[4.003,1.307]],"o":[[1.653,-0.703],[5.431,0.366],[8.146,0.547],[6.506,4.589],[-8.379,-1.284],[-36.664,-2.61],[-4.002,-1.306]],"v":[[-51.295,-22.727],[-12.165,-16.517],[20.337,-13.107],[49.69,-12.109],[43.105,21.153],[0.105,16.153],[-53.951,16.148]],"c":true},"ix":2},"nm":"Path 1","mn":"ADBE Vector Shape - Group","hd":false},{"ty":"fl","c":{"a":0,"k":[0.902000038297,0.752999997606,0.681999954523,1],"ix":4},"o":{"a":0,"k":100,"ix":5},"r":1,"bm":0,"nm":"Fill 1","mn":"ADBE Vector Graphic - Fill","hd":false},{"ty":"tr","p":{"a":0,"k":[844.646,549.593],"ix":2},"a":{"a":0,"k":[0,0],"ix":1},"s":{"a":0,"k":[100,100],"ix":3},"r":{"a":0,"k":0,"ix":6},"o":{"a":0,"k":100,"ix":7},"sk":{"a":0,"k":0,"ix":4},"sa":{"a":0,"k":0,"ix":5},"nm":"Transform"}],"nm":"Group 1","np":2,"cix":2,"bm":0,"ix":1,"mn":"ADBE Vector Group","hd":false},{"ty":"gr","it":[{"ind":0,"ty":"sh","ix":1,"ks":{"a":0,"k":{"i":[[8.913,4.798],[-4.797,8.913],[-8.913,-4.798],[4.798,-8.913]],"o":[[-8.914,-4.798],[4.798,-8.914],[8.914,4.798],[-4.798,8.914]],"v":[[-8.687,16.139],[-16.14,-8.687],[8.686,-16.14],[16.139,8.687]],"c":true},"ix":2},"nm":"Path 1","mn":"ADBE Vector Shape - Group","hd":false},{"ty":"fl","c":{"a":0,"k":[0.902000038297,0.752999997606,0.681999954523,1],"ix":4},"o":{"a":0,"k":100,"ix":5},"r":1,"bm":0,"nm":"Fill 1","mn":"ADBE Vector Graphic - Fill","hd":false},{"ty":"tr","p":{"a":0,"k":[883.389,554.456],"ix":2},"a":{"a":0,"k":[0,0],"ix":1},"s":{"a":0,"k":[100,100],"ix":3},"r":{"a":0,"k":0,"ix":6},"o":{"a":0,"k":100,"ix":7},"sk":{"a":0,"k":0,"ix":4},"sa":{"a":0,"k":0,"ix":5},"nm":"Transform"}],"nm":"Group 2","np":2,"cix":2,"bm":0,"ix":2,"mn":"ADBE Vector Group","hd":false}],"ip":0,"op":240,"st":0,"bm":0},{"ddd":0,"ind":26,"ty":4,"nm":"lower_body","sr":1,"ks":{"o":{"a":0,"k":100,"ix":11},"r":{"a":0,"k":0,"ix":10},"p":{"a":0,"k":[509.223,571.027,0],"ix":2},"a":{"a":0,"k":[458.701,535.875,0],"ix":1},"s":{"a":0,"k":[106,106,100],"ix":6}},"ao":0,"shapes":[{"ty":"gr","it":[{"ind":0,"ty":"sh","ix":1,"ks":{"a":0,"k":{"i":[[0,0],[0,0],[0,0],[13.441,3.666],[10.167,0.195],[0,0],[0,0],[0,0],[0,0],[0,0],[-5.205,-0.879],[-8.151,-1.478]],"o":[[0,0],[0,0],[0,0],[-8.627,-2.346],[-5.669,-0.11],[0,0],[0,0],[0,0],[0,0],[0.342,0.062],[8.431,1.43],[13.441,2.444]],"v":[[59.349,-40.708],[14.833,38.545],[9.25,48.492],[-15.189,43.604],[-49.745,40.354],[-59.349,40.292],[-58.97,39.022],[-56.928,32.265],[-32.625,-48.492],[-32.6,-48.492],[-23.327,-46.94],[5.585,-41.93]],"c":true},"ix":2},"nm":"Path 1","mn":"ADBE Vector Shape - Group","hd":false},{"ty":"fl","c":{"a":0,"k":[0.957000014361,0.819999964097,0.757000014361,1],"ix":4},"o":{"a":0,"k":100,"ix":5},"r":1,"bm":0,"nm":"Fill 1","mn":"ADBE Vector Graphic - Fill","hd":false},{"ty":"tr","p":{"a":0,"k":[458.701,535.875],"ix":2},"a":{"a":0,"k":[0,0],"ix":1},"s":{"a":0,"k":[100,100],"ix":3},"r":{"a":0,"k":0,"ix":6},"o":{"a":0,"k":100,"ix":7},"sk":{"a":0,"k":0,"ix":4},"sa":{"a":0,"k":0,"ix":5},"nm":"Transform"}],"nm":"Group 1","np":2,"cix":2,"bm":0,"ix":1,"mn":"ADBE Vector Group","hd":false}],"ip":0,"op":240,"st":0,"bm":0},{"ddd":0,"ind":27,"ty":4,"nm":"body","sr":1,"ks":{"o":{"a":0,"k":100,"ix":11},"r":{"a":0,"k":0,"ix":10},"p":{"a":0,"k":[399.326,555.004,0],"ix":2},"a":{"a":0,"k":[355.025,520.759,0],"ix":1},"s":{"a":0,"k":[106,106,100],"ix":6}},"ao":0,"shapes":[{"ty":"gr","it":[{"ind":0,"ty":"sh","ix":1,"ks":{"a":0,"k":{"i":[[0,-25.644],[25.644,0],[0,25.644],[-25.644,0]],"o":[[0,25.644],[-25.644,0],[0,-25.644],[25.644,0]],"v":[[46.433,0],[0,46.433],[-46.433,0],[0,-46.433]],"c":true},"ix":2},"nm":"Path 1","mn":"ADBE Vector Shape - Group","hd":false},{"ty":"fl","c":{"a":0,"k":[0.957000014361,0.819999964097,0.757000014361,1],"ix":4},"o":{"a":0,"k":100,"ix":5},"r":1,"bm":0,"nm":"Fill 1","mn":"ADBE Vector Graphic - Fill","hd":false},{"ty":"tr","p":{"a":0,"k":[405.022,528.769],"ix":2},"a":{"a":0,"k":[0,0],"ix":1},"s":{"a":0,"k":[100,100],"ix":3},"r":{"a":0,"k":0,"ix":6},"o":{"a":0,"k":100,"ix":7},"sk":{"a":0,"k":0,"ix":4},"sa":{"a":0,"k":0,"ix":5},"nm":"Transform"}],"nm":"Group 1","np":2,"cix":2,"bm":0,"ix":1,"mn":"ADBE Vector Group","hd":false},{"ty":"gr","it":[{"ind":0,"ty":"sh","ix":1,"ks":{"a":0,"k":{"i":[[17.962,-15.176],[1.649,-0.867],[2.737,-0.392],[1.796,0.11],[1.429,0.086],[6.439,-0.208],[6.501,-0.806],[28.104,34.214],[-26.882,2.444],[-21.995,-7.331],[-10.997,-2.444],[-0.33,-0.245],[-0.843,-4.082]],"o":[[-1.454,1.234],[-2.334,1.246],[-1.65,0.232],[-1.527,-0.098],[-11.254,-0.586],[-14.358,0.464],[-13.392,1.674],[-28.104,-34.213],[26.882,-2.444],[21.994,7.332],[0.355,0.074],[1.503,1.161],[3.714,17.852]],"v":[[76.211,49.53],[71.544,52.695],[63.931,55.176],[58.774,55.371],[54.327,55.114],[28.288,54.65],[2.566,57.815],[-69.527,6.494],[-60.973,-57.045],[28.227,-52.158],[89.322,-32.607],[90.349,-32.118],[93.917,-23.992]],"c":true},"ix":2},"nm":"Path 1","mn":"ADBE Vector Shape - Group","hd":false},{"ty":"fl","c":{"a":0,"k":[0.957000014361,0.819999964097,0.757000014361,1],"ix":4},"o":{"a":0,"k":100,"ix":5},"r":1,"bm":0,"nm":"Fill 1","mn":"ADBE Vector Graphic - Fill","hd":false},{"ty":"tr","p":{"a":0,"k":[345.026,521.053],"ix":2},"a":{"a":0,"k":[0,0],"ix":1},"s":{"a":0,"k":[100,100],"ix":3},"r":{"a":0,"k":0,"ix":6},"o":{"a":0,"k":100,"ix":7},"sk":{"a":0,"k":0,"ix":4},"sa":{"a":0,"k":0,"ix":5},"nm":"Transform"}],"nm":"Group 2","np":2,"cix":2,"bm":0,"ix":2,"mn":"ADBE Vector Group","hd":false}],"ip":0,"op":240,"st":0,"bm":0},{"ddd":0,"ind":28,"ty":4,"nm":"hand_1","sr":1,"ks":{"o":{"a":0,"k":100,"ix":11},"r":{"a":0,"k":0,"ix":10},"p":{"a":0,"k":[243.793,674.331,0],"ix":2},"a":{"a":0,"k":[208.295,633.332,0],"ix":1},"s":{"a":0,"k":[106,106,100],"ix":6}},"ao":0,"shapes":[{"ty":"gr","it":[{"ind":0,"ty":"sh","ix":1,"ks":{"a":0,"k":{"i":[[-0.02,-6.639],[7.256,-0.077],[8.346,0.352],[0.03,0.948],[-1.317,1.476],[-0.975,1.931],[-1.281,1.778],[-5.241,-1.716],[-3.169,-1.788]],"o":[[0.012,3.794],[-7.711,0.081],[-5.589,-0.235],[-2.261,-0.348],[2.044,-2.292],[0.976,-1.932],[2.064,-2.866],[5.242,1.715],[3.17,1.787]],"v":[[25.526,2.041],[18.299,11.602],[-18.613,13.23],[-21.964,5.756],[-23.182,0.08],[-24.257,-5.024],[-24.274,-10.716],[-5.618,-11.859],[13.909,-7.823]],"c":true},"ix":2},"nm":"Path 1","mn":"ADBE Vector Shape - Group","hd":false},{"ty":"fl","c":{"a":0,"k":[0.902000038297,0.752999997606,0.681999954523,1],"ix":4},"o":{"a":0,"k":100,"ix":5},"r":1,"bm":0,"nm":"Fill 1","mn":"ADBE Vector Graphic - Fill","hd":false},{"ty":"tr","p":{"a":0,"k":[207.87,633.211],"ix":2},"a":{"a":0,"k":[0,0],"ix":1},"s":{"a":0,"k":[100,100],"ix":3},"r":{"a":0,"k":0,"ix":6},"o":{"a":0,"k":100,"ix":7},"sk":{"a":0,"k":0,"ix":4},"sa":{"a":0,"k":0,"ix":5},"nm":"Transform"}],"nm":"Group 1","np":2,"cix":2,"bm":0,"ix":1,"mn":"ADBE Vector Group","hd":false}],"ip":0,"op":240,"st":0,"bm":0},{"ddd":0,"ind":29,"ty":4,"nm":"forearm_1","sr":1,"ks":{"o":{"a":0,"k":100,"ix":11},"r":{"a":0,"k":0,"ix":10},"p":{"a":0,"k":[324.53,666.043,0],"ix":2},"a":{"a":0,"k":[284.462,625.513,0],"ix":1},"s":{"a":0,"k":[106,106,100],"ix":6}},"ao":0,"shapes":[{"ty":"gr","it":[{"ind":0,"ty":"sh","ix":1,"ks":{"a":0,"k":{"i":[[8.541,-0.939],[0.869,8.143],[-8.54,0.938],[-0.87,-8.143]],"o":[[-8.54,0.939],[-0.869,-8.143],[8.54,-0.94],[0.868,8.142]],"v":[[1.573,14.744],[-15.463,1.701],[-1.573,-14.742],[15.464,-1.699]],"c":true},"ix":2},"nm":"Path 1","mn":"ADBE Vector Shape - Group","hd":false},{"ty":"fl","c":{"a":0,"k":[0.902000038297,0.752999997606,0.681999954523,1],"ix":4},"o":{"a":0,"k":100,"ix":5},"r":1,"bm":0,"nm":"Fill 1","mn":"ADBE Vector Graphic - Fill","hd":false},{"ty":"tr","p":{"a":0,"k":[334.872,621.89],"ix":2},"a":{"a":0,"k":[0,0],"ix":1},"s":{"a":0,"k":[100,100],"ix":3},"r":{"a":0,"k":0,"ix":6},"o":{"a":0,"k":100,"ix":7},"sk":{"a":0,"k":0,"ix":4},"sa":{"a":0,"k":0,"ix":5},"nm":"Transform"}],"nm":"Group 1","np":2,"cix":2,"bm":0,"ix":1,"mn":"ADBE Vector Group","hd":false},{"ty":"gr","it":[{"ind":0,"ty":"sh","ix":1,"ks":{"a":0,"k":{"i":[[0.281,16.859],[17.211,-1.214],[26.069,-9.828],[5.137,-10.509],[-30.001,2.305]],"o":[[-0.231,-13.833],[-18.72,1.321],[-26.069,9.828],[-5.137,10.51],[30.001,-2.304]],"v":[[68.483,3.224],[52.505,-18.869],[1.275,-10.251],[-64.579,7.928],[-15.585,17.458]],"c":true},"ix":2},"nm":"Path 1","mn":"ADBE Vector Shape - Group","hd":false},{"ty":"fl","c":{"a":0,"k":[0.902000038297,0.752999997606,0.681999954523,1],"ix":4},"o":{"a":0,"k":100,"ix":5},"r":1,"bm":0,"nm":"Fill 1","mn":"ADBE Vector Graphic - Fill","hd":false},{"ty":"tr","p":{"a":0,"k":[282.856,625.788],"ix":2},"a":{"a":0,"k":[0,0],"ix":1},"s":{"a":0,"k":[100,100],"ix":3},"r":{"a":0,"k":0,"ix":6},"o":{"a":0,"k":100,"ix":7},"sk":{"a":0,"k":0,"ix":4},"sa":{"a":0,"k":0,"ix":5},"nm":"Transform"}],"nm":"Group 2","np":2,"cix":2,"bm":0,"ix":2,"mn":"ADBE Vector Group","hd":false}],"ip":0,"op":240,"st":0,"bm":0},{"ddd":0,"ind":30,"ty":4,"nm":"arm_1","sr":1,"ks":{"o":{"a":0,"k":100,"ix":11},"r":{"a":0,"k":0,"ix":10},"p":{"a":0,"k":[362.776,599.212,0],"ix":2},"a":{"a":0,"k":[320.543,562.464,0],"ix":1},"s":{"a":0,"k":[106,106,100],"ix":6}},"ao":0,"shapes":[{"ty":"gr","it":[{"ind":0,"ty":"sh","ix":1,"ks":{"a":0,"k":{"i":[[24.636,-6.842],[-11.25,-20.381],[-5.82,-13.928],[-9.342,9.813],[5.282,16.316]],"o":[[-14.589,4.052],[11.249,20.381],[2.654,6.349],[9.97,-10.471],[-5.281,-16.317]],"v":[[-23.864,-75.364],[-21.939,-8.641],[-0.23,58.839],[28.483,72.393],[14.126,-20.417]],"c":true},"ix":2},"nm":"Path 1","mn":"ADBE Vector Shape - Group","hd":false},{"ty":"fl","c":{"a":0,"k":[0.902000038297,0.752999997606,0.681999954523,1],"ix":4},"o":{"a":0,"k":100,"ix":5},"r":1,"bm":0,"nm":"Fill 1","mn":"ADBE Vector Graphic - Fill","hd":false},{"ty":"tr","p":{"a":0,"k":[321.267,562.807],"ix":2},"a":{"a":0,"k":[0,0],"ix":1},"s":{"a":0,"k":[100,100],"ix":3},"r":{"a":0,"k":0,"ix":6},"o":{"a":0,"k":100,"ix":7},"sk":{"a":0,"k":0,"ix":4},"sa":{"a":0,"k":0,"ix":5},"nm":"Transform"}],"nm":"Group 1","np":2,"cix":2,"bm":0,"ix":1,"mn":"ADBE Vector Group","hd":false}],"ip":0,"op":240,"st":0,"bm":0}],"markers":[]}