{"v":"5.6.3","fr":60,"ip":0,"op":180,"w":1100,"h":1100,"nm":"Modified Cobra Stretch","ddd":0,"assets":[],"layers":[{"ddd":0,"ind":1,"ty":4,"nm":"hand_shadow","sr":1,"ks":{"o":{"a":0,"k":100,"ix":11},"r":{"a":0,"k":0,"ix":10},"p":{"a":0,"k":[799.088,817.584,0],"ix":2},"a":{"a":0,"k":[759.088,753.584,0],"ix":1},"s":{"a":0,"k":[100,100,100],"ix":6}},"ao":0,"shapes":[{"ty":"gr","it":[{"ind":0,"ty":"sh","ix":1,"ks":{"a":0,"k":{"i":[[0,0],[-4.031,-1.97],[-5.063,-2.625],[-2.25,-1.032],[-2.344,-1.125],[0,0],[2.625,1.125],[3.844,2.036],[1.594,0.47]],"o":[[0,0],[4.032,1.967],[5.062,2.625],[2.25,1.032],[2.344,1.125],[0,0],[-2.625,-1.125],[-3.844,-2.033],[-1.593,-0.469]],"v":[[-29.963,-15.227],[-20.682,-9.882],[2.756,0.336],[20.756,10.461],[24.881,14.023],[29.963,15.227],[25.35,11.493],[6.787,0.962],[-15.807,-9.227]],"c":true},"ix":2},"nm":"Path 1","mn":"ADBE Vector Shape - Group","hd":false},{"ty":"fl","c":{"a":0,"k":[0.804000016755,0.560999971278,0.458999992819,1],"ix":4},"o":{"a":0,"k":100,"ix":5},"r":1,"bm":0,"nm":"Fill 1","mn":"ADBE Vector Graphic - Fill","hd":false},{"ty":"tr","p":{"a":0,"k":[768.651,748.983],"ix":2},"a":{"a":0,"k":[0,0],"ix":1},"s":{"a":0,"k":[100,100],"ix":3},"r":{"a":0,"k":0,"ix":6},"o":{"a":0,"k":100,"ix":7},"sk":{"a":0,"k":0,"ix":4},"sa":{"a":0,"k":0,"ix":5},"nm":"Transform"}],"nm":"Group 1","np":2,"cix":2,"bm":0,"ix":1,"mn":"ADBE Vector Group","hd":false},{"ty":"gr","it":[{"ind":0,"ty":"sh","ix":1,"ks":{"a":0,"k":{"i":[[0,0],[-2.907,-2.437],[-5.907,-3],[-3.469,-1.593],[-2.625,-1.594],[-0.657,-1.031],[0,0],[0,0],[3,1.968],[3.984,2.25],[2.812,1.78]],"o":[[0,0],[2.906,2.438],[5.906,3],[3.469,1.594],[2.625,1.595],[0.656,1.032],[0,0],[0,0],[-3,-1.968],[-3.985,-2.25],[-2.813,-1.782]],"v":[[-30.515,-16.078],[-22.452,-9.703],[-2.671,-1.922],[13.079,5.953],[21.985,10.922],[27.423,13.828],[27.423,16.078],[30.516,14.86],[24.704,9.985],[0.001,-2.108],[-20.202,-10.358]],"c":true},"ix":2},"nm":"Path 1","mn":"ADBE Vector Shape - Group","hd":false},{"ty":"fl","c":{"a":0,"k":[0.804000016755,0.560999971278,0.458999992819,1],"ix":4},"o":{"a":0,"k":100,"ix":5},"r":1,"bm":0,"nm":"Fill 1","mn":"ADBE Vector Graphic - Fill","hd":false},{"ty":"tr","p":{"a":0,"k":[761.797,755.178],"ix":2},"a":{"a":0,"k":[0,0],"ix":1},"s":{"a":0,"k":[100,100],"ix":3},"r":{"a":0,"k":0,"ix":6},"o":{"a":0,"k":100,"ix":7},"sk":{"a":0,"k":0,"ix":4},"sa":{"a":0,"k":0,"ix":5},"nm":"Transform"}],"nm":"Group 2","np":2,"cix":2,"bm":0,"ix":2,"mn":"ADBE Vector Group","hd":false},{"ty":"gr","it":[{"ind":0,"ty":"sh","ix":1,"ks":{"a":0,"k":{"i":[[0,0],[-1.5,-1.689],[-5.812,-2.439],[-3.375,-2.061],[-0.452,-1.125],[0,0],[0,0],[2.157,1.217],[4.031,1.03],[2.344,1.219]],"o":[[0,0],[1.5,1.686],[5.812,2.436],[3.375,2.064],[0.454,1.125],[0,0],[0,0],[-2.156,-1.22],[-4.032,-1.032],[-2.344,-1.217]],"v":[[-27.001,-13.969],[-18.471,-6.374],[-5.251,-2.624],[16.124,6.563],[22.607,9.281],[22.607,11.438],[27.002,13.969],[23.529,7.501],[-3.657,-4.124],[-16.876,-8.531]],"c":true},"ix":2},"nm":"Path 1","mn":"ADBE Vector Shape - Group","hd":false},{"ty":"fl","c":{"a":0,"k":[0.804000016755,0.560999971278,0.458999992819,1],"ix":4},"o":{"a":0,"k":100,"ix":5},"r":1,"bm":0,"nm":"Fill 1","mn":"ADBE Vector Graphic - Fill","hd":false},{"ty":"tr","p":{"a":0,"k":[746.564,759.443],"ix":2},"a":{"a":0,"k":[0,0],"ix":1},"s":{"a":0,"k":[100,100],"ix":3},"r":{"a":0,"k":0,"ix":6},"o":{"a":0,"k":100,"ix":7},"sk":{"a":0,"k":0,"ix":4},"sa":{"a":0,"k":0,"ix":5},"nm":"Transform"}],"nm":"Group 3","np":2,"cix":2,"bm":0,"ix":3,"mn":"ADBE Vector Group","hd":false}],"ip":0,"op":180,"st":0,"bm":0},{"ddd":0,"ind":2,"ty":4,"nm":"hand","sr":1,"ks":{"o":{"a":0,"k":100,"ix":11},"r":{"a":0,"k":0,"ix":10},"p":{"a":0,"k":[779.777,813.946,0],"ix":2},"a":{"a":0,"k":[739.777,749.946,0],"ix":1},"s":{"a":0,"k":[100,100,100],"ix":6}},"ao":0,"shapes":[{"ty":"gr","it":[{"ind":0,"ty":"sh","ix":1,"ks":{"a":0,"k":{"i":[[-5.344,19.688],[-7.826,0.564],[0,0],[0,0],[-2.25,-1.969],[0,0],[-1.688,-0.843],[0,0],[-0.282,-3.375],[0,0],[5.062,-0.28],[0,0],[5.625,0.856],[6.471,0.281],[0,0],[9.048,1.125]],"o":[[1.746,-6.435],[7.826,-0.561],[0,0],[0,0],[2.25,1.97],[0,0],[1.687,0.843],[0,0],[0.281,3.375],[0,0],[-5.063,0.281],[0,0],[-5.625,-0.859],[-6.472,-0.28],[0,0],[-9.049,-1.125]],"v":[[-56.812,-16.399],[-37.224,-25.536],[3.376,-20.054],[10.126,-16.399],[26.157,-16.399],[26.157,-8.524],[57.657,5.539],[57.657,11.726],[61.876,16.507],[52.988,20.726],[44.157,25.226],[31.516,21.289],[23.907,25.241],[2.535,18.476],[-7.874,17.632],[-31.169,13.976]],"c":true},"ix":2},"nm":"Path 1","mn":"ADBE Vector Shape - Group","hd":false},{"ty":"fl","c":{"a":0,"k":[0.847000002394,0.607999973671,0.501999978458,1],"ix":4},"o":{"a":0,"k":100,"ix":5},"r":1,"bm":0,"nm":"Fill 1","mn":"ADBE Vector Graphic - Fill","hd":false},{"ty":"tr","p":{"a":0,"k":[737.656,750.061],"ix":2},"a":{"a":0,"k":[0,0],"ix":1},"s":{"a":0,"k":[100,100],"ix":3},"r":{"a":0,"k":0,"ix":6},"o":{"a":0,"k":100,"ix":7},"sk":{"a":0,"k":0,"ix":4},"sa":{"a":0,"k":0,"ix":5},"nm":"Transform"}],"nm":"Group 1","np":2,"cix":2,"bm":0,"ix":1,"mn":"ADBE Vector Group","hd":false}],"ip":0,"op":180,"st":0,"bm":0},{"ddd":0,"ind":3,"ty":4,"nm":"forearm","sr":1,"ks":{"o":{"a":0,"k":100,"ix":11},"r":{"a":0,"k":0,"ix":10},"p":{"a":0,"k":[667.463,774.67,0],"ix":2},"a":{"a":0,"k":[627.463,710.67,0],"ix":1},"s":{"a":0,"k":[100,100,100],"ix":6}},"ao":0,"shapes":[{"ty":"gr","it":[{"ind":0,"ty":"sh","ix":1,"ks":{"a":0,"k":{"i":[[-19.808,-32.557],[-1.522,-0.41],[-26.533,-0.389],[-6.249,7.226],[11.016,3.939],[18.637,8.238],[29.911,10.413]],"o":[[3.247,5.338],[25.889,6.881],[6.432,0.089],[4.501,-5.203],[-27.505,-9.831],[-13.239,-5.851],[-16.514,-5.749]],"v":[[-69.795,2.873],[-22.688,24.738],[56.507,37.269],[85.102,36.644],[78.444,13.769],[32.741,-8.19],[-38.274,-38.12]],"c":true},"ix":2},"nm":"Path 1","mn":"ADBE Vector Shape - Group","hd":false},{"ty":"fl","c":{"a":0,"k":[0.847000002394,0.607999973671,0.501999978458,1],"ix":4},"o":{"a":0,"k":100,"ix":5},"r":1,"bm":0,"nm":"Fill 1","mn":"ADBE Vector Graphic - Fill","hd":false},{"ty":"tr","p":{"a":0,"k":[621.384,710.331],"ix":2},"a":{"a":0,"k":[0,0],"ix":1},"s":{"a":0,"k":[100,100],"ix":3},"r":{"a":0,"k":0,"ix":6},"o":{"a":0,"k":100,"ix":7},"sk":{"a":0,"k":0,"ix":4},"sa":{"a":0,"k":0,"ix":5},"nm":"Transform"}],"nm":"Group 1","np":2,"cix":2,"bm":0,"ix":1,"mn":"ADBE Vector Group","hd":false}],"ip":0,"op":180,"st":0,"bm":0},{"ddd":0,"ind":4,"ty":4,"nm":"arm_shadow","sr":1,"ks":{"o":{"a":0,"k":100,"ix":11},"r":{"a":0,"k":0,"ix":10},"p":{"a":0,"k":[638.696,743.916,0],"ix":2},"a":{"a":0,"k":[598.696,679.916,0],"ix":1},"s":{"a":0,"k":[100,100,100],"ix":6}},"ao":0,"shapes":[{"ty":"gr","it":[{"ind":0,"ty":"sh","ix":1,"ks":{"a":0,"k":{"i":[[5.41,-2.53],[-11.631,-5.187],[0,0],[0,0],[12.928,0.016]],"o":[[0,0],[11.63,5.183],[0,0],[0,0],[-12.927,-0.019]],"v":[[-24,-3.551],[-1.439,-1.703],[17.28,6.89],[23.999,-0.567],[0.121,-6.168]],"c":true},"ix":2},"nm":"Path 1","mn":"ADBE Vector Shape - Group","hd":false},{"ty":"fl","c":{"a":0,"k":[0.804000016755,0.560999971278,0.458999992819,1],"ix":4},"o":{"a":0,"k":100,"ix":5},"r":1,"bm":0,"nm":"Fill 1","mn":"ADBE Vector Graphic - Fill","hd":false},{"ty":"tr","p":{"a":0,"k":[598.696,679.556],"ix":2},"a":{"a":0,"k":[0,0],"ix":1},"s":{"a":0,"k":[100,100],"ix":3},"r":{"a":0,"k":0,"ix":6},"o":{"a":0,"k":100,"ix":7},"sk":{"a":0,"k":0,"ix":4},"sa":{"a":0,"k":0,"ix":5},"nm":"Transform"}],"nm":"Group 1","np":2,"cix":2,"bm":0,"ix":1,"mn":"ADBE Vector Group","hd":false}],"ip":0,"op":180,"st":0,"bm":0},{"ddd":0,"ind":5,"ty":4,"nm":"arm","sr":1,"ks":{"o":{"a":0,"k":100,"ix":11},"r":{"a":0,"k":0,"ix":10},"p":{"a":0,"k":[665.436,685.408,0],"ix":2},"a":{"a":0,"k":[625.436,621.408,0],"ix":1},"s":{"a":0,"k":[100,100,100],"ix":6}},"ao":0,"shapes":[{"ty":"gr","it":[{"ind":0,"ty":"sh","ix":1,"ks":{"a":0,"k":{"i":[[-10.415,-7.875],[-0.769,-13.411],[13.887,-13.857],[6.459,-3.229],[13.262,-19.44],[33.609,7.311],[-3.554,9.991],[-16.19,32.208],[-5.107,11.574],[-6.972,12.572],[-16.703,4.573]],"o":[[12.215,9.235],[0.765,13.319],[-5.849,5.836],[-3.375,1.688],[-18.338,26.879],[-10.534,-2.292],[1.419,-3.993],[10.916,-21.716],[5.79,-13.117],[7.513,-13.543],[10.56,-2.89]],"v":[[64.416,-92.391],[81.853,-56.952],[60.546,-10.267],[25.322,11.109],[3.103,48.831],[-67.068,92.955],[-79.064,65.297],[-59.334,1.548],[-32.897,-32.96],[-16.303,-61.453],[21.385,-95.484]],"c":true},"ix":2},"nm":"Path 1","mn":"ADBE Vector Shape - Group","hd":false},{"ty":"fl","c":{"a":0,"k":[0.847000002394,0.607999973671,0.501999978458,1],"ix":4},"o":{"a":0,"k":100,"ix":5},"r":1,"bm":0,"nm":"Fill 1","mn":"ADBE Vector Graphic - Fill","hd":false},{"ty":"tr","p":{"a":0,"k":[624.584,623.271],"ix":2},"a":{"a":0,"k":[0,0],"ix":1},"s":{"a":0,"k":[100,100],"ix":3},"r":{"a":0,"k":0,"ix":6},"o":{"a":0,"k":100,"ix":7},"sk":{"a":0,"k":0,"ix":4},"sa":{"a":0,"k":0,"ix":5},"nm":"Transform"}],"nm":"Group 1","np":2,"cix":2,"bm":0,"ix":1,"mn":"ADBE Vector Group","hd":false}],"ip":0,"op":180,"st":0,"bm":0},{"ddd":0,"ind":6,"ty":4,"nm":"hair","sr":1,"ks":{"o":{"a":0,"k":100,"ix":11},"r":{"a":0,"k":0,"ix":10},"p":{"a":0,"k":[792.563,476.344,0],"ix":2},"a":{"a":0,"k":[752.563,412.344,0],"ix":1},"s":{"a":0,"k":[100,100,100],"ix":6}},"ao":0,"shapes":[{"ty":"gr","it":[{"ind":0,"ty":"sh","ix":1,"ks":{"a":0,"k":{"i":[[-0.009,0.194],[-23.761,6.922],[-15.687,-2.453],[-2.177,0.327],[-1.637,0.254],[-1.001,-0.538],[-1.795,0.134],[0,0],[-2.469,-1.363],[-1.981,-0.608],[-0.43,0.532],[-0.296,-0.461],[-0.548,-0.248],[-0.116,0.53],[-0.221,-0.335],[-0.298,0.384],[-0.095,-0.878],[-0.084,-0.152],[-0.658,0.199],[-0.437,-1.392],[-0.075,-0.105],[0.023,-0.044],[-0.684,-0.127],[0.162,1.234],[-0.371,-1.141],[-0.163,-1.299],[6.387,-3.123],[11.492,-3.094],[5.317,0.162],[0.12,-0.987],[-0.019,-0.453],[0.862,-0.57],[0.153,-1.812],[-0.065,-2.359],[1.265,-8.719],[6.8,3.95],[1.582,0.424],[0.683,4.205],[4.967,0.609],[2.732,-3.322],[0.592,-5.19],[2.126,-6.053],[0.906,-0.874],[0.839,2.41],[0.847,2.13],[1.201,2.136],[2.303,4.334],[-0.282,7.876]],"o":[[1.149,-24.174],[14.882,-4.335],[2.168,0.339],[1.638,-0.246],[1.119,-0.173],[1.583,0.849],[1.796,-0.134],[0,0],[1.796,0.991],[0.559,-0.423],[0.296,0.461],[0.306,0.479],[0.548,0.249],[0.221,0.334],[0.3,-0.385],[0.098,0.877],[0.02,0.168],[0.329,0.575],[0.009,0.941],[0.076,0.105],[-0.017,0.024],[0.265,0.528],[1.883,0.35],[0.147,1.124],[0.412,1.262],[0.839,6.661],[-4.375,2.139],[-11.529,3.103],[-1.057,-0.033],[-0.054,0.447],[0.046,1.073],[-1.532,1.012],[-0.201,2.355],[0.197,7.264],[-0.911,6.276],[-2.37,0.223],[-0.204,-1.118],[-1.036,-6.399],[-4.746,-0.581],[-3.471,4.221],[-0.737,6.439],[-0.415,1.183],[-2.292,2.211],[-0.749,-2.151],[-0.903,-2.266],[-2.406,-4.281],[-3.783,-7.123],[0.006,-0.194]],"v":[[-64.677,1.753],[-21.297,-50.883],[11.132,-53.074],[18.754,-51.822],[22.659,-54.383],[25.821,-53.272],[31.061,-52.162],[38.898,-53.447],[43.063,-47.602],[49.017,-45.91],[50.527,-47.325],[51.414,-45.943],[52.609,-44.707],[54.076,-45.16],[54.738,-44.157],[55.636,-45.31],[55.927,-42.677],[56.052,-42.184],[57.96,-41.916],[58.052,-37.602],[58.28,-37.284],[58.222,-37.177],[59.594,-36.127],[61.669,-39.375],[63.284,-35.689],[64.143,-31.837],[55.999,-14.661],[39.119,-14.203],[23.693,-9.481],[18.436,-13.229],[16.4,-13.681],[13.011,-13.718],[10.801,-8.617],[10.33,-4.268],[8.502,14.717],[1.752,27.373],[-5.27,24.396],[-5.778,21.258],[-20.398,9.743],[-29.851,16.631],[-34.116,31.592],[-39.357,50.035],[-41.12,53.316],[-46.721,51.025],[-48.706,44.527],[-51.919,37.938],[-59.403,25.24],[-64.7,2.337]],"c":true},"ix":2},"nm":"Path 1","mn":"ADBE Vector Shape - Group","hd":false},{"ty":"fl","c":{"a":0,"k":[0.26699999641,0.172999991623,0.144999994016,1],"ix":4},"o":{"a":0,"k":100,"ix":5},"r":1,"bm":0,"nm":"Fill 1","mn":"ADBE Vector Graphic - Fill","hd":false},{"ty":"tr","p":{"a":0,"k":[752.779,412.524],"ix":2},"a":{"a":0,"k":[0,0],"ix":1},"s":{"a":0,"k":[100,100],"ix":3},"r":{"a":0,"k":0,"ix":6},"o":{"a":0,"k":100,"ix":7},"sk":{"a":0,"k":0,"ix":4},"sa":{"a":0,"k":0,"ix":5},"nm":"Transform"}],"nm":"Group 1","np":2,"cix":2,"bm":0,"ix":1,"mn":"ADBE Vector Group","hd":false}],"ip":0,"op":180,"st":0,"bm":0},{"ddd":0,"ind":7,"ty":4,"nm":"head_shadow","sr":1,"ks":{"o":{"a":0,"k":100,"ix":11},"r":{"a":0,"k":0,"ix":10},"p":{"a":0,"k":[758.9,519.58,0],"ix":2},"a":{"a":0,"k":[718.9,455.58,0],"ix":1},"s":{"a":0,"k":[100,100,100],"ix":6}},"ao":0,"shapes":[{"ty":"gr","it":[{"ind":0,"ty":"sh","ix":1,"ks":{"a":0,"k":{"i":[[-0.663,-1.566],[-5.657,-6.347],[-2.022,-0.886],[-1.849,4.038],[-0.143,0.004],[2.472,2.221],[0.596,3.464],[0.355,1.574],[0.813,1.655],[2.147,2.426],[4.144,0.419],[0.687,-0.954],[0.088,-1.429],[-0.24,-1.18],[-0.665,-1.181]],"o":[[3.261,7.711],[1.459,1.636],[4.269,1.871],[0.111,-0.243],[-3.145,0.103],[-2.471,-2.221],[-0.276,-1.593],[-0.413,-1.825],[-1.467,-2.988],[-2.946,-3.328],[-1.102,-0.112],[-0.889,1.235],[-0.071,1.164],[0.279,1.377],[0.846,1.507]],"v":[[-13.123,-6.282],[-0.031,16.426],[5.049,20.556],[16.682,16.348],[17.8,13.78],[10.148,10.733],[5.341,1.824],[4.67,-2.98],[2.625,-8.139],[-2.484,-16.585],[-13.645,-22.314],[-16.703,-21.4],[-17.091,-17.025],[-17.56,-13.514],[-15.404,-9.592]],"c":true},"ix":2},"nm":"Path 1","mn":"ADBE Vector Shape - Group","hd":false},{"ty":"fl","c":{"a":0,"k":[0.804000016755,0.560999971278,0.458999992819,1],"ix":4},"o":{"a":0,"k":100,"ix":5},"r":1,"bm":0,"nm":"Fill 1","mn":"ADBE Vector Graphic - Fill","hd":false},{"ty":"tr","p":{"a":0,"k":[718.807,456.13],"ix":2},"a":{"a":0,"k":[0,0],"ix":1},"s":{"a":0,"k":[100,100],"ix":3},"r":{"a":0,"k":0,"ix":6},"o":{"a":0,"k":100,"ix":7},"sk":{"a":0,"k":0,"ix":4},"sa":{"a":0,"k":0,"ix":5},"nm":"Transform"}],"nm":"Group 1","np":2,"cix":2,"bm":0,"ix":1,"mn":"ADBE Vector Group","hd":false}],"ip":0,"op":180,"st":0,"bm":0},{"ddd":0,"ind":8,"ty":4,"nm":"head_skin","sr":1,"ks":{"o":{"a":0,"k":100,"ix":11},"r":{"a":0,"k":0,"ix":10},"p":{"a":0,"k":[810.273,500.934,0],"ix":2},"a":{"a":0,"k":[770.273,436.934,0],"ix":1},"s":{"a":0,"k":[100,100,100],"ix":6}},"ao":0,"shapes":[{"ty":"gr","it":[{"ind":0,"ty":"sh","ix":1,"ks":{"a":0,"k":{"i":[[-6.854,-17.753],[-0.546,-1.598],[-3.733,-5.593],[-11.437,-5.39],[-14.07,-1.042],[-3.345,0.547],[-0.566,3.808],[-0.255,5.643],[-0.141,0.006],[0,0],[0.001,0.001],[0.319,3.102],[0.575,3.381],[6.324,7.243],[16.45,0.482],[3.142,-8.245]],"o":[[0.596,1.567],[6.525,19.057],[1.932,2.91],[12.743,6.008],[3.368,0.25],[4.058,-0.664],[0.829,-5.583],[0.073,-1.165],[8.286,-0.35],[0,0],[-0.747,-3.024],[-0.351,-3.403],[-1.562,-9.174],[-10.335,-11.833],[-22.934,-0.672],[-4.262,18.566]],"v":[[-48.31,16.653],[-46.406,21.325],[-22.846,33.137],[-14.351,54.929],[27.199,66.671],[37.35,66.954],[43.657,59.923],[45.914,43.058],[46.464,30.441],[57.438,27.257],[46.206,1.476],[45.443,-8.245],[44.072,-18.425],[33.06,-42.618],[-8.522,-66.829],[-53.176,-38.996]],"c":true},"ix":2},"nm":"Path 1","mn":"ADBE Vector Shape - Group","hd":false},{"ty":"fl","c":{"a":0,"k":[0.847000002394,0.607999973671,0.501999978458,1],"ix":4},"o":{"a":0,"k":100,"ix":5},"r":1,"bm":0,"nm":"Fill 1","mn":"ADBE Vector Graphic - Fill","hd":false},{"ty":"tr","p":{"a":0,"k":[769.221,436.766],"ix":2},"a":{"a":0,"k":[0,0],"ix":1},"s":{"a":0,"k":[100,100],"ix":3},"r":{"a":0,"k":0,"ix":6},"o":{"a":0,"k":100,"ix":7},"sk":{"a":0,"k":0,"ix":4},"sa":{"a":0,"k":0,"ix":5},"nm":"Transform"}],"nm":"Group 1","np":2,"cix":2,"bm":0,"ix":1,"mn":"ADBE Vector Group","hd":false}],"ip":0,"op":180,"st":0,"bm":0},{"ddd":0,"ind":9,"ty":4,"nm":"neck_shadow","sr":1,"ks":{"o":{"a":0,"k":100,"ix":11},"r":{"a":0,"k":0,"ix":10},"p":{"a":0,"k":[784.438,562.798,0],"ix":2},"a":{"a":0,"k":[744.438,498.798,0],"ix":1},"s":{"a":0,"k":[100,100,100],"ix":6}},"ao":0,"shapes":[{"ty":"gr","it":[{"ind":0,"ty":"sh","ix":1,"ks":{"a":0,"k":{"i":[[0,0],[-7.031,-16.874],[0,0],[-3.937,7.594],[-1.929,-3.516],[0,0],[-0.162,0.453],[0,0]],"o":[[0,0],[7.031,16.875],[0,0],[3.938,-7.594],[1.929,3.516],[0,0],[0.162,-0.454],[0,0]],"v":[[-22.224,-32.766],[-16.599,-17.579],[-2.537,28.828],[0.557,10.265],[17.424,11.873],[15.464,34.453],[23.468,14.198],[11.873,-5.709]],"c":true},"ix":2},"nm":"Path 1","mn":"ADBE Vector Shape - Group","hd":false},{"ty":"fl","c":{"a":0,"k":[0.804000016755,0.560999971278,0.458999992819,1],"ix":4},"o":{"a":0,"k":100,"ix":5},"r":1,"bm":0,"nm":"Fill 1","mn":"ADBE Vector Graphic - Fill","hd":false},{"ty":"tr","p":{"a":0,"k":[748.349,505.71],"ix":2},"a":{"a":0,"k":[0,0],"ix":1},"s":{"a":0,"k":[100,100],"ix":3},"r":{"a":0,"k":0,"ix":6},"o":{"a":0,"k":100,"ix":7},"sk":{"a":0,"k":0,"ix":4},"sa":{"a":0,"k":0,"ix":5},"nm":"Transform"}],"nm":"Group 1","np":2,"cix":2,"bm":0,"ix":1,"mn":"ADBE Vector Group","hd":false},{"ty":"gr","it":[{"ind":0,"ty":"sh","ix":1,"ks":{"a":0,"k":{"i":[[0,0],[-0.298,-15.944],[0,0],[0.215,5.703],[1.236,6.907]],"o":[[0,0],[0.298,15.943],[0,0],[-0.217,-5.704],[-1.238,-6.908]],"v":[[3.16,-25.451],[1.666,1.268],[6.773,37.264],[-5.534,1.633],[-5.534,-30.356]],"c":true},"ix":2},"nm":"Path 1","mn":"ADBE Vector Shape - Group","hd":false},{"ty":"fl","c":{"a":0,"k":[0.804000016755,0.560999971278,0.458999992819,1],"ix":4},"o":{"a":0,"k":100,"ix":5},"r":1,"bm":0,"nm":"Fill 1","mn":"ADBE Vector Graphic - Fill","hd":false},{"ty":"tr","p":{"a":0,"k":[715.741,489.957],"ix":2},"a":{"a":0,"k":[0,0],"ix":1},"s":{"a":0,"k":[100,100],"ix":3},"r":{"a":0,"k":0,"ix":6},"o":{"a":0,"k":100,"ix":7},"sk":{"a":0,"k":0,"ix":4},"sa":{"a":0,"k":0,"ix":5},"nm":"Transform"}],"nm":"Group 2","np":2,"cix":2,"bm":0,"ix":2,"mn":"ADBE Vector Group","hd":false},{"ty":"gr","it":[{"ind":0,"ty":"sh","ix":1,"ks":{"a":0,"k":{"i":[[-3.107,-3.181],[-7.031,-8.099],[-1.688,-0.139],[0.735,5.707],[1.456,0.093],[13.658,-14.33]],"o":[[6.446,6.597],[5.234,6.031],[2.774,-8.678],[-1.451,0.001],[-17.162,-1.142],[-2.993,3.14]],"v":[[-24.258,-12.648],[7.505,18.091],[18.184,34.427],[26.63,4.971],[25.543,7.573],[-15.482,-20.097]],"c":true},"ix":2},"nm":"Path 1","mn":"ADBE Vector Shape - Group","hd":false},{"ty":"fl","c":{"a":0,"k":[0.804000016755,0.560999971278,0.458999992819,1],"ix":4},"o":{"a":0,"k":100,"ix":5},"r":1,"bm":0,"nm":"Fill 1","mn":"ADBE Vector Graphic - Fill","hd":false},{"ty":"tr","p":{"a":0,"k":[752.089,490.008],"ix":2},"a":{"a":0,"k":[0,0],"ix":1},"s":{"a":0,"k":[100,100],"ix":3},"r":{"a":0,"k":0,"ix":6},"o":{"a":0,"k":100,"ix":7},"sk":{"a":0,"k":0,"ix":4},"sa":{"a":0,"k":0,"ix":5},"nm":"Transform"}],"nm":"Group 3","np":2,"cix":2,"bm":0,"ix":3,"mn":"ADBE Vector Group","hd":false}],"ip":0,"op":180,"st":0,"bm":0},{"ddd":0,"ind":10,"ty":4,"nm":"neck_skin","sr":1,"ks":{"o":{"a":0,"k":100,"ix":11},"r":{"a":0,"k":0,"ix":10},"p":{"a":0,"k":[783.655,558.393,0],"ix":2},"a":{"a":0,"k":[743.655,494.393,0],"ix":1},"s":{"a":0,"k":[100,100,100],"ix":6}},"ao":0,"shapes":[{"ty":"gr","it":[{"ind":0,"ty":"sh","ix":1,"ks":{"a":0,"k":{"i":[[-4.327,10.569],[-0.354,2.547],[-0.78,9.773],[0.535,4.578],[0.858,2.81],[8.962,7.073],[14.64,-1.464],[-1.772,-4.826],[0.217,-19.112],[-4.755,-7.723],[-2.692,-3.527]],"o":[[1.011,-2.468],[1.324,-9.418],[0.376,-4.707],[-0.331,-2.897],[-3.028,-9.803],[-9.955,-7.849],[-8.059,0.806],[2.974,8.104],[-0.103,9.004],[5.774,9.38],[12.805,16.767]],"v":[[23.083,49.569],[23.083,41.132],[36.671,1.68],[36.559,-12.28],[34.794,-20.843],[16.392,-46.741],[-22.219,-58.674],[-35.323,-39.306],[-32.99,-10.33],[-27.183,7.729],[-9.896,38.882]],"c":true},"ix":2},"nm":"Path 1","mn":"ADBE Vector Shape - Group","hd":false},{"ty":"fl","c":{"a":0,"k":[0.847000002394,0.607999973671,0.501999978458,1],"ix":4},"o":{"a":0,"k":100,"ix":5},"r":1,"bm":0,"nm":"Fill 1","mn":"ADBE Vector Graphic - Fill","hd":false},{"ty":"tr","p":{"a":0,"k":[742.979,496.218],"ix":2},"a":{"a":0,"k":[0,0],"ix":1},"s":{"a":0,"k":[100,100],"ix":3},"r":{"a":0,"k":0,"ix":6},"o":{"a":0,"k":100,"ix":7},"sk":{"a":0,"k":0,"ix":4},"sa":{"a":0,"k":0,"ix":5},"nm":"Transform"}],"nm":"Group 1","np":2,"cix":2,"bm":0,"ix":1,"mn":"ADBE Vector Group","hd":false}],"ip":0,"op":180,"st":0,"bm":0},{"ddd":0,"ind":11,"ty":4,"nm":"shirt_shadow","sr":1,"ks":{"o":{"a":0,"k":100,"ix":11},"r":{"a":0,"k":0,"ix":10},"p":{"a":0,"k":[729.091,723.648,0],"ix":2},"a":{"a":0,"k":[689.091,659.648,0],"ix":1},"s":{"a":0,"k":[100,100,100],"ix":6}},"ao":0,"shapes":[{"ty":"gr","it":[{"ind":0,"ty":"sh","ix":1,"ks":{"a":0,"k":{"i":[[0,0],[9.873,-12.64],[2.452,-1.751],[9.649,-5],[0,0],[-14.14,12],[15.75,9.319],[0,0],[0,0],[-25.846,-6.65]],"o":[[-1.749,2.337],[-9.872,12.637],[-2.451,1.75],[-9.65,5.001],[0,0],[14.14,-12],[-15.75,-9.317],[0,0],[0,0],[33.041,8.502]],"v":[[45.814,-37.822],[33.422,-12.979],[12.391,5.141],[-12.554,24.151],[-45.814,37.822],[-9.075,17.391],[-19.31,2.333],[-36.164,-26.818],[-23.81,-27.609],[-13.31,2.333]],"c":true},"ix":2},"nm":"Path 1","mn":"ADBE Vector Shape - Group","hd":false},{"ty":"fl","c":{"a":0,"k":[0.2,0.231000010173,0.277999997606,1],"ix":4},"o":{"a":0,"k":100,"ix":5},"r":1,"bm":0,"nm":"Fill 1","mn":"ADBE Vector Graphic - Fill","hd":false},{"ty":"tr","p":{"a":0,"k":[689.091,659.648],"ix":2},"a":{"a":0,"k":[0,0],"ix":1},"s":{"a":0,"k":[100,100],"ix":3},"r":{"a":0,"k":0,"ix":6},"o":{"a":0,"k":100,"ix":7},"sk":{"a":0,"k":0,"ix":4},"sa":{"a":0,"k":0,"ix":5},"nm":"Transform"}],"nm":"Group 1","np":2,"cix":2,"bm":0,"ix":1,"mn":"ADBE Vector Group","hd":false}],"ip":0,"op":180,"st":0,"bm":0},{"ddd":0,"ind":12,"ty":4,"nm":"shirt","sr":1,"ks":{"o":{"a":0,"k":100,"ix":11},"r":{"a":0,"k":0,"ix":10},"p":{"a":0,"k":[676.543,662.559,0],"ix":2},"a":{"a":0,"k":[636.543,598.559,0],"ix":1},"s":{"a":0,"k":[100,100,100],"ix":6}},"ao":0,"shapes":[{"ty":"gr","it":[{"ind":0,"ty":"sh","ix":1,"ks":{"a":0,"k":{"i":[[30.069,-24.741],[10.275,27.798],[-25.858,19.62],[-11.735,-44.467]],"o":[[-25.209,20.743],[-10.274,-27.799],[9.075,-6.886],[7.656,29.01]],"v":[[47.671,22.39],[-19.454,-1.905],[10.921,-81.86],[69.542,-54.531]],"c":true},"ix":2},"nm":"Path 1","mn":"ADBE Vector Shape - Group","hd":false},{"ind":1,"ty":"sh","ix":2,"ks":{"a":0,"k":{"i":[[0,0],[6.986,-26.755],[17.147,-18.966],[2.555,10.47],[14.294,-3.383],[35.25,-31.5],[8.625,-15.75],[0,0],[9,-53.438],[-2.458,-0.625],[-22.665,-3.335],[0,0],[-5.213,2.14],[-8.72,4.072],[-6.799,23.066]],"o":[[0,0],[-6.986,26.755],[-1.901,2.104],[-7.855,-32.196],[-23.222,5.498],[-11.249,10.053],[-4.403,8.041],[0,0],[-7.077,42.019],[2.457,0.626],[65.275,9.604],[0,0],[0,0],[9,-4.202],[6.798,-23.065]],"v":[[132.421,-60.11],[126.796,-37.985],[100.044,20.803],[91.171,-32.796],[54.046,-105.86],[-16.079,-72.485],[-43.079,-36.11],[-64.32,-18.631],[-126.704,35.515],[-121.12,83.691],[-46.829,99.64],[61.546,68.89],[73.675,59.96],[96.796,50.083],[124.921,8.89]],"c":true},"ix":2},"nm":"Path 2","mn":"ADBE Vector Shape - Group","hd":false},{"ty":"mm","mm":1,"nm":"Merge Paths 1","mn":"ADBE Vector Filter - Merge","hd":false},{"ty":"fl","c":{"a":0,"k":[0.226999993418,0.263000009574,0.317999985639,1],"ix":4},"o":{"a":0,"k":100,"ix":5},"r":1,"bm":0,"nm":"Fill 1","mn":"ADBE Vector Graphic - Fill","hd":false},{"ty":"tr","p":{"a":0,"k":[634.861,601.023],"ix":2},"a":{"a":0,"k":[0,0],"ix":1},"s":{"a":0,"k":[100,100],"ix":3},"r":{"a":0,"k":0,"ix":6},"o":{"a":0,"k":100,"ix":7},"sk":{"a":0,"k":0,"ix":4},"sa":{"a":0,"k":0,"ix":5},"nm":"Transform"}],"nm":"Group 1","np":4,"cix":2,"bm":0,"ix":1,"mn":"ADBE Vector Group","hd":false}],"ip":0,"op":180,"st":0,"bm":0},{"ddd":0,"ind":13,"ty":4,"nm":"body_shadow","sr":1,"ks":{"o":{"a":0,"k":100,"ix":11},"r":{"a":0,"k":0,"ix":10},"p":{"a":0,"k":[731.999,636.971,0],"ix":2},"a":{"a":0,"k":[691.999,572.971,0],"ix":1},"s":{"a":0,"k":[100,100,100],"ix":6}},"ao":0,"shapes":[{"ty":"gr","it":[{"ind":0,"ty":"sh","ix":1,"ks":{"a":0,"k":{"i":[[3.938,12.095],[0,0],[0.422,-4.601],[0.282,-0.686],[0.955,-0.281],[-9.281,9.228]],"o":[[0,0],[0,0],[-0.422,4.604],[-0.281,0.686],[-0.956,0.282],[9.281,-9.231]],"v":[[13.219,-35.719],[18.563,-30.938],[15.891,-3.478],[2.53,30.533],[-17.607,35.437],[1.688,9.793]],"c":true},"ix":2},"nm":"Path 1","mn":"ADBE Vector Shape - Group","hd":false},{"ty":"fl","c":{"a":0,"k":[0.804000016755,0.560999971278,0.458999992819,1],"ix":4},"o":{"a":0,"k":100,"ix":5},"r":1,"bm":0,"nm":"Fill 1","mn":"ADBE Vector Graphic - Fill","hd":false},{"ty":"tr","p":{"a":0,"k":[727.813,602.037],"ix":2},"a":{"a":0,"k":[0,0],"ix":1},"s":{"a":0,"k":[100,100],"ix":3},"r":{"a":0,"k":0,"ix":6},"o":{"a":0,"k":100,"ix":7},"sk":{"a":0,"k":0,"ix":4},"sa":{"a":0,"k":0,"ix":5},"nm":"Transform"}],"nm":"Group 1","np":2,"cix":2,"bm":0,"ix":1,"mn":"ADBE Vector Group","hd":false},{"ty":"gr","it":[{"ind":0,"ty":"sh","ix":1,"ks":{"a":0,"k":{"i":[[0,0],[4.774,4.594],[1.969,6.78],[0,0],[-6.188,-17.438]],"o":[[0,0],[-4.773,-4.592],[-1.969,-6.777],[0,0],[6.187,17.438]],"v":[[13.201,37.409],[2.436,27.143],[-5.72,-1.939],[-13.201,-37.409],[-0.001,2.534]],"c":true},"ix":2},"nm":"Path 1","mn":"ADBE Vector Shape - Group","hd":false},{"ty":"fl","c":{"a":0,"k":[0.804000016755,0.560999971278,0.458999992819,1],"ix":4},"o":{"a":0,"k":100,"ix":5},"r":1,"bm":0,"nm":"Fill 1","mn":"ADBE Vector Graphic - Fill","hd":false},{"ty":"tr","p":{"a":0,"k":[723.407,527.222],"ix":2},"a":{"a":0,"k":[0,0],"ix":1},"s":{"a":0,"k":[100,100],"ix":3},"r":{"a":0,"k":0,"ix":6},"o":{"a":0,"k":100,"ix":7},"sk":{"a":0,"k":0,"ix":4},"sa":{"a":0,"k":0,"ix":5},"nm":"Transform"}],"nm":"Group 2","np":2,"cix":2,"bm":0,"ix":2,"mn":"ADBE Vector Group","hd":false},{"ty":"gr","it":[{"ind":0,"ty":"sh","ix":1,"ks":{"a":0,"k":{"i":[[0,0],[0,0],[-3.099,7.875],[2.25,-0.984]],"o":[[0.471,1.125],[0,0],[3.101,-7.875],[-2.25,0.986]],"v":[[-7.688,-16.735],[-4.968,16.735],[4.587,0.985],[0.094,-0.001]],"c":true},"ix":2},"nm":"Path 1","mn":"ADBE Vector Shape - Group","hd":false},{"ty":"fl","c":{"a":0,"k":[0.804000016755,0.560999971278,0.458999992819,1],"ix":4},"o":{"a":0,"k":100,"ix":5},"r":1,"bm":0,"nm":"Fill 1","mn":"ADBE Vector Graphic - Fill","hd":false},{"ty":"tr","p":{"a":0,"k":[751.343,554.366],"ix":2},"a":{"a":0,"k":[0,0],"ix":1},"s":{"a":0,"k":[100,100],"ix":3},"r":{"a":0,"k":0,"ix":6},"o":{"a":0,"k":100,"ix":7},"sk":{"a":0,"k":0,"ix":4},"sa":{"a":0,"k":0,"ix":5},"nm":"Transform"}],"nm":"Group 3","np":2,"cix":2,"bm":0,"ix":3,"mn":"ADBE Vector Group","hd":false},{"ty":"gr","it":[{"ind":0,"ty":"sh","ix":1,"ks":{"a":0,"k":{"i":[[0,0],[-1.918,-20.09],[5.344,-10.969],[0,0],[0,0],[0,0],[0,0],[0,0],[0,0]],"o":[[0,0],[1.918,20.09],[-5.344,10.967],[0,0],[0,0],[0,0],[0,0],[0,0],[0,0]],"v":[[25.903,-56.858],[33.104,-14.67],[25.903,30.829],[9.416,52.267],[-18.709,56.858],[-32.773,46.642],[-35.023,29.205],[-28.834,12.56],[-17.584,-6.795]],"c":true},"ix":2},"nm":"Path 1","mn":"ADBE Vector Shape - Group","hd":false},{"ty":"fl","c":{"a":0,"k":[0.804000016755,0.560999971278,0.458999992819,1],"ix":4},"o":{"a":0,"k":100,"ix":5},"r":1,"bm":0,"nm":"Fill 1","mn":"ADBE Vector Graphic - Fill","hd":false},{"ty":"tr","p":{"a":0,"k":[662.147,599.27],"ix":2},"a":{"a":0,"k":[0,0],"ix":1},"s":{"a":0,"k":[100,100],"ix":3},"r":{"a":0,"k":0,"ix":6},"o":{"a":0,"k":100,"ix":7},"sk":{"a":0,"k":0,"ix":4},"sa":{"a":0,"k":0,"ix":5},"nm":"Transform"}],"nm":"Group 4","np":2,"cix":2,"bm":0,"ix":4,"mn":"ADBE Vector Group","hd":false}],"ip":0,"op":180,"st":0,"bm":0},{"ddd":0,"ind":14,"ty":4,"nm":"body_skin","sr":1,"ks":{"o":{"a":0,"k":100,"ix":11},"r":{"a":0,"k":0,"ix":10},"p":{"a":0,"k":[718.585,639.386,0],"ix":2},"a":{"a":0,"k":[678.585,575.386,0],"ix":1},"s":{"a":0,"k":[100,100,100],"ix":6}},"ao":0,"shapes":[{"ty":"gr","it":[{"ind":0,"ty":"sh","ix":1,"ks":{"a":0,"k":{"i":[[17.443,-15.536],[21.852,-15.86],[5.683,-22.187],[-11.507,-23.535],[-12.183,-2.747],[-20.432,20.375],[-5.365,11.766],[-5.557,18.536]],"o":[[-21.473,19.124],[-15.178,11.015],[-3.257,12.714],[11.507,23.536],[12.182,2.746],[20.431,-20.373],[5.367,-11.765],[29.246,-97.545]],"v":[[21.915,-89.628],[-44.25,-55.082],[-94.326,18.466],[-89.28,78.6],[-27.245,98.835],[22.788,84.789],[62.396,33.371],[71.541,6.269]],"c":true},"ix":2},"nm":"Path 1","mn":"ADBE Vector Shape - Group","hd":false},{"ty":"fl","c":{"a":0,"k":[0.847000002394,0.607999973671,0.501999978458,1],"ix":4},"o":{"a":0,"k":100,"ix":5},"r":1,"bm":0,"nm":"Fill 1","mn":"ADBE Vector Graphic - Fill","hd":false},{"ty":"tr","p":{"a":0,"k":[687.607,572.417],"ix":2},"a":{"a":0,"k":[0,0],"ix":1},"s":{"a":0,"k":[100,100],"ix":3},"r":{"a":0,"k":0,"ix":6},"o":{"a":0,"k":100,"ix":7},"sk":{"a":0,"k":0,"ix":4},"sa":{"a":0,"k":0,"ix":5},"nm":"Transform"}],"nm":"Group 1","np":2,"cix":2,"bm":0,"ix":1,"mn":"ADBE Vector Group","hd":false}],"ip":0,"op":180,"st":0,"bm":0},{"ddd":0,"ind":15,"ty":4,"nm":"hand_1","sr":1,"ks":{"o":{"a":0,"k":100,"ix":11},"r":{"a":0,"k":0,"ix":10},"p":{"a":0,"k":[862.505,759.16,0],"ix":2},"a":{"a":0,"k":[822.505,695.16,0],"ix":1},"s":{"a":0,"k":[100,100,100],"ix":6}},"ao":0,"shapes":[{"ty":"gr","it":[{"ind":0,"ty":"sh","ix":1,"ks":{"a":0,"k":{"i":[[-12.375,2.25],[-12,-2.525],[-7.125,-3.189],[-5.625,-2.72],[-1.875,-3.186],[3.375,-0.75],[0,0],[6.937,0.939],[0,0],[0,0],[5.438,-0.936],[0,0],[6.188,3.186]],"o":[[0.761,-0.138],[12,2.527],[7.125,3.186],[5.625,2.721],[1.875,3.189],[-3.375,0.75],[0,0],[-6.938,-0.936],[0,0],[0,0],[-5.438,0.939],[0,0],[-6.187,-3.189]],"v":[[-45.375,-21.909],[-26.625,-21.469],[2.625,-12.192],[23.625,-1.413],[55.875,16.869],[51.188,23.244],[42.938,20.994],[33.563,22.119],[-1.5,12.183],[-6.937,12.744],[-11.25,21.744],[-21.375,15.744],[-37.125,11.058]],"c":true},"ix":2},"nm":"Path 1","mn":"ADBE Vector Shape - Group","hd":false},{"ty":"fl","c":{"a":0,"k":[0.804000016755,0.560999971278,0.458999992819,1],"ix":4},"o":{"a":0,"k":100,"ix":5},"r":1,"bm":0,"nm":"Fill 1","mn":"ADBE Vector Graphic - Fill","hd":false},{"ty":"tr","p":{"a":0,"k":[819.406,694.855],"ix":2},"a":{"a":0,"k":[0,0],"ix":1},"s":{"a":0,"k":[100,100],"ix":3},"r":{"a":0,"k":0,"ix":6},"o":{"a":0,"k":100,"ix":7},"sk":{"a":0,"k":0,"ix":4},"sa":{"a":0,"k":0,"ix":5},"nm":"Transform"}],"nm":"Group 1","np":2,"cix":2,"bm":0,"ix":1,"mn":"ADBE Vector Group","hd":false}],"ip":0,"op":180,"st":0,"bm":0},{"ddd":0,"ind":16,"ty":4,"nm":"forearm_1","sr":1,"ks":{"o":{"a":0,"k":100,"ix":11},"r":{"a":0,"k":0,"ix":10},"p":{"a":0,"k":[755.796,720.127,0],"ix":2},"a":{"a":0,"k":[715.796,656.127,0],"ix":1},"s":{"a":0,"k":[100,100,100],"ix":6}},"ao":0,"shapes":[{"ty":"gr","it":[{"ind":0,"ty":"sh","ix":1,"ks":{"a":0,"k":{"i":[[-12.688,-34.521],[-29.119,-8.646],[-24.815,-1.88],[-8.79,1.76],[-3.201,0.708],[2.534,0.832],[21.937,13.155],[14.259,2.938]],"o":[[2.364,6.435],[23.733,7.045],[6.017,0.452],[1.542,-0.31],[-2.707,-0.884],[-25.599,-8.403],[-20.175,-12.102],[-23.617,-4.865]],"v":[[-67.445,2.807],[-28.15,27.193],[18.35,38.068],[68.037,37.693],[77.225,26.254],[77.6,18.666],[28.751,-6.391],[-36.81,-34.588]],"c":true},"ix":2},"nm":"Path 1","mn":"ADBE Vector Shape - Group","hd":false},{"ty":"fl","c":{"a":0,"k":[0.804000016755,0.560999971278,0.458999992819,1],"ix":4},"o":{"a":0,"k":100,"ix":5},"r":1,"bm":0,"nm":"Fill 1","mn":"ADBE Vector Graphic - Fill","hd":false},{"ty":"tr","p":{"a":0,"k":[712.369,654.72],"ix":2},"a":{"a":0,"k":[0,0],"ix":1},"s":{"a":0,"k":[100,100],"ix":3},"r":{"a":0,"k":0,"ix":6},"o":{"a":0,"k":100,"ix":7},"sk":{"a":0,"k":0,"ix":4},"sa":{"a":0,"k":0,"ix":5},"nm":"Transform"}],"nm":"Group 1","np":2,"cix":2,"bm":0,"ix":1,"mn":"ADBE Vector Group","hd":false}],"ip":0,"op":180,"st":0,"bm":0},{"ddd":0,"ind":17,"ty":4,"nm":"arm_1","sr":1,"ks":{"o":{"a":0,"k":100,"ix":11},"r":{"a":0,"k":0,"ix":10},"p":{"a":0,"k":[739.261,654.311,0],"ix":2},"a":{"a":0,"k":[699.261,590.311,0],"ix":1},"s":{"a":0,"k":[100,100,100],"ix":6}},"ao":0,"shapes":[{"ty":"gr","it":[{"ind":0,"ty":"sh","ix":1,"ks":{"a":0,"k":{"i":[[-2.726,-3.247],[1.723,-10.168],[7.619,-6.278],[5.469,-1.287],[2.845,-3.787],[15.333,-8.199],[16.202,-2.353],[5.11,7.62],[-0.762,1.776],[-17.361,21.218],[-5.932,7.575],[-7.539,7.929],[-13.649,-0.067],[-8.514,-3.772]],"o":[[7.877,9.383],[-1.712,10.098],[-14.318,11.8],[-5.194,1.223],[-10.142,13.446],[-3.377,1.806],[-8.472,1.229],[-5.462,-8.145],[1.278,-2.978],[10.088,-12.327],[6.723,-8.584],[8.123,-8.543],[8.63,0.041],[7.257,3.21]],"v":[[69.753,-52.257],[74.853,-21.148],[59.696,4.351],[24.186,20.703],[13.512,29.959],[-26.701,58.431],[-46.796,70.953],[-70.727,61.629],[-76.867,41.107],[-49.136,-6.8],[-18.994,-31.943],[-7.01,-58.317],[23.996,-72.115],[51.36,-67.279]],"c":true},"ix":2},"nm":"Path 1","mn":"ADBE Vector Shape - Group","hd":false},{"ty":"fl","c":{"a":0,"k":[0.804000016755,0.560999971278,0.458999992819,1],"ix":4},"o":{"a":0,"k":100,"ix":5},"r":1,"bm":0,"nm":"Fill 1","mn":"ADBE Vector Graphic - Fill","hd":false},{"ty":"tr","p":{"a":0,"k":[699.752,590.757],"ix":2},"a":{"a":0,"k":[0,0],"ix":1},"s":{"a":0,"k":[100,100],"ix":3},"r":{"a":0,"k":0,"ix":6},"o":{"a":0,"k":100,"ix":7},"sk":{"a":0,"k":0,"ix":4},"sa":{"a":0,"k":0,"ix":5},"nm":"Transform"}],"nm":"Group 1","np":2,"cix":2,"bm":0,"ix":1,"mn":"ADBE Vector Group","hd":false}],"ip":0,"op":180,"st":0,"bm":0},{"ddd":0,"ind":18,"ty":4,"nm":"thigh","sr":1,"ks":{"o":{"a":0,"k":100,"ix":11},"r":{"a":0,"k":0,"ix":10},"p":{"a":0,"k":[433.103,706.614,0],"ix":2},"a":{"a":0,"k":[393.103,642.614,0],"ix":1},"s":{"a":0,"k":[100,100,100],"ix":6}},"ao":0,"shapes":[{"ty":"gr","it":[{"ind":0,"ty":"sh","ix":1,"ks":{"a":0,"k":{"i":[[30.082,2.599],[3.501,-0.385],[11.927,0.489],[18.881,-2.887],[1.566,-17.833],[-0.021,-0.014],[0,0],[-54.386,15.255],[-2.18,25.257]],"o":[[-3.643,-0.313],[-10.526,-3.733],[-37.413,-1.535],[-1.08,0.165],[-1.5,17.077],[13.269,9.802],[0,0],[23.852,-4.149],[2.598,-30.082]],"v":[[50.399,-52.047],[36.972,-51.672],[3.149,-57.297],[-72.601,-39.672],[-96.976,-22.558],[-91.351,3.396],[-63.651,21.078],[54.899,43.578],[95.878,3.661]],"c":true},"ix":2},"nm":"Path 1","mn":"ADBE Vector Shape - Group","hd":false},{"ty":"fl","c":{"a":0,"k":[0.156999999402,0.156999999402,0.156999999402,1],"ix":4},"o":{"a":0,"k":100,"ix":5},"r":1,"bm":0,"nm":"Fill 1","mn":"ADBE Vector Graphic - Fill","hd":false},{"ty":"tr","p":{"a":0,"k":[393.632,647.71],"ix":2},"a":{"a":0,"k":[0,0],"ix":1},"s":{"a":0,"k":[100,100],"ix":3},"r":{"a":0,"k":0,"ix":6},"o":{"a":0,"k":100,"ix":7},"sk":{"a":0,"k":0,"ix":4},"sa":{"a":0,"k":0,"ix":5},"nm":"Transform"}],"nm":"Group 1","np":2,"cix":2,"bm":0,"ix":1,"mn":"ADBE Vector Group","hd":false}],"ip":0,"op":180,"st":0,"bm":0},{"ddd":0,"ind":19,"ty":4,"nm":"hips","sr":1,"ks":{"o":{"a":0,"k":100,"ix":11},"r":{"a":0,"k":0,"ix":10},"p":{"a":0,"k":[532.237,696.83,0],"ix":2},"a":{"a":0,"k":[492.237,632.83,0],"ix":1},"s":{"a":0,"k":[100,100,100],"ix":6}},"ao":0,"shapes":[{"ty":"gr","it":[{"ind":0,"ty":"sh","ix":1,"ks":{"a":0,"k":{"i":[[65.531,22.291],[21.777,-2.13],[10.45,-7.233],[-15.176,-32.443],[-26.625,0.564],[-7.489,5.296]],"o":[[-7.387,-2.513],[-11.163,1.091],[-23.85,16.509],[15.591,33.332],[14.741,-0.31],[48.941,-34.612]],"v":[[29.761,-56.417],[-10.205,-61.691],[-53.828,-45.83],[-80.116,30.49],[7.822,48.115],[44.281,35.674]],"c":true},"ix":2},"nm":"Path 1","mn":"ADBE Vector Shape - Group","hd":false},{"ty":"fl","c":{"a":0,"k":[0.156999999402,0.156999999402,0.156999999402,1],"ix":4},"o":{"a":0,"k":100,"ix":5},"r":1,"bm":0,"nm":"Fill 1","mn":"ADBE Vector Graphic - Fill","hd":false},{"ty":"tr","p":{"a":0,"k":[495.085,637.922],"ix":2},"a":{"a":0,"k":[0,0],"ix":1},"s":{"a":0,"k":[100,100],"ix":3},"r":{"a":0,"k":0,"ix":6},"o":{"a":0,"k":100,"ix":7},"sk":{"a":0,"k":0,"ix":4},"sa":{"a":0,"k":0,"ix":5},"nm":"Transform"}],"nm":"Group 1","np":2,"cix":2,"bm":0,"ix":1,"mn":"ADBE Vector Group","hd":false}],"ip":0,"op":180,"st":0,"bm":0},{"ddd":0,"ind":20,"ty":4,"nm":"hips_1","sr":1,"ks":{"o":{"a":0,"k":100,"ix":11},"r":{"a":0,"k":0,"ix":10},"p":{"a":0,"k":[559.961,663.118,0],"ix":2},"a":{"a":0,"k":[519.961,599.118,0],"ix":1},"s":{"a":0,"k":[100,100,100],"ix":6}},"ao":0,"shapes":[{"ty":"gr","it":[{"ind":0,"ty":"sh","ix":1,"ks":{"a":0,"k":{"i":[[-33.09,1.741],[-7.227,-3.393],[6.507,-9.547],[3.788,-22.207],[9.876,-0.91],[18,7.584]],"o":[[9.68,-0.51],[18.282,8.577],[-6.508,9.549],[-2.515,14.742],[-9.877,0.911],[-18,-7.584]],"v":[[6.148,-36.397],[39.841,-31.85],[59.792,-3.29],[48.195,22.165],[3.953,-1.501],[-48.299,1.744]],"c":true},"ix":2},"nm":"Path 1","mn":"ADBE Vector Shape - Group","hd":false},{"ty":"fl","c":{"a":0,"k":[0.105999995213,0.105999995213,0.105999995213,1],"ix":4},"o":{"a":0,"k":100,"ix":5},"r":1,"bm":0,"nm":"Fill 1","mn":"ADBE Vector Graphic - Fill","hd":false},{"ty":"tr","p":{"a":0,"k":[515.368,604.624],"ix":2},"a":{"a":0,"k":[0,0],"ix":1},"s":{"a":0,"k":[100,100],"ix":3},"r":{"a":0,"k":0,"ix":6},"o":{"a":0,"k":100,"ix":7},"sk":{"a":0,"k":0,"ix":4},"sa":{"a":0,"k":0,"ix":5},"nm":"Transform"}],"nm":"Group 1","np":2,"cix":2,"bm":0,"ix":1,"mn":"ADBE Vector Group","hd":false}],"ip":0,"op":180,"st":0,"bm":0},{"ddd":0,"ind":21,"ty":4,"nm":"calf","sr":1,"ks":{"o":{"a":0,"k":100,"ix":11},"r":{"a":0,"k":0,"ix":10},"p":{"a":0,"k":[297.788,682.176,0],"ix":2},"a":{"a":0,"k":[257.788,618.176,0],"ix":1},"s":{"a":0,"k":[100,100,100],"ix":6}},"ao":0,"shapes":[{"ty":"gr","it":[{"ind":0,"ty":"sh","ix":1,"ks":{"a":0,"k":{"i":[[11.136,10.226],[4.17,4.105],[18.836,8.514],[8.687,-2.562],[6.957,-0.707],[-0.249,-8.877],[0,0],[-24.984,-7.53],[-4.626,-1.332],[-5.14,-3.411],[-9.769,10.106]],"o":[[-3.722,-3.419],[-4.17,-4.108],[-18.836,-8.517],[-8.688,2.559],[-6.957,0.708],[0.249,8.877],[0,0],[24.984,7.532],[4.627,1.331],[5.14,3.411],[10.993,-11.374]],"v":[[66.548,-11.495],[50.073,-18.737],[19.965,-36.607],[-36.66,-35.482],[-70.035,-28.086],[-80.91,-8.107],[-71.535,9.143],[-36.51,16.835],[12.794,27.199],[36.632,34.643],[70.165,35.018]],"c":true},"ix":2},"nm":"Path 1","mn":"ADBE Vector Shape - Group","hd":false},{"ty":"fl","c":{"a":0,"k":[0.156999999402,0.156999999402,0.156999999402,1],"ix":4},"o":{"a":0,"k":100,"ix":5},"r":1,"bm":0,"nm":"Fill 1","mn":"ADBE Vector Graphic - Fill","hd":false},{"ty":"tr","p":{"a":0,"k":[259.816,618.395],"ix":2},"a":{"a":0,"k":[0,0],"ix":1},"s":{"a":0,"k":[100,100],"ix":3},"r":{"a":0,"k":0,"ix":6},"o":{"a":0,"k":100,"ix":7},"sk":{"a":0,"k":0,"ix":4},"sa":{"a":0,"k":0,"ix":5},"nm":"Transform"}],"nm":"Group 1","np":2,"cix":2,"bm":0,"ix":1,"mn":"ADBE Vector Group","hd":false}],"ip":0,"op":180,"st":0,"bm":0},{"ddd":0,"ind":22,"ty":4,"nm":"foot","sr":1,"ks":{"o":{"a":0,"k":100,"ix":11},"r":{"a":0,"k":0,"ix":10},"p":{"a":0,"k":[178.077,666.261,0],"ix":2},"a":{"a":0,"k":[138.077,602.261,0],"ix":1},"s":{"a":0,"k":[100,100,100],"ix":6}},"ao":0,"shapes":[{"ty":"gr","it":[{"ind":0,"ty":"sh","ix":1,"ks":{"a":0,"k":{"i":[[0,0],[-8.249,3.939],[-3,-4.875],[-1.875,-1.314],[0.477,-1.715],[1.688,-0.655],[4.688,-0.375],[2.25,-4.875],[-1.312,-2.625],[0,0],[-5.251,-4.212],[2.063,-1.311],[0,0],[6.562,1.064],[0,0],[5.812,0.564],[3.938,5.25],[-9.376,5.25]],"o":[[0,0],[8.25,-3.936],[3,4.875],[1.875,1.311],[-0.478,1.716],[-1.687,0.655],[-4.687,0.375],[-2.25,4.875],[1.313,2.625],[0,0],[5.251,4.212],[-2.063,1.314],[0,0],[-6.563,-1.062],[0,0],[-5.813,-0.561],[-3.937,-5.25],[9.374,-5.25]],"v":[[0.605,-10.594],[19.167,-27.939],[35.105,-21.75],[40.355,-13.875],[43.918,-12.405],[40.355,-10.594],[31.167,-7.125],[18.98,0.75],[18.417,13.875],[22.294,19.311],[30.98,21],[31.73,30.561],[18.23,28.812],[4.543,28.812],[-8.02,27.375],[-25.832,28.812],[-40.458,22.875],[-22.082,1.875]],"c":true},"ix":2},"nm":"Path 1","mn":"ADBE Vector Shape - Group","hd":false},{"ty":"fl","c":{"a":0,"k":[0.067000003889,0.067000003889,0.067000003889,1],"ix":4},"o":{"a":0,"k":100,"ix":5},"r":1,"bm":0,"nm":"Fill 1","mn":"ADBE Vector Graphic - Fill","hd":false},{"ty":"tr","p":{"a":0,"k":[136.676,601.476],"ix":2},"a":{"a":0,"k":[0,0],"ix":1},"s":{"a":0,"k":[100,100],"ix":3},"r":{"a":0,"k":0,"ix":6},"o":{"a":0,"k":100,"ix":7},"sk":{"a":0,"k":0,"ix":4},"sa":{"a":0,"k":0,"ix":5},"nm":"Transform"}],"nm":"Group 1","np":2,"cix":2,"bm":0,"ix":1,"mn":"ADBE Vector Group","hd":false}],"ip":0,"op":180,"st":0,"bm":0},{"ddd":0,"ind":23,"ty":4,"nm":"sole","sr":1,"ks":{"o":{"a":0,"k":100,"ix":11},"r":{"a":0,"k":0,"ix":10},"p":{"a":0,"k":[171.267,661.521,0],"ix":2},"a":{"a":0,"k":[131.267,597.521,0],"ix":1},"s":{"a":0,"k":[100,100,100],"ix":6}},"ao":0,"shapes":[{"ty":"gr","it":[{"ind":0,"ty":"sh","ix":1,"ks":{"a":0,"k":{"i":[[0,0],[2.25,2.531],[4.219,-2.598],[2.25,-0.59],[10.711,-7.77],[-12.375,1.969],[0,0]],"o":[[0,0],[-2.25,-2.53],[-4.219,2.599],[-2.25,0.591],[-7.432,5.393],[12.375,-1.969],[0,0]],"v":[[39.375,-20.048],[37.406,-27.506],[21.375,-25.605],[6.469,-8.691],[-24.469,8.494],[-27.281,28.067],[4.5,8.494]],"c":true},"ix":2},"nm":"Path 1","mn":"ADBE Vector Shape - Group","hd":false},{"ty":"fl","c":{"a":0,"k":[0.630999995213,0.630999995213,0.630999995213,1],"ix":4},"o":{"a":0,"k":100,"ix":5},"r":1,"bm":0,"nm":"Fill 1","mn":"ADBE Vector Graphic - Fill","hd":false},{"ty":"tr","p":{"a":0,"k":[128.469,597.762],"ix":2},"a":{"a":0,"k":[0,0],"ix":1},"s":{"a":0,"k":[100,100],"ix":3},"r":{"a":0,"k":0,"ix":6},"o":{"a":0,"k":100,"ix":7},"sk":{"a":0,"k":0,"ix":4},"sa":{"a":0,"k":0,"ix":5},"nm":"Transform"}],"nm":"Group 1","np":2,"cix":2,"bm":0,"ix":1,"mn":"ADBE Vector Group","hd":false}],"ip":0,"op":180,"st":0,"bm":0},{"ddd":0,"ind":24,"ty":4,"nm":"calf_skin","sr":1,"ks":{"o":{"a":0,"k":100,"ix":11},"r":{"a":0,"k":0,"ix":10},"p":{"a":0,"k":[221.73,673.679,0],"ix":2},"a":{"a":0,"k":[181.73,609.679,0],"ix":1},"s":{"a":0,"k":[100,100,100],"ix":6}},"ao":0,"shapes":[{"ty":"gr","it":[{"ind":0,"ty":"sh","ix":1,"ks":{"a":0,"k":{"i":[[9.361,7.86],[0,0],[6.586,1.898],[6.463,-5.953],[-8.393,-5.178],[-15.725,-2.65],[-1.028,0.62]],"o":[[0,0],[0,0],[-7.084,-2.041],[-6.463,5.952],[12.29,7.584],[15.726,2.65],[1.028,-0.62]],"v":[[28.698,-18.72],[4.792,-18.284],[-8.089,-19.433],[-31.012,-12.73],[-29.665,12.794],[7.139,18.485],[30.741,20.854]],"c":true},"ix":2},"nm":"Path 1","mn":"ADBE Vector Shape - Group","hd":false},{"ty":"fl","c":{"a":0,"k":[0.847000002394,0.607999973671,0.501999978458,1],"ix":4},"o":{"a":0,"k":100,"ix":5},"r":1,"bm":0,"nm":"Fill 1","mn":"ADBE Vector Graphic - Fill","hd":false},{"ty":"tr","p":{"a":0,"k":[182.806,609.167],"ix":2},"a":{"a":0,"k":[0,0],"ix":1},"s":{"a":0,"k":[100,100],"ix":3},"r":{"a":0,"k":0,"ix":6},"o":{"a":0,"k":100,"ix":7},"sk":{"a":0,"k":0,"ix":4},"sa":{"a":0,"k":0,"ix":5},"nm":"Transform"}],"nm":"Group 1","np":2,"cix":2,"bm":0,"ix":1,"mn":"ADBE Vector Group","hd":false}],"ip":0,"op":180,"st":0,"bm":0},{"ddd":0,"ind":25,"ty":4,"nm":"thigh_1","sr":1,"ks":{"o":{"a":0,"k":100,"ix":11},"r":{"a":0,"k":0,"ix":10},"p":{"a":0,"k":[492.512,677.232,0],"ix":2},"a":{"a":0,"k":[452.512,613.232,0],"ix":1},"s":{"a":0,"k":[100,100,100],"ix":6}},"ao":0,"shapes":[{"ty":"gr","it":[{"ind":0,"ty":"sh","ix":1,"ks":{"a":0,"k":{"i":[[11.709,9.254],[31.978,-1.57],[15.856,-3.911],[6.464,-7.239],[-20.302,-12.338],[0,0],[-28.933,23.761]],"o":[[-0.681,-0.537],[-31.977,1.573],[-15.857,3.911],[-6.464,7.241],[12.053,7.329],[0,0],[30.127,-24.744]],"v":[[66.604,-23.286],[9.791,-48.88],[-38.302,-39.88],[-63.749,-30.83],[-58.011,7.488],[-29.083,18.364],[47.76,26.689]],"c":true},"ix":2},"nm":"Path 1","mn":"ADBE Vector Shape - Group","hd":false},{"ty":"fl","c":{"a":0,"k":[0.105999995213,0.105999995213,0.105999995213,1],"ix":4},"o":{"a":0,"k":100,"ix":5},"r":1,"bm":0,"nm":"Fill 1","mn":"ADBE Vector Graphic - Fill","hd":false},{"ty":"tr","p":{"a":0,"k":[451.115,619.979],"ix":2},"a":{"a":0,"k":[0,0],"ix":1},"s":{"a":0,"k":[100,100],"ix":3},"r":{"a":0,"k":0,"ix":6},"o":{"a":0,"k":100,"ix":7},"sk":{"a":0,"k":0,"ix":4},"sa":{"a":0,"k":0,"ix":5},"nm":"Transform"}],"nm":"Group 1","np":2,"cix":2,"bm":0,"ix":1,"mn":"ADBE Vector Group","hd":false}],"ip":0,"op":180,"st":0,"bm":0},{"ddd":0,"ind":26,"ty":4,"nm":"foot_1","sr":1,"ks":{"o":{"a":0,"k":100,"ix":11},"r":{"a":0,"k":0,"ix":10},"p":{"a":0,"k":[316.463,636.984,0],"ix":2},"a":{"a":0,"k":[276.463,572.984,0],"ix":1},"s":{"a":0,"k":[100,100,100],"ix":6}},"ao":0,"shapes":[{"ty":"gr","it":[{"ind":0,"ty":"sh","ix":1,"ks":{"a":0,"k":{"i":[[-2.672,5.767],[-3.797,1.828],[0.563,0.843],[2.25,3.666],[6.632,-2.672],[1.125,-3.797],[0.563,-5.063],[-6.188,-0.28]],"o":[[0,0],[3.797,-1.828],[-0.562,-0.845],[-2.25,-3.665],[-6.632,2.672],[-1.125,3.797],[-0.562,5.063],[6.187,0.281]],"v":[[4.711,-0.984],[12.727,-3.514],[15.961,-6.889],[9.404,-19.887],[-4.267,-23.203],[-14.695,-7.031],[-15.962,9.141],[4.148,25.594]],"c":true},"ix":2},"nm":"Path 1","mn":"ADBE Vector Shape - Group","hd":false},{"ty":"fl","c":{"a":0,"k":[0.016000001571,0.016000001571,0.016000001571,1],"ix":4},"o":{"a":0,"k":100,"ix":5},"r":1,"bm":0,"nm":"Fill 1","mn":"ADBE Vector Graphic - Fill","hd":false},{"ty":"tr","p":{"a":0,"k":[276.336,572.365],"ix":2},"a":{"a":0,"k":[0,0],"ix":1},"s":{"a":0,"k":[100,100],"ix":3},"r":{"a":0,"k":0,"ix":6},"o":{"a":0,"k":100,"ix":7},"sk":{"a":0,"k":0,"ix":4},"sa":{"a":0,"k":0,"ix":5},"nm":"Transform"}],"nm":"Group 1","np":2,"cix":2,"bm":0,"ix":1,"mn":"ADBE Vector Group","hd":false}],"ip":0,"op":180,"st":0,"bm":0},{"ddd":0,"ind":27,"ty":4,"nm":"calf_1","sr":1,"ks":{"o":{"a":0,"k":100,"ix":11},"r":{"a":0,"k":0,"ix":10},"p":{"a":0,"k":[388.352,656.038,0],"ix":2},"a":{"a":0,"k":[348.352,592.038,0],"ix":1},"s":{"a":0,"k":[100,100,100],"ix":6}},"ao":0,"shapes":[{"ty":"gr","it":[{"ind":0,"ty":"sh","ix":1,"ks":{"a":0,"k":{"i":[[9.911,8.655],[3.717,3.482],[16.574,6.999],[7.503,-2.417],[6.038,-0.766],[-0.41,-7.718],[0,0],[-21.901,-6.01],[-4.055,-1.058],[-4.546,-2.856],[-8.28,9.007]],"o":[[-3.313,-2.893],[-3.717,-3.48],[-16.574,-6.999],[-7.503,2.417],[-6.037,0.769],[0.41,7.718],[0,0],[21.902,6.011],[4.055,1.06],[4.546,2.856],[9.316,-10.136]],"v":[[52.808,-7.097],[42.402,-14.264],[10.339,-30.252],[-31.848,-32.972],[-56.241,-27.066],[-66.723,-12.441],[-58.848,5.841],[-33.255,10.903],[13.427,25.779],[28.021,33.174],[57.817,28.244]],"c":true},"ix":2},"nm":"Path 1","mn":"ADBE Vector Shape - Group","hd":false},{"ty":"fl","c":{"a":0,"k":[0.105999995213,0.105999995213,0.105999995213,1],"ix":4},"o":{"a":0,"k":100,"ix":5},"r":1,"bm":0,"nm":"Fill 1","mn":"ADBE Vector Graphic - Fill","hd":false},{"ty":"tr","p":{"a":0,"k":[361.692,591.978],"ix":2},"a":{"a":0,"k":[0,0],"ix":1},"s":{"a":0,"k":[100,100],"ix":3},"r":{"a":0,"k":0,"ix":6},"o":{"a":0,"k":100,"ix":7},"sk":{"a":0,"k":0,"ix":4},"sa":{"a":0,"k":0,"ix":5},"nm":"Transform"}],"nm":"calf_1","np":2,"cix":2,"bm":0,"ix":1,"mn":"ADBE Vector Group","hd":false},{"ty":"gr","it":[{"ind":0,"ty":"sh","ix":1,"ks":{"a":0,"k":{"i":[[9.457,7.744],[0,0],[7.372,-0.057],[6.39,-6.031],[-8.455,-5.075],[-15.757,-2.459],[-1.021,0.633]],"o":[[0,0],[0,0],[-7.372,0.06],[-6.389,6.031],[12.382,7.434],[15.757,2.459],[1.02,-0.633]],"v":[[28.283,-19.591],[6.538,-19.146],[-9.915,-17.318],[-31.351,-12.873],[-27.915,7.573],[9.913,15.168],[30.701,18.958]],"c":true},"ix":2},"nm":"Path 1","mn":"ADBE Vector Shape - Group","hd":false},{"ty":"fl","c":{"a":0,"k":[0.847000002394,0.607999973671,0.501999978458,1],"ix":4},"o":{"a":0,"k":100,"ix":5},"r":1,"bm":0,"nm":"Fill 1","mn":"ADBE Vector Graphic - Fill","hd":false},{"ty":"tr","p":{"a":0,"k":[307.415,583.917],"ix":2},"a":{"a":0,"k":[0,0],"ix":1},"s":{"a":0,"k":[100,100],"ix":3},"r":{"a":0,"k":0,"ix":6},"o":{"a":0,"k":100,"ix":7},"sk":{"a":0,"k":0,"ix":4},"sa":{"a":0,"k":0,"ix":5},"nm":"Transform"}],"nm":"calf_skin_1","np":2,"cix":2,"bm":0,"ix":2,"mn":"ADBE Vector Group","hd":false}],"ip":0,"op":180,"st":0,"bm":0},{"ddd":0,"ind":28,"ty":4,"nm":"sole_1","sr":1,"ks":{"o":{"a":0,"k":100,"ix":11},"r":{"a":0,"k":0,"ix":10},"p":{"a":0,"k":[312.225,629.746,0],"ix":2},"a":{"a":0,"k":[272.225,565.746,0],"ix":1},"s":{"a":0,"k":[100,100,100],"ix":6}},"ao":0,"shapes":[{"ty":"gr","it":[{"ind":0,"ty":"sh","ix":1,"ks":{"a":0,"k":{"i":[[0,0],[2.531,1.968],[4.219,-7.453],[-0.379,-8.718],[-1.829,2.812]],"o":[[0,0],[-2.532,-1.97],[-4.219,7.453],[0.379,8.719],[1.828,-2.813]],"v":[[13.057,-14.484],[7.995,-21.515],[-7.616,-15.75],[-12.677,14.766],[-4.38,5.766]],"c":true},"ix":2},"nm":"Path 1","mn":"ADBE Vector Shape - Group","hd":false},{"ty":"fl","c":{"a":0,"k":[0.54900004069,0.54900004069,0.54900004069,1],"ix":4},"o":{"a":0,"k":100,"ix":5},"r":1,"bm":0,"nm":"Fill 1","mn":"ADBE Vector Graphic - Fill","hd":false},{"ty":"tr","p":{"a":0,"k":[272.068,568.287],"ix":2},"a":{"a":0,"k":[0,0],"ix":1},"s":{"a":0,"k":[100,100],"ix":3},"r":{"a":0,"k":0,"ix":6},"o":{"a":0,"k":100,"ix":7},"sk":{"a":0,"k":0,"ix":4},"sa":{"a":0,"k":0,"ix":5},"nm":"Transform"}],"nm":"Group 1","np":2,"cix":2,"bm":0,"ix":1,"mn":"ADBE Vector Group","hd":false}],"ip":0,"op":180,"st":0,"bm":0}],"markers":[]}