{"v":"5.6.3","fr":60,"ip":0,"op":180,"w":1100,"h":1100,"nm":"Hamstring Stretch (Right)","ddd":0,"assets":[],"layers":[{"ddd":0,"ind":1,"ty":4,"nm":"arm","sr":1,"ks":{"o":{"a":0,"k":100,"ix":11},"r":{"a":0,"k":0,"ix":10},"p":{"a":0,"k":[468.789,473.088,0],"ix":2},"a":{"a":0,"k":[475.211,331.088,0],"ix":1},"s":{"a":0,"k":[-100,100,100],"ix":6}},"ao":0,"shapes":[{"ty":"gr","it":[{"ind":0,"ty":"sh","ix":1,"ks":{"a":0,"k":{"i":[[19.041,-4.881],[-4.882,-19.042],[-19.041,4.882],[4.882,19.041]],"o":[[-19.041,4.882],[4.881,19.041],[19.041,-4.881],[-4.88,-19.042]],"v":[[-8.838,-34.478],[-34.477,8.838],[8.839,34.477],[34.477,-8.838]],"c":true},"ix":2},"nm":"Path 1","mn":"ADBE Vector Shape - Group","hd":false},{"ty":"fl","c":{"a":0,"k":[0.847000002394,0.607999973671,0.501999978458,1],"ix":4},"o":{"a":0,"k":100,"ix":5},"r":1,"bm":0,"nm":"Fill 1","mn":"ADBE Vector Graphic - Fill","hd":false},{"ty":"tr","p":{"a":0,"k":[475.052,271.594],"ix":2},"a":{"a":0,"k":[0,0],"ix":1},"s":{"a":0,"k":[100,100],"ix":3},"r":{"a":0,"k":0,"ix":6},"o":{"a":0,"k":100,"ix":7},"sk":{"a":0,"k":0,"ix":4},"sa":{"a":0,"k":0,"ix":5},"nm":"Transform"}],"nm":"Group 1","np":2,"cix":2,"bm":0,"ix":1,"mn":"ADBE Vector Group","hd":false},{"ty":"gr","it":[{"ind":0,"ty":"sh","ix":1,"ks":{"a":0,"k":{"i":[[-3.723,-0.221],[-6.162,-8.686],[-0.357,-10.469],[2.732,-6.153],[2.033,-5.192],[-1.114,-4.954],[2.501,-17.87],[-0.257,-3.985],[0.354,-3.716],[1.968,-2.913],[8.046,1.519],[2.289,8.328],[0.79,3.361],[0.859,4.24],[1.16,6.62],[0.783,4.62],[2.1,10.091],[1.487,11.601],[-7.357,10.591],[-7.861,2.166]],"o":[[10.756,0.637],[6.119,8.626],[0.228,6.688],[-2.26,5.091],[-1.93,4.931],[3.937,17.615],[-0.551,3.937],[0.239,3.708],[-0.334,3.497],[-4.599,6.809],[-8.6,-1.625],[-0.915,-3.326],[-1.006,-4.212],[-1.345,-6.571],[-0.802,-4.615],[-1.719,-10.164],[-2.38,-11.438],[-1.601,-12.501],[4.651,-6.696],[3.566,-0.982]],"v":[[1.756,-95.59],[29.323,-80.865],[38.591,-50.861],[35.163,-31.166],[27.915,-16.105],[28.647,-1.101],[30.845,52.698],[29.976,64.461],[30.506,75.657],[27.004,85.484],[5.655,94.292],[-11.995,77.389],[-14.556,67.361],[-17.349,54.688],[-21.062,34.89],[-23.431,21.024],[-29.241,-9.35],[-37.218,-41.942],[-28.682,-80.417],[-9.268,-94.478]],"c":true},"ix":2},"nm":"Path 1","mn":"ADBE Vector Shape - Group","hd":false},{"ty":"fl","c":{"a":0,"k":[0.847000002394,0.607999973671,0.501999978458,1],"ix":4},"o":{"a":0,"k":100,"ix":5},"r":1,"bm":0,"nm":"Fill 1","mn":"ADBE Vector Graphic - Fill","hd":false},{"ty":"tr","p":{"a":0,"k":[474.727,331.594],"ix":2},"a":{"a":0,"k":[0,0],"ix":1},"s":{"a":0,"k":[100,100],"ix":3},"r":{"a":0,"k":0,"ix":6},"o":{"a":0,"k":100,"ix":7},"sk":{"a":0,"k":0,"ix":4},"sa":{"a":0,"k":0,"ix":5},"nm":"Transform"}],"nm":"Group 2","np":2,"cix":2,"bm":0,"ix":2,"mn":"ADBE Vector Group","hd":false}],"ip":0,"op":180,"st":0,"bm":0},{"ddd":0,"ind":2,"ty":4,"nm":"forearm","sr":1,"ks":{"o":{"a":0,"k":100,"ix":11},"r":{"a":0,"k":0,"ix":10},"p":{"a":0,"k":[448.447,591.482,0],"ix":2},"a":{"a":0,"k":[495.553,449.482,0],"ix":1},"s":{"a":0,"k":[-100,100,100],"ix":6}},"ao":0,"shapes":[{"ty":"gr","it":[{"ind":0,"ty":"sh","ix":1,"ks":{"a":0,"k":{"i":[[11.739,-2.31],[-2.31,-11.74],[-11.739,2.309],[2.31,11.74]],"o":[[-11.74,2.309],[2.309,11.741],[11.741,-2.309],[-2.309,-11.74]],"v":[[-4.181,-21.257],[-21.257,4.181],[4.181,21.257],[21.257,-4.182]],"c":true},"ix":2},"nm":"Path 1","mn":"ADBE Vector Shape - Group","hd":false},{"ty":"fl","c":{"a":0,"k":[0.847000002394,0.607999973671,0.501999978458,1],"ix":4},"o":{"a":0,"k":100,"ix":5},"r":1,"bm":0,"nm":"Fill 1","mn":"ADBE Vector Graphic - Fill","hd":false},{"ty":"tr","p":{"a":0,"k":[483.974,404.765],"ix":2},"a":{"a":0,"k":[0,0],"ix":1},"s":{"a":0,"k":[100,100],"ix":3},"r":{"a":0,"k":0,"ix":6},"o":{"a":0,"k":100,"ix":7},"sk":{"a":0,"k":0,"ix":4},"sa":{"a":0,"k":0,"ix":5},"nm":"Transform"}],"nm":"Group 1","np":2,"cix":2,"bm":0,"ix":1,"mn":"ADBE Vector Group","hd":false},{"ty":"gr","it":[{"ind":0,"ty":"sh","ix":1,"ks":{"a":0,"k":{"i":[[0.147,-0.18],[0.522,-4.842],[-0.382,-4.41],[-1.394,-6.329],[-0.223,-0.934],[-0.049,-0.194],[-0.316,-1.191],[-10.753,-17.982],[-5.953,-5.001],[-4.003,-0.405],[-1.604,-0.489],[-2.227,-1.783],[3.898,23.673],[2.437,11.108],[1.801,4.321],[2.738,3.507],[7.623,-1.233],[3.086,-3.526]],"o":[[-3.074,3.772],[-0.474,4.4],[0.556,6.463],[0.213,0.936],[0.049,0.195],[0.286,1.197],[5.457,20.228],[2.611,4.359],[1.045,0.877],[1.757,0.174],[3.023,0.914],[-6.365,-26.033],[-1.841,-11.177],[-1.004,-4.571],[-1.692,-4.06],[-4.744,-6.046],[-4.624,0.748],[-0.154,0.176]],"v":[[-27.473,-58.512],[-32.937,-45.532],[-32.694,-32.145],[-29.623,-12.913],[-28.98,-10.105],[-28.832,-9.512],[-27.924,-5.93],[-3.235,46.596],[12.566,66.053],[22.863,63.921],[27.902,64.927],[33.411,66.041],[19.491,1.081],[15.528,-32.614],[11.31,-45.988],[5.256,-57.647],[-14.957,-65.698],[-27.021,-59.046]],"c":true},"ix":2},"nm":"Path 1","mn":"ADBE Vector Shape - Group","hd":false},{"ty":"fl","c":{"a":0,"k":[0.847000002394,0.607999973671,0.501999978458,1],"ix":4},"o":{"a":0,"k":100,"ix":5},"r":1,"bm":0,"nm":"Fill 1","mn":"ADBE Vector Graphic - Fill","hd":false},{"ty":"tr","p":{"a":0,"k":[495.432,449.669],"ix":2},"a":{"a":0,"k":[0,0],"ix":1},"s":{"a":0,"k":[100,100],"ix":3},"r":{"a":0,"k":0,"ix":6},"o":{"a":0,"k":100,"ix":7},"sk":{"a":0,"k":0,"ix":4},"sa":{"a":0,"k":0,"ix":5},"nm":"Transform"}],"nm":"Group 2","np":2,"cix":2,"bm":0,"ix":2,"mn":"ADBE Vector Group","hd":false}],"ip":0,"op":180,"st":0,"bm":0},{"ddd":0,"ind":3,"ty":4,"nm":"hand","sr":1,"ks":{"o":{"a":0,"k":100,"ix":11},"r":{"a":1,"k":[{"i":{"x":[0.667],"y":[1]},"o":{"x":[0.333],"y":[0]},"t":15,"s":[0]},{"i":{"x":[0.667],"y":[1]},"o":{"x":[0.333],"y":[0]},"t":89,"s":[-2]},{"t":159,"s":[0]}],"ix":10},"p":{"a":0,"k":[429.386,648.051,0],"ix":2},"a":{"a":0,"k":[514.614,506.051,0],"ix":1},"s":{"a":0,"k":[-100,100,100],"ix":6}},"ao":0,"shapes":[{"ty":"gr","it":[{"ind":0,"ty":"sh","ix":1,"ks":{"a":0,"k":{"i":[[-2.354,-7.398],[-11.664,-6.506],[-3.521,-1.202],[4.492,-1.692],[5.805,4.787],[0,0],[-1.68,-7.808],[0,0],[4.432,-2.601],[2.227,5.062],[1.635,-0.564],[-1.924,-5.799],[5.27,-2.315],[3.784,7.212],[2.206,4.705],[0,0],[-3.064,-6.538],[-1.34,-2.936],[3.253,-1.449],[2.783,5.929],[5.553,4.701],[4.171,8.788],[0.16,5.852],[2.261,7.504],[-8.151,0.191]],"o":[[2.79,8.764],[11.664,6.506],[3.522,1.203],[-4.491,1.693],[-5.805,-4.786],[0,0],[1.68,7.808],[0,0],[-4.43,2.602],[-2.228,-5.062],[-1.635,0.564],[1.923,5.8],[-2.053,0.903],[-2.002,-3.816],[-4.321,-9.221],[0,0],[2.218,4.738],[2.191,4.796],[-2.184,0.973],[0,0],[-5.554,-4.701],[-4.172,-8.787],[-0.159,-5.851],[-2.262,-7.504],[5.978,-0.139]],"v":[[-12.981,-39.932],[11.47,-26.165],[31.837,-14.865],[33.359,-7.192],[19.32,-10.722],[9.158,-11.42],[15.483,7.207],[19.289,21.07],[21.927,40.391],[12.872,26.734],[4.618,9.33],[10.891,26.899],[15.426,48.27],[8.923,41.025],[2.895,27.887],[-6.128,9.87],[-1.381,21.869],[3.596,32.585],[5.776,44.59],[-2.314,37.119],[-8.55,35.27],[-21.783,16.447],[-31.708,-16.441],[-35.589,-35.12],[-24.654,-49.034]],"c":true},"ix":2},"nm":"Path 1","mn":"ADBE Vector Shape - Group","hd":false},{"ty":"fl","c":{"a":0,"k":[0.847000002394,0.607999973671,0.501999978458,1],"ix":4},"o":{"a":0,"k":100,"ix":5},"r":1,"bm":0,"nm":"Fill 1","mn":"ADBE Vector Graphic - Fill","hd":false},{"ty":"tr","p":{"a":0,"k":[539.289,543.794],"ix":2},"a":{"a":0,"k":[0,0],"ix":1},"s":{"a":0,"k":[100,100],"ix":3},"r":{"a":0,"k":0,"ix":6},"o":{"a":0,"k":100,"ix":7},"sk":{"a":0,"k":0,"ix":4},"sa":{"a":0,"k":0,"ix":5},"nm":"Transform"}],"nm":"Group 1","np":2,"cix":2,"bm":0,"ix":1,"mn":"ADBE Vector Group","hd":false}],"ip":0,"op":180,"st":0,"bm":0},{"ddd":0,"ind":4,"ty":4,"nm":"thigh","sr":1,"ks":{"o":{"a":0,"k":100,"ix":11},"r":{"a":0,"k":0,"ix":10},"p":{"a":0,"k":[663.34,511.644,0],"ix":2},"a":{"a":0,"k":[280.66,369.644,0],"ix":1},"s":{"a":0,"k":[-100,100,100],"ix":6}},"ao":0,"shapes":[{"ty":"gr","it":[{"ind":0,"ty":"sh","ix":1,"ks":{"a":0,"k":{"i":[[-7.434,-15.191],[-27.618,13.514],[14.295,29.216],[14.611,4.828],[13.099,-6.41],[4.592,-13.285]],"o":[[14.295,29.216],[27.618,-13.513],[-7.515,-15.359],[-13.181,-4.358],[-13.257,6.486],[-4.972,14.392]],"v":[[-51.379,20.099],[22.776,49.6],[46.898,-27.766],[11.819,-58.756],[-28.99,-56.199],[-56.221,-25.074]],"c":true},"ix":2},"nm":"Path 1","mn":"ADBE Vector Shape - Group","hd":false},{"ty":"fl","c":{"a":0,"k":[0.109999997008,0.113999998803,0.118000000598,1],"ix":4},"o":{"a":0,"k":100,"ix":5},"r":1,"bm":0,"nm":"Fill 1","mn":"ADBE Vector Graphic - Fill","hd":false},{"ty":"tr","p":{"a":0,"k":[245.266,315.975],"ix":2},"a":{"a":0,"k":[0,0],"ix":1},"s":{"a":0,"k":[100,100],"ix":3},"r":{"a":0,"k":0,"ix":6},"o":{"a":0,"k":100,"ix":7},"sk":{"a":0,"k":0,"ix":4},"sa":{"a":0,"k":0,"ix":5},"nm":"Transform"}],"nm":"Group 1","np":2,"cix":2,"bm":0,"ix":1,"mn":"ADBE Vector Group","hd":false},{"ty":"gr","it":[{"ind":0,"ty":"sh","ix":1,"ks":{"a":0,"k":{"i":[[-1.678,-4.422],[-0.672,-3.651],[6.09,-6.904],[8.901,0.188],[7.282,8.196],[16.981,15.799],[10.386,10.884],[10.167,15.028],[-25.7,22.34],[-14.561,-1.894],[-13.862,-23.044],[-17.421,-36.262],[-2.089,-4.091]],"o":[[1.315,3.47],[1.66,9.023],[-5.905,6.694],[-11.937,-0.252],[-15.42,-17.358],[-10.997,-10.259],[-12.517,-13.116],[-16.053,-23.73],[11.178,-9.716],[28.468,3.701],[20.816,34.604],[1.99,4.142],[2.152,4.216]],"v":[[93.673,69.093],[96.732,79.762],[89.744,104.982],[66.269,115.233],[43.133,102.599],[-9.887,48.94],[-42.226,17.48],[-77.925,-24.774],[-72.692,-101.518],[-31.083,-113.527],[27.758,-64.503],[81.514,43.878],[87.769,56.161]],"c":true},"ix":2},"nm":"Path 1","mn":"ADBE Vector Shape - Group","hd":false},{"ty":"fl","c":{"a":0,"k":[0.109999997008,0.113999998803,0.118000000598,1],"ix":4},"o":{"a":0,"k":100,"ix":5},"r":1,"bm":0,"nm":"Fill 1","mn":"ADBE Vector Graphic - Fill","hd":false},{"ty":"tr","p":{"a":0,"k":[277.667,369.671],"ix":2},"a":{"a":0,"k":[0,0],"ix":1},"s":{"a":0,"k":[100,100],"ix":3},"r":{"a":0,"k":0,"ix":6},"o":{"a":0,"k":100,"ix":7},"sk":{"a":0,"k":0,"ix":4},"sa":{"a":0,"k":0,"ix":5},"nm":"Transform"}],"nm":"Group 2","np":2,"cix":2,"bm":0,"ix":2,"mn":"ADBE Vector Group","hd":false}],"ip":0,"op":180,"st":0,"bm":0},{"ddd":0,"ind":5,"ty":4,"nm":"sole","sr":1,"ks":{"o":{"a":0,"k":100,"ix":11},"r":{"a":0,"k":0,"ix":10},"p":{"a":0,"k":[610.82,834.632,0],"ix":2},"a":{"a":0,"k":[333.18,692.632,0],"ix":1},"s":{"a":0,"k":[-100,100,100],"ix":6}},"ao":0,"shapes":[{"ty":"gr","it":[{"ind":0,"ty":"sh","ix":1,"ks":{"a":0,"k":{"i":[[-0.012,0.265],[-0.512,1.016],[-0.325,0.116],[-0.094,-0.011],[-7.702,0.156],[-4.091,-0.139],[-3.525,-0.82],[-0.332,-0.081],[-0.674,-0.171],[-1.852,-0.367],[-0.161,-0.03],[-0.171,-0.031],[-0.295,-0.041],[-1.473,-0.198],[-0.124,-0.011],[-0.114,-0.011],[-0.989,-0.115],[-2.956,-0.215],[-3.261,-0.084],[-3.333,0.123],[-3.164,0.412],[-3.089,1.077],[-0.074,0.085],[-0.016,0.13],[-0.445,1.028],[-0.405,0.079],[-0.103,-0.509],[0.707,-2.759],[1.05,-0.355],[12.512,0.097],[7.6,0.461],[0,0],[6.474,-0.313],[2.478,3.264],[-0.093,0.822]],"o":[[0.138,-1.86],[0.194,-0.4],[0.544,-0.191],[15.728,2.729],[3.245,-0.073],[4.977,0.176],[0.342,0.082],[0.693,0.172],[1.843,0.456],[0.161,0.022],[0.161,0.032],[0.285,0.051],[1.207,0.185],[0.115,0.01],[0.113,0.02],[0.912,0.125],[2.945,0.331],[3.254,0.236],[3.334,0.086],[3.187,-0.118],[3.234,-0.422],[0.106,-0.037],[0.087,-0.1],[0.135,-1.097],[0.172,-0.397],[0.445,-0.088],[0.372,2.159],[-0.274,1.085],[-12.232,4.099],[-7.347,-0.057],[0,0],[-9.13,-0.551],[-24.371,1.192],[-0.414,-0.621],[-0.075,-0.207]],"v":[[-63.333,-1.641],[-61.684,-6.93],[-60.84,-7.659],[-59.641,-7.757],[-28.94,-5.333],[-18.255,-5.329],[-5.906,-3.617],[-4.89,-3.382],[-2.848,-2.877],[2.614,-1.61],[3.099,-1.528],[3.593,-1.435],[4.458,-1.291],[8.488,-0.711],[8.85,-0.669],[9.201,-0.627],[12.063,-0.282],[20.915,0.536],[30.69,1.023],[40.694,0.986],[50.23,0.229],[59.842,-1.835],[60.133,-1.998],[60.255,-2.367],[60.86,-5.684],[61.891,-6.365],[62.973,-5.842],[62.398,0.364],[60.287,2.67],[23.306,7.724],[0.912,6.756],[-0.934,6.644],[-24.382,6.658],[-62.756,1.215],[-63.243,-0.934]],"c":true},"ix":2},"nm":"Path 1","mn":"ADBE Vector Shape - Group","hd":false},{"ty":"fl","c":{"a":0,"k":[0.4,0.4,0.4,1],"ix":4},"o":{"a":0,"k":100,"ix":5},"r":1,"bm":0,"nm":"Fill 1","mn":"ADBE Vector Graphic - Fill","hd":false},{"ty":"tr","p":{"a":0,"k":[333.275,692.658],"ix":2},"a":{"a":0,"k":[0,0],"ix":1},"s":{"a":0,"k":[100,100],"ix":3},"r":{"a":0,"k":0,"ix":6},"o":{"a":0,"k":100,"ix":7},"sk":{"a":0,"k":0,"ix":4},"sa":{"a":0,"k":0,"ix":5},"nm":"Transform"}],"nm":"Group 1","np":2,"cix":2,"bm":0,"ix":1,"mn":"ADBE Vector Group","hd":false}],"ip":0,"op":180,"st":0,"bm":0},{"ddd":0,"ind":6,"ty":4,"nm":"foot","sr":1,"ks":{"o":{"a":0,"k":100,"ix":11},"r":{"a":0,"k":0,"ix":10},"p":{"a":0,"k":[610.063,808.121,0],"ix":2},"a":{"a":0,"k":[333.937,666.121,0],"ix":1},"s":{"a":0,"k":[-100,100,100],"ix":6}},"ao":0,"shapes":[{"ty":"gr","it":[{"ind":0,"ty":"sh","ix":1,"ks":{"a":0,"k":{"i":[[0.251,1.88],[0.051,2.305],[0.722,4.175],[-0.528,4.622],[-0.565,2.946],[-1.435,1.497],[-1.484,-0.804],[-0.683,-2.498],[-2.323,-0.787],[-1.876,0.461],[-1.025,1.069],[-0.168,1.89],[-1.21,2.121],[-1.075,-1.234],[-0.447,-1.248],[0,0],[-1.275,-0.81],[0,0],[0,0],[-1.075,-1.234],[0,0],[-2.022,-0.739],[-12.941,-3.075],[-2.373,-3.091],[2.172,-4.821],[10.955,-0.706],[2.519,0.155],[2.295,-0.469],[5.447,-0.118],[2.418,0.719]],"o":[[-0.251,-1.88],[-0.052,-2.304],[-0.72,-4.174],[0.527,-4.622],[0.563,-2.945],[1.433,-1.498],[1.485,0.807],[0.684,2.5],[2.322,0.787],[1.876,-0.46],[1.024,-1.071],[0.168,-1.89],[1.211,-2.123],[1.074,1.233],[0.447,1.247],[2.504,-0.475],[1.275,0.811],[0,0],[0,0],[1.074,1.233],[-0.397,0.116],[8.371,3.066],[9.016,2.142],[2.372,3.091],[-3.413,7.58],[-22.854,1.473],[-2.517,-0.154],[-2.294,0.47],[-5.445,0.12],[-3.711,-1.107]],"v":[[-61.167,21.012],[-60.044,12.387],[-60.839,4.861],[-60.449,-6.044],[-56.941,-18.065],[-54.161,-25.041],[-49.745,-24.301],[-46.251,-17.882],[-42.188,-14.198],[-28.155,-14.507],[-22.36,-17.776],[-16.206,-23.78],[-13.835,-30.327],[-8.739,-27.296],[-4.85,-21.933],[-1.411,-18.028],[3.857,-16.677],[5.169,-14.191],[6.663,-12.967],[10.466,-10.965],[12.74,-6.391],[20.346,-1.043],[39.367,8.139],[58.56,14.628],[61.11,23.509],[33.224,30.976],[0.238,28.455],[-17.187,26.952],[-30.973,28.931],[-59.571,25.946]],"c":true},"ix":2},"nm":"Path 1","mn":"ADBE Vector Shape - Group","hd":false},{"ty":"fl","c":{"a":0,"k":[0.075,0.071000005685,0.067000003889,1],"ix":4},"o":{"a":0,"k":100,"ix":5},"r":1,"bm":0,"nm":"Fill 1","mn":"ADBE Vector Graphic - Fill","hd":false},{"ty":"tr","p":{"a":0,"k":[333.793,665.938],"ix":2},"a":{"a":0,"k":[0,0],"ix":1},"s":{"a":0,"k":[100,100],"ix":3},"r":{"a":0,"k":0,"ix":6},"o":{"a":0,"k":100,"ix":7},"sk":{"a":0,"k":0,"ix":4},"sa":{"a":0,"k":0,"ix":5},"nm":"Transform"}],"nm":"Group 1","np":2,"cix":2,"bm":0,"ix":1,"mn":"ADBE Vector Group","hd":false}],"ip":0,"op":180,"st":0,"bm":0},{"ddd":0,"ind":7,"ty":4,"nm":"foot_skin","sr":1,"ks":{"o":{"a":0,"k":100,"ix":11},"r":{"a":0,"k":0,"ix":10},"p":{"a":0,"k":[610.324,801.599,0],"ix":2},"a":{"a":0,"k":[333.676,659.599,0],"ix":1},"s":{"a":0,"k":[-100,100,100],"ix":6}},"ao":0,"shapes":[{"ty":"gr","it":[{"ind":0,"ty":"sh","ix":1,"ks":{"a":0,"k":{"i":[[-11.341,0.669],[-7.688,-6.09],[-9.81,-2.194],[-5.196,-2.603],[-0.978,-1.346],[0.543,-1.572],[3.315,-0.384],[3.009,0.108],[5.098,0.146],[4.81,0.392],[1.337,0.489],[1.599,1.079],[3.304,0.218],[3.842,-0.666],[6.197,0.488],[2.656,15.374],[-2.801,11.092]],"o":[[14.138,-0.036],[6.255,4.956],[5.617,1.256],[1.489,0.746],[0.978,1.347],[-1.234,3.57],[-2.99,0.347],[-5.096,-0.184],[-4.823,-0.139],[-1.418,-0.116],[-1.813,-0.662],[-2.817,-1.897],[-3.887,-0.257],[-6.025,1.044],[-2.517,-0.198],[-1.827,-16.062],[0.969,-3.839]],"v":[[-34.332,-32.896],[-7.577,-8.831],[36.327,14.623],[52.57,19.344],[56.466,22.388],[57.366,27.105],[47.429,32.585],[38.407,32.604],[23.11,32.411],[8.666,31.486],[4.473,30.761],[-0.438,27.73],[-9.9,25.453],[-21.554,26.005],[-39.32,27.834],[-56.082,12.527],[-49.591,-20.254]],"c":true},"ix":2},"nm":"Path 1","mn":"ADBE Vector Shape - Group","hd":false},{"ty":"fl","c":{"a":0,"k":[0.847000002394,0.607999973671,0.501999978458,1],"ix":4},"o":{"a":0,"k":100,"ix":5},"r":1,"bm":0,"nm":"Fill 1","mn":"ADBE Vector Graphic - Fill","hd":false},{"ty":"tr","p":{"a":0,"k":[333.101,659.661],"ix":2},"a":{"a":0,"k":[0,0],"ix":1},"s":{"a":0,"k":[100,100],"ix":3},"r":{"a":0,"k":0,"ix":6},"o":{"a":0,"k":100,"ix":7},"sk":{"a":0,"k":0,"ix":4},"sa":{"a":0,"k":0,"ix":5},"nm":"Transform"}],"nm":"Group 1","np":2,"cix":2,"bm":0,"ix":1,"mn":"ADBE Vector Group","hd":false}],"ip":0,"op":180,"st":0,"bm":0},{"ddd":0,"ind":8,"ty":4,"nm":"calf","sr":1,"ks":{"o":{"a":0,"k":100,"ix":11},"r":{"a":0,"k":0,"ix":10},"p":{"a":0,"k":[618.099,667.466,0],"ix":2},"a":{"a":0,"k":[325.901,525.466,0],"ix":1},"s":{"a":0,"k":[-100,100,100],"ix":6}},"ao":0,"shapes":[{"ty":"gr","it":[{"ind":0,"ty":"sh","ix":1,"ks":{"a":0,"k":{"i":[[-2.571,-16.39],[-16.389,2.57],[2.57,16.388],[16.388,-2.57]],"o":[[2.57,16.389],[16.388,-2.571],[-2.572,-16.389],[-16.39,2.569]],"v":[[-29.674,4.654],[4.655,29.674],[29.675,-4.655],[-4.654,-29.674]],"c":true},"ix":2},"nm":"Path 1","mn":"ADBE Vector Shape - Group","hd":false},{"ty":"fl","c":{"a":0,"k":[0.109999997008,0.113999998803,0.118000000598,1],"ix":4},"o":{"a":0,"k":100,"ix":5},"r":1,"bm":0,"nm":"Fill 1","mn":"ADBE Vector Graphic - Fill","hd":false},{"ty":"tr","p":{"a":0,"k":[344.872,454.27],"ix":2},"a":{"a":0,"k":[0,0],"ix":1},"s":{"a":0,"k":[100,100],"ix":3},"r":{"a":0,"k":0,"ix":6},"o":{"a":0,"k":100,"ix":7},"sk":{"a":0,"k":0,"ix":4},"sa":{"a":0,"k":0,"ix":5},"nm":"Transform"}],"nm":"Group 1","np":2,"cix":2,"bm":0,"ix":1,"mn":"ADBE Vector Group","hd":false},{"ty":"gr","it":[{"ind":0,"ty":"sh","ix":1,"ks":{"a":0,"k":{"i":[[-0.002,0.021],[-8.361,28.123],[-6.475,13.934],[-4.476,6.431],[-3.456,7.225],[8.874,5.289],[7.906,-1.846],[3.498,-11.189],[8.517,-20.377],[3.017,-41.565],[-5.802,-0.651]],"o":[[3.703,-29.006],[4.381,-14.736],[3.302,-7.104],[6.569,-9.437],[4.418,-9.234],[-6.974,-4.157],[-11.737,2.741],[-6.707,21.451],[-16.748,40.076],[4.424,2.058],[9.819,1.102]],"v":[[-3.65,97.99],[10.605,22.815],[27.178,-20.155],[37.572,-41.233],[50.616,-61.146],[39.219,-94.589],[15.736,-98.236],[-6.997,-77.892],[-38.285,-18.001],[-39.073,94.549],[-22.889,98.979]],"c":true},"ix":2},"nm":"Path 1","mn":"ADBE Vector Shape - Group","hd":false},{"ty":"fl","c":{"a":0,"k":[0.109999997008,0.113999998803,0.118000000598,1],"ix":4},"o":{"a":0,"k":100,"ix":5},"r":1,"bm":0,"nm":"Fill 1","mn":"ADBE Vector Graphic - Fill","hd":false},{"ty":"tr","p":{"a":0,"k":[322.169,527.4],"ix":2},"a":{"a":0,"k":[0,0],"ix":1},"s":{"a":0,"k":[100,100],"ix":3},"r":{"a":0,"k":0,"ix":6},"o":{"a":0,"k":100,"ix":7},"sk":{"a":0,"k":0,"ix":4},"sa":{"a":0,"k":0,"ix":5},"nm":"Transform"}],"nm":"Group 2","np":2,"cix":2,"bm":0,"ix":2,"mn":"ADBE Vector Group","hd":false}],"ip":0,"op":180,"st":0,"bm":0},{"ddd":0,"ind":9,"ty":4,"nm":"calf_skin","sr":1,"ks":{"o":{"a":0,"k":100,"ix":11},"r":{"a":0,"k":0,"ix":10},"p":{"a":0,"k":[642.933,775.532,0],"ix":2},"a":{"a":0,"k":[301.067,633.532,0],"ix":1},"s":{"a":0,"k":[-100,100,100],"ix":6}},"ao":0,"shapes":[{"ty":"gr","it":[{"ind":0,"ty":"sh","ix":1,"ks":{"a":0,"k":{"i":[[-0.014,-4.239],[-2.185,-2.162],[-5.072,4.425],[-0.78,5.386],[-0.334,4.376],[2.592,-0.316],[4.745,0.827],[2.282,0.923],[0.172,-2.702]],"o":[[0.017,3.163],[5.204,5.126],[4.011,-3.487],[1.058,-7.29],[-2.571,0.754],[-4.775,0.581],[-2.425,-0.422],[-0.141,2.704],[-0.263,4.238]],"v":[[-17.652,1.914],[-13.254,11.924],[7.325,14.599],[15.339,2.879],[17.666,-18.557],[5.102,-16.82],[-9.274,-17.011],[-16.351,-19.024],[-16.815,-10.914]],"c":true},"ix":2},"nm":"Path 1","mn":"ADBE Vector Shape - Group","hd":false},{"ty":"fl","c":{"a":0,"k":[0.847000002394,0.607999973671,0.501999978458,1],"ix":4},"o":{"a":0,"k":100,"ix":5},"r":1,"bm":0,"nm":"Fill 1","mn":"ADBE Vector Graphic - Fill","hd":false},{"ty":"tr","p":{"a":0,"k":[301.06,634.412],"ix":2},"a":{"a":0,"k":[0,0],"ix":1},"s":{"a":0,"k":[100,100],"ix":3},"r":{"a":0,"k":0,"ix":6},"o":{"a":0,"k":100,"ix":7},"sk":{"a":0,"k":0,"ix":4},"sa":{"a":0,"k":0,"ix":5},"nm":"Transform"}],"nm":"Group 1","np":2,"cix":2,"bm":0,"ix":1,"mn":"ADBE Vector Group","hd":false},{"ty":"gr","it":[{"ind":0,"ty":"sh","ix":1,"ks":{"a":0,"k":{"i":[[0.247,-9.142],[-9.141,-0.246],[-0.246,9.141],[9.142,0.247]],"o":[[-0.247,9.142],[9.142,0.247],[0.248,-9.143],[-9.142,-0.248]],"v":[[-16.552,-0.447],[-0.448,16.552],[16.551,0.448],[0.447,-16.552]],"c":true},"ix":2},"nm":"Path 1","mn":"ADBE Vector Shape - Group","hd":false},{"ty":"fl","c":{"a":0,"k":[0.847000002394,0.607999973671,0.501999978458,1],"ix":4},"o":{"a":0,"k":100,"ix":5},"r":1,"bm":0,"nm":"Fill 1","mn":"ADBE Vector Graphic - Fill","hd":false},{"ty":"tr","p":{"a":0,"k":[299.983,635.118],"ix":2},"a":{"a":0,"k":[0,0],"ix":1},"s":{"a":0,"k":[100,100],"ix":3},"r":{"a":0,"k":0,"ix":6},"o":{"a":0,"k":100,"ix":7},"sk":{"a":0,"k":0,"ix":4},"sa":{"a":0,"k":0,"ix":5},"nm":"Transform"}],"nm":"Group 2","np":2,"cix":2,"bm":0,"ix":2,"mn":"ADBE Vector Group","hd":false}],"ip":0,"op":180,"st":0,"bm":0},{"ddd":0,"ind":10,"ty":4,"nm":"head","parent":14,"sr":1,"ks":{"o":{"a":0,"k":100,"ix":11},"r":{"a":0,"k":0.583,"ix":10},"p":{"a":0,"k":[754.69,348.842,0],"ix":2},"a":{"a":0,"k":[754.47,348.094,0],"ix":1},"s":{"a":0,"k":[100,100,100],"ix":6}},"ao":0,"shapes":[{"ty":"gr","it":[{"ty":"gr","it":[{"ind":0,"ty":"sh","ix":1,"ks":{"a":0,"k":{"i":[[-1.961,1.055],[-2.303,2.566],[-1.174,1.514],[-0.29,0.479],[-0.688,1.586],[-1.595,3.446],[-5.07,3.61],[-0.127,0.088],[-15.885,-10.802],[-6.089,-10.498],[-1.263,-1.136],[-0.954,-0.852],[-0.151,-0.852],[-0.957,-1.003],[0,0],[-0.347,-2.12],[-0.582,-1.469],[-0.542,0],[0.145,-0.396],[-0.11,-0.444],[-0.389,0.185],[0.102,-0.292],[-0.386,0.006],[0.503,-0.479],[0.054,-0.124],[-0.445,-0.295],[0.66,-0.927],[0.03,-0.095],[0.038,-0.008],[-0.253,-0.468],[-0.694,0.689],[0.534,-0.768],[0.734,-0.719],[5.061,2.298],[1.232,3.416],[5.943,2.625],[0.676,-0.401],[0.274,-0.228],[0.776,0.239],[1.209,-0.777],[1.446,-1.17],[5.853,-0.061],[3.486,-3.482],[0.502,1.143],[-2.276,2.445],[0.289,2.418],[2.738,0.756],[2.575,-0.715],[0.277,-0.171],[1.342,-2.404],[0.98,-2.646],[1.304,-0.03],[3.541,0.343]],"o":[[0.962,-0.517],[1.397,-1.709],[0.429,-0.59],[0.872,-1.494],[1.512,-3.482],[2.621,-5.663],[0.125,-0.089],[15.7,-10.907],[9.951,6.765],[0.842,1.451],[0.951,0.856],[0.653,0.582],[0.237,1.348],[0.956,1.003],[0,0],[0.251,1.542],[0.536,0.129],[-0.145,0.396],[-0.15,0.413],[0.11,0.445],[-0.102,0.291],[0.386,-0.007],[-0.502,0.478],[-0.096,0.092],[-0.2,0.47],[-0.585,0.457],[-0.029,0.096],[-0.022,0.003],[-0.202,0.409],[0.696,1.287],[-0.632,0.627],[-0.591,0.85],[-3.765,3.693],[-3.467,-1.575],[-1.976,-5.469],[-0.756,-0.334],[-0.307,0.182],[-0.649,0.542],[-1.378,-0.425],[-1.573,1.011],[-4.454,3.599],[-5.028,0.052],[-1.292,-1.301],[0.6,-0.657],[1.422,-1.527],[-0.338,-2.82],[-1.5,-0.414],[-0.313,0.087],[-2.343,1.445],[-0.86,1.538],[-0.453,1.222],[-4.172,0.094],[-2.483,-0.24]],"v":[[-58.005,14.993],[-52.407,9.087],[-47.871,3.557],[-46.786,1.947],[-44.46,-2.686],[-40.144,-13.221],[-28.374,-27.351],[-27.996,-27.617],[26.058,-27.075],[43.195,-8.855],[46.116,-3.725],[49.618,-2.632],[50.46,-0.221],[52.312,3.426],[56.927,7.467],[55.291,12.744],[57.125,17.094],[58.745,17.313],[58.31,18.502],[58.117,19.805],[59.114,20.46],[58.808,21.334],[59.967,21.316],[58.459,22.751],[58.211,23.062],[58.97,24.323],[56.313,26.446],[56.224,26.734],[56.13,26.752],[56.139,28.07],[59.181,27.745],[57.658,30.473],[55.663,32.83],[40.946,36.226],[34.284,27.556],[25.335,12.559],[23.007,12.41],[22.2,13.11],[19.765,13.202],[16.077,13.371],[11.969,17.177],[-2.004,20.156],[-13.221,21.748],[-18.194,18.491],[-15.093,14.344],[-13.28,7.956],[-18.277,1.923],[-24.35,2.127],[-25.244,2.525],[-30.871,8.38],[-33.789,16.756],[-42.139,16.774],[-55.593,16.723]],"c":true},"ix":2},"nm":"Path 1","mn":"ADBE Vector Shape - Group","hd":false},{"ty":"fl","c":{"a":0,"k":[0.266999989748,0.172999992967,0.144999995828,1],"ix":4},"o":{"a":0,"k":100,"ix":5},"r":1,"bm":0,"nm":"Fill 1","mn":"ADBE Vector Graphic - Fill","hd":false},{"ty":"tr","p":{"a":0,"k":[597.896,180.239],"ix":2},"a":{"a":0,"k":[0,0],"ix":1},"s":{"a":0,"k":[100,100],"ix":3},"r":{"a":0,"k":0,"ix":6},"o":{"a":0,"k":100,"ix":7},"sk":{"a":0,"k":0,"ix":4},"sa":{"a":0,"k":0,"ix":5},"nm":"Transform"}],"nm":"Group 1","np":2,"cix":2,"bm":0,"ix":1,"mn":"ADBE Vector Group","hd":false},{"ty":"tr","p":{"a":0,"k":[754.47,323.094],"ix":2},"a":{"a":0,"k":[598.47,181.094],"ix":1},"s":{"a":0,"k":[100,100],"ix":3},"r":{"a":0,"k":0,"ix":6},"o":{"a":0,"k":100,"ix":7},"sk":{"a":0,"k":0,"ix":4},"sa":{"a":0,"k":0,"ix":5},"nm":"Transform"}],"nm":"hair","np":1,"cix":2,"bm":0,"ix":1,"mn":"ADBE Vector Group","hd":false},{"ty":"gr","it":[{"ty":"gr","it":[{"ind":0,"ty":"sh","ix":1,"ks":{"a":0,"k":{"i":[[-0.182,-14.484],[0.749,-1.075],[1.332,-3.801],[-2.183,-9.38],[-6.186,-8.861],[-1.967,-1.725],[-2.66,1.49],[-3.657,2.554],[-0.072,-0.081],[0,0],[0,0],[-1.788,1.677],[-1.838,1.963],[-1.462,7.23],[7.695,10.007],[6.69,-2.086]],"o":[[-0.692,1.105],[-2.833,4.07],[-0.891,2.54],[2.431,10.454],[1.48,2.121],[2.389,2.093],[3.9,-2.184],[0.766,-0.514],[4.247,4.755],[0,0],[1.53,-1.896],[1.961,-1.839],[4.987,-5.327],[2.389,-11.816],[-10.727,-13.951],[-13.702,6.369]],"v":[[-32.061,-17.283],[-36.373,-11.636],[-42.165,-0.945],[-42.305,15.141],[-29.461,45.464],[-24.704,51.631],[-17.234,52.008],[-5.574,45.263],[2.596,39.542],[9.926,44.536],[20.614,25.5],[26.331,20.385],[32.042,14.69],[41.841,-3.453],[36.792,-39.773],[0.247,-48.453]],"c":true},"ix":2},"nm":"Path 1","mn":"ADBE Vector Shape - Group","hd":false},{"ty":"fl","c":{"a":0,"k":[0.847000002861,0.60799998045,0.501999974251,1],"ix":4},"o":{"a":0,"k":100,"ix":5},"r":1,"bm":0,"nm":"Fill 1","mn":"ADBE Vector Graphic - Fill","hd":false},{"ty":"tr","p":{"a":0,"k":[596.168,214.277],"ix":2},"a":{"a":0,"k":[0,0],"ix":1},"s":{"a":0,"k":[100,100],"ix":3},"r":{"a":0,"k":0,"ix":6},"o":{"a":0,"k":100,"ix":7},"sk":{"a":0,"k":0,"ix":4},"sa":{"a":0,"k":0,"ix":5},"nm":"Transform"}],"nm":"Group 1","np":2,"cix":2,"bm":0,"ix":1,"mn":"ADBE Vector Group","hd":false},{"ty":"tr","p":{"a":0,"k":[752.101,357.701],"ix":2},"a":{"a":0,"k":[596.101,215.701],"ix":1},"s":{"a":0,"k":[100,100],"ix":3},"r":{"a":0,"k":0,"ix":6},"o":{"a":0,"k":100,"ix":7},"sk":{"a":0,"k":0,"ix":4},"sa":{"a":0,"k":0,"ix":5},"nm":"Transform"}],"nm":"head_skin","np":1,"cix":2,"bm":0,"ix":2,"mn":"ADBE Vector Group","hd":false}],"ip":0,"op":180,"st":0,"bm":0},{"ddd":0,"ind":11,"ty":4,"nm":"shirt_shadow","sr":1,"ks":{"o":{"a":0,"k":100,"ix":11},"r":{"a":0,"k":0,"ix":10},"p":{"a":0,"k":[521.492,435.152,0],"ix":2},"a":{"a":0,"k":[422.508,293.152,0],"ix":1},"s":{"a":0,"k":[-100,100,100],"ix":6}},"ao":0,"shapes":[{"ty":"gr","it":[{"ind":0,"ty":"sh","ix":1,"ks":{"a":0,"k":{"i":[[0,0],[-0.06,-0.82],[0,0],[0.79,5.49],[-1.23,5.44],[-3.81,3.02],[-0.22,0.169],[-0.08,1.83],[-0.26,1.5]],"o":[[3.54,1.04],[2.16,30.341],[-1.72,-5.38],[-0.79,-5.46],[0.96,-4.24],[0.2,-0.17],[-0.19,-1.871],[0.06,-1.55],[-12.44,0.141]],"v":[[-11.345,-16.605],[-6.915,-11.805],[6.645,27.225],[2.945,10.845],[2.535,-5.665],[10.415,-16.575],[11.045,-17.084],[10.875,-22.645],[11.345,-27.225]],"c":true},"ix":2},"nm":"Path 1","mn":"ADBE Vector Shape - Group","hd":false},{"ty":"fl","c":{"a":0,"k":[0.180000005984,0.204000001795,0.243000000598,1],"ix":4},"o":{"a":0,"k":100,"ix":5},"r":1,"bm":0,"nm":"Fill 1","mn":"ADBE Vector Graphic - Fill","hd":false},{"ty":"tr","p":{"a":0,"k":[422.508,293.152],"ix":2},"a":{"a":0,"k":[0,0],"ix":1},"s":{"a":0,"k":[100,100],"ix":3},"r":{"a":0,"k":0,"ix":6},"o":{"a":0,"k":100,"ix":7},"sk":{"a":0,"k":0,"ix":4},"sa":{"a":0,"k":0,"ix":5},"nm":"Transform"}],"nm":"Group 1","np":2,"cix":2,"bm":0,"ix":1,"mn":"ADBE Vector Group","hd":false}],"ip":0,"op":180,"st":0,"bm":0},{"ddd":0,"ind":12,"ty":4,"nm":"shirt","sr":1,"ks":{"o":{"a":0,"k":100,"ix":11},"r":{"a":0,"k":0,"ix":10},"p":{"a":0,"k":[528.23,399.559,0],"ix":2},"a":{"a":0,"k":[415.77,257.559,0],"ix":1},"s":{"a":0,"k":[-100,100,100],"ix":6}},"ao":0,"shapes":[{"ty":"gr","it":[{"ind":0,"ty":"sh","ix":1,"ks":{"a":0,"k":{"i":[[0.12,1.17],[-0.08,1.831],[-0.261,1.5],[-1.34,2.819],[-3.33,2.94],[-1.429,0.93],[-9.021,0.901],[-7.311,-2.519],[-2.299,-7.98],[4.449,-7.87],[19.68,2.08],[5.25,4.929],[1.329,2.019],[1.021,4.49],[0.08,0.41]],"o":[[-0.189,-1.87],[0.061,-1.549],[0.519,-3.12],[1.819,-3.83],[1.241,-1.091],[7.63,-4.91],[7.679,-0.769],[7.639,2.641],[2.54,8.82],[-9.311,16.43],[-7.17,-0.75],[-1.77,-1.661],[-2.511,-3.83],[-0.09,-0.411],[-0.231,-1.17]],"v":[[-2.991,18.95],[-3.161,13.389],[-2.69,8.809],[0.11,-0.14],[7.829,-10.39],[11.829,-13.42],[37.56,-21.361],[60.48,-19.521],[77.579,-3.2],[73.73,22.82],[27.119,50.519],[7.699,41.97],[3.06,36.41],[-2.211,23.72],[-2.47,22.47]],"c":true},"ix":2},"nm":"Path 1","mn":"ADBE Vector Shape - Group","hd":false},{"ind":1,"ty":"sh","ix":2,"ks":{"a":0,"k":{"i":[[0,0],[1.93,-22.13],[-16.39,1.21],[-14.901,1.83],[-7.159,8.931],[-2.811,15.43],[4.85,6.74],[9.51,3.02],[16.771,-3.62],[16.16,-5.75],[14.009,-3.671]],"o":[[0,0],[16.361,-1.45],[14.921,-1.101],[44.38,-5.42],[9.45,-11.79],[1.45,-7.96],[-6.039,-8.37],[-16.731,-5.31],[-16.79,3.5],[-13.6,4.84],[0,0]],"v":[[-84.171,-2.62],[-83.291,65.29],[-34.151,61.25],[6.52,65.08],[76.929,26.099],[94.11,-19.84],[90.099,-43.48],[65.56,-61.6],[-5.371,-60.55],[-54.911,-46.85],[-95.56,-31.93]],"c":true},"ix":2},"nm":"Path 2","mn":"ADBE Vector Shape - Group","hd":false},{"ty":"mm","mm":1,"nm":"Merge Paths 1","mn":"ADBE Vector Filter - Merge","hd":false},{"ty":"fl","c":{"a":0,"k":[0.20800000359,0.238999998803,0.289999988032,1],"ix":4},"o":{"a":0,"k":100,"ix":5},"r":1,"bm":0,"nm":"Fill 1","mn":"ADBE Vector Graphic - Fill","hd":false},{"ty":"tr","p":{"a":0,"k":[436.544,257.117],"ix":2},"a":{"a":0,"k":[0,0],"ix":1},"s":{"a":0,"k":[100,100],"ix":3},"r":{"a":0,"k":0,"ix":6},"o":{"a":0,"k":100,"ix":7},"sk":{"a":0,"k":0,"ix":4},"sa":{"a":0,"k":0,"ix":5},"nm":"Transform"}],"nm":"Group 1","np":4,"cix":2,"bm":0,"ix":1,"mn":"ADBE Vector Group","hd":false},{"ty":"gr","it":[{"ind":0,"ty":"sh","ix":1,"ks":{"a":0,"k":{"i":[[1.928,27.011],[27.01,-1.928],[1.555,-0.262],[1.201,-0.306],[2.649,-19.789],[-0.244,-3.421],[-1.342,-3.915],[0,0],[-22.681,1.618]],"o":[[-1.928,-27.021],[-1.607,0.114],[-1.239,0.209],[-19.476,4.839],[-0.447,3.28],[0.308,4.319],[0,0],[7.021,20.553],[27.012,-1.928]],"v":[[48.069,-3.33],[-4.336,-48.756],[-9.089,-48.186],[-12.753,-47.414],[-49.439,-6.419],[-49.753,3.649],[-47.245,16.042],[-47.245,16.052],[2.642,49.066]],"c":true},"ix":2},"nm":"Path 1","mn":"ADBE Vector Shape - Group","hd":false},{"ty":"fl","c":{"a":0,"k":[0.20800000359,0.238999998803,0.289999988032,1],"ix":4},"o":{"a":0,"k":100,"ix":5},"r":1,"bm":0,"nm":"Fill 1","mn":"ADBE Vector Graphic - Fill","hd":false},{"ty":"tr","p":{"a":0,"k":[350.076,273.376],"ix":2},"a":{"a":0,"k":[0,0],"ix":1},"s":{"a":0,"k":[100,100],"ix":3},"r":{"a":0,"k":0,"ix":6},"o":{"a":0,"k":100,"ix":7},"sk":{"a":0,"k":0,"ix":4},"sa":{"a":0,"k":0,"ix":5},"nm":"Transform"}],"nm":"Group 2","np":2,"cix":2,"bm":0,"ix":2,"mn":"ADBE Vector Group","hd":false}],"ip":0,"op":180,"st":0,"bm":0},{"ddd":0,"ind":13,"ty":4,"nm":"body_skin","sr":1,"ks":{"o":{"a":0,"k":100,"ix":11},"r":{"a":0,"k":0,"ix":10},"p":{"a":0,"k":[465.602,394.194,0],"ix":2},"a":{"a":0,"k":[478.398,252.194,0],"ix":1},"s":{"a":0,"k":[-100,100,100],"ix":6}},"ao":0,"shapes":[{"ty":"gr","it":[{"ind":0,"ty":"sh","ix":1,"ks":{"a":0,"k":{"i":[[4.147,29.82],[-14.235,14.847],[-14.41,-3.389],[-11.306,2.965],[5.221,-10.531],[3.965,-10.91],[8.901,-8.461],[11.753,-5.764]],"o":[[-2.772,-19.929],[21.652,-2.721],[8.171,1.922],[9.732,-2.552],[0,0],[-4.19,11.529],[-9.536,9.067],[-25.515,-9.416]],"v":[[-71.094,-0.588],[-48.431,-54.005],[20.574,-56.355],[52.145,-51.346],[68.645,0.768],[44.265,13.398],[20.99,38.641],[-10.807,59.745]],"c":true},"ix":2},"nm":"Path 1","mn":"ADBE Vector Shape - Group","hd":false},{"ty":"fl","c":{"a":0,"k":[0.847000002394,0.607999973671,0.501999978458,1],"ix":4},"o":{"a":0,"k":100,"ix":5},"r":1,"bm":0,"nm":"Fill 1","mn":"ADBE Vector Graphic - Fill","hd":false},{"ty":"tr","p":{"a":0,"k":[479.201,251.252],"ix":2},"a":{"a":0,"k":[0,0],"ix":1},"s":{"a":0,"k":[100,100],"ix":3},"r":{"a":0,"k":0,"ix":6},"o":{"a":0,"k":100,"ix":7},"sk":{"a":0,"k":0,"ix":4},"sa":{"a":0,"k":0,"ix":5},"nm":"Transform"}],"nm":"Group 1","np":2,"cix":2,"bm":0,"ix":1,"mn":"ADBE Vector Group","hd":false}],"ip":0,"op":180,"st":0,"bm":0},{"ddd":0,"ind":14,"ty":4,"nm":"neck","sr":1,"ks":{"o":{"a":0,"k":100,"ix":11},"r":{"a":1,"k":[{"i":{"x":[0.667],"y":[1]},"o":{"x":[0.333],"y":[0]},"t":15,"s":[0]},{"i":{"x":[0.667],"y":[1]},"o":{"x":[0.333],"y":[0]},"t":89,"s":[-2]},{"t":159,"s":[0]}],"ix":10},"p":{"a":0,"k":[419.015,370.132,0],"ix":2},"a":{"a":0,"k":[680.985,370.132,0],"ix":1},"s":{"a":0,"k":[-100,100,100],"ix":6}},"ao":0,"shapes":[{"ty":"gr","it":[{"ty":"gr","it":[{"ind":0,"ty":"sh","ix":1,"ks":{"a":0,"k":{"i":[[-1.021,-7.96],[-1.981,-5.611],[-0.221,-0.61],[-0.68,0.17],[-2.54,0.88],[-0.731,0.441],[0.401,0.98],[-6.1,8.91],[1.601,-0.73],[0.311,-0.18],[2.099,-7.27]],"o":[[0.729,5.7],[0.219,0.62],[0.689,-0.16],[2.63,-0.66],[0.75,-0.42],[-0.46,-0.95],[-4.599,-11.58],[-1.739,-1.01],[-0.37,0.16],[-2.74,1.63],[-1.21,4.17]],"v":[[-8.404,8.805],[-4.434,25.906],[-3.774,27.745],[-1.724,27.255],[6.056,24.965],[8.276,23.675],[6.995,20.785],[9.425,-12.745],[5.045,-26.435],[2.955,-27.565],[-7.764,-8.505]],"c":true},"ix":2},"nm":"Path 1","mn":"ADBE Vector Shape - Group","hd":false},{"ty":"fl","c":{"a":0,"k":[0.787999987602,0.549000024796,0.458999991417,1],"ix":4},"o":{"a":0,"k":100,"ix":5},"r":1,"bm":0,"nm":"Fill 1","mn":"ADBE Vector Graphic - Fill","hd":false},{"ty":"tr","p":{"a":0,"k":[558.508,223.082],"ix":2},"a":{"a":0,"k":[0,0],"ix":1},"s":{"a":0,"k":[100,100],"ix":3},"r":{"a":0,"k":0,"ix":6},"o":{"a":0,"k":100,"ix":7},"sk":{"a":0,"k":0,"ix":4},"sa":{"a":0,"k":0,"ix":5},"nm":"Transform"}],"nm":"Group 1","np":2,"cix":2,"bm":0,"ix":1,"mn":"ADBE Vector Group","hd":false},{"ty":"tr","p":{"a":0,"k":[714.735,365.164],"ix":2},"a":{"a":0,"k":[558.735,223.164],"ix":1},"s":{"a":0,"k":[100,100],"ix":3},"r":{"a":0,"k":0,"ix":6},"o":{"a":0,"k":100,"ix":7},"sk":{"a":0,"k":0,"ix":4},"sa":{"a":0,"k":0,"ix":5},"nm":"Transform"}],"nm":"neck_shadow","np":1,"cix":2,"bm":0,"ix":1,"mn":"ADBE Vector Group","hd":false},{"ty":"gr","it":[{"ty":"gr","it":[{"ind":0,"ty":"sh","ix":1,"ks":{"a":0,"k":{"i":[[-15.255,-0.009],[-0.009,15.254],[15.263,0.012],[0.017,-15.251]],"o":[[15.254,0.009],[0.008,-15.254],[-15.251,-0.017],[-0.007,15.26]],"v":[[-0.018,27.624],[27.621,0.022],[0.019,-27.616],[-27.622,-0.02]],"c":true},"ix":2},"nm":"Path 1","mn":"ADBE Vector Shape - Group","hd":false},{"ty":"fl","c":{"a":0,"k":[0.847000002861,0.60799998045,0.501999974251,1],"ix":4},"o":{"a":0,"k":100,"ix":5},"r":1,"bm":0,"nm":"Fill 1","mn":"ADBE Vector Graphic - Fill","hd":false},{"ty":"tr","p":{"a":0,"k":[525.008,228.228],"ix":2},"a":{"a":0,"k":[0,0],"ix":1},"s":{"a":0,"k":[100,100],"ix":3},"r":{"a":0,"k":0,"ix":6},"o":{"a":0,"k":100,"ix":7},"sk":{"a":0,"k":0,"ix":4},"sa":{"a":0,"k":0,"ix":5},"nm":"Transform"}],"nm":"Group 1","np":2,"cix":2,"bm":0,"ix":1,"mn":"ADBE Vector Group","hd":false},{"ty":"gr","it":[{"ind":0,"ty":"sh","ix":1,"ks":{"a":0,"k":{"i":[[-7.31,-14],[-10.01,-0.121],[-2.29,0.46],[-2.34,0.41],[-5.7,1.32],[-0.68,0.17],[-2.54,0.879],[-1.43,0.61],[-2.29,1.39],[-4.51,8.3],[3.99,9.95],[5.33,2.37],[0.8,0.24],[1.48,0.12],[3.88,-2.59],[7.21,-3.39],[7.9,-1.25],[0.16,-0.02],[3.84,-1.32]],"o":[[4.71,9.04],[2.34,0.03],[2.27,-0.45],[5.68,-1],[0.69,-0.16],[2.63,-0.661],[1.48,-0.51],[2.46,-1.04],[7.98,-4.86],[5,-9.22],[-2.2,-5.47],[-0.76,-0.34],[-1.38,-0.41],[-4.87,-0.39],[-6.52,4.36],[-7.32,3.44],[-0.15,0.03],[-4.08,0.63],[-15.84,5.4]],"v":[[-47.4,24.265],[-24.1,39.615],[-17.15,38.925],[-10.23,37.645],[6.96,34.355],[9.01,33.865],[16.79,31.575],[21.16,29.895],[28.3,26.265],[47.47,6.055],[50.72,-24.575],[39.06,-37.225],[36.71,-38.085],[33.16,-39.255],[18.76,-34.685],[-1.82,-22.485],[-23.95,-15.785],[-24.42,-15.705],[-36.46,-11.925]],"c":true},"ix":2},"nm":"Path 1","mn":"ADBE Vector Shape - Group","hd":false},{"ty":"fl","c":{"a":0,"k":[0.847000002861,0.60799998045,0.501999974251,1],"ix":4},"o":{"a":0,"k":100,"ix":5},"r":1,"bm":0,"nm":"Fill 1","mn":"ADBE Vector Graphic - Fill","hd":false},{"ty":"tr","p":{"a":0,"k":[547.773,216.472],"ix":2},"a":{"a":0,"k":[0,0],"ix":1},"s":{"a":0,"k":[100,100],"ix":3},"r":{"a":0,"k":0,"ix":6},"o":{"a":0,"k":100,"ix":7},"sk":{"a":0,"k":0,"ix":4},"sa":{"a":0,"k":0,"ix":5},"nm":"Transform"}],"nm":"Group 2","np":2,"cix":2,"bm":0,"ix":2,"mn":"ADBE Vector Group","hd":false},{"ty":"tr","p":{"a":0,"k":[704.486,358.632],"ix":2},"a":{"a":0,"k":[548.486,216.632],"ix":1},"s":{"a":0,"k":[100,100],"ix":3},"r":{"a":0,"k":0,"ix":6},"o":{"a":0,"k":100,"ix":7},"sk":{"a":0,"k":0,"ix":4},"sa":{"a":0,"k":0,"ix":5},"nm":"Transform"}],"nm":"neck_skin","np":2,"cix":2,"bm":0,"ix":2,"mn":"ADBE Vector Group","hd":false}],"ip":0,"op":180,"st":0,"bm":0},{"ddd":0,"ind":15,"ty":4,"nm":"lower_shirt","sr":1,"ks":{"o":{"a":0,"k":100,"ix":11},"r":{"a":0,"k":0,"ix":10},"p":{"a":0,"k":[615.11,421.155,0],"ix":2},"a":{"a":0,"k":[328.89,279.155,0],"ix":1},"s":{"a":0,"k":[-100,100,100],"ix":6}},"ao":0,"shapes":[{"ty":"gr","it":[{"ind":0,"ty":"sh","ix":1,"ks":{"a":0,"k":{"i":[[-0.44,0.133],[0,0],[4.355,26.465],[0,0],[0.352,-0.18],[0.318,-0.159],[9.951,0.974],[-7.023,-23.169],[0,0],[-3.895,0.941],[-6.662,2.155],[-3.427,1.103]],"o":[[0,0],[0,0],[-4.343,-26.458],[-0.35,0.189],[-0.316,0.168],[-8.883,4.511],[2.654,23.333],[8.754,28.873],[3.888,-0.928],[6.799,-1.633],[3.425,-1.112],[0.438,-0.143]],"v":[[36.402,40.797],[36.386,40.78],[12.58,-3.199],[2.682,-51.437],[1.63,-50.878],[0.682,-50.382],[-36.403,-46.108],[-28.684,3.805],[0.891,51.437],[4.786,50.496],[24.826,44.526],[35.096,41.213]],"c":true},"ix":2},"nm":"Path 1","mn":"ADBE Vector Shape - Group","hd":false},{"ty":"fl","c":{"a":0,"k":[0.20800000359,0.238999998803,0.289999988032,1],"ix":4},"o":{"a":0,"k":100,"ix":5},"r":1,"bm":0,"nm":"Fill 1","mn":"ADBE Vector Graphic - Fill","hd":false},{"ty":"tr","p":{"a":0,"k":[328.89,279.155],"ix":2},"a":{"a":0,"k":[0,0],"ix":1},"s":{"a":0,"k":[100,100],"ix":3},"r":{"a":0,"k":0,"ix":6},"o":{"a":0,"k":100,"ix":7},"sk":{"a":0,"k":0,"ix":4},"sa":{"a":0,"k":0,"ix":5},"nm":"Transform"}],"nm":"Group 1","np":2,"cix":2,"bm":0,"ix":1,"mn":"ADBE Vector Group","hd":false}],"ip":0,"op":180,"st":0,"bm":0},{"ddd":0,"ind":16,"ty":4,"nm":"hips","sr":1,"ks":{"o":{"a":0,"k":100,"ix":11},"r":{"a":0,"k":0,"ix":10},"p":{"a":0,"k":[688.863,439.126,0],"ix":2},"a":{"a":0,"k":[255.137,297.126,0],"ix":1},"s":{"a":0,"k":[-100,100,100],"ix":6}},"ao":0,"shapes":[{"ty":"gr","it":[{"ind":0,"ty":"sh","ix":1,"ks":{"a":0,"k":{"i":[[-0.236,-1.028],[-11.981,-36.641],[0,0],[0.909,-0.335],[13.252,-5.168],[13.751,-2.684],[8.407,3.654],[0.499,0.234],[5.174,4.348],[1.702,13.602],[-26.527,11.296],[-8.514,0.73],[-8.839,0.307]],"o":[[1.725,7.503],[3.032,9.275],[-0.206,-0.374],[-13.342,4.933],[-13.001,5.071],[-8.988,1.755],[-0.506,-0.219],[-6.114,-2.871],[-10.592,-8.9],[-3.697,-29.543],[7.906,-3.366],[8.831,-0.756],[2.202,-0.077]],"v":[[46.845,-63.145],[59.693,-17.294],[78.594,30.392],[68.577,34.026],[28.812,49.505],[-11.162,62.819],[-37.802,59.841],[-39.31,59.161],[-56.278,48.127],[-74.897,11.997],[-32.114,-57.634],[-7.235,-63.818],[19.251,-64.073]],"c":true},"ix":2},"nm":"Path 1","mn":"ADBE Vector Shape - Group","hd":false},{"ty":"fl","c":{"a":0,"k":[0.109999997008,0.113999998803,0.118000000598,1],"ix":4},"o":{"a":0,"k":100,"ix":5},"r":1,"bm":0,"nm":"Fill 1","mn":"ADBE Vector Graphic - Fill","hd":false},{"ty":"tr","p":{"a":0,"k":[253.51,297.381],"ix":2},"a":{"a":0,"k":[0,0],"ix":1},"s":{"a":0,"k":[100,100],"ix":3},"r":{"a":0,"k":0,"ix":6},"o":{"a":0,"k":100,"ix":7},"sk":{"a":0,"k":0,"ix":4},"sa":{"a":0,"k":0,"ix":5},"nm":"Transform"}],"nm":"Group 1","np":2,"cix":2,"bm":0,"ix":1,"mn":"ADBE Vector Group","hd":false}],"ip":0,"op":180,"st":0,"bm":0},{"ddd":0,"ind":17,"ty":4,"nm":"thigh_1","sr":1,"ks":{"o":{"a":0,"k":100,"ix":11},"r":{"a":0,"k":0,"ix":10},"p":{"a":0,"k":[658.904,505.72,0],"ix":2},"a":{"a":0,"k":[285.096,363.72,0],"ix":1},"s":{"a":0,"k":[-100,100,100],"ix":6}},"ao":0,"shapes":[{"ty":"gr","it":[{"ind":0,"ty":"sh","ix":1,"ks":{"a":0,"k":{"i":[[-11.721,10.363],[18.84,21.307],[22.539,-19.931],[0.713,-14.215],[-8.936,-10.105],[-12.976,-0.829]],"o":[[22.539,-19.93],[-18.841,-21.306],[-11.848,10.477],[-0.646,12.827],[9.044,10.229],[14.057,0.896]],"v":[[29.793,39.743],[37.871,-33.639],[-37.053,-36.131],[-56.065,2.769],[-43.752,38.534],[-9.301,55.166]],"c":true},"ix":2},"nm":"Path 1","mn":"ADBE Vector Shape - Group","hd":false},{"ty":"fl","c":{"a":0,"k":[0.118000000598,0.118000000598,0.118000000598,1],"ix":4},"o":{"a":0,"k":100,"ix":5},"r":1,"bm":0,"nm":"Fill 1","mn":"ADBE Vector Graphic - Fill","hd":false},{"ty":"tr","p":{"a":0,"k":[244.328,307.405],"ix":2},"a":{"a":0,"k":[0,0],"ix":1},"s":{"a":0,"k":[100,100],"ix":3},"r":{"a":0,"k":0,"ix":6},"o":{"a":0,"k":100,"ix":7},"sk":{"a":0,"k":0,"ix":4},"sa":{"a":0,"k":0,"ix":5},"nm":"Transform"}],"nm":"Group 1","np":2,"cix":2,"bm":0,"ix":1,"mn":"ADBE Vector Group","hd":false},{"ty":"gr","it":[{"ind":0,"ty":"sh","ix":1,"ks":{"a":0,"k":{"i":[[-1.978,-3.903],[-0.452,-3.406],[4.923,-6.948],[8.206,-0.702],[4.98,4.058],[3.48,3.164],[17.171,12.864],[10.621,8.991],[10.828,12.825],[-21.446,23.071],[-13.58,-0.312],[-15.013,-19.835],[-19.584,-31.645],[-2.323,-3.558]],"o":[[1.551,3.062],[1.129,8.503],[-4.775,6.738],[-5.901,0.504],[-4.694,-3.822],[-15.887,-14.451],[-11.122,-8.358],[-12.801,-10.835],[-17.096,-20.25],[9.327,-10.034],[26.549,0.611],[22.544,29.785],[2.237,3.614],[2.393,3.666]],"v":[[94.454,55.611],[101.485,73.502],[97.659,94.082],[73.732,106.918],[57.68,100.974],[47.396,87.436],[-8.629,40.249],[-41.463,14.486],[-78.447,-20.875],[-81.168,-91.979],[-44.074,-107.11],[14.861,-67.792],[74.946,26.621],[81.905,37.304]],"c":true},"ix":2},"nm":"Path 1","mn":"ADBE Vector Shape - Group","hd":false},{"ty":"fl","c":{"a":0,"k":[0.071000005685,0.075,0.078000005086,1],"ix":4},"o":{"a":0,"k":100,"ix":5},"r":1,"bm":0,"nm":"Fill 1","mn":"ADBE Vector Graphic - Fill","hd":false},{"ty":"tr","p":{"a":0,"k":[281.296,363.789],"ix":2},"a":{"a":0,"k":[0,0],"ix":1},"s":{"a":0,"k":[100,100],"ix":3},"r":{"a":0,"k":0,"ix":6},"o":{"a":0,"k":100,"ix":7},"sk":{"a":0,"k":0,"ix":4},"sa":{"a":0,"k":0,"ix":5},"nm":"Transform"}],"nm":"Group 2","np":2,"cix":2,"bm":0,"ix":2,"mn":"ADBE Vector Group","hd":false}],"ip":0,"op":180,"st":0,"bm":0},{"ddd":0,"ind":18,"ty":4,"nm":"arm_1","sr":1,"ks":{"o":{"a":0,"k":100,"ix":11},"r":{"a":0,"k":0,"ix":10},"p":{"a":0,"k":[506.731,356.153,0],"ix":2},"a":{"a":0,"k":[437.269,214.153,0],"ix":1},"s":{"a":0,"k":[-100,100,100],"ix":6}},"ao":0,"shapes":[{"ty":"gr","it":[{"ind":0,"ty":"sh","ix":1,"ks":{"a":0,"k":{"i":[[1.688,-15.494],[4.594,-3.14],[8.157,-0.249],[8.435,4.384],[2.889,1.609],[8.352,1.343],[16.575,5.964],[4.271,1.099],[-3.091,3.684],[-9.32,-0.457],[-23.611,-1.857],[-12.017,-11.936]],"o":[[-0.616,5.655],[-6.78,4.637],[-9.416,0.288],[-2.932,-1.523],[-6.177,-3.438],[-14.928,-2.4],[-3.294,-1.184],[-21.514,-8.029],[6.811,-8.115],[14.952,0.732],[18.12,1.426],[1.697,1.684]],"v":[[83.885,11.399],[74.644,28.221],[49.783,36.56],[23.102,28.721],[13.048,23.549],[-6.004,19.322],[-35.535,9.224],[-64.059,4.304],[-71.623,-28.734],[-29.209,-34.451],[34.978,-25.868],[78.035,-13.276]],"c":true},"ix":2},"nm":"Path 1","mn":"ADBE Vector Shape - Group","hd":false},{"ty":"fl","c":{"a":0,"k":[0.788000009574,0.54900004069,0.458999992819,1],"ix":4},"o":{"a":0,"k":100,"ix":5},"r":1,"bm":0,"nm":"Fill 1","mn":"ADBE Vector Graphic - Fill","hd":false},{"ty":"tr","p":{"a":0,"k":[433.385,213.35],"ix":2},"a":{"a":0,"k":[0,0],"ix":1},"s":{"a":0,"k":[100,100],"ix":3},"r":{"a":0,"k":0,"ix":6},"o":{"a":0,"k":100,"ix":7},"sk":{"a":0,"k":0,"ix":4},"sa":{"a":0,"k":0,"ix":5},"nm":"Transform"}],"nm":"Group 1","np":2,"cix":2,"bm":0,"ix":1,"mn":"ADBE Vector Group","hd":false},{"ty":"gr","it":[{"ind":0,"ty":"sh","ix":1,"ks":{"a":0,"k":{"i":[[-2.214,16.343],[16.343,2.215],[2.214,-16.342],[-16.342,-2.214]],"o":[[2.215,-16.343],[-16.343,-2.213],[-2.214,16.343],[16.343,2.214]],"v":[[29.591,4.009],[4.009,-29.592],[-29.591,-4.01],[-4.009,29.591]],"c":true},"ix":2},"nm":"Path 1","mn":"ADBE Vector Shape - Group","hd":false},{"ty":"fl","c":{"a":0,"k":[0.788000009574,0.54900004069,0.458999992819,1],"ix":4},"o":{"a":0,"k":100,"ix":5},"r":1,"bm":0,"nm":"Fill 1","mn":"ADBE Vector Graphic - Fill","hd":false},{"ty":"tr","p":{"a":0,"k":[488.396,220.074],"ix":2},"a":{"a":0,"k":[0,0],"ix":1},"s":{"a":0,"k":[100,100],"ix":3},"r":{"a":0,"k":0,"ix":6},"o":{"a":0,"k":100,"ix":7},"sk":{"a":0,"k":0,"ix":4},"sa":{"a":0,"k":0,"ix":5},"nm":"Transform"}],"nm":"Group 2","np":2,"cix":2,"bm":0,"ix":2,"mn":"ADBE Vector Group","hd":false}],"ip":0,"op":180,"st":0,"bm":0},{"ddd":0,"ind":19,"ty":4,"nm":"hand_1","sr":1,"ks":{"o":{"a":0,"k":100,"ix":11},"r":{"a":0,"k":0,"ix":10},"p":{"a":0,"k":[701.066,374.403,0],"ix":2},"a":{"a":0,"k":[242.934,232.403,0],"ix":1},"s":{"a":0,"k":[-100,100,100],"ix":6}},"ao":0,"shapes":[{"ty":"gr","it":[{"ind":0,"ty":"sh","ix":1,"ks":{"a":0,"k":{"i":[[-0.231,-0.165],[-1.413,-0.096],[-3.423,-1.334],[-3.727,-0.656],[-4.482,-0.028],[-5.04,1.01],[-5.532,3.964],[-4.815,4.23],[-1.141,2.831],[0.945,2.682],[3.161,1.495],[8.352,-3.746],[1.972,-1.841],[2.351,-1.791],[9.811,2.671],[3.239,-1.525],[1.844,-0.312],[1.786,0.723],[1.618,-1.047],[1.752,-1.271],[1.296,-0.482],[-1.569,-1.98]],"o":[[1.105,0.791],[3.644,0.248],[3.499,1.363],[4.436,0.779],[5.116,0.033],[6.747,-1.352],[5.215,-3.736],[2.195,-1.928],[1.278,-3.169],[-1.128,-3.2],[-1.339,-0.632],[-2.49,1.118],[-2.157,2.014],[-7.399,5.637],[-3.174,-0.864],[-1.693,0.797],[-1.901,0.322],[-1.787,-0.723],[-1.816,1.176],[-1.119,0.813],[-2.315,0.859],[0.184,0.233]],"v":[[-45.949,14.744],[-41.852,15.73],[-31.569,17.912],[-20.914,21.598],[-7.34,21.933],[7.987,21.022],[26.475,12.077],[41.311,-0.148],[46.864,-6.338],[46.309,-15.441],[39.401,-21.173],[27.031,-18.631],[20.699,-13.57],[14.071,-7.697],[-11.648,1.373],[-21.045,0.624],[-26.019,3.152],[-31.562,1.827],[-37.114,1.644],[-41.042,6.733],[-44.928,8.123],[-46.574,14.152]],"c":true},"ix":2},"nm":"Path 1","mn":"ADBE Vector Shape - Group","hd":false},{"ty":"fl","c":{"a":0,"k":[0.788000009574,0.54900004069,0.458999992819,1],"ix":4},"o":{"a":0,"k":100,"ix":5},"r":1,"bm":0,"nm":"Fill 1","mn":"ADBE Vector Graphic - Fill","hd":false},{"ty":"tr","p":{"a":0,"k":[242.863,232.196],"ix":2},"a":{"a":0,"k":[0,0],"ix":1},"s":{"a":0,"k":[100,100],"ix":3},"r":{"a":0,"k":0,"ix":6},"o":{"a":0,"k":100,"ix":7},"sk":{"a":0,"k":0,"ix":4},"sa":{"a":0,"k":0,"ix":5},"nm":"Transform"}],"nm":"Group 1","np":2,"cix":2,"bm":0,"ix":1,"mn":"ADBE Vector Group","hd":false}],"ip":0,"op":180,"st":0,"bm":0},{"ddd":0,"ind":20,"ty":4,"nm":"forearm_1","sr":1,"ks":{"o":{"a":0,"k":100,"ix":11},"r":{"a":0,"k":0,"ix":10},"p":{"a":0,"k":[613.86,346.492,0],"ix":2},"a":{"a":0,"k":[330.14,204.492,0],"ix":1},"s":{"a":0,"k":[-100,100,100],"ix":6}},"ao":0,"shapes":[{"ty":"gr","it":[{"ind":0,"ty":"sh","ix":1,"ks":{"a":0,"k":{"i":[[16.068,-2.789],[21.256,-1.069],[4.875,0.427],[1.987,3.221],[-1.801,2.821],[-2.49,0.753],[-7.141,2.065],[-10.625,4.494],[-22.24,2.217],[-4.333,-2.005],[6.119,-6.248]],"o":[[-6.998,1.215],[-12.663,0.636],[-3.404,-0.297],[-1.761,-2.856],[1.517,-2.377],[3.548,-1.073],[11.288,-3.264],[21.034,-8.896],[4.696,-0.468],[11.92,5.512],[-6.855,6.999]],"v":[[27.301,17.714],[-17.941,21.908],[-51.132,24.966],[-61.648,20.354],[-62.07,10.622],[-56.553,5.237],[-42.229,1.312],[-15.755,-7.751],[41.109,-24.925],[51.951,-21.714],[57.081,7.041]],"c":true},"ix":2},"nm":"Path 1","mn":"ADBE Vector Shape - Group","hd":false},{"ty":"fl","c":{"a":0,"k":[0.788000009574,0.54900004069,0.458999992819,1],"ix":4},"o":{"a":0,"k":100,"ix":5},"r":1,"bm":0,"nm":"Fill 1","mn":"ADBE Vector Graphic - Fill","hd":false},{"ty":"tr","p":{"a":0,"k":[330.996,204.495],"ix":2},"a":{"a":0,"k":[0,0],"ix":1},"s":{"a":0,"k":[100,100],"ix":3},"r":{"a":0,"k":0,"ix":6},"o":{"a":0,"k":100,"ix":7},"sk":{"a":0,"k":0,"ix":4},"sa":{"a":0,"k":0,"ix":5},"nm":"Transform"}],"nm":"Group 1","np":2,"cix":2,"bm":0,"ix":1,"mn":"ADBE Vector Group","hd":false},{"ty":"gr","it":[{"ind":0,"ty":"sh","ix":1,"ks":{"a":0,"k":{"i":[[6.715,8.105],[-7.9,7.046],[-6.715,-8.105],[7.901,-7.045]],"o":[[-6.714,-8.105],[7.902,-7.045],[6.714,8.105],[-7.901,7.046]],"v":[[-14.306,12.757],[-12.158,-14.676],[14.306,-12.757],[12.157,14.675]],"c":true},"ix":2},"nm":"Path 1","mn":"ADBE Vector Shape - Group","hd":false},{"ty":"fl","c":{"a":0,"k":[0.788000009574,0.54900004069,0.458999992819,1],"ix":4},"o":{"a":0,"k":100,"ix":5},"r":1,"bm":0,"nm":"Fill 1","mn":"ADBE Vector Graphic - Fill","hd":false},{"ty":"tr","p":{"a":0,"k":[373.726,198.924],"ix":2},"a":{"a":0,"k":[0,0],"ix":1},"s":{"a":0,"k":[100,100],"ix":3},"r":{"a":0,"k":0,"ix":6},"o":{"a":0,"k":100,"ix":7},"sk":{"a":0,"k":0,"ix":4},"sa":{"a":0,"k":0,"ix":5},"nm":"Transform"}],"nm":"Group 2","np":2,"cix":2,"bm":0,"ix":2,"mn":"ADBE Vector Group","hd":false}],"ip":0,"op":180,"st":0,"bm":0},{"ddd":0,"ind":21,"ty":4,"nm":"sole_1","sr":1,"ks":{"o":{"a":0,"k":100,"ix":11},"r":{"a":0,"k":0,"ix":10},"p":{"a":0,"k":[435.674,771.11,0],"ix":2},"a":{"a":0,"k":[508.326,629.11,0],"ix":1},"s":{"a":0,"k":[-100,100,100],"ix":6}},"ao":0,"shapes":[{"ty":"gr","it":[{"ind":0,"ty":"sh","ix":1,"ks":{"a":0,"k":{"i":[[0.136,0.203],[0.171,1.038],[-0.18,0.263],[-0.077,0.044],[-5.666,4.314],[-3.131,2.125],[-3.079,1.307],[-0.292,0.12],[-0.597,0.241],[-1.583,0.736],[-0.137,0.064],[-0.145,0.07],[-0.243,0.128],[-1.209,0.655],[-0.098,0.059],[-0.091,0.053],[-0.801,0.452],[-2.325,1.451],[-2.482,1.715],[-2.422,1.908],[-2.138,2.031],[-1.719,2.487],[-0.009,0.103],[0.059,0.105],[0.228,1.011],[-0.259,0.279],[-0.354,-0.325],[-0.975,-2.445],[0.59,-0.837],[9.398,-6.749],[5.926,-3.799],[0,0],[4.665,-3.762],[3.629,1.087],[0.38,0.665]],"o":[[-0.911,-1.465],[-0.075,-0.404],[0.302,-0.439],[13.233,-6.534],[2.385,-1.823],[3.813,-2.581],[0.3,-0.125],[0.612,-0.25],[1.625,-0.664],[0.132,-0.072],[0.137,-0.065],[0.24,-0.117],[1.002,-0.52],[0.091,-0.055],[0.096,-0.047],[0.749,-0.405],[2.38,-1.358],[2.559,-1.597],[2.537,-1.753],[2.315,-1.825],[2.185,-2.078],[0.059,-0.086],[0.01,-0.122],[-0.498,-0.894],[-0.088,-0.39],[0.285,-0.309],[1.455,1.409],[0.387,0.961],[-6.902,9.728],[-5.518,3.96],[0,0],[-7.119,4.565],[-17.552,14.175],[-0.647,-0.237],[-0.168,-0.114]],"v":[[-46.83,34.702],[-48.48,29.852],[-48.248,28.848],[-47.405,28.121],[-23.156,13.198],[-15.173,7.377],[-5.017,1.924],[-4.13,1.546],[-2.329,0.809],[2.441,-1.221],[2.848,-1.423],[3.268,-1.624],[3.992,-1.987],[7.318,-3.751],[7.611,-3.917],[7.897,-4.077],[10.222,-5.379],[17.279,-9.594],[24.846,-14.558],[32.297,-20.038],[39.006,-25.801],[45.06,-32.582],[45.189,-32.863],[45.079,-33.204],[43.723,-36.012],[44.121,-37.082],[45.214,-37.281],[48.168,-32.334],[47.849,-29.461],[22.983,-5.527],[5.731,5.956],[4.29,6.878],[-13.215,19.669],[-44.842,36.52],[-46.378,35.181]],"c":true},"ix":2},"nm":"Path 1","mn":"ADBE Vector Shape - Group","hd":false},{"ty":"fl","c":{"a":0,"k":[0.4,0.4,0.4,1],"ix":4},"o":{"a":0,"k":100,"ix":5},"r":1,"bm":0,"nm":"Fill 1","mn":"ADBE Vector Graphic - Fill","hd":false},{"ty":"tr","p":{"a":0,"k":[508.381,629.484],"ix":2},"a":{"a":0,"k":[0,0],"ix":1},"s":{"a":0,"k":[100,100],"ix":3},"r":{"a":0,"k":0,"ix":6},"o":{"a":0,"k":100,"ix":7},"sk":{"a":0,"k":0,"ix":4},"sa":{"a":0,"k":0,"ix":5},"nm":"Transform"}],"nm":"Group 1","np":2,"cix":2,"bm":0,"ix":1,"mn":"ADBE Vector Group","hd":false}],"ip":0,"op":180,"st":0,"bm":0},{"ddd":0,"ind":22,"ty":4,"nm":"foot_1","sr":1,"ks":{"o":{"a":0,"k":100,"ix":11},"r":{"a":0,"k":0,"ix":10},"p":{"a":0,"k":[446.197,768.133,0],"ix":2},"a":{"a":0,"k":[497.803,626.133,0],"ix":1},"s":{"a":0,"k":[-100,100,100],"ix":6}},"ao":0,"shapes":[{"ty":"gr","it":[{"ind":0,"ty":"sh","ix":1,"ks":{"a":0,"k":{"i":[[1.212,1.268],[1.294,1.695],[2.816,2.725],[2.125,3.741],[1.185,2.508],[-0.255,1.901],[-1.547,0.208],[-1.872,-1.493],[-2.163,0.678],[-1.15,1.366],[-0.183,1.357],[0.904,1.503],[0.253,2.244],[-1.475,-0.336],[-1.014,-0.688],[0,0],[-1.393,0.091],[0,0],[0,0],[-1.475,-0.335],[0,0],[-1.913,0.548],[-11.342,4.759],[-3.458,-1.016],[-1.006,-4.784],[7.798,-6.499],[1.964,-1.258],[1.458,-1.603],[4.003,-3.057],[2.198,-0.78]],"o":[[-1.212,-1.268],[-1.294,-1.692],[-2.812,-2.726],[-2.126,-3.738],[-1.184,-2.508],[0.255,-1.9],[1.549,-0.207],[1.873,1.495],[2.164,-0.677],[1.149,-1.368],[0.18,-1.357],[-0.905,-1.502],[-0.252,-2.246],[1.475,0.335],[1.013,0.688],[1.611,-1.719],[1.395,-0.089],[0,0],[0,0],[1.475,0.336],[-0.234,0.304],[7.923,-2.274],[7.901,-3.314],[3.456,1.014],[1.583,7.521],[-16.266,13.558],[-1.965,1.257],[-1.458,1.601],[-4.002,3.058],[-3.375,1.197]],"v":[[-37.072,33.516],[-40.935,26.461],[-45.632,21.274],[-51.284,12.916],[-55.216,2.027],[-56.943,-4.699],[-53.24,-6.553],[-47.132,-3.664],[-42.09,-3.127],[-31.776,-11.005],[-29.23,-16.607],[-27.906,-24.446],[-29.706,-30.627],[-24.247,-31.141],[-18.418,-29.256],[-13.721,-28.213],[-9.051,-30.077],[-6.717,-28.935],[-4.932,-28.835],[-1.001,-29.413],[3.191,-27.236],[11.786,-27.386],[30.997,-30.898],[48.868,-36.511],[55.614,-31.269],[38.856,-10.493],[12.848,5.605],[-0.986,13.98],[-10.204,22.972],[-33.191,36.33]],"c":true},"ix":2},"nm":"Path 1","mn":"ADBE Vector Shape - Group","hd":false},{"ty":"fl","c":{"a":0,"k":[0.075,0.071000005685,0.067000003889,1],"ix":4},"o":{"a":0,"k":100,"ix":5},"r":1,"bm":0,"nm":"Fill 1","mn":"ADBE Vector Graphic - Fill","hd":false},{"ty":"tr","p":{"a":0,"k":[498.412,626.168],"ix":2},"a":{"a":0,"k":[0,0],"ix":1},"s":{"a":0,"k":[100,100],"ix":3},"r":{"a":0,"k":0,"ix":6},"o":{"a":0,"k":100,"ix":7},"sk":{"a":0,"k":0,"ix":4},"sa":{"a":0,"k":0,"ix":5},"nm":"Transform"}],"nm":"Group 1","np":2,"cix":2,"bm":0,"ix":1,"mn":"ADBE Vector Group","hd":false}],"ip":0,"op":180,"st":0,"bm":0},{"ddd":0,"ind":23,"ty":4,"nm":"foot_skin_1","sr":1,"ks":{"o":{"a":0,"k":100,"ix":11},"r":{"a":0,"k":0,"ix":10},"p":{"a":0,"k":[446.736,763.902,0],"ix":2},"a":{"a":0,"k":[497.264,621.902,0],"ix":1},"s":{"a":0,"k":[-100,100,100],"ix":6}},"ao":0,"shapes":[{"ty":"gr","it":[{"ind":0,"ty":"sh","ix":1,"ks":{"a":0,"k":{"i":[[-2.076,4.937],[-3.131,2.13],[-20.916,-4.9],[-8.628,3.768],[-5.369,0.906],[-1.485,-0.476],[-0.459,-1.491],[2.293,-2.124],[2.333,-1.582],[3.934,-2.709],[3.851,-2.363],[1.282,-0.37],[1.805,-0.07],[2.652,-1.681],[2.522,-2.616],[4.938,-3.051],[10.512,10.15],[4.02,9.932]],"o":[[1.468,-3.49],[8.012,-5.451],[10.902,2.553],[4.939,-2.158],[1.536,-0.26],[1.483,0.477],[1.042,3.38],[-2.068,1.916],[-3.953,2.681],[-3.721,2.562],[-1.136,0.697],[-1.735,0.502],[-3.218,0.126],[-3.067,1.946],[-3.96,4.109],[-2.011,1.242],[-10.264,-11.127],[-0.985,-2.435]],"v":[[-52.804,-17.431],[-45.619,-25.957],[-14.001,-25.286],[31.034,-26.966],[45.922,-32.383],[50.55,-32.237],[53.838,-29.169],[49.359,-19.532],[42.551,-14.529],[30.884,-6.212],[19.457,1.078],[15.886,2.85],[10.499,3.276],[1.989,6.851],[-6.45,13.69],[-18.828,24.862],[-39.963,22.564],[-53.19,-5.8]],"c":true},"ix":2},"nm":"Path 1","mn":"ADBE Vector Shape - Group","hd":false},{"ty":"fl","c":{"a":0,"k":[0.788000009574,0.54900004069,0.458999992819,1],"ix":4},"o":{"a":0,"k":100,"ix":5},"r":1,"bm":0,"nm":"Fill 1","mn":"ADBE Vector Graphic - Fill","hd":false},{"ty":"tr","p":{"a":0,"k":[497.318,624.134],"ix":2},"a":{"a":0,"k":[0,0],"ix":1},"s":{"a":0,"k":[100,100],"ix":3},"r":{"a":0,"k":0,"ix":6},"o":{"a":0,"k":100,"ix":7},"sk":{"a":0,"k":0,"ix":4},"sa":{"a":0,"k":0,"ix":5},"nm":"Transform"}],"nm":"Group 1","np":2,"cix":2,"bm":0,"ix":1,"mn":"ADBE Vector Group","hd":false}],"ip":0,"op":180,"st":0,"bm":0},{"ddd":0,"ind":24,"ty":4,"nm":"calf_1","sr":1,"ks":{"o":{"a":0,"k":100,"ix":11},"r":{"a":0,"k":0,"ix":10},"p":{"a":0,"k":[552.21,652.502,0],"ix":2},"a":{"a":0,"k":[391.79,510.502,0],"ix":1},"s":{"a":0,"k":[-100,100,100],"ix":6}},"ao":0,"shapes":[{"ty":"gr","it":[{"ind":0,"ty":"sh","ix":1,"ks":{"a":0,"k":{"i":[[-11.268,-9.828],[-9.828,11.267],[11.267,9.828],[9.827,-11.268]],"o":[[11.269,9.827],[9.828,-11.268],[-11.269,-9.828],[-9.83,11.267]],"v":[[-17.794,20.403],[20.402,17.796],[17.796,-20.402],[-20.401,-17.794]],"c":true},"ix":2},"nm":"Path 1","mn":"ADBE Vector Shape - Group","hd":false},{"ty":"fl","c":{"a":0,"k":[0.071000005685,0.075,0.078000005086,1],"ix":4},"o":{"a":0,"k":100,"ix":5},"r":1,"bm":0,"nm":"Fill 1","mn":"ADBE Vector Graphic - Fill","hd":false},{"ty":"tr","p":{"a":0,"k":[355.481,443.047],"ix":2},"a":{"a":0,"k":[0,0],"ix":1},"s":{"a":0,"k":[100,100],"ix":3},"r":{"a":0,"k":0,"ix":6},"o":{"a":0,"k":100,"ix":7},"sk":{"a":0,"k":0,"ix":4},"sa":{"a":0,"k":0,"ix":5},"nm":"Transform"}],"nm":"Group 1","np":2,"cix":2,"bm":0,"ix":1,"mn":"ADBE Vector Group","hd":false},{"ty":"gr","it":[{"ind":0,"ty":"sh","ix":1,"ks":{"a":0,"k":{"i":[[0.012,0.018],[12.401,24.691],[4.543,13.738],[2.024,7.094],[5.572,8.408],[6,2.171],[6.305,-2.756],[-6.452,-13.308],[-7.299,-19.476],[-24.739,-30.467],[-4.401,3.295]],"o":[[-16.167,-22.291],[-6.498,-12.937],[-2.316,-7.005],[-2.719,-9.537],[-3.515,-5.304],[-6.59,-2.384],[-14.185,6.201],[9.233,19.045],[14.355,38.302],[4.362,-1.44],[7.449,-5.577]],"v":[[64.976,74.43],[18.095,2.826],[1.753,-37.348],[-4.71,-58.514],[-11.289,-80.673],[-26.155,-92.531],[-46.767,-90.679],[-58.536,-54.045],[-41.779,6.351],[38.451,94.914],[52.412,87.518]],"c":true},"ix":2},"nm":"Path 1","mn":"ADBE Vector Shape - Group","hd":false},{"ty":"fl","c":{"a":0,"k":[0.071000005685,0.075,0.078000005086,1],"ix":4},"o":{"a":0,"k":100,"ix":5},"r":1,"bm":0,"nm":"Fill 1","mn":"ADBE Vector Graphic - Fill","hd":false},{"ty":"tr","p":{"a":0,"k":[390.196,510.115],"ix":2},"a":{"a":0,"k":[0,0],"ix":1},"s":{"a":0,"k":[100,100],"ix":3},"r":{"a":0,"k":0,"ix":6},"o":{"a":0,"k":100,"ix":7},"sk":{"a":0,"k":0,"ix":4},"sa":{"a":0,"k":0,"ix":5},"nm":"Transform"}],"nm":"Group 2","np":2,"cix":2,"bm":0,"ix":2,"mn":"ADBE Vector Group","hd":false}],"ip":0,"op":180,"st":0,"bm":0},{"ddd":0,"ind":25,"ty":4,"nm":"calf_skin_1","sr":1,"ks":{"o":{"a":0,"k":100,"ix":11},"r":{"a":0,"k":0,"ix":10},"p":{"a":0,"k":[495.479,744.857,0],"ix":2},"a":{"a":0,"k":[448.521,602.857,0],"ix":1},"s":{"a":0,"k":[-100,100,100],"ix":6}},"ao":0,"shapes":[{"ty":"gr","it":[{"ind":0,"ty":"sh","ix":1,"ks":{"a":0,"k":{"i":[[-2.806,-2.98],[-2.967,-0.083],[-2.726,5.898],[3,4.311],[2.651,3.306],[1.619,-1.932],[3.89,-2.546],[2.218,-0.854],[-1.661,-2.019]],"o":[[2.097,2.219],[7.049,0.184],[2.163,-4.679],[-4.062,-5.838],[-1.315,2.228],[-2.984,3.559],[-1.989,1.302],[1.684,1.999],[2.608,3.161]],"v":[[-7.623,16.692],[2.078,20.848],[18.351,9.165],[16.274,-4.383],[3.779,-21.032],[-3.934,-11.522],[-14.195,-2.177],[-20.514,1.071],[-15.492,7.095]],"c":true},"ix":2},"nm":"Path 1","mn":"ADBE Vector Shape - Group","hd":false},{"ty":"fl","c":{"a":0,"k":[0.788000009574,0.54900004069,0.458999992819,1],"ix":4},"o":{"a":0,"k":100,"ix":5},"r":1,"bm":0,"nm":"Fill 1","mn":"ADBE Vector Graphic - Fill","hd":false},{"ty":"tr","p":{"a":0,"k":[449.057,602.925],"ix":2},"a":{"a":0,"k":[0,0],"ix":1},"s":{"a":0,"k":[100,100],"ix":3},"r":{"a":0,"k":0,"ix":6},"o":{"a":0,"k":100,"ix":7},"sk":{"a":0,"k":0,"ix":4},"sa":{"a":0,"k":0,"ix":5},"nm":"Transform"}],"nm":"Group 1","np":2,"cix":2,"bm":0,"ix":1,"mn":"ADBE Vector Group","hd":false},{"ty":"gr","it":[{"ind":0,"ty":"sh","ix":1,"ks":{"a":0,"k":{"i":[[-5.854,-6.608],[-6.608,5.855],[5.853,6.608],[6.609,-5.855]],"o":[[5.854,6.608],[6.608,-5.854],[-5.855,-6.609],[-6.608,5.854]],"v":[[-11.965,10.6],[10.6,11.965],[11.966,-10.6],[-10.6,-11.965]],"c":true},"ix":2},"nm":"Path 1","mn":"ADBE Vector Shape - Group","hd":false},{"ty":"fl","c":{"a":0,"k":[0.788000009574,0.54900004069,0.458999992819,1],"ix":4},"o":{"a":0,"k":100,"ix":5},"r":1,"bm":0,"nm":"Fill 1","mn":"ADBE Vector Graphic - Fill","hd":false},{"ty":"tr","p":{"a":0,"k":[452.324,607.835],"ix":2},"a":{"a":0,"k":[0,0],"ix":1},"s":{"a":0,"k":[100,100],"ix":3},"r":{"a":0,"k":0,"ix":6},"o":{"a":0,"k":100,"ix":7},"sk":{"a":0,"k":0,"ix":4},"sa":{"a":0,"k":0,"ix":5},"nm":"Transform"}],"nm":"Group 2","np":2,"cix":2,"bm":0,"ix":2,"mn":"ADBE Vector Group","hd":false}],"ip":0,"op":180,"st":0,"bm":0}],"markers":[]}