{"v":"5.6.3","fr":60,"ip":0,"op":180,"w":1100,"h":1100,"nm":"Prone Chest Stretch (Left)","ddd":0,"assets":[],"layers":[{"ddd":0,"ind":1,"ty":4,"nm":"hand_shadow","sr":1,"ks":{"o":{"a":0,"k":100,"ix":11},"r":{"a":0,"k":0,"ix":10},"p":{"a":0,"k":[534.063,781.338,0],"ix":2},"a":{"a":0,"k":[565.937,661.338,0],"ix":1},"s":{"a":0,"k":[-100,100,100],"ix":6}},"ao":0,"shapes":[{"ty":"gr","it":[{"ind":0,"ty":"sh","ix":1,"ks":{"a":0,"k":{"i":[[0,0],[0,0],[0,0],[0,0],[-2.86,0.986]],"o":[[-0.318,-0.054],[0,0],[0,0],[0,0],[2.859,-0.983]],"v":[[20.061,-9.141],[4.039,-2.134],[-4.822,1.753],[-20.061,9.195],[6.655,-2.485]],"c":true},"ix":2},"nm":"Path 1","mn":"ADBE Vector Shape - Group","hd":false},{"ty":"fl","c":{"a":0,"k":[0.804000016755,0.560999971278,0.458999992819,1],"ix":4},"o":{"a":0,"k":100,"ix":5},"r":1,"bm":0,"nm":"Fill 1","mn":"ADBE Vector Graphic - Fill","hd":false},{"ty":"tr","p":{"a":0,"k":[558.46,652.034],"ix":2},"a":{"a":0,"k":[0,0],"ix":1},"s":{"a":0,"k":[100,100],"ix":3},"r":{"a":0,"k":0,"ix":6},"o":{"a":0,"k":100,"ix":7},"sk":{"a":0,"k":0,"ix":4},"sa":{"a":0,"k":0,"ix":5},"nm":"Transform"}],"nm":"Group 1","np":2,"cix":2,"bm":0,"ix":1,"mn":"ADBE Vector Group","hd":false},{"ty":"gr","it":[{"ind":0,"ty":"sh","ix":1,"ks":{"a":0,"k":{"i":[[0,0],[4.313,-3.095],[8.157,-3.562],[4.594,-2.625],[0,0],[-5.204,3.563],[-3.938,1.407],[-3.281,1.593]],"o":[[-0.281,0.095],[-4.312,3.093],[-8.156,3.562],[-4.594,2.625],[0,0],[5.203,-3.563],[3.937,-1.406],[3.281,-1.593]],"v":[[31.594,-16.032],[20.625,-11.062],[3.75,-2.532],[-20.25,10.593],[-30.003,15.924],[-26.39,12.468],[2.438,-3.751],[21.469,-13.219]],"c":true},"ix":2},"nm":"Path 1","mn":"ADBE Vector Shape - Group","hd":false},{"ty":"fl","c":{"a":0,"k":[0.804000016755,0.560999971278,0.458999992819,1],"ix":4},"o":{"a":0,"k":100,"ix":5},"r":1,"bm":0,"nm":"Fill 1","mn":"ADBE Vector Graphic - Fill","hd":false},{"ty":"tr","p":{"a":0,"k":[560.756,658.409],"ix":2},"a":{"a":0,"k":[0,0],"ix":1},"s":{"a":0,"k":[100,100],"ix":3},"r":{"a":0,"k":0,"ix":6},"o":{"a":0,"k":100,"ix":7},"sk":{"a":0,"k":0,"ix":4},"sa":{"a":0,"k":0,"ix":5},"nm":"Transform"}],"nm":"Group 2","np":2,"cix":2,"bm":0,"ix":2,"mn":"ADBE Vector Group","hd":false},{"ty":"gr","it":[{"ind":0,"ty":"sh","ix":1,"ks":{"a":0,"k":{"i":[[2.189,-2.305],[1.871,-0.936],[8.625,-3.844],[1.313,-1.594],[0,0],[-0.797,1.406],[-5.344,2.906],[-2.532,1.219],[-0.375,0.189]],"o":[[-0.665,0.7],[-1.871,0.939],[-8.626,3.842],[-1.312,1.592],[0,0],[0.796,-1.408],[5.344,-2.905],[2.531,-1.22],[0.375,-0.186]],"v":[[25.484,-12.086],[21.977,-7.352],[-6.203,3.64],[-25.236,13.39],[-26.875,16.154],[-26.875,13.39],[-1.047,-0.299],[19.203,-8.829],[26.703,-15.967]],"c":true},"ix":2},"nm":"Path 1","mn":"ADBE Vector Shape - Group","hd":false},{"ty":"fl","c":{"a":0,"k":[0.804000016755,0.560999971278,0.458999992819,1],"ix":4},"o":{"a":0,"k":100,"ix":5},"r":1,"bm":0,"nm":"Fill 1","mn":"ADBE Vector Graphic - Fill","hd":false},{"ty":"tr","p":{"a":0,"k":[566.866,664.145],"ix":2},"a":{"a":0,"k":[0,0],"ix":1},"s":{"a":0,"k":[100,100],"ix":3},"r":{"a":0,"k":0,"ix":6},"o":{"a":0,"k":100,"ix":7},"sk":{"a":0,"k":0,"ix":4},"sa":{"a":0,"k":0,"ix":5},"nm":"Transform"}],"nm":"Group 3","np":2,"cix":2,"bm":0,"ix":3,"mn":"ADBE Vector Group","hd":false},{"ty":"gr","it":[{"ind":0,"ty":"sh","ix":1,"ks":{"a":0,"k":{"i":[[0,0],[1.687,-0.563],[9.468,-3.75],[0,0],[-3.188,0],[-3.375,1.125],[-3.937,1.405]],"o":[[0,0],[-1.688,0.562],[-9.469,3.75],[0,0],[3.187,0],[3.375,-1.125],[3.938,-1.408]],"v":[[21.375,-10.594],[14.813,-4.594],[-6.562,2.531],[-21.375,10.594],[-14.531,8.344],[-0.469,3.001],[17.156,-2.624]],"c":true},"ix":2},"nm":"Path 1","mn":"ADBE Vector Shape - Group","hd":false},{"ty":"fl","c":{"a":0,"k":[0.804000016755,0.560999971278,0.458999992819,1],"ix":4},"o":{"a":0,"k":100,"ix":5},"r":1,"bm":0,"nm":"Fill 1","mn":"ADBE Vector Graphic - Fill","hd":false},{"ty":"tr","p":{"a":0,"k":[579.975,669.002],"ix":2},"a":{"a":0,"k":[0,0],"ix":1},"s":{"a":0,"k":[100,100],"ix":3},"r":{"a":0,"k":0,"ix":6},"o":{"a":0,"k":100,"ix":7},"sk":{"a":0,"k":0,"ix":4},"sa":{"a":0,"k":0,"ix":5},"nm":"Transform"}],"nm":"Group 4","np":2,"cix":2,"bm":0,"ix":4,"mn":"ADBE Vector Group","hd":false}],"ip":0,"op":180,"st":0,"bm":0},{"ddd":0,"ind":2,"ty":4,"nm":"hand","sr":1,"ks":{"o":{"a":0,"k":100,"ix":11},"r":{"a":0,"k":0,"ix":10},"p":{"a":0,"k":[514.685,781.666,0],"ix":2},"a":{"a":0,"k":[585.315,661.666,0],"ix":1},"s":{"a":0,"k":[-100,100,100],"ix":6}},"ao":0,"shapes":[{"ty":"gr","it":[{"ind":0,"ty":"sh","ix":1,"ks":{"a":0,"k":{"i":[[24.187,1.406],[9.421,1.967],[0,0],[4.64,1.507],[0.282,-2.58],[0,0],[5.484,-2.954],[0.703,-2.25],[0,0],[-0.282,-3.797],[0,0],[-5.906,0.983],[0,0],[-7.453,0.952],[-5.063,0.844],[-1.829,-0.282],[-7.875,2.389],[-6.469,5.625]],"o":[[0,0],[-9.422,-1.97],[0,0],[-4.641,-1.508],[-0.281,2.579],[0,0],[-5.485,2.953],[-0.703,2.25],[0,0],[0.281,3.797],[0,0],[5.907,-0.986],[0,0],[7.453,-0.952],[5.062,-0.845],[1.828,0.28],[7.875,-2.392],[6.468,-5.625]],"v":[[35.79,-18.39],[10.478,-23.169],[-11.883,-18.39],[-22.991,-20.958],[-30.727,-19.701],[-27.633,-11.497],[-44.788,-3.622],[-57.585,3.969],[-56.038,9.594],[-59.694,14.094],[-50.413,19.016],[-43.102,24.081],[-31.852,19.581],[-25.241,24.188],[-6.116,19.159],[5.556,18.456],[18.492,17.753],[39.728,9.313]],"c":true},"ix":2},"nm":"Path 1","mn":"ADBE Vector Shape - Group","hd":false},{"ty":"fl","c":{"a":0,"k":[0.847000002394,0.607999973671,0.501999978458,1],"ix":4},"o":{"a":0,"k":100,"ix":5},"r":1,"bm":0,"nm":"Fill 1","mn":"ADBE Vector Graphic - Fill","hd":false},{"ty":"tr","p":{"a":0,"k":[590.404,661.282],"ix":2},"a":{"a":0,"k":[0,0],"ix":1},"s":{"a":0,"k":[100,100],"ix":3},"r":{"a":0,"k":0,"ix":6},"o":{"a":0,"k":100,"ix":7},"sk":{"a":0,"k":0,"ix":4},"sa":{"a":0,"k":0,"ix":5},"nm":"Transform"}],"nm":"Group 1","np":2,"cix":2,"bm":0,"ix":1,"mn":"ADBE Vector Group","hd":false}],"ip":0,"op":180,"st":0,"bm":0},{"ddd":0,"ind":3,"ty":4,"nm":"forearm","sr":1,"ks":{"o":{"a":0,"k":100,"ix":11},"r":{"a":0,"k":0,"ix":10},"p":{"a":0,"k":[447.662,699.324,0],"ix":2},"a":{"a":0,"k":[652.338,579.324,0],"ix":1},"s":{"a":0,"k":[-100,100,100],"ix":6}},"ao":0,"shapes":[{"ty":"gr","it":[{"ind":0,"ty":"sh","ix":1,"ks":{"a":0,"k":{"i":[[-18.242,-33.458],[0.408,-1.524],[12.963,-23.153],[9.386,-1.788],[-2.115,11.505],[-0.872,20.359],[-5.983,31.1]],"o":[[2.99,5.485],[-7.023,25.849],[-3.148,5.611],[-6.758,1.286],[5.28,-28.729],[0.951,-22.183],[3.302,-17.171]],"v":[[33.993,-62.757],[27.526,-0.749],[-2.129,67.156],[-20.806,94.928],[-34.868,73.589],[-30.087,26.198],[-23.618,-35.114]],"c":true},"ix":2},"nm":"Path 1","mn":"ADBE Vector Shape - Group","hd":false},{"ty":"fl","c":{"a":0,"k":[0.847000002394,0.607999973671,0.501999978458,1],"ix":4},"o":{"a":0,"k":100,"ix":5},"r":1,"bm":0,"nm":"Fill 1","mn":"ADBE Vector Graphic - Fill","hd":false},{"ty":"tr","p":{"a":0,"k":[652.624,569.304],"ix":2},"a":{"a":0,"k":[0,0],"ix":1},"s":{"a":0,"k":[100,100],"ix":3},"r":{"a":0,"k":0,"ix":6},"o":{"a":0,"k":100,"ix":7},"sk":{"a":0,"k":0,"ix":4},"sa":{"a":0,"k":0,"ix":5},"nm":"Transform"}],"nm":"Group 1","np":2,"cix":2,"bm":0,"ix":1,"mn":"ADBE Vector Group","hd":false}],"ip":0,"op":180,"st":0,"bm":0},{"ddd":0,"ind":4,"ty":4,"nm":"arm","sr":1,"ks":{"o":{"a":0,"k":100,"ix":11},"r":{"a":0,"k":0,"ix":10},"p":{"a":0,"k":[522.723,599.232,0],"ix":2},"a":{"a":0,"k":[577.277,479.232,0],"ix":1},"s":{"a":0,"k":[-100,100,100],"ix":6}},"ao":0,"shapes":[{"ty":"gr","it":[{"ind":0,"ty":"sh","ix":1,"ks":{"a":0,"k":{"i":[[1.389,-5.065],[-9.916,-11.313],[-19.371,-3.106],[-9.843,1.342],[-22.131,-7.995],[-19.875,12],[8.731,6.019],[32.429,15.744],[12.542,1.657],[40.661,-8.156]],"o":[[-2.235,8.156],[8.793,10.032],[8.159,1.307],[3.74,-0.51],[30.603,11.056],[9.228,-5.571],[-3.487,-2.406],[-22.593,-10.969],[-7.769,-1.027],[-10.735,2.153]],"v":[[-110.046,-21.605],[-97.479,1.737],[-51.354,28.024],[-13.104,31.054],[21.303,45.576],[103.053,43.586],[100.322,14.576],[44.562,-22.062],[-7.76,-34.132],[-76.666,-48.476]],"c":true},"ix":2},"nm":"Path 1","mn":"ADBE Vector Shape - Group","hd":false},{"ty":"fl","c":{"a":0,"k":[0.847000002394,0.607999973671,0.501999978458,1],"ix":4},"o":{"a":0,"k":100,"ix":5},"r":1,"bm":0,"nm":"Fill 1","mn":"ADBE Vector Graphic - Fill","hd":false},{"ty":"tr","p":{"a":0,"k":[578.266,477.76],"ix":2},"a":{"a":0,"k":[0,0],"ix":1},"s":{"a":0,"k":[100,100],"ix":3},"r":{"a":0,"k":0,"ix":6},"o":{"a":0,"k":100,"ix":7},"sk":{"a":0,"k":0,"ix":4},"sa":{"a":0,"k":0,"ix":5},"nm":"Transform"}],"nm":"Group 1","np":2,"cix":2,"bm":0,"ix":1,"mn":"ADBE Vector Group","hd":false}],"ip":0,"op":180,"st":0,"bm":0},{"ddd":0,"ind":5,"ty":4,"nm":"hair","sr":1,"ks":{"o":{"a":0,"k":100,"ix":11},"r":{"a":0,"k":0,"ix":10},"p":{"a":0,"k":[752.83,643.336,0],"ix":2},"a":{"a":0,"k":[347.17,523.336,0],"ix":1},"s":{"a":0,"k":[-100,100,100],"ix":6}},"ao":0,"shapes":[{"ty":"gr","it":[{"ind":0,"ty":"sh","ix":1,"ks":{"a":0,"k":{"i":[[-0.375,1.657],[1.125,1.875],[0,0],[0,2.064],[0,0],[0.937,1.875],[-1.125,-0.189],[1.313,1.5],[-1.875,0.375],[0,0],[-1.499,0.562],[-0.375,1.345],[-0.938,-0.344],[0,0],[0,0],[-1.126,-0.939],[-0.188,0.936],[-0.375,-0.375],[-0.938,0.75],[-9.375,-1.689],[0,0],[-2.25,-2.969],[0,0],[0.2,-9.756],[0.051,0.002],[0.325,-0.298],[0,-0.417],[-0.307,-0.307],[-0.544,-0.424],[-0.083,-0.066],[-0.473,-2.766],[0.094,-0.086],[0.02,-0.441],[-0.295,-0.295],[-0.315,-0.07],[-0.1,-0.535],[0.162,-0.251],[-0.1,-0.437],[-0.352,-0.206],[-0.227,-0.011],[-0.011,-0.002],[0,0],[1.5,-0.564],[-1.5,-1.5],[0,0],[-1.125,-5.25],[-0.017,-0.542],[0,0],[0.041,-0.921],[-0.847,-0.064],[0.048,-0.249],[0.242,-0.126],[0.108,-0.392],[-0.226,-0.375],[-0.184,-0.28],[3.608,-3.316],[0.182,-0.042],[0.235,-0.363],[0.017,-0.207],[0.136,-0.086],[0.52,-0.298],[0.086,0.085],[0.451,0.019],[0.325,-0.297],[0,-0.417],[-0.09,-0.212],[0.105,-0.052],[0.041,0.021],[0.825,0.413],[0.28,-0.431],[-0.059,-0.214],[-0.194,-0.096],[-0.487,-0.27],[0.666,-0.293],[0,0],[0.204,0.132],[0.232,-0.053],[0.111,-0.189],[-0.071,-0.215],[0,0],[-0.31,-1.136],[0,0],[6,2.064],[0,0],[0,0],[3.188,5.064],[0.937,1.5],[0,0]],"o":[[0.375,-1.657],[0,0],[0,0],[0,-2.061],[0,0],[-0.937,-1.875],[1.126,0.186],[-1.313,-1.5],[1.875,-0.375],[0,0],[1.5,-0.563],[0.375,-1.343],[0.937,0.346],[0,0],[0,0],[1.125,0.936],[0.187,-0.939],[0.375,0.375],[0.937,-0.75],[9.375,1.686],[0,0],[2.25,2.971],[-20.06,-4.418],[-0.051,-0.006],[-0.453,-0.02],[-0.312,0.286],[0,0.436],[0.49,0.49],[0.083,0.066],[0.508,3.508],[-0.105,0.066],[-0.333,0.305],[-0.019,0.424],[0.224,0.223],[0.11,0.606],[-0.276,0.151],[-0.249,0.386],[0.092,0.404],[0.194,0.125],[0.011,0.002],[0.238,1.213],[0,0],[-1.5,0.561],[1.5,1.5],[-1.806,1.353],[0.093,0.433],[0,0],[-0.953,0],[-0.04,0.879],[-0.04,0.243],[-0.276,0.015],[-0.368,0.196],[-0.116,0.42],[0.173,0.286],[-1.477,4.766],[-0.184,-0.009],[-0.433,0.1],[-0.114,0.18],[-0.135,0.092],[-0.504,0.318],[-0.086,-0.085],[-0.326,-0.327],[-0.453,-0.021],[-0.312,0.287],[0,0.222],[-0.105,0.052],[-0.038,-0.03],[-0.825,-0.413],[-0.454,-0.228],[-0.123,0.194],[0.057,0.207],[0.499,0.25],[-0.696,0.322],[0,0],[-0.078,-0.231],[-0.206,-0.13],[-0.215,0.047],[-0.112,0.191],[0,0],[-3.928,1.708],[0.563,2.061],[0,0],[-6,-2.061],[0,0],[0,0],[-3.187,-5.061],[-0.938,-1.5],[0,0]],"v":[[-51.01,6.669],[-51.01,1.015],[-49.51,-1.049],[-49.324,-7.049],[-46.885,-16.985],[-47.635,-19.61],[-44.074,-19.985],[-44.26,-23.549],[-41.073,-24.111],[-36.76,-31.236],[-33.949,-33.486],[-28.324,-40.83],[-26.26,-40.83],[-22.29,-43.61],[-22.29,-45.299],[-18.573,-44.735],[-14.823,-46.61],[-13.698,-48.86],[-11.448,-47.174],[9.177,-48.86],[24.177,-46.049],[26.24,-40.83],[51.385,-29.791],[19.079,-25.228],[18.927,-25.248],[17.724,-24.75],[17.227,-23.549],[17.724,-22.347],[19.271,-20.969],[19.525,-20.78],[21.025,-11.29],[20.724,-11.062],[20.227,-9.86],[20.724,-8.658],[21.566,-8.206],[21.879,-6.496],[21.21,-5.844],[21.038,-4.533],[21.819,-3.519],[22.451,-3.315],[22.484,-3.312],[22.865,-1.424],[20.802,-0.86],[21.74,1.765],[20.99,4.765],[24.365,10.765],[24.516,12.252],[24.365,12.252],[22.665,13.951],[24.253,15.64],[24.111,16.385],[23.319,16.608],[22.538,17.624],[22.71,18.936],[23.253,19.778],[15.464,33.08],[14.912,33.125],[13.896,33.906],[13.704,34.487],[13.302,34.765],[11.764,35.691],[11.504,35.438],[10.302,34.94],[9.099,35.438],[8.602,36.64],[8.743,37.304],[8.429,37.455],[8.32,37.358],[5.883,36.047],[4.646,36.37],[4.555,37.066],[4.97,37.606],[6.443,38.399],[4.396,39.318],[4.048,38.273],[3.633,37.733],[2.936,37.644],[2.396,38.059],[2.305,38.754],[2.735,40.043],[-3.76,44.14],[5.3,50.549],[-23.26,45.076],[-39.198,36.076],[-41.073,32.701],[-45.574,25.201],[-48.948,12.451],[-50.074,10.765]],"c":true},"ix":2},"nm":"Path 1","mn":"ADBE Vector Shape - Group","hd":false},{"ty":"fl","c":{"a":0,"k":[0.26699999641,0.172999991623,0.144999994016,1],"ix":4},"o":{"a":0,"k":100,"ix":5},"r":1,"bm":0,"nm":"Fill 1","mn":"ADBE Vector Graphic - Fill","hd":false},{"ty":"tr","p":{"a":0,"k":[347.016,522.77],"ix":2},"a":{"a":0,"k":[0,0],"ix":1},"s":{"a":0,"k":[100,100],"ix":3},"r":{"a":0,"k":0,"ix":6},"o":{"a":0,"k":100,"ix":7},"sk":{"a":0,"k":0,"ix":4},"sa":{"a":0,"k":0,"ix":5},"nm":"Transform"}],"nm":"Group 1","np":2,"cix":2,"bm":0,"ix":1,"mn":"ADBE Vector Group","hd":false}],"ip":0,"op":180,"st":0,"bm":0},{"ddd":0,"ind":6,"ty":4,"nm":"head_shadow","sr":1,"ks":{"o":{"a":0,"k":100,"ix":11},"r":{"a":0,"k":0,"ix":10},"p":{"a":0,"k":[706.589,675.642,0],"ix":2},"a":{"a":0,"k":[393.411,555.642,0],"ix":1},"s":{"a":0,"k":[-100,100,100],"ix":6}},"ao":0,"shapes":[{"ty":"gr","it":[{"ind":0,"ty":"sh","ix":1,"ks":{"a":0,"k":{"i":[[-0.555,-0.415],[-3.188,1.34],[0,0],[0,0],[0,0],[0,-1.313],[-0.937,1.5],[0,0],[0.187,-1.875],[-2.062,2.626],[-0.187,-1.688],[-4.125,0.563],[-0.561,0.14],[19.402,-2.847],[17.964,4.703]],"o":[[0.75,0.562],[3.187,-1.34],[0,0],[0,0],[0,0],[0,1.312],[0.938,-1.5],[0,0],[-0.188,1.875],[2.063,-2.625],[0.188,1.687],[0.67,-0.091],[-5.482,9.308],[-22.64,3.324],[0.305,-2.908]],"v":[[-53.905,5.51],[-8.342,14.108],[6.658,-8.178],[36.283,-0.302],[38.345,-11.177],[40.783,-4.615],[43.595,-4.24],[45.549,-18.49],[45.658,-7.428],[47.345,-2.553],[49.97,-8.365],[54.283,-1.615],[55.173,-2.626],[16.923,15.166],[-55.173,9.548]],"c":true},"ix":2},"nm":"Path 1","mn":"ADBE Vector Shape - Group","hd":false},{"ty":"fl","c":{"a":0,"k":[0.804000016755,0.560999971278,0.458999992819,1],"ix":4},"o":{"a":0,"k":100,"ix":5},"r":1,"bm":0,"nm":"Fill 1","mn":"ADBE Vector Graphic - Fill","hd":false},{"ty":"tr","p":{"a":0,"k":[393.411,556.711],"ix":2},"a":{"a":0,"k":[0,0],"ix":1},"s":{"a":0,"k":[100,100],"ix":3},"r":{"a":0,"k":0,"ix":6},"o":{"a":0,"k":100,"ix":7},"sk":{"a":0,"k":0,"ix":4},"sa":{"a":0,"k":0,"ix":5},"nm":"Transform"}],"nm":"Group 1","np":2,"cix":2,"bm":0,"ix":1,"mn":"ADBE Vector Group","hd":false}],"ip":0,"op":180,"st":0,"bm":0},{"ddd":0,"ind":7,"ty":4,"nm":"head_skin","sr":1,"ks":{"o":{"a":0,"k":100,"ix":11},"r":{"a":0,"k":0,"ix":10},"p":{"a":0,"k":[711.474,647.013,0],"ix":2},"a":{"a":0,"k":[388.526,527.013,0],"ix":1},"s":{"a":0,"k":[-100,100,100],"ix":6}},"ao":0,"shapes":[{"ty":"gr","it":[{"ind":0,"ty":"sh","ix":1,"ks":{"a":0,"k":{"i":[[0,0],[5.885,-1.619],[3.923,1.405],[-4.5,1.079]],"o":[[0.23,0.323],[-5.884,1.621],[-3.924,-1.403],[4.501,-1.08]],"v":[[18.291,0.431],[13.444,3.453],[-15.404,3.453],[-11.597,-3.995]],"c":true},"ix":2},"nm":"Path 1","mn":"ADBE Vector Shape - Group","hd":false},{"ty":"fl","c":{"a":0,"k":[0.847000002394,0.607999973671,0.501999978458,1],"ix":4},"o":{"a":0,"k":100,"ix":5},"r":1,"bm":0,"nm":"Fill 1","mn":"ADBE Vector Graphic - Fill","hd":false},{"ty":"tr","p":{"a":0,"k":[357.139,574.975],"ix":2},"a":{"a":0,"k":[0,0],"ix":1},"s":{"a":0,"k":[100,100],"ix":3},"r":{"a":0,"k":0,"ix":6},"o":{"a":0,"k":100,"ix":7},"sk":{"a":0,"k":0,"ix":4},"sa":{"a":0,"k":0,"ix":5},"nm":"Transform"}],"nm":"Group 1","np":2,"cix":2,"bm":0,"ix":1,"mn":"ADBE Vector Group","hd":false},{"ty":"gr","it":[{"ind":0,"ty":"sh","ix":1,"ks":{"a":0,"k":{"i":[[0,0],[0.587,3.188],[-3.187,0.375],[-4.125,-4.219],[1.688,-1.5]],"o":[[-0.089,-0.736],[-0.587,-3.187],[3.188,-0.375],[4.125,4.219],[-1.687,1.5]],"v":[[-8.8,3.234],[-16.769,-7.734],[-11.894,-12.891],[13.231,2.204],[13.981,11.766]],"c":true},"ix":2},"nm":"Path 1","mn":"ADBE Vector Shape - Group","hd":false},{"ty":"fl","c":{"a":0,"k":[0.847000002394,0.607999973671,0.501999978458,1],"ix":4},"o":{"a":0,"k":100,"ix":5},"r":1,"bm":0,"nm":"Fill 1","mn":"ADBE Vector Graphic - Fill","hd":false},{"ty":"tr","p":{"a":0,"k":[387.118,487.362],"ix":2},"a":{"a":0,"k":[0,0],"ix":1},"s":{"a":0,"k":[100,100],"ix":3},"r":{"a":0,"k":0,"ix":6},"o":{"a":0,"k":100,"ix":7},"sk":{"a":0,"k":0,"ix":4},"sa":{"a":0,"k":0,"ix":5},"nm":"Transform"}],"nm":"Group 2","np":2,"cix":2,"bm":0,"ix":2,"mn":"ADBE Vector Group","hd":false},{"ty":"gr","it":[{"ind":0,"ty":"sh","ix":1,"ks":{"a":0,"k":{"i":[[-42.375,-1.875],[-12.937,-11.625],[2.625,-12.75],[23.25,-5.25],[15.562,5.063]],"o":[[0,0],[12.938,11.625],[-2.625,12.75],[-23.25,5.25],[-15.563,-5.062]],"v":[[-21.75,-48.188],[41.625,-22.688],[66,18.188],[25.875,44.813],[-53.062,38.625]],"c":true},"ix":2},"nm":"Path 1","mn":"ADBE Vector Shape - Group","hd":false},{"ty":"fl","c":{"a":0,"k":[0.847000002394,0.607999973671,0.501999978458,1],"ix":4},"o":{"a":0,"k":100,"ix":5},"r":1,"bm":0,"nm":"Fill 1","mn":"ADBE Vector Graphic - Fill","hd":false},{"ty":"tr","p":{"a":0,"k":[386.006,530.159],"ix":2},"a":{"a":0,"k":[0,0],"ix":1},"s":{"a":0,"k":[100,100],"ix":3},"r":{"a":0,"k":0,"ix":6},"o":{"a":0,"k":100,"ix":7},"sk":{"a":0,"k":0,"ix":4},"sa":{"a":0,"k":0,"ix":5},"nm":"Transform"}],"nm":"Group 3","np":2,"cix":2,"bm":0,"ix":3,"mn":"ADBE Vector Group","hd":false}],"ip":0,"op":180,"st":0,"bm":0},{"ddd":0,"ind":8,"ty":4,"nm":"shirt_shadow","sr":1,"ks":{"o":{"a":0,"k":100,"ix":11},"r":{"a":0,"k":0,"ix":10},"p":{"a":0,"k":[549.281,689.945,0],"ix":2},"a":{"a":0,"k":[550.719,569.945,0],"ix":1},"s":{"a":0,"k":[-100,100,100],"ix":6}},"ao":0,"shapes":[{"ty":"gr","it":[{"ind":0,"ty":"sh","ix":1,"ks":{"a":0,"k":{"i":[[-21.937,39.375],[4.394,-1.092],[0,0]],"o":[[0,0],[-4.393,1.091],[0,0]],"v":[[16.426,-19.688],[3.113,13.026],[-16.426,17.678]],"c":true},"ix":2},"nm":"Path 1","mn":"ADBE Vector Shape - Group","hd":false},{"ty":"fl","c":{"a":0,"k":[0.204000001795,0.238999998803,0.286000001197,1],"ix":4},"o":{"a":0,"k":100,"ix":5},"r":1,"bm":0,"nm":"Fill 1","mn":"ADBE Vector Graphic - Fill","hd":false},{"ty":"tr","p":{"a":0,"k":[540.58,615.19],"ix":2},"a":{"a":0,"k":[0,0],"ix":1},"s":{"a":0,"k":[100,100],"ix":3},"r":{"a":0,"k":0,"ix":6},"o":{"a":0,"k":100,"ix":7},"sk":{"a":0,"k":0,"ix":4},"sa":{"a":0,"k":0,"ix":5},"nm":"Transform"}],"nm":"Group 1","np":2,"cix":2,"bm":0,"ix":1,"mn":"ADBE Vector Group","hd":false},{"ty":"gr","it":[{"ind":0,"ty":"sh","ix":1,"ks":{"a":0,"k":{"i":[[0,0],[-12.375,-10.214],[0,0],[0.292,9.694],[0,0]],"o":[[0,0],[12.375,10.214],[0,0],[-0.292,-9.692],[0,0]],"v":[[-17.25,-27.395],[4.875,-16.826],[6.375,29.202],[16.334,-12.873],[10.5,-29.201]],"c":true},"ix":2},"nm":"Path 1","mn":"ADBE Vector Shape - Group","hd":false},{"ty":"fl","c":{"a":0,"k":[0.204000001795,0.238999998803,0.286000001197,1],"ix":4},"o":{"a":0,"k":100,"ix":5},"r":1,"bm":0,"nm":"Fill 1","mn":"ADBE Vector Graphic - Fill","hd":false},{"ty":"tr","p":{"a":0,"k":[560.943,536.208],"ix":2},"a":{"a":0,"k":[0,0],"ix":1},"s":{"a":0,"k":[100,100],"ix":3},"r":{"a":0,"k":0,"ix":6},"o":{"a":0,"k":100,"ix":7},"sk":{"a":0,"k":0,"ix":4},"sa":{"a":0,"k":0,"ix":5},"nm":"Transform"}],"nm":"Group 2","np":2,"cix":2,"bm":0,"ix":2,"mn":"ADBE Vector Group","hd":false}],"ip":0,"op":180,"st":0,"bm":0},{"ddd":0,"ind":9,"ty":4,"nm":"shirt","sr":1,"ks":{"o":{"a":0,"k":100,"ix":11},"r":{"a":0,"k":0,"ix":10},"p":{"a":0,"k":[568.851,667.012,0],"ix":2},"a":{"a":0,"k":[531.149,547.012,0],"ix":1},"s":{"a":0,"k":[-100,100,100],"ix":6}},"ao":0,"shapes":[{"ty":"gr","it":[{"ind":0,"ty":"sh","ix":1,"ks":{"a":0,"k":{"i":[[36.991,52.875],[0,0],[14.603,-8.146],[12.375,11.625],[0,0],[5.51,-3.563],[0,0],[-14.25,-13.875],[2.25,-14.016],[19.5,0],[0,0],[0,0],[-12,-9.375],[-7.5,-9.75],[0,0],[-35.062,12.97],[0,0],[-10.5,4.699]],"o":[[0,0],[0,0],[-14.603,8.145],[-12.375,-11.625],[0,0],[-5.51,3.565],[0,0],[14.25,13.875],[-2.25,14.018],[-19.5,0],[0,0],[0,0],[12,9.375],[7.5,9.75],[0,0],[16.287,-6.024],[0,0],[10.5,-4.699]],"v":[[98.625,-63.592],[34.259,-80.467],[9.509,-43.342],[-62.491,-68.842],[-76.527,-91.658],[-90.092,-83.894],[-101.078,-75.776],[-62.116,-44.467],[-35.116,9.765],[-78.616,36.158],[-129.241,9.765],[-135.616,15.908],[-101.116,52.283],[-59.116,81.908],[-52.929,89.939],[12.321,77.783],[54.266,59.783],[90.509,50.232]],"c":true},"ix":2},"nm":"Path 1","mn":"ADBE Vector Shape - Group","hd":false},{"ty":"fl","c":{"a":0,"k":[0.226999993418,0.263000009574,0.317999985639,1],"ix":4},"o":{"a":0,"k":100,"ix":5},"r":1,"bm":0,"nm":"Fill 1","mn":"ADBE Vector Graphic - Fill","hd":false},{"ty":"tr","p":{"a":0,"k":[541.31,547.813],"ix":2},"a":{"a":0,"k":[0,0],"ix":1},"s":{"a":0,"k":[100,100],"ix":3},"r":{"a":0,"k":0,"ix":6},"o":{"a":0,"k":100,"ix":7},"sk":{"a":0,"k":0,"ix":4},"sa":{"a":0,"k":0,"ix":5},"nm":"Transform"}],"nm":"Group 1","np":2,"cix":2,"bm":0,"ix":1,"mn":"ADBE Vector Group","hd":false}],"ip":0,"op":180,"st":0,"bm":0},{"ddd":0,"ind":10,"ty":4,"nm":"body_shadow","sr":1,"ks":{"o":{"a":0,"k":100,"ix":11},"r":{"a":0,"k":0,"ix":10},"p":{"a":0,"k":[645.838,687.989,0],"ix":2},"a":{"a":0,"k":[454.162,567.989,0],"ix":1},"s":{"a":0,"k":[-100,100,100],"ix":6}},"ao":0,"shapes":[{"ty":"gr","it":[{"ind":0,"ty":"sh","ix":1,"ks":{"a":0,"k":{"i":[[0,0],[10.266,1.125],[-0.352,-1.757],[0,0],[0.235,6.751],[-3.234,-2.379]],"o":[[0,-0.422],[-10.266,-1.125],[0.352,1.756],[0,0],[-0.235,-6.749],[3.235,2.377]],"v":[[19.125,2.278],[-1.125,-6.019],[-13.553,7.549],[-12.656,17.666],[-18.89,-10.66],[7.312,-15.287]],"c":true},"ix":2},"nm":"Path 1","mn":"ADBE Vector Shape - Group","hd":false},{"ty":"fl","c":{"a":0,"k":[0.804000016755,0.560999971278,0.458999992819,1],"ix":4},"o":{"a":0,"k":100,"ix":5},"r":1,"bm":0,"nm":"Fill 1","mn":"ADBE Vector Graphic - Fill","hd":false},{"ty":"tr","p":{"a":0,"k":[408.647,584.786],"ix":2},"a":{"a":0,"k":[0,0],"ix":1},"s":{"a":0,"k":[100,100],"ix":3},"r":{"a":0,"k":0,"ix":6},"o":{"a":0,"k":100,"ix":7},"sk":{"a":0,"k":0,"ix":4},"sa":{"a":0,"k":0,"ix":5},"nm":"Transform"}],"nm":"Group 1","np":2,"cix":2,"bm":0,"ix":1,"mn":"ADBE Vector Group","hd":false},{"ty":"gr","it":[{"ind":0,"ty":"sh","ix":1,"ks":{"a":0,"k":{"i":[[0,0],[10.589,3.376],[16.125,-0.75],[0,0],[-20.063,-13.642],[-8.156,-1.093],[-15.663,-0.871],[-4.897,1.579]],"o":[[0,0],[-10.589,-3.375],[-16.125,0.751],[0,0],[3.107,2.113],[15.355,2.06],[8.734,0.484],[10.412,-3.356]],"v":[[60.844,-0.734],[10.495,-11.797],[-30.656,0.578],[-60.844,-13.436],[-40.359,6.533],[-16.406,11.632],[21.672,14.688],[40.5,12.766]],"c":true},"ix":2},"nm":"Path 1","mn":"ADBE Vector Shape - Group","hd":false},{"ty":"fl","c":{"a":0,"k":[0.804000016755,0.560999971278,0.458999992819,1],"ix":4},"o":{"a":0,"k":100,"ix":5},"r":1,"bm":0,"nm":"Fill 1","mn":"ADBE Vector Graphic - Fill","hd":false},{"ty":"tr","p":{"a":0,"k":[457.724,622.58],"ix":2},"a":{"a":0,"k":[0,0],"ix":1},"s":{"a":0,"k":[100,100],"ix":3},"r":{"a":0,"k":0,"ix":6},"o":{"a":0,"k":100,"ix":7},"sk":{"a":0,"k":0,"ix":4},"sa":{"a":0,"k":0,"ix":5},"nm":"Transform"}],"nm":"Group 2","np":2,"cix":2,"bm":0,"ix":2,"mn":"ADBE Vector Group","hd":false},{"ty":"gr","it":[{"ind":0,"ty":"sh","ix":1,"ks":{"a":0,"k":{"i":[[0,0],[-1.407,-32.859],[0,0],[0,0],[0,0]],"o":[[1.185,1.096],[0.214,5.028],[0,0],[0,0],[0,0]],"v":[[-21.595,-36.396],[21.38,20.182],[7.932,36.396],[-14.059,32.832],[-11.556,-27.853]],"c":false},"ix":2},"nm":"Path 1","mn":"ADBE Vector Shape - Group","hd":false},{"ty":"fl","c":{"a":0,"k":[0.804000016755,0.560999971278,0.458999992819,1],"ix":4},"o":{"a":0,"k":100,"ix":5},"r":1,"bm":0,"nm":"Fill 1","mn":"ADBE Vector Graphic - Fill","hd":false},{"ty":"tr","p":{"a":0,"k":[440.651,536.667],"ix":2},"a":{"a":0,"k":[0,0],"ix":1},"s":{"a":0,"k":[100,100],"ix":3},"r":{"a":0,"k":0,"ix":6},"o":{"a":0,"k":100,"ix":7},"sk":{"a":0,"k":0,"ix":4},"sa":{"a":0,"k":0,"ix":5},"nm":"Transform"}],"nm":"Group 3","np":2,"cix":2,"bm":0,"ix":3,"mn":"ADBE Vector Group","hd":false},{"ty":"gr","it":[{"ind":0,"ty":"sh","ix":1,"ks":{"a":0,"k":{"i":[[6.469,9.979],[-0.785,-0.611],[-0.617,-2.472],[0,0]],"o":[[0,0],[2.144,1.674],[0.844,3.375],[0,0]],"v":[[-2.813,-6.261],[-1.504,-5.276],[5.343,2.325],[-6.188,6.261]],"c":true},"ix":2},"nm":"Path 1","mn":"ADBE Vector Shape - Group","hd":false},{"ty":"fl","c":{"a":0,"k":[0.804000016755,0.560999971278,0.458999992819,1],"ix":4},"o":{"a":0,"k":100,"ix":5},"r":1,"bm":0,"nm":"Fill 1","mn":"ADBE Vector Graphic - Fill","hd":false},{"ty":"tr","p":{"a":0,"k":[478.537,554.084],"ix":2},"a":{"a":0,"k":[0,0],"ix":1},"s":{"a":0,"k":[100,100],"ix":3},"r":{"a":0,"k":0,"ix":6},"o":{"a":0,"k":100,"ix":7},"sk":{"a":0,"k":0,"ix":4},"sa":{"a":0,"k":0,"ix":5},"nm":"Transform"}],"nm":"Group 4","np":2,"cix":2,"bm":0,"ix":4,"mn":"ADBE Vector Group","hd":false},{"ty":"gr","it":[{"ind":0,"ty":"sh","ix":1,"ks":{"a":0,"k":{"i":[[-6.942,14.345],[0,0],[0,0],[-6.09,2.368]],"o":[[0,0],[0,0],[0,0],[6.089,-2.368]],"v":[[27.988,-10.887],[-9.226,-7.231],[-27.989,-10.887],[7.255,8.519]],"c":true},"ix":2},"nm":"Path 1","mn":"ADBE Vector Shape - Group","hd":false},{"ty":"fl","c":{"a":0,"k":[0.804000016755,0.560999971278,0.458999992819,1],"ix":4},"o":{"a":0,"k":100,"ix":5},"r":1,"bm":0,"nm":"Fill 1","mn":"ADBE Vector Graphic - Fill","hd":false},{"ty":"tr","p":{"a":0,"k":[440.231,576.295],"ix":2},"a":{"a":0,"k":[0,0],"ix":1},"s":{"a":0,"k":[100,100],"ix":3},"r":{"a":0,"k":0,"ix":6},"o":{"a":0,"k":100,"ix":7},"sk":{"a":0,"k":0,"ix":4},"sa":{"a":0,"k":0,"ix":5},"nm":"Transform"}],"nm":"Group 5","np":2,"cix":2,"bm":0,"ix":5,"mn":"ADBE Vector Group","hd":false},{"ty":"gr","it":[{"ind":0,"ty":"sh","ix":1,"ks":{"a":0,"k":{"i":[[1.691,14.53],[11.203,-0.28],[0,0],[-13.613,-10.687],[0,0],[-1.406,8.552]],"o":[[0,0],[-11.204,0.281],[0,0],[13.613,10.687],[0,0],[1.407,-8.551]],"v":[[32.63,-17.113],[2.958,-15.238],[-34.32,-21.887],[0.923,-2.863],[31.13,21.887],[23.535,2.876]],"c":true},"ix":2},"nm":"Path 1","mn":"ADBE Vector Shape - Group","hd":false},{"ty":"fl","c":{"a":0,"k":[0.804000016755,0.560999971278,0.458999992819,1],"ix":4},"o":{"a":0,"k":100,"ix":5},"r":1,"bm":0,"nm":"Fill 1","mn":"ADBE Vector Graphic - Fill","hd":false},{"ty":"tr","p":{"a":0,"k":[446.564,520.459],"ix":2},"a":{"a":0,"k":[0,0],"ix":1},"s":{"a":0,"k":[100,100],"ix":3},"r":{"a":0,"k":0,"ix":6},"o":{"a":0,"k":100,"ix":7},"sk":{"a":0,"k":0,"ix":4},"sa":{"a":0,"k":0,"ix":5},"nm":"Transform"}],"nm":"Group 6","np":2,"cix":2,"bm":0,"ix":6,"mn":"ADBE Vector Group","hd":false}],"ip":0,"op":180,"st":0,"bm":0},{"ddd":0,"ind":11,"ty":4,"nm":"body_skin","sr":1,"ks":{"o":{"a":0,"k":100,"ix":11},"r":{"a":0,"k":0,"ix":10},"p":{"a":0,"k":[599.567,663.825,0],"ix":2},"a":{"a":0,"k":[500.433,543.825,0],"ix":1},"s":{"a":0,"k":[-100,100,100],"ix":6}},"ao":0,"shapes":[{"ty":"gr","it":[{"ind":0,"ty":"sh","ix":1,"ks":{"a":0,"k":{"i":[[13.5,18.281],[34.032,5.905],[11.996,-11.3],[6.062,-13.5],[-6.469,-26.157],[-17.844,-13.882],[-15.155,-1.758],[-25.475,-0.615],[-6.114,1.394],[-12.657,4.781],[-10.406,7.875]],"o":[[0,0],[-34.031,-5.907],[-15.528,14.628],[-6.062,13.5],[5.478,22.151],[3.224,2.51],[12.165,1.411],[14.193,0.343],[16.031,-3.657],[12.656,-4.78],[10.406,-7.875]],"v":[[102.516,-31.686],[-2.292,-90.466],[-78.241,-54.536],[-103.62,-27.466],[-109.547,38.909],[-90.552,82.057],[-60.516,91.478],[-9.329,96.029],[14.766,91.502],[57.609,80.439],[95.766,61.409]],"c":true},"ix":2},"nm":"Path 1","mn":"ADBE Vector Shape - Group","hd":false},{"ty":"fl","c":{"a":0,"k":[0.847000002394,0.607999973671,0.501999978458,1],"ix":4},"o":{"a":0,"k":100,"ix":5},"r":1,"bm":0,"nm":"Fill 1","mn":"ADBE Vector Graphic - Fill","hd":false},{"ty":"tr","p":{"a":0,"k":[502.022,541.406],"ix":2},"a":{"a":0,"k":[0,0],"ix":1},"s":{"a":0,"k":[100,100],"ix":3},"r":{"a":0,"k":0,"ix":6},"o":{"a":0,"k":100,"ix":7},"sk":{"a":0,"k":0,"ix":4},"sa":{"a":0,"k":0,"ix":5},"nm":"Transform"}],"nm":"Group 1","np":2,"cix":2,"bm":0,"ix":1,"mn":"ADBE Vector Group","hd":false}],"ip":0,"op":180,"st":0,"bm":0},{"ddd":0,"ind":12,"ty":4,"nm":"hand_1","sr":1,"ks":{"o":{"a":0,"k":100,"ix":11},"r":{"a":0,"k":0,"ix":10},"p":{"a":0,"k":[975.607,728.267,0],"ix":2},"a":{"a":0,"k":[124.393,608.267,0],"ix":1},"s":{"a":0,"k":[-100,100,100],"ix":6}},"ao":0,"shapes":[{"ty":"gr","it":[{"ind":0,"ty":"sh","ix":1,"ks":{"a":0,"k":{"i":[[0,0],[4.664,0.55],[0,0],[4.665,-1.097],[0.824,-3.006],[0,0],[-4.39,-1.648],[-3.567,0],[0,0],[0,0],[1.098,-5.76],[-11.799,2.745],[-8.781,1.682],[-4.939,5.142]],"o":[[0,0],[-4.665,-0.549],[0,0],[-4.665,1.099],[-0.823,3.007],[0,0],[4.391,1.645],[3.568,0],[0,0],[0,0],[-1.097,5.763],[11.8,-2.745],[8.781,-1.682],[4.94,-5.146]],"v":[[50.079,-21.13],[10.29,-21.13],[0.137,-18.658],[-27.029,-15.094],[-47.061,-12.063],[-47.061,-7.684],[-45.689,-2.194],[-21.816,0.823],[-9.467,1.372],[-3.156,5.215],[-25.109,12.896],[-8.096,18.934],[22.639,14.578],[44.316,-0.617]],"c":true},"ix":2},"nm":"Path 1","mn":"ADBE Vector Shape - Group","hd":false},{"ty":"fl","c":{"a":0,"k":[0.804000016755,0.560999971278,0.458999992819,1],"ix":4},"o":{"a":0,"k":100,"ix":5},"r":1,"bm":0,"nm":"Fill 1","mn":"ADBE Vector Graphic - Fill","hd":false},{"ty":"tr","p":{"a":0,"k":[123.39,608.885],"ix":2},"a":{"a":0,"k":[0,0],"ix":1},"s":{"a":0,"k":[100,100],"ix":3},"r":{"a":0,"k":0,"ix":6},"o":{"a":0,"k":100,"ix":7},"sk":{"a":0,"k":0,"ix":4},"sa":{"a":0,"k":0,"ix":5},"nm":"Transform"}],"nm":"Group 1","np":2,"cix":2,"bm":0,"ix":1,"mn":"ADBE Vector Group","hd":false}],"ip":0,"op":180,"st":0,"bm":0},{"ddd":0,"ind":13,"ty":4,"nm":"forearm_1","sr":1,"ks":{"o":{"a":0,"k":100,"ix":11},"r":{"a":0,"k":0,"ix":10},"p":{"a":0,"k":[868.865,717.104,0],"ix":2},"a":{"a":0,"k":[231.135,597.104,0],"ix":1},"s":{"a":0,"k":[-100,100,100],"ix":6}},"ao":0,"shapes":[{"ty":"gr","it":[{"ind":0,"ty":"sh","ix":1,"ks":{"a":0,"k":{"i":[[7.756,-19.15],[29.634,-0.363],[24.607,4.643],[7.781,3.993],[-0.668,4.141],[-2.564,0.45],[-24.406,5.215],[-15.367,-2.881]],"o":[[-2.51,6.198],[-24.152,0.295],[-17.355,-3.277],[-1.365,-0.701],[1.372,-8.507],[25.6,-4.479],[34.082,-7.28],[23.123,4.336]],"v":[[71.469,15.091],[33.797,25.981],[-23.253,20.483],[-74.44,14.6],[-78.556,-0.355],[-68.896,-8.637],[-14.355,-18.996],[55.113,-20.73]],"c":true},"ix":2},"nm":"Path 1","mn":"ADBE Vector Shape - Group","hd":false},{"ty":"fl","c":{"a":0,"k":[0.804000016755,0.560999971278,0.458999992819,1],"ix":4},"o":{"a":0,"k":100,"ix":5},"r":1,"bm":0,"nm":"Fill 1","mn":"ADBE Vector Graphic - Fill","hd":false},{"ty":"tr","p":{"a":0,"k":[232.543,595.932],"ix":2},"a":{"a":0,"k":[0,0],"ix":1},"s":{"a":0,"k":[100,100],"ix":3},"r":{"a":0,"k":0,"ix":6},"o":{"a":0,"k":100,"ix":7},"sk":{"a":0,"k":0,"ix":4},"sa":{"a":0,"k":0,"ix":5},"nm":"Transform"}],"nm":"Group 1","np":2,"cix":2,"bm":0,"ix":1,"mn":"ADBE Vector Group","hd":false}],"ip":0,"op":180,"st":0,"bm":0},{"ddd":0,"ind":14,"ty":4,"nm":"arm_1","sr":1,"ks":{"o":{"a":0,"k":100,"ix":11},"r":{"a":0,"k":0,"ix":10},"p":{"a":0,"k":[741.221,712.626,0],"ix":2},"a":{"a":0,"k":[358.779,592.626,0],"ix":1},"s":{"a":0,"k":[-100,100,100],"ix":6}},"ao":0,"shapes":[{"ty":"gr","it":[{"ind":0,"ty":"sh","ix":1,"ks":{"a":0,"k":{"i":[[7.79,-6.368],[14.203,-0.423],[4.848,2.561],[4.522,-0.958],[16.531,3.81],[13.419,8.664],[-1.131,8.88],[-1.697,0.814],[-26.372,4.46],[-9.219,1.761],[-10.628,0.993],[-9.992,-8.804]],"o":[[-7.735,6.325],[-19.191,0.569],[-4.602,-2.434],[-16.081,3.38],[-3.642,-0.839],[-7.017,-4.531],[1.209,-9.491],[2.853,-1.37],[15.325,-2.592],[10.448,-1.997],[11.452,-1.07],[6.317,5.565]],"v":[[89.85,30.779],[52.384,44.911],[10.398,32.54],[-6.463,33.647],[-60.23,31.482],[-90.624,20.37],[-88.704,2.891],[-78.002,-11.872],[-26.963,-29.435],[9.35,-32.708],[35.078,-44.409],[66.723,-34.663]],"c":true},"ix":2},"nm":"Path 1","mn":"ADBE Vector Shape - Group","hd":false},{"ty":"fl","c":{"a":0,"k":[0.804000016755,0.560999971278,0.458999992819,1],"ix":4},"o":{"a":0,"k":100,"ix":5},"r":1,"bm":0,"nm":"Fill 1","mn":"ADBE Vector Graphic - Fill","hd":false},{"ty":"tr","p":{"a":0,"k":[359.859,592.495],"ix":2},"a":{"a":0,"k":[0,0],"ix":1},"s":{"a":0,"k":[100,100],"ix":3},"r":{"a":0,"k":0,"ix":6},"o":{"a":0,"k":100,"ix":7},"sk":{"a":0,"k":0,"ix":4},"sa":{"a":0,"k":0,"ix":5},"nm":"Transform"}],"nm":"Group 1","np":2,"cix":2,"bm":0,"ix":1,"mn":"ADBE Vector Group","hd":false}],"ip":0,"op":180,"st":0,"bm":0},{"ddd":0,"ind":15,"ty":4,"nm":"thigh","sr":1,"ks":{"o":{"a":0,"k":100,"ix":11},"r":{"a":0,"k":0,"ix":10},"p":{"a":0,"k":[351.102,618.573,0],"ix":2},"a":{"a":0,"k":[748.898,498.573,0],"ix":1},"s":{"a":0,"k":[-100,100,100],"ix":6}},"ao":0,"shapes":[{"ty":"gr","it":[{"ind":0,"ty":"sh","ix":1,"ks":{"a":0,"k":{"i":[[-15.659,39.094],[-5.497,-1.225],[-4.5,-1.406],[-24.75,-8.156],[-12.375,-9.281],[3.936,-9.352],[7.875,-2.25],[29.388,2.657],[6.683,3.088]],"o":[[0.265,-0.66],[5.497,1.226],[4.5,1.406],[24.75,8.157],[12.375,9.281],[-3.939,9.354],[-7.875,2.25],[-26.438,-2.391],[-14.812,-6.843]],"v":[[-80.368,-35.189],[-60.872,-48.79],[-41.653,-44.059],[8.973,-33.457],[81.442,6.436],[92.091,31.373],[68.223,44.967],[17.598,47.358],[-47.091,33.998]],"c":true},"ix":2},"nm":"Path 1","mn":"ADBE Vector Shape - Group","hd":false},{"ty":"fl","c":{"a":0,"k":[0.156999999402,0.156999999402,0.156999999402,1],"ix":4},"o":{"a":0,"k":100,"ix":5},"r":1,"bm":0,"nm":"Fill 1","mn":"ADBE Vector Graphic - Fill","hd":false},{"ty":"tr","p":{"a":0,"k":[744.158,498.785],"ix":2},"a":{"a":0,"k":[0,0],"ix":1},"s":{"a":0,"k":[100,100],"ix":3},"r":{"a":0,"k":0,"ix":6},"o":{"a":0,"k":100,"ix":7},"sk":{"a":0,"k":0,"ix":4},"sa":{"a":0,"k":0,"ix":5},"nm":"Transform"}],"nm":"Group 1","np":2,"cix":2,"bm":0,"ix":1,"mn":"ADBE Vector Group","hd":false}],"ip":0,"op":180,"st":0,"bm":0},{"ddd":0,"ind":16,"ty":4,"nm":"calf","sr":1,"ks":{"o":{"a":0,"k":100,"ix":11},"r":{"a":0,"k":0,"ix":10},"p":{"a":0,"k":[279.459,610.651,0],"ix":2},"a":{"a":0,"k":[820.541,490.651,0],"ix":1},"s":{"a":0,"k":[-100,100,100],"ix":6}},"ao":0,"shapes":[{"ty":"gr","it":[{"ind":0,"ty":"sh","ix":1,"ks":{"a":0,"k":{"i":[[-4.687,15.271],[3.375,9],[0,0],[12.188,-5.25],[3.799,-6.651],[-2.163,7.496],[-4.874,8.347]],"o":[[0,0],[-3.375,-9],[0,0],[-12.187,5.25],[-3.8,6.652],[2.205,-7.638],[4.876,-8.349]],"v":[[36.279,-16.701],[34.779,-30.491],[22.779,-40.054],[-8.909,-35.741],[-34.354,-8.554],[17.949,33.496],[24.091,13.482]],"c":true},"ix":2},"nm":"Path 1","mn":"ADBE Vector Shape - Group","hd":false},{"ty":"fl","c":{"a":0,"k":[0.156999999402,0.156999999402,0.156999999402,1],"ix":4},"o":{"a":0,"k":100,"ix":5},"r":1,"bm":0,"nm":"Fill 1","mn":"ADBE Vector Graphic - Fill","hd":false},{"ty":"tr","p":{"a":0,"k":[819.414,493.525],"ix":2},"a":{"a":0,"k":[0,0],"ix":1},"s":{"a":0,"k":[100,100],"ix":3},"r":{"a":0,"k":0,"ix":6},"o":{"a":0,"k":100,"ix":7},"sk":{"a":0,"k":0,"ix":4},"sa":{"a":0,"k":0,"ix":5},"nm":"Transform"}],"nm":"Group 1","np":2,"cix":2,"bm":0,"ix":1,"mn":"ADBE Vector Group","hd":false}],"ip":0,"op":180,"st":0,"bm":0},{"ddd":0,"ind":17,"ty":4,"nm":"calf_skin","sr":1,"ks":{"o":{"a":0,"k":100,"ix":11},"r":{"a":0,"k":0,"ix":10},"p":{"a":0,"k":[251.381,586.425,0],"ix":2},"a":{"a":0,"k":[848.619,466.425,0],"ix":1},"s":{"a":0,"k":[-100,100,100],"ix":6}},"ao":0,"shapes":[{"ty":"gr","it":[{"ind":0,"ty":"sh","ix":1,"ks":{"a":0,"k":{"i":[[0,0],[-3.375,0.994],[-2.996,3.094],[4.922,-0.703],[0.281,-4.64],[0,0]],"o":[[0.281,-0.422],[3.375,-0.994],[6.467,-6.677],[-4.922,0.703],[-0.281,4.641],[0,0]],"v":[[0.071,15.75],[4.852,10.697],[8.368,-6.328],[-3.023,-15.047],[-14.554,-10.266],[-13.148,2.109]],"c":true},"ix":2},"nm":"Path 1","mn":"ADBE Vector Shape - Group","hd":false},{"ty":"fl","c":{"a":0,"k":[0.847000002394,0.607999973671,0.501999978458,1],"ix":4},"o":{"a":0,"k":100,"ix":5},"r":1,"bm":0,"nm":"Fill 1","mn":"ADBE Vector Graphic - Fill","hd":false},{"ty":"tr","p":{"a":0,"k":[850.841,466.127],"ix":2},"a":{"a":0,"k":[0,0],"ix":1},"s":{"a":0,"k":[100,100],"ix":3},"r":{"a":0,"k":0,"ix":6},"o":{"a":0,"k":100,"ix":7},"sk":{"a":0,"k":0,"ix":4},"sa":{"a":0,"k":0,"ix":5},"nm":"Transform"}],"nm":"Group 1","np":2,"cix":2,"bm":0,"ix":1,"mn":"ADBE Vector Group","hd":false}],"ip":0,"op":180,"st":0,"bm":0},{"ddd":0,"ind":18,"ty":4,"nm":"thigh_1","sr":1,"ks":{"o":{"a":0,"k":100,"ix":11},"r":{"a":0,"k":0,"ix":10},"p":{"a":0,"k":[394.03,675.938,0],"ix":2},"a":{"a":0,"k":[705.97,555.938,0],"ix":1},"s":{"a":0,"k":[-100,100,100],"ix":6}},"ao":0,"shapes":[{"ty":"gr","it":[{"ind":0,"ty":"sh","ix":1,"ks":{"a":0,"k":{"i":[[0,0],[-6.866,-4.498],[-4.5,1.406],[-12.375,0.844],[2.188,-4.533],[10.687,-9.844],[21.445,-4.014],[12.375,1.405]],"o":[[0,0],[6.014,3.94],[4.5,-1.406],[12.375,-0.842],[-2.19,4.531],[-10.688,9.845],[-21.446,4.012],[-12.375,-1.406]],"v":[[-25.717,-29.498],[-18.826,-34.208],[-4.462,-21.674],[32.642,-27.389],[47.295,-14.73],[29.83,9.455],[-10.037,31.882],[-37.108,37.3]],"c":true},"ix":2},"nm":"Path 1","mn":"ADBE Vector Shape - Group","hd":false},{"ty":"fl","c":{"a":0,"k":[0.105999995213,0.105999995213,0.105999995213,1],"ix":4},"o":{"a":0,"k":100,"ix":5},"r":1,"bm":0,"nm":"Fill 1","mn":"ADBE Vector Graphic - Fill","hd":false},{"ty":"tr","p":{"a":0,"k":[702.395,554.828],"ix":2},"a":{"a":0,"k":[0,0],"ix":1},"s":{"a":0,"k":[100,100],"ix":3},"r":{"a":0,"k":0,"ix":6},"o":{"a":0,"k":100,"ix":7},"sk":{"a":0,"k":0,"ix":4},"sa":{"a":0,"k":0,"ix":5},"nm":"Transform"}],"nm":"Group 1","np":2,"cix":2,"bm":0,"ix":1,"mn":"ADBE Vector Group","hd":false}],"ip":0,"op":180,"st":0,"bm":0},{"ddd":0,"ind":19,"ty":4,"nm":"hips","sr":1,"ks":{"o":{"a":0,"k":100,"ix":11},"r":{"a":0,"k":0,"ix":10},"p":{"a":0,"k":[440.617,640.153,0],"ix":2},"a":{"a":0,"k":[659.383,520.153,0],"ix":1},"s":{"a":0,"k":[-100,100,100],"ix":6}},"ao":0,"shapes":[{"ty":"gr","it":[{"ind":0,"ty":"sh","ix":1,"ks":{"a":0,"k":{"i":[[19.125,39.656],[25.728,0.844],[0,0],[-7.031,-6.188],[-4.47,-0.122],[-3.375,3.656]],"o":[[0,0],[-25.727,-0.844],[0,0],[7.032,6.187],[4.471,0.122],[3.374,-3.656]],"v":[[30.844,-66.06],[-3.844,-73.09],[-49.969,-61.654],[-23.719,65.565],[2.719,73.813],[29.157,65.846]],"c":true},"ix":2},"nm":"Path 1","mn":"ADBE Vector Shape - Group","hd":false},{"ty":"fl","c":{"a":0,"k":[0.156999999402,0.156999999402,0.156999999402,1],"ix":4},"o":{"a":0,"k":100,"ix":5},"r":1,"bm":0,"nm":"Fill 1","mn":"ADBE Vector Graphic - Fill","hd":false},{"ty":"tr","p":{"a":0,"k":[664.537,519.812],"ix":2},"a":{"a":0,"k":[0,0],"ix":1},"s":{"a":0,"k":[100,100],"ix":3},"r":{"a":0,"k":0,"ix":6},"o":{"a":0,"k":100,"ix":7},"sk":{"a":0,"k":0,"ix":4},"sa":{"a":0,"k":0,"ix":5},"nm":"Transform"}],"nm":"Group 1","np":2,"cix":2,"bm":0,"ix":1,"mn":"ADBE Vector Group","hd":false}],"ip":0,"op":180,"st":0,"bm":0},{"ddd":0,"ind":20,"ty":4,"nm":"calf_1","sr":1,"ks":{"o":{"a":0,"k":100,"ix":11},"r":{"a":0,"k":0,"ix":10},"p":{"a":0,"k":[335.251,600.239,0],"ix":2},"a":{"a":0,"k":[764.749,480.239,0],"ix":1},"s":{"a":0,"k":[-100,100,100],"ix":6}},"ao":0,"shapes":[{"ty":"gr","it":[{"ind":0,"ty":"sh","ix":1,"ks":{"a":0,"k":{"i":[[0,0],[4.218,0],[9.563,0.412],[10.724,-4.553],[7.593,-6.459],[-20.25,-1.687],[-8.438,8.718]],"o":[[0,0],[-4.219,0],[-9.562,-0.412],[-10.725,4.553],[-7.594,6.459],[20.25,1.688],[8.437,-8.719]],"v":[[51.75,-23.458],[39.094,-27.114],[15.187,-25.859],[-18.281,-23.458],[-44.156,-3.761],[-18.281,26.323],[35.438,-1.239]],"c":true},"ix":2},"nm":"Path 1","mn":"ADBE Vector Shape - Group","hd":false},{"ty":"fl","c":{"a":0,"k":[0.105999995213,0.105999995213,0.105999995213,1],"ix":4},"o":{"a":0,"k":100,"ix":5},"r":1,"bm":0,"nm":"Fill 1","mn":"ADBE Vector Graphic - Fill","hd":false},{"ty":"tr","p":{"a":0,"k":[762.037,480.585],"ix":2},"a":{"a":0,"k":[0,0],"ix":1},"s":{"a":0,"k":[100,100],"ix":3},"r":{"a":0,"k":0,"ix":6},"o":{"a":0,"k":100,"ix":7},"sk":{"a":0,"k":0,"ix":4},"sa":{"a":0,"k":0,"ix":5},"nm":"Transform"}],"nm":"Group 1","np":2,"cix":2,"bm":0,"ix":1,"mn":"ADBE Vector Group","hd":false}],"ip":0,"op":180,"st":0,"bm":0},{"ddd":0,"ind":21,"ty":4,"nm":"calf_skin_1","sr":1,"ks":{"o":{"a":0,"k":100,"ix":11},"r":{"a":0,"k":0,"ix":10},"p":{"a":0,"k":[290.229,580.203,0],"ix":2},"a":{"a":0,"k":[809.771,460.203,0],"ix":1},"s":{"a":0,"k":[-100,100,100],"ix":6}},"ao":0,"shapes":[{"ty":"gr","it":[{"ind":0,"ty":"sh","ix":1,"ks":{"a":0,"k":{"i":[[-5.344,3.375],[-2.625,1.594],[-2.906,-1.218],[-0.656,-3.188],[4.456,-3.142],[0,0]],"o":[[0,0],[2.625,-1.594],[2.906,1.219],[0.656,3.187],[-4.455,3.143],[0,0]],"v":[[-8.859,-5.952],[-2.765,-8.202],[6.047,-9.421],[13.547,-2.577],[8.016,7.496],[-11.234,4.312]],"c":true},"ix":2},"nm":"Path 1","mn":"ADBE Vector Shape - Group","hd":false},{"ty":"fl","c":{"a":0,"k":[0.847000002394,0.607999973671,0.501999978458,1],"ix":4},"o":{"a":0,"k":100,"ix":5},"r":1,"bm":0,"nm":"Fill 1","mn":"ADBE Vector Graphic - Fill","hd":false},{"ty":"tr","p":{"a":0,"k":[808.959,461.017],"ix":2},"a":{"a":0,"k":[0,0],"ix":1},"s":{"a":0,"k":[100,100],"ix":3},"r":{"a":0,"k":0,"ix":6},"o":{"a":0,"k":100,"ix":7},"sk":{"a":0,"k":0,"ix":4},"sa":{"a":0,"k":0,"ix":5},"nm":"Transform"}],"nm":"Group 1","np":2,"cix":2,"bm":0,"ix":1,"mn":"ADBE Vector Group","hd":false}],"ip":0,"op":180,"st":0,"bm":0},{"ddd":0,"ind":22,"ty":4,"nm":"foot","sr":1,"ks":{"o":{"a":0,"k":100,"ix":11},"r":{"a":0,"k":0,"ix":10},"p":{"a":0,"k":[223.774,589.352,0],"ix":2},"a":{"a":0,"k":[876.226,469.352,0],"ix":1},"s":{"a":0,"k":[-100,100,100],"ix":6}},"ao":0,"shapes":[{"ty":"gr","it":[{"ind":0,"ty":"sh","ix":1,"ks":{"a":0,"k":{"i":[[12.375,-10.125],[9,3.234],[5.203,1.969],[3.71,0.673],[-0.422,6.328],[-3.797,5.344],[-16.453,-5.062],[-12.375,-9.281]],"o":[[-5.861,4.796],[-9,-3.234],[-5.203,-1.969],[-3.71,-0.674],[0.422,-6.328],[3.797,-5.344],[16.453,5.063],[12.375,9.281]],"v":[[39.094,26.711],[16.594,26.711],[-9.562,11.664],[-31.305,9.667],[-51.047,-9.991],[-47.25,-26.164],[-15.047,-26.164],[27.141,-13.086]],"c":true},"ix":2},"nm":"Path 1","mn":"ADBE Vector Shape - Group","hd":false},{"ty":"fl","c":{"a":0,"k":[0.078000005086,0.078000005086,0.078000005086,1],"ix":4},"o":{"a":0,"k":100,"ix":5},"r":1,"bm":0,"nm":"Fill 1","mn":"ADBE Vector Graphic - Fill","hd":false},{"ty":"tr","p":{"a":0,"k":[879.599,469.51],"ix":2},"a":{"a":0,"k":[0,0],"ix":1},"s":{"a":0,"k":[100,100],"ix":3},"r":{"a":0,"k":0,"ix":6},"o":{"a":0,"k":100,"ix":7},"sk":{"a":0,"k":0,"ix":4},"sa":{"a":0,"k":0,"ix":5},"nm":"Transform"}],"nm":"Group 1","np":2,"cix":2,"bm":0,"ix":1,"mn":"ADBE Vector Group","hd":false}],"ip":0,"op":180,"st":0,"bm":0},{"ddd":0,"ind":23,"ty":4,"nm":"sole","sr":1,"ks":{"o":{"a":0,"k":100,"ix":11},"r":{"a":0,"k":0,"ix":10},"p":{"a":0,"k":[222.258,588.513,0],"ix":2},"a":{"a":0,"k":[877.742,468.513,0],"ix":1},"s":{"a":0,"k":[-100,100,100],"ix":6}},"ao":0,"shapes":[{"ty":"gr","it":[{"ind":0,"ty":"sh","ix":1,"ks":{"a":0,"k":{"i":[[0,0],[-2.391,2.285],[-20.953,-6.047],[-8.578,-7.172],[-0.844,-11.813],[8.861,2.01],[2.813,2.953],[0,0]],"o":[[0,0],[2.391,-2.284],[20.954,6.047],[8.578,7.172],[0.844,11.812],[-8.863,-2.01],[-2.812,-2.953],[0,0]],"v":[[-47.32,-19.799],[-43.243,-29.046],[-8.087,-26.69],[27.633,-16.846],[46.477,13.389],[32.698,30.727],[-12.445,-8.408],[-47.32,-19.096]],"c":false},"ix":2},"nm":"Path 1","mn":"ADBE Vector Shape - Group","hd":false},{"ty":"fl","c":{"a":0,"k":[0.630999995213,0.630999995213,0.630999995213,1],"ix":4},"o":{"a":0,"k":100,"ix":5},"r":1,"bm":0,"nm":"Fill 1","mn":"ADBE Vector Graphic - Fill","hd":false},{"ty":"tr","p":{"a":0,"k":[878.123,468.489],"ix":2},"a":{"a":0,"k":[0,0],"ix":1},"s":{"a":0,"k":[100,100],"ix":3},"r":{"a":0,"k":0,"ix":6},"o":{"a":0,"k":100,"ix":7},"sk":{"a":0,"k":0,"ix":4},"sa":{"a":0,"k":0,"ix":5},"nm":"Transform"}],"nm":"Group 1","np":2,"cix":2,"bm":0,"ix":1,"mn":"ADBE Vector Group","hd":false}],"ip":0,"op":180,"st":0,"bm":0},{"ddd":0,"ind":24,"ty":4,"nm":"foot_1","sr":1,"ks":{"o":{"a":0,"k":100,"ix":11},"r":{"a":0,"k":0,"ix":10},"p":{"a":0,"k":[254.281,585.328,0],"ix":2},"a":{"a":0,"k":[845.719,465.328,0],"ix":1},"s":{"a":0,"k":[-100,100,100],"ix":6}},"ao":0,"shapes":[{"ty":"gr","it":[{"ind":0,"ty":"sh","ix":1,"ks":{"a":0,"k":{"i":[[1.835,-1.203],[9.281,0.422],[4.36,2.249],[1.125,2.25],[-2.813,5.485],[-7.867,-3.656],[-4.219,-2.109],[-5.766,-6.187]],"o":[[0,0],[-9.281,-0.422],[-4.359,-2.25],[-1.125,-2.25],[2.812,-5.484],[7.866,3.656],[4.218,2.11],[5.766,6.188]],"v":[[40.078,22.43],[21.375,28.899],[-6.61,17.368],[-44.578,-8.789],[-43.031,-20.883],[-26.288,-25.664],[-6.328,-15.961],[40.078,7.664]],"c":true},"ix":2},"nm":"Path 1","mn":"ADBE Vector Shape - Group","hd":false},{"ty":"fl","c":{"a":0,"k":[0.016000001571,0.016000001571,0.016000001571,1],"ix":4},"o":{"a":0,"k":100,"ix":5},"r":1,"bm":0,"nm":"Fill 1","mn":"ADBE Vector Graphic - Fill","hd":false},{"ty":"tr","p":{"a":0,"k":[846.834,464.51],"ix":2},"a":{"a":0,"k":[0,0],"ix":1},"s":{"a":0,"k":[100,100],"ix":3},"r":{"a":0,"k":0,"ix":6},"o":{"a":0,"k":100,"ix":7},"sk":{"a":0,"k":0,"ix":4},"sa":{"a":0,"k":0,"ix":5},"nm":"Transform"}],"nm":"Group 1","np":2,"cix":2,"bm":0,"ix":1,"mn":"ADBE Vector Group","hd":false}],"ip":0,"op":180,"st":0,"bm":0},{"ddd":0,"ind":25,"ty":4,"nm":"sole_1","sr":1,"ks":{"o":{"a":0,"k":100,"ix":11},"r":{"a":0,"k":0,"ix":10},"p":{"a":0,"k":[263.75,573.676,0],"ix":2},"a":{"a":0,"k":[836.25,453.676,0],"ix":1},"s":{"a":0,"k":[-100,100,100],"ix":6}},"ao":0,"shapes":[{"ty":"gr","it":[{"ind":0,"ty":"sh","ix":1,"ks":{"a":0,"k":{"i":[[1.406,3.375],[-2.046,2.612],[-6.047,-2.344],[-2.953,-1.406],[31.359,3.996]],"o":[[-0.271,-0.649],[2.718,-3.469],[6.047,2.343],[2.953,1.406],[-31.36,-3.995]],"v":[[-42.263,-8.238],[-38.747,-16.957],[-23.138,-17.471],[-6.263,-8.238],[11.175,16.43]],"c":true},"ix":2},"nm":"Path 1","mn":"ADBE Vector Shape - Group","hd":false},{"ty":"fl","c":{"a":0,"k":[0.54900004069,0.54900004069,0.54900004069,1],"ix":4},"o":{"a":0,"k":100,"ix":5},"r":1,"bm":0,"nm":"Fill 1","mn":"ADBE Vector Graphic - Fill","hd":false},{"ty":"tr","p":{"a":0,"k":[846.347,454.959],"ix":2},"a":{"a":0,"k":[0,0],"ix":1},"s":{"a":0,"k":[100,100],"ix":3},"r":{"a":0,"k":0,"ix":6},"o":{"a":0,"k":100,"ix":7},"sk":{"a":0,"k":0,"ix":4},"sa":{"a":0,"k":0,"ix":5},"nm":"Transform"}],"nm":"Group 1","np":2,"cix":2,"bm":0,"ix":1,"mn":"ADBE Vector Group","hd":false}],"ip":0,"op":180,"st":0,"bm":0}],"markers":[]}