{"v":"5.6.6","fr":60,"ip":0,"op":74,"w":1100,"h":1100,"nm":"Squat Jump","ddd":0,"assets":[],"layers":[{"ddd":0,"ind":1,"ty":4,"nm":"arm","parent":8,"sr":1,"ks":{"o":{"a":0,"k":100,"ix":11},"r":{"a":1,"k":[{"i":{"x":[0.667],"y":[1]},"o":{"x":[0.167],"y":[0.167]},"t":8,"s":[0]},{"i":{"x":[0.667],"y":[1]},"o":{"x":[0.333],"y":[0]},"t":32,"s":[53]},{"t":58,"s":[0]}],"ix":10},"p":{"a":1,"k":[{"i":{"x":0.667,"y":1},"o":{"x":0.167,"y":0.167},"t":8,"s":[516.441,499.689,0],"to":[-0.382,-2.338,0],"ti":[0,0,0]},{"i":{"x":0.667,"y":1},"o":{"x":0.333,"y":0},"t":32,"s":[514.146,485.663,0],"to":[0,0,0],"ti":[-0.382,-2.338,0]},{"t":58,"s":[516.441,499.689,0]}],"ix":2},"a":{"a":0,"k":[352.441,511.689,0],"ix":1},"s":{"a":0,"k":[100,100,100],"ix":6}},"ao":0,"shapes":[{"ty":"gr","it":[{"ind":0,"ty":"sh","ix":1,"ks":{"a":0,"k":{"i":[[-7.247,-7.896],[-10.296,10.472],[1.781,8.91],[3.361,3.822],[0,0],[0.14,0.153],[10.296,-10.473],[1.272,-2.81],[0.282,-0.837]],"o":[[10.086,10.99],[6.616,-6.729],[-0.954,-4.755],[0,0],[-0.131,-0.162],[-10.086,-10.99],[-2.25,2.288],[-0.367,0.806],[-3.302,9.558]],"v":[[-18.369,18.952],[18.534,19.9],[25.793,-5.329],[19.333,-18.473],[19.306,-18.504],[18.904,-18.962],[-17.99,-19.898],[-23.284,-12.171],[-24.271,-9.712]],"c":true},"ix":2},"nm":"Path 1","mn":"ADBE Vector Shape - Group","hd":false},{"ty":"fl","c":{"a":0,"k":[0.651000019148,0.211999990426,0.305999995213,1],"ix":4},"o":{"a":0,"k":100,"ix":5},"r":1,"bm":0,"nm":"Fill 1","mn":"ADBE Vector Graphic - Fill","hd":false},{"ty":"tr","p":{"a":0,"k":[353.112,511.587],"ix":2},"a":{"a":0,"k":[0,0],"ix":1},"s":{"a":0,"k":[100,100],"ix":3},"r":{"a":0,"k":0,"ix":6},"o":{"a":0,"k":100,"ix":7},"sk":{"a":0,"k":0,"ix":4},"sa":{"a":0,"k":0,"ix":5},"nm":"Transform"}],"nm":"Group 1","np":2,"cix":2,"bm":0,"ix":1,"mn":"ADBE Vector Group","hd":false},{"ty":"gr","it":[{"ind":0,"ty":"sh","ix":1,"ks":{"a":0,"k":{"i":[[-2.782,16.441],[-0.947,13.746],[2.172,7.384],[-1.987,10.011],[9.185,7.082],[12.348,-12.014],[-5.389,-21.554],[-7.157,-34.725]],"o":[[1.548,-9.143],[0.645,-9.353],[0.934,-7.236],[2.741,-13.798],[-6.223,-4.798],[-9.641,9.38],[-6.358,31.014],[3.879,18.821]],"v":[[8.488,66.409],[17.947,23.344],[18.423,-15.922],[26.429,-43.13],[15.337,-76.094],[-16.923,-72.406],[-22.812,-20.022],[-21.184,65.599]],"c":true},"ix":2},"nm":"Path 1","mn":"ADBE Vector Shape - Group","hd":false},{"ty":"fl","c":{"a":0,"k":[0.651000019148,0.211999990426,0.305999995213,1],"ix":4},"o":{"a":0,"k":100,"ix":5},"r":1,"bm":0,"nm":"Fill 1","mn":"ADBE Vector Graphic - Fill","hd":false},{"ty":"tr","p":{"a":0,"k":[351.519,564.352],"ix":2},"a":{"a":0,"k":[0,0],"ix":1},"s":{"a":0,"k":[100,100],"ix":3},"r":{"a":0,"k":0,"ix":6},"o":{"a":0,"k":100,"ix":7},"sk":{"a":0,"k":0,"ix":4},"sa":{"a":0,"k":0,"ix":5},"nm":"Transform"}],"nm":"Group 2","np":2,"cix":2,"bm":0,"ix":2,"mn":"ADBE Vector Group","hd":false}],"ip":0,"op":120,"st":0,"bm":0},{"ddd":0,"ind":2,"ty":4,"nm":"forearm","parent":1,"sr":1,"ks":{"o":{"a":0,"k":100,"ix":11},"r":{"a":1,"k":[{"i":{"x":[0.667],"y":[1]},"o":{"x":[0.167],"y":[0.167]},"t":8,"s":[0]},{"i":{"x":[0.667],"y":[1]},"o":{"x":[0.333],"y":[0]},"t":32,"s":[121]},{"t":58,"s":[0]}],"ix":10},"p":{"a":0,"k":[345.034,631.236,0],"ix":2},"a":{"a":0,"k":[345.034,631.236,0],"ix":1},"s":{"a":0,"k":[100,100,100],"ix":6}},"ao":0,"shapes":[{"ty":"gr","it":[{"ind":0,"ty":"sh","ix":1,"ks":{"a":0,"k":{"i":[[-5.489,1.994],[-0.063,0.033],[2.708,7.453],[7.528,-2.735],[0.375,-0.169],[-1.339,-6.525],[-0.25,-0.686],[-1.402,-1.427],[-0.019,-0.021]],"o":[[0.065,-0.024],[7.409,-2.799],[-2.736,-7.528],[-0.395,0.144],[-6.111,2.827],[0.136,0.696],[0.726,2.002],[0.019,0.025],[3.897,3.978]],"v":[[4.558,13.999],[4.743,13.921],[13.234,-4.581],[-5.346,-13.258],[-6.495,-12.787],[-14.603,3.256],[-14.022,5.322],[-10.768,10.502],[-10.707,10.555]],"c":true},"ix":2},"nm":"Path 1","mn":"ADBE Vector Shape - Group","hd":false},{"ty":"fl","c":{"a":0,"k":[0.651000019148,0.211999990426,0.305999995213,1],"ix":4},"o":{"a":0,"k":100,"ix":5},"r":1,"bm":0,"nm":"Fill 1","mn":"ADBE Vector Graphic - Fill","hd":false},{"ty":"tr","p":{"a":0,"k":[346.136,628.919],"ix":2},"a":{"a":0,"k":[0,0],"ix":1},"s":{"a":0,"k":[100,100],"ix":3},"r":{"a":0,"k":0,"ix":6},"o":{"a":0,"k":100,"ix":7},"sk":{"a":0,"k":0,"ix":4},"sa":{"a":0,"k":0,"ix":5},"nm":"Transform"}],"nm":"Group 1","np":2,"cix":2,"bm":0,"ix":1,"mn":"ADBE Vector Group","hd":false},{"ty":"gr","it":[{"ind":0,"ty":"sh","ix":1,"ks":{"a":0,"k":{"i":[[-3.394,0.503],[-20.625,13.286],[1.111,-0.574],[29.301,-27.896],[1.271,-1.175],[-0.032,-5.446],[-0.027,-0.309],[-0.249,-0.686],[-0.027,-0.013],[-1.421,-0.516]],"o":[[41.688,-6.182],[0.028,-8.649],[-20.338,15.094],[-2.739,2.608],[-5.368,4.967],[0.002,0.33],[0.136,0.695],[0.728,2.002],[2.318,2.018],[3.359,0.897]],"v":[[-43.439,42.957],[63.044,-26.77],[52.642,-43.959],[-51.579,13.049],[-56.41,16.825],[-63.04,30.438],[-62.785,32.292],[-62.204,34.358],[-58.887,39.591],[-52.49,43.635]],"c":true},"ix":2},"nm":"Path 1","mn":"ADBE Vector Shape - Group","hd":false},{"ty":"fl","c":{"a":0,"k":[0.651000019148,0.211999990426,0.305999995213,1],"ix":4},"o":{"a":0,"k":100,"ix":5},"r":1,"bm":0,"nm":"Fill 1","mn":"ADBE Vector Graphic - Fill","hd":false},{"ty":"tr","p":{"a":0,"k":[395.785,599.652],"ix":2},"a":{"a":0,"k":[0,0],"ix":1},"s":{"a":0,"k":[100,100],"ix":3},"r":{"a":0,"k":0,"ix":6},"o":{"a":0,"k":100,"ix":7},"sk":{"a":0,"k":0,"ix":4},"sa":{"a":0,"k":0,"ix":5},"nm":"Transform"}],"nm":"Group 2","np":2,"cix":2,"bm":0,"ix":2,"mn":"ADBE Vector Group","hd":false}],"ip":0,"op":120,"st":0,"bm":0},{"ddd":0,"ind":3,"ty":4,"nm":"hand","parent":2,"sr":1,"ks":{"o":{"a":0,"k":100,"ix":11},"r":{"a":0,"k":0,"ix":10},"p":{"a":0,"k":[449.4,567.127,0],"ix":2},"a":{"a":0,"k":[449.4,567.127,0],"ix":1},"s":{"a":0,"k":[100,100,100],"ix":6}},"ao":0,"shapes":[{"ty":"gr","it":[{"ind":0,"ty":"sh","ix":1,"ks":{"a":0,"k":{"i":[[0.096,-0.523],[-1.809,0.929],[0.475,-0.213],[0.929,-0.555]],"o":[[1.608,-1.28],[-0.492,0.176],[-0.981,0.439],[-0.448,0.268]],"v":[[16.384,-1.822],[21.63,-4.927],[20.178,-4.351],[17.264,-2.965]],"c":true},"ix":2},"nm":"Path 1","mn":"ADBE Vector Shape - Group","hd":false},{"ind":1,"ty":"sh","ix":2,"ks":{"a":0,"k":{"i":[[-2.255,1.362],[2.25,-1.371]],"o":[[-2.463,0.945],[2.397,-1.079]],"v":[[34.41,-11.356],[27.422,-7.716]],"c":true},"ix":2},"nm":"Path 2","mn":"ADBE Vector Shape - Group","hd":false},{"ind":2,"ty":"sh","ix":3,"ks":{"a":0,"k":{"i":[[-1.516,0.768],[2.237,-0.754],[0.634,-0.848],[-0.271,0.143],[-1.306,0.385]],"o":[[-2.25,0.711],[-0.997,0.337],[0.291,-0.11],[1.205,-0.635],[1.604,-0.47]],"v":[[23.881,1.491],[17.136,3.636],[14.697,5.488],[15.529,5.089],[19.238,3.41]],"c":true},"ix":2},"nm":"Path 3","mn":"ADBE Vector Shape - Group","hd":false},{"ind":3,"ty":"sh","ix":4,"ks":{"a":0,"k":{"i":[[-1.056,0.384],[0.141,-0.024],[1.191,-0.529],[3.14,-1.812],[2.505,-1.412],[0.233,-0.163],[-0.077,-0.141],[-0.13,0.063],[-0.257,0.151],[-2.673,1.57],[-3.462,1.26]],"o":[[-0.162,-0.092],[-1.269,0.217],[-3.309,1.471],[-2.492,1.437],[-0.247,0.14],[-0.136,0.095],[0.081,0.146],[0.269,-0.131],[2.673,-1.57],[3.183,-1.869],[1.03,-0.374]],"v":[[35.016,-18.39],[34.565,-18.412],[30.854,-17.342],[21.162,-12.445],[13.634,-8.232],[12.909,-7.782],[12.824,-7.41],[13.155,-7.359],[13.959,-7.756],[21.972,-12.476],[31.901,-17.256]],"c":true},"ix":2},"nm":"Path 4","mn":"ADBE Vector Shape - Group","hd":false},{"ind":4,"ty":"sh","ix":5,"ks":{"a":0,"k":{"i":[[-0.017,-0.018],[-0.515,0.184],[-0.466,0.147],[-0.543,-1.046],[1.702,-0.419],[0.646,-0.303],[-0.365,-0.412],[0.369,-0.891],[0.712,-0.514],[3.216,-1.978],[0.098,-0.074],[-0.355,-0.504],[0.465,-0.781],[0.94,-0.809],[2.037,-1.398],[2.214,-1.194],[1.752,-0.978],[2.298,-1.291],[2.176,-0.755],[7.631,1.069],[2.162,1.935],[-11.775,24.316],[-1.041,1.572],[-0.792,0.687],[-1.541,1.966],[-0.874,1.055],[-1.098,1.747],[-0.63,0.491],[-0.539,-0.383],[-0.006,-1.161],[1.14,-2.091],[0.348,-0.471],[1.711,-1.887],[0.426,-0.56],[-0.357,-0.099],[-0.685,-0.122],[-0.653,0.003],[-1.984,0.706],[-1.838,0.74],[-0.992,0.519],[-4.3,1.594],[-2.733,0.737],[-0.672,0.017],[-1.192,0.024],[-0.898,-0.499],[1.033,-1.224],[0.037,-0.043]],"o":[[0.514,-0.189],[0.463,-0.165],[1.76,-0.555],[0.723,1.394],[-0.673,0.165],[0.563,0.042],[0.63,0.714],[-0.334,0.807],[-3.056,2.205],[-0.05,0.03],[0.659,0.08],[0.462,0.657],[-0.633,1.062],[-1.866,1.607],[-2.077,1.426],[-1.767,0.952],[-2.302,1.285],[-21.323,9.484],[-8.084,2.742],[-2.608,-1.379],[-5.464,-6.661],[1.037,-1.574],[0.569,-0.858],[1.902,-1.65],[0.844,-1.077],[1.321,-1.595],[0.408,-0.651],[0.574,-0.446],[0.926,0.655],[0.01,2.269],[-0.281,0.515],[-1.504,2.031],[-0.483,0.533],[-0.239,0.314],[0.666,0.186],[0.635,0.112],[2.132,-0.008],[1.865,-0.663],[1.034,-0.416],[4.057,-2.124],[2.671,-0.99],[0.661,-0.178],[1.191,-0.028],[1.054,-0.021],[1.314,0.728],[-0.037,0.044],[0.016,0.018]],"v":[[41.241,-20.351],[42.783,-20.917],[44.192,-21.332],[47.746,-19.777],[45.877,-16.343],[43.905,-15.665],[45.354,-15.121],[45.613,-12.684],[43.907,-10.808],[34.565,-4.438],[34.374,-4.295],[35.944,-3.531],[36.052,-1.401],[33.537,1.265],[27.717,5.814],[21.214,9.633],[15.939,12.532],[9.046,16.409],[-22.403,26.217],[-38.942,29.644],[-43.006,26.619],[-19.892,-8.03],[-16.831,-12.779],[-14.694,-15.022],[-9.469,-20.394],[-6.861,-23.572],[-3.08,-28.489],[-1.511,-30.226],[0.124,-30.33],[1.604,-27.627],[-0.173,-21.099],[-1.192,-19.671],[-5.933,-13.738],[-7.196,-12.047],[-6.825,-10.792],[-4.815,-10.271],[-2.855,-10.379],[3.203,-12.023],[8.77,-14.1],[11.788,-15.575],[24.138,-21.549],[32.271,-24.024],[34.276,-24.234],[37.854,-24.373],[40.837,-23.792],[41.302,-20.535],[41.191,-20.404]],"c":true},"ix":2},"nm":"Path 5","mn":"ADBE Vector Shape - Group","hd":false},{"ty":"mm","mm":1,"nm":"Merge Paths 1","mn":"ADBE Vector Filter - Merge","hd":false},{"ty":"fl","c":{"a":0,"k":[0.847000002394,0.607999973671,0.501999978458,1],"ix":4},"o":{"a":0,"k":100,"ix":5},"r":1,"bm":0,"nm":"Fill 1","mn":"ADBE Vector Graphic - Fill","hd":false},{"ty":"tr","p":{"a":0,"k":[480.934,545.942],"ix":2},"a":{"a":0,"k":[0,0],"ix":1},"s":{"a":0,"k":[100,100],"ix":3},"r":{"a":0,"k":0,"ix":6},"o":{"a":0,"k":100,"ix":7},"sk":{"a":0,"k":0,"ix":4},"sa":{"a":0,"k":0,"ix":5},"nm":"Transform"}],"nm":"Group 1","np":7,"cix":2,"bm":0,"ix":1,"mn":"ADBE Vector Group","hd":false}],"ip":0,"op":120,"st":0,"bm":0},{"ddd":0,"ind":4,"ty":4,"nm":"foot","sr":1,"ks":{"o":{"a":0,"k":100,"ix":11},"r":{"a":1,"k":[{"i":{"x":[0.833],"y":[-0.597]},"o":{"x":[0.167],"y":[0]},"t":8,"s":[0]},{"i":{"x":[0.833],"y":[0.894]},"o":{"x":[0.167],"y":[0.097]},"t":15.5,"s":[0]},{"i":{"x":[0.667],"y":[1]},"o":{"x":[0.167],"y":[1.394]},"t":26,"s":[23]},{"i":{"x":[0.833],"y":[0.833]},"o":{"x":[0.333],"y":[0]},"t":32,"s":[23]},{"t":47,"s":[0]}],"ix":10},"p":{"a":1,"k":[{"i":{"x":0.833,"y":0.833},"o":{"x":0.167,"y":0.167},"t":8,"s":[469.083,983.908,0],"to":[0,0,0],"ti":[0,0,0]},{"i":{"x":0.667,"y":1},"o":{"x":0.167,"y":0.115},"t":15.5,"s":[469.083,983.908,0],"to":[6.833,-13.5,0],"ti":[0,0,0]},{"i":{"x":0.833,"y":0.833},"o":{"x":0.333,"y":0},"t":32,"s":[510.083,902.908,0],"to":[0,0,0],"ti":[6.833,-13.5,0]},{"t":47,"s":[469.083,983.908,0]}],"ix":2},"a":{"a":0,"k":[469.083,923.908,0],"ix":1},"s":{"a":0,"k":[100,100,100],"ix":6}},"ao":0,"shapes":[{"ty":"gr","it":[{"ty":"gr","it":[{"ind":0,"ty":"sh","ix":1,"ks":{"a":0,"k":{"i":[[2.013,-2.979],[14.476,-2.808],[11.673,5.988],[6.148,4.823],[0,0],[0,0],[3.569,4.12],[-2.26,9.692],[-4.144,-3.124],[-15.598,-10.467],[-0.977,1.892],[-6.143,-0.286],[-0.807,-2.983],[-0.014,-0.04]],"o":[[-0.472,0.697],[-9.277,1.799],[-7.177,-3.681],[0,0],[0,0],[-1.847,-0.24],[-1.603,-2.175],[0,0],[11.229,8.463],[18.118,12.158],[2.368,-4.587],[5.249,0.244],[1.335,4.942],[0.212,0.692]],"v":[[39.629,15.67],[24.333,21.227],[-8.979,12.999],[-25.616,1.785],[-28.506,-1.967],[-30.675,-1.696],[-38.764,-7.392],[-39.381,-23.027],[-31.994,-13.685],[-7.241,6.303],[23.427,12.804],[33.804,7.006],[39.297,10.362],[40.743,8.772]],"c":true},"ix":2},"nm":"Path 1","mn":"ADBE Vector Shape - Group","hd":false},{"ty":"fl","c":{"a":0,"k":[0.518000006676,0.467000007629,0.40000000596,1],"ix":4},"o":{"a":0,"k":100,"ix":5},"r":1,"bm":0,"nm":"Fill 1","mn":"ADBE Vector Graphic - Fill","hd":false},{"ty":"tr","p":{"a":0,"k":[323.871,986.298],"ix":2},"a":{"a":0,"k":[0,0],"ix":1},"s":{"a":0,"k":[100,100],"ix":3},"r":{"a":0,"k":0,"ix":6},"o":{"a":0,"k":100,"ix":7},"sk":{"a":0,"k":0,"ix":4},"sa":{"a":0,"k":0,"ix":5},"nm":"Transform"}],"nm":"Group 1","np":2,"cix":2,"bm":0,"ix":1,"mn":"ADBE Vector Group","hd":false},{"ty":"tr","p":{"a":0,"k":[488.083,973.614],"ix":2},"a":{"a":0,"k":[324.083,985.614],"ix":1},"s":{"a":0,"k":[100,100],"ix":3},"r":{"a":0,"k":0,"ix":6},"o":{"a":0,"k":100,"ix":7},"sk":{"a":0,"k":0,"ix":4},"sa":{"a":0,"k":0,"ix":5},"nm":"Transform"}],"nm":"sole","np":1,"cix":2,"bm":0,"ix":1,"mn":"ADBE Vector Group","hd":false},{"ty":"gr","it":[{"ty":"gr","it":[{"ind":0,"ty":"sh","ix":1,"ks":{"a":0,"k":{"i":[[6.724,-0.455],[0.672,-7.667],[-0.102,7.418],[0.484,-1.058],[-1.132,-4.073],[-18.75,-11.639],[-2.807,2.971],[7.362,6.723],[0.988,0.902]],"o":[[-14.388,0.976],[-7.304,-0.221],[-0.266,-1.403],[-2.879,3.324],[1.005,7.705],[23.626,14.665],[8.95,-9.469],[-6.858,-6.26],[-6.972,-6.362]],"v":[[-3.293,-40.549],[-20.479,-28.586],[-30.784,-38.085],[-33.253,-37.517],[-42.88,3.732],[-11.189,26.339],[35.062,33.907],[23.893,9.065],[3.323,-20.008]],"c":true},"ix":2},"nm":"Path 1","mn":"ADBE Vector Shape - Group","hd":false},{"ty":"fl","c":{"a":0,"k":[0.157000005245,0.157000005245,0.157000005245,1],"ix":4},"o":{"a":0,"k":100,"ix":5},"r":1,"bm":0,"nm":"Fill 1","mn":"ADBE Vector Graphic - Fill","hd":false},{"ty":"tr","p":{"a":0,"k":[326.518,968.613],"ix":2},"a":{"a":0,"k":[0,0],"ix":1},"s":{"a":0,"k":[100,100],"ix":3},"r":{"a":0,"k":0,"ix":6},"o":{"a":0,"k":100,"ix":7},"sk":{"a":0,"k":0,"ix":4},"sa":{"a":0,"k":0,"ix":5},"nm":"Transform"}],"nm":"Group 1","np":2,"cix":2,"bm":0,"ix":1,"mn":"ADBE Vector Group","hd":false},{"ty":"tr","p":{"a":0,"k":[488.088,954.735],"ix":2},"a":{"a":0,"k":[324.088,966.735],"ix":1},"s":{"a":0,"k":[100,100],"ix":3},"r":{"a":0,"k":0,"ix":6},"o":{"a":0,"k":100,"ix":7},"sk":{"a":0,"k":0,"ix":4},"sa":{"a":0,"k":0,"ix":5},"nm":"Transform"}],"nm":"foot","np":1,"cix":2,"bm":0,"ix":2,"mn":"ADBE Vector Group","hd":false},{"ty":"gr","it":[{"ty":"gr","it":[{"ind":0,"ty":"sh","ix":1,"ks":{"a":0,"k":{"i":[[-0.147,6.717],[-6.717,-0.146],[0.147,-6.716],[6.715,0.147]],"o":[[0.147,-6.717],[6.717,0.148],[-0.147,6.717],[-6.717,-0.148]],"v":[[-12.161,-0.266],[0.267,-12.162],[12.162,0.266],[-0.265,12.161]],"c":true},"ix":2},"nm":"Path 1","mn":"ADBE Vector Shape - Group","hd":false},{"ty":"fl","c":{"a":0,"k":[0.847000002861,0.60799998045,0.501999974251,1],"ix":4},"o":{"a":0,"k":100,"ix":5},"r":1,"bm":0,"nm":"Fill 1","mn":"ADBE Vector Graphic - Fill","hd":false},{"ty":"tr","p":{"a":0,"k":[306.076,936.025],"ix":2},"a":{"a":0,"k":[0,0],"ix":1},"s":{"a":0,"k":[100,100],"ix":3},"r":{"a":0,"k":0,"ix":6},"o":{"a":0,"k":100,"ix":7},"sk":{"a":0,"k":0,"ix":4},"sa":{"a":0,"k":0,"ix":5},"nm":"Transform"}],"nm":"Group 1","np":2,"cix":2,"bm":0,"ix":1,"mn":"ADBE Vector Group","hd":false},{"ty":"tr","p":{"a":0,"k":[470.076,924.025],"ix":2},"a":{"a":0,"k":[306.076,936.025],"ix":1},"s":{"a":0,"k":[100,100],"ix":3},"r":{"a":0,"k":0,"ix":6},"o":{"a":0,"k":100,"ix":7},"sk":{"a":0,"k":0,"ix":4},"sa":{"a":0,"k":0,"ix":5},"nm":"Transform"}],"nm":"foot_skin","np":1,"cix":2,"bm":0,"ix":3,"mn":"ADBE Vector Group","hd":false}],"ip":0,"op":120,"st":0,"bm":0},{"ddd":0,"ind":5,"ty":4,"nm":"thigh","parent":6,"sr":1,"ks":{"o":{"a":0,"k":100,"ix":11},"r":{"a":1,"k":[{"i":{"x":[0.667],"y":[1]},"o":{"x":[0.167],"y":[0.167]},"t":8,"s":[0]},{"i":{"x":[0.833],"y":[0.833]},"o":{"x":[0.296],"y":[0]},"t":32,"s":[93]},{"i":{"x":[0.667],"y":[1]},"o":{"x":[0.167],"y":[0.167]},"t":47,"s":[75.665]},{"t":58,"s":[0]}],"ix":10},"p":{"a":0,"k":[549.38,764.836,0],"ix":2},"a":{"a":0,"k":[385.38,776.836,0],"ix":1},"s":{"a":0,"k":[100,100,100],"ix":6}},"ao":0,"shapes":[{"ty":"gr","it":[{"ind":0,"ty":"sh","ix":1,"ks":{"a":1,"k":[{"i":{"x":0.667,"y":1},"o":{"x":0.167,"y":0.167},"t":8,"s":[{"i":[[-19.318,-7.648],[-23.982,-15.551],[-0.782,-0.752],[3.811,-8.582],[13.417,3.819],[19.525,4.395],[17.759,8.235],[-9.501,21.396],[-9.383,4.969]],"o":[[33.512,16.436],[34.372,22.266],[5.932,6.574],[-4.992,11.242],[-34.639,-9.86],[-5.046,-1.136],[-33.939,-15.74],[4.087,-9.203],[13.009,-6.872]],"v":[[-29.647,-62.42],[49.051,-14.388],[101.57,29.94],[105.563,54.756],[74.648,66.249],[-39.147,38.057],[-74.137,26.786],[-99.872,-39.772],[-79.251,-61.721]],"c":true}]},{"i":{"x":0.667,"y":1},"o":{"x":0.333,"y":0},"t":32,"s":[{"i":[[-19.318,-7.648],[-23.982,-15.551],[-0.782,-0.752],[3.811,-8.582],[13.417,3.819],[19.525,4.395],[17.759,8.235],[-9.501,21.396],[-9.383,4.969]],"o":[[33.512,16.436],[34.372,22.266],[5.932,6.574],[-4.992,11.242],[-34.639,-9.86],[-5.046,-1.136],[-33.939,-15.74],[4.087,-9.203],[13.009,-6.872]],"v":[[-64.445,-81.536],[14.254,-33.504],[66.773,10.824],[70.765,35.64],[39.851,47.133],[-73.945,18.941],[-108.935,7.67],[-134.67,-58.888],[-114.048,-80.837]],"c":true}]},{"t":58,"s":[{"i":[[-19.318,-7.648],[-23.982,-15.551],[-0.782,-0.752],[3.811,-8.582],[13.417,3.819],[19.525,4.395],[17.759,8.235],[-9.501,21.396],[-9.383,4.969]],"o":[[33.512,16.436],[34.372,22.266],[5.932,6.574],[-4.992,11.242],[-34.639,-9.86],[-5.046,-1.136],[-33.939,-15.74],[4.087,-9.203],[13.009,-6.872]],"v":[[-29.647,-62.42],[49.051,-14.388],[101.57,29.94],[105.563,54.756],[74.648,66.249],[-39.147,38.057],[-74.137,26.786],[-99.872,-39.772],[-79.251,-61.721]],"c":true}]}],"ix":2},"nm":"Path 1","mn":"ADBE Vector Shape - Group","hd":false},{"ty":"fl","c":{"a":0,"k":[0.118000000598,0.118000000598,0.118000000598,1],"ix":4},"o":{"a":0,"k":100,"ix":5},"r":1,"bm":0,"nm":"Fill 1","mn":"ADBE Vector Graphic - Fill","hd":false},{"ty":"tr","p":{"a":0,"k":[303.59,731.286],"ix":2},"a":{"a":0,"k":[0,0],"ix":1},"s":{"a":0,"k":[100,100],"ix":3},"r":{"a":0,"k":0,"ix":6},"o":{"a":0,"k":100,"ix":7},"sk":{"a":0,"k":0,"ix":4},"sa":{"a":0,"k":0,"ix":5},"nm":"Transform"}],"nm":"Group 1","np":2,"cix":2,"bm":0,"ix":1,"mn":"ADBE Vector Group","hd":false},{"ty":"gr","it":[{"ind":0,"ty":"sh","ix":1,"ks":{"a":1,"k":[{"i":{"x":0.667,"y":1},"o":{"x":0.167,"y":0.167},"t":8,"s":[{"i":[[-0.138,-0.062],[-2.479,-1.736],[-0.557,-0.422],[-0.288,-0.238],[9.318,-20.984],[15.002,-3.131],[1.434,-0.173],[1.731,-0.03],[4.222,1.087],[2.558,1.137],[0,0],[0.247,0.131],[1.398,0.719],[-9.501,21.395],[-9.384,4.968],[-19.318,-7.648],[-0.763,-0.327]],"o":[[2.86,1.271],[0.591,0.393],[0.296,0.22],[17.21,13.604],[-6.693,15.071],[-1.41,0.293],[-1.71,0.203],[-4.236,0.056],[-2.631,-0.654],[0,0],[-0.256,-0.113],[-1.447,-0.686],[-33.27,-17.105],[4.087,-9.203],[13.009,-6.872],[0.757,0.292],[0.142,0.052]],"v":[[24.021,-42.821],[32.043,-38.317],[33.77,-37.081],[34.647,-36.395],[49.069,22.222],[14.046,50.48],[9.767,51.173],[4.604,51.517],[-8.15,49.979],[-15.928,47.29],[-15.983,47.266],[-16.751,46.903],[-20.98,44.697],[-48.887,-21.276],[-28.265,-43.225],[21.337,-43.925],[23.605,-42.995]],"c":true}]},{"i":{"x":0.667,"y":1},"o":{"x":0.333,"y":0},"t":32,"s":[{"i":[[-0.138,-0.062],[-2.479,-1.736],[-0.557,-0.422],[-0.288,-0.238],[9.318,-20.984],[15.002,-3.131],[1.434,-0.173],[1.731,-0.03],[4.222,1.087],[2.558,1.137],[0,0],[0.247,0.131],[1.398,0.719],[-9.501,21.395],[-9.384,4.968],[-19.318,-7.648],[-0.763,-0.327]],"o":[[2.86,1.271],[0.591,0.393],[0.296,0.22],[17.21,13.604],[-6.693,15.071],[-1.41,0.293],[-1.71,0.203],[-4.236,0.056],[-2.631,-0.654],[0,0],[-0.256,-0.113],[-1.447,-0.686],[-33.27,-17.105],[4.087,-9.203],[13.009,-6.872],[0.757,0.292],[0.142,0.052]],"v":[[-10.776,-61.937],[-2.754,-57.433],[-1.027,-56.197],[-0.15,-55.511],[14.272,3.106],[-20.751,31.364],[-25.03,32.057],[-30.194,32.401],[-42.947,30.863],[-50.725,28.174],[-50.78,28.15],[-51.548,27.787],[-55.778,25.581],[-83.684,-40.392],[-63.062,-62.341],[-13.46,-63.041],[-11.192,-62.111]],"c":true}]},{"t":58,"s":[{"i":[[-0.138,-0.062],[-2.479,-1.736],[-0.557,-0.422],[-0.288,-0.238],[9.318,-20.984],[15.002,-3.131],[1.434,-0.173],[1.731,-0.03],[4.222,1.087],[2.558,1.137],[0,0],[0.247,0.131],[1.398,0.719],[-9.501,21.395],[-9.384,4.968],[-19.318,-7.648],[-0.763,-0.327]],"o":[[2.86,1.271],[0.591,0.393],[0.296,0.22],[17.21,13.604],[-6.693,15.071],[-1.41,0.293],[-1.71,0.203],[-4.236,0.056],[-2.631,-0.654],[0,0],[-0.256,-0.113],[-1.447,-0.686],[-33.27,-17.105],[4.087,-9.203],[13.009,-6.872],[0.757,0.292],[0.142,0.052]],"v":[[24.021,-42.821],[32.043,-38.317],[33.77,-37.081],[34.647,-36.395],[49.069,22.222],[14.046,50.48],[9.767,51.173],[4.604,51.517],[-8.15,49.979],[-15.928,47.29],[-15.983,47.266],[-16.751,46.903],[-20.98,44.697],[-48.887,-21.276],[-28.265,-43.225],[21.337,-43.925],[23.605,-42.995]],"c":true}]}],"ix":2},"nm":"Path 1","mn":"ADBE Vector Shape - Group","hd":false},{"ty":"fl","c":{"a":0,"k":[0.118000000598,0.118000000598,0.118000000598,1],"ix":4},"o":{"a":0,"k":100,"ix":5},"r":1,"bm":0,"nm":"Fill 1","mn":"ADBE Vector Graphic - Fill","hd":false},{"ty":"tr","p":{"a":0,"k":[252.605,712.791],"ix":2},"a":{"a":0,"k":[0,0],"ix":1},"s":{"a":0,"k":[100,100],"ix":3},"r":{"a":0,"k":0,"ix":6},"o":{"a":0,"k":100,"ix":7},"sk":{"a":0,"k":0,"ix":4},"sa":{"a":0,"k":0,"ix":5},"nm":"Transform"}],"nm":"Group 2","np":2,"cix":2,"bm":0,"ix":2,"mn":"ADBE Vector Group","hd":false}],"ip":0,"op":120,"st":0,"bm":0},{"ddd":0,"ind":6,"ty":4,"nm":"calf","parent":4,"sr":1,"ks":{"o":{"a":0,"k":100,"ix":11},"r":{"a":1,"k":[{"i":{"x":[0.833],"y":[0.2]},"o":{"x":[0.167],"y":[0.167]},"t":8,"s":[0]},{"i":{"x":[0.833],"y":[0.873]},"o":{"x":[0.167],"y":[0.106]},"t":15.5,"s":[-3.6]},{"i":{"x":[0.667],"y":[1]},"o":{"x":[0.167],"y":[0.366]},"t":26,"s":[-41.491]},{"i":{"x":[0.833],"y":[0.833]},"o":{"x":[0.333],"y":[0]},"t":32,"s":[-49]},{"i":{"x":[0.667],"y":[1]},"o":{"x":[0.167],"y":[0.167]},"t":47,"s":[-23.6]},{"t":58,"s":[0]}],"ix":10},"p":{"a":0,"k":[469.594,923.396,0],"ix":2},"a":{"a":0,"k":[469.594,923.396,0],"ix":1},"s":{"a":0,"k":[100,100,100],"ix":6}},"ao":0,"shapes":[{"ty":"gr","it":[{"ty":"gr","it":[{"ind":0,"ty":"sh","ix":1,"ks":{"a":1,"k":[{"i":{"x":0.833,"y":0.833},"o":{"x":0.167,"y":0.167},"t":8,"s":[{"i":[[0.031,-0.073],[0.14,-0.396],[-11.282,-4.9],[-6.525,5.985],[-0.46,0.508],[-0.013,0.005],[-0.417,0.559],[-0.753,1.734],[0,0],[0.314,3.669],[0.041,0.258],[2.477,3.256],[0.059,0.091],[3.651,1.585],[4.341,-0.808],[0.026,-0.011],[2.891,-6.191],[0.06,-0.137]],"o":[[-0.172,0.395],[-4.251,11.445],[8.612,3.741],[0.504,-0.457],[0.005,-0.01],[0.461,-0.509],[1.096,-1.443],[0,0],[1.542,-3.626],[-0.027,-0.263],[-0.488,-4.071],[-0.059,-0.091],[-2.29,-2.935],[-4.338,-1.885],[-0.008,-0.004],[-10.218,1.881],[-0.078,0.13],[-0.041,0.071]],"v":[[-19.858,-9.889],[-20.333,-8.699],[-7.936,20.518],[16.846,16.326],[18.294,14.872],[18.313,14.857],[19.635,13.241],[22.424,8.478],[22.484,8.34],[24.27,-2.746],[24.182,-3.526],[19.66,-14.724],[19.47,-14.992],[10.501,-21.93],[-2.793,-23.452],[-2.841,-23.44],[-19.557,-10.51],[-19.755,-10.105]],"c":true}]},{"i":{"x":0.667,"y":1},"o":{"x":0.167,"y":0.167},"t":26,"s":[{"i":[[0.031,-0.073],[0.14,-0.396],[-11.282,-4.9],[-6.525,5.985],[-0.46,0.508],[-0.013,0.005],[-0.417,0.559],[-0.753,1.734],[0,0],[0.314,3.669],[0.041,0.258],[2.477,3.256],[0.059,0.091],[3.651,1.585],[4.341,-0.808],[0.026,-0.011],[2.891,-6.191],[0.06,-0.137]],"o":[[-0.172,0.395],[-4.251,11.445],[8.612,3.741],[0.504,-0.457],[0.005,-0.01],[0.461,-0.509],[1.096,-1.443],[0,0],[1.542,-3.626],[-0.027,-0.263],[-0.488,-4.071],[-0.059,-0.091],[-2.29,-2.935],[-4.338,-1.885],[-0.008,-0.004],[-10.218,1.881],[-0.078,0.13],[-0.041,0.071]],"v":[[-17.561,-29.673],[-18.035,-28.484],[-5.638,0.734],[19.144,-3.459],[20.592,-4.912],[20.61,-4.927],[21.933,-6.543],[24.722,-11.307],[24.782,-11.444],[26.567,-22.531],[26.48,-23.311],[21.958,-34.509],[21.768,-34.777],[12.799,-41.714],[-0.495,-43.236],[-0.543,-43.225],[-17.259,-30.294],[-17.457,-29.89]],"c":true}]},{"i":{"x":0.667,"y":1},"o":{"x":0.333,"y":0},"t":32,"s":[{"i":[[0.031,-0.073],[0.14,-0.396],[-11.282,-4.9],[-6.525,5.985],[-0.46,0.508],[-0.013,0.005],[-0.417,0.559],[-0.753,1.734],[0,0],[0.314,3.669],[0.041,0.258],[2.477,3.256],[0.059,0.091],[3.651,1.585],[4.341,-0.808],[0.026,-0.011],[2.891,-6.191],[0.06,-0.137]],"o":[[-0.172,0.395],[-4.251,11.445],[8.612,3.741],[0.504,-0.457],[0.005,-0.01],[0.461,-0.509],[1.096,-1.443],[0,0],[1.542,-3.626],[-0.027,-0.263],[-0.488,-4.071],[-0.059,-0.091],[-2.29,-2.935],[-4.338,-1.885],[-0.008,-0.004],[-10.218,1.881],[-0.078,0.13],[-0.041,0.071]],"v":[[-6.225,-33.279],[-6.699,-32.09],[5.698,-2.872],[30.48,-7.065],[31.928,-8.518],[31.946,-8.533],[33.269,-10.149],[36.058,-14.913],[36.118,-15.05],[37.903,-26.137],[37.816,-26.917],[33.294,-38.115],[33.104,-38.383],[24.135,-45.32],[10.841,-46.842],[10.793,-46.831],[-5.923,-33.9],[-6.121,-33.496]],"c":true}]},{"t":58,"s":[{"i":[[0.031,-0.073],[0.14,-0.396],[-11.282,-4.9],[-6.525,5.985],[-0.46,0.508],[-0.013,0.005],[-0.417,0.559],[-0.753,1.734],[0,0],[0.314,3.669],[0.041,0.258],[2.477,3.256],[0.059,0.091],[3.651,1.585],[4.341,-0.808],[0.026,-0.011],[2.891,-6.191],[0.06,-0.137]],"o":[[-0.172,0.395],[-4.251,11.445],[8.612,3.741],[0.504,-0.457],[0.005,-0.01],[0.461,-0.509],[1.096,-1.443],[0,0],[1.542,-3.626],[-0.027,-0.263],[-0.488,-4.071],[-0.059,-0.091],[-2.29,-2.935],[-4.338,-1.885],[-0.008,-0.004],[-10.218,1.881],[-0.078,0.13],[-0.041,0.071]],"v":[[-19.858,-9.889],[-20.333,-8.699],[-7.936,20.518],[16.846,16.326],[18.294,14.872],[18.313,14.857],[19.635,13.241],[22.424,8.478],[22.484,8.34],[24.27,-2.746],[24.182,-3.526],[19.66,-14.724],[19.47,-14.992],[10.501,-21.93],[-2.793,-23.452],[-2.841,-23.44],[-19.557,-10.51],[-19.755,-10.105]],"c":true}]}],"ix":2},"nm":"Path 1","mn":"ADBE Vector Shape - Group","hd":false},{"ty":"fl","c":{"a":0,"k":[0.118000000715,0.118000000715,0.118000000715,1],"ix":4},"o":{"a":0,"k":100,"ix":5},"r":1,"bm":0,"nm":"Fill 1","mn":"ADBE Vector Graphic - Fill","hd":false},{"ty":"tr","p":{"a":0,"k":[386.683,777.611],"ix":2},"a":{"a":0,"k":[0,0],"ix":1},"s":{"a":0,"k":[100,100],"ix":3},"r":{"a":0,"k":0,"ix":6},"o":{"a":0,"k":100,"ix":7},"sk":{"a":0,"k":0,"ix":4},"sa":{"a":0,"k":0,"ix":5},"nm":"Transform"}],"nm":"Group 1","np":2,"cix":2,"bm":0,"ix":1,"mn":"ADBE Vector Group","hd":false},{"ty":"gr","it":[{"ind":0,"ty":"sh","ix":1,"ks":{"a":1,"k":[{"i":{"x":0.833,"y":0.833},"o":{"x":0.167,"y":0.167},"t":8,"s":[{"i":[[7.568,-21.083],[7.601,-20.771],[-0.008,0.019],[-35.747,45.527],[-0.013,0.005],[-0.248,0.317],[-0.832,1.84],[0.387,3.526],[0.04,0.258],[2.184,3.206],[0.059,0.09],[3.65,1.585],[5.111,-1.197],[3.024,-5.403],[0.041,-0.069]],"o":[[-8.492,23.656],[7.097,10.81],[12.149,-26.842],[0.004,-0.009],[0.247,-0.318],[1.475,-1.867],[1.711,-3.815],[-0.028,-0.263],[-0.591,-4.16],[-0.058,-0.091],[-2.29,-2.936],[-4.339,-1.885],[-7.711,1.807],[-0.05,0.065],[-19.858,19.93]],"v":[[-31.017,-14.156],[-53.526,72.432],[-29.516,80.596],[47.165,-43.815],[47.182,-43.828],[47.92,-44.773],[51.354,-50.346],[53.139,-61.432],[53.052,-62.212],[48.529,-73.411],[48.34,-73.677],[39.372,-80.616],[25.102,-82.045],[9.313,-69.195],[9.19,-68.987]],"c":true}]},{"i":{"x":0.667,"y":1},"o":{"x":0.167,"y":0.167},"t":26,"s":[{"i":[[7.568,-21.083],[7.601,-20.771],[-0.008,0.019],[-35.747,45.527],[-0.013,0.005],[-0.248,0.317],[-0.832,1.84],[0.387,3.526],[0.04,0.258],[2.184,3.206],[0.059,0.09],[3.65,1.585],[5.111,-1.197],[3.024,-5.403],[0.041,-0.069]],"o":[[-8.492,23.656],[7.097,10.81],[12.149,-26.842],[0.004,-0.009],[0.247,-0.318],[1.475,-1.867],[1.711,-3.815],[-0.028,-0.263],[-0.591,-4.16],[-0.058,-0.091],[-2.29,-2.936],[-4.339,-1.885],[-7.711,1.807],[-0.05,0.065],[-19.858,19.93]],"v":[[-31.017,-14.156],[-53.526,72.432],[-29.516,80.596],[49.462,-63.599],[49.479,-63.613],[50.217,-64.557],[53.651,-70.13],[55.436,-81.217],[55.349,-81.997],[50.826,-93.196],[50.637,-93.462],[41.669,-100.4],[27.399,-101.83],[11.61,-88.98],[11.487,-88.772]],"c":true}]},{"i":{"x":0.667,"y":1},"o":{"x":0.333,"y":0},"t":32,"s":[{"i":[[7.568,-21.083],[7.601,-20.771],[-0.008,0.019],[-35.747,45.527],[-0.013,0.005],[-0.248,0.317],[-0.832,1.84],[0.387,3.526],[0.04,0.258],[2.184,3.206],[0.059,0.09],[3.65,1.585],[5.111,-1.197],[3.024,-5.403],[0.041,-0.069]],"o":[[-8.492,23.656],[7.097,10.81],[12.149,-26.842],[0.004,-0.009],[0.247,-0.318],[1.475,-1.867],[1.711,-3.815],[-0.028,-0.263],[-0.591,-4.16],[-0.058,-0.091],[-2.29,-2.936],[-4.339,-1.885],[-7.711,1.807],[-0.05,0.065],[-19.858,19.93]],"v":[[-31.017,-14.156],[-53.526,72.432],[-29.516,80.596],[60.799,-67.205],[60.816,-67.219],[61.554,-68.163],[64.988,-73.736],[66.773,-84.823],[66.686,-85.603],[62.163,-96.802],[61.974,-97.068],[53.006,-104.006],[38.736,-105.436],[22.947,-92.586],[22.824,-92.378]],"c":true}]},{"t":58,"s":[{"i":[[7.568,-21.083],[7.601,-20.771],[-0.008,0.019],[-35.747,45.527],[-0.013,0.005],[-0.248,0.317],[-0.832,1.84],[0.387,3.526],[0.04,0.258],[2.184,3.206],[0.059,0.09],[3.65,1.585],[5.111,-1.197],[3.024,-5.403],[0.041,-0.069]],"o":[[-8.492,23.656],[7.097,10.81],[12.149,-26.842],[0.004,-0.009],[0.247,-0.318],[1.475,-1.867],[1.711,-3.815],[-0.028,-0.263],[-0.591,-4.16],[-0.058,-0.091],[-2.29,-2.936],[-4.339,-1.885],[-7.711,1.807],[-0.05,0.065],[-19.858,19.93]],"v":[[-31.017,-14.156],[-53.526,72.432],[-29.516,80.596],[47.165,-43.815],[47.182,-43.828],[47.92,-44.773],[51.354,-50.346],[53.139,-61.432],[53.052,-62.212],[48.529,-73.411],[48.34,-73.677],[39.372,-80.616],[25.102,-82.045],[9.313,-69.195],[9.19,-68.987]],"c":true}]}],"ix":2},"nm":"Path 1","mn":"ADBE Vector Shape - Group","hd":false},{"ty":"fl","c":{"a":0,"k":[0.118000000715,0.118000000715,0.118000000715,1],"ix":4},"o":{"a":0,"k":100,"ix":5},"r":1,"bm":0,"nm":"Fill 1","mn":"ADBE Vector Graphic - Fill","hd":false},{"ty":"tr","p":{"a":0,"k":[358.044,835.767],"ix":2},"a":{"a":0,"k":[0,0],"ix":1},"s":{"a":0,"k":[100,100],"ix":3},"r":{"a":0,"k":0,"ix":6},"o":{"a":0,"k":100,"ix":7},"sk":{"a":0,"k":0,"ix":4},"sa":{"a":0,"k":0,"ix":5},"nm":"Transform"}],"nm":"Group 2","np":2,"cix":2,"bm":0,"ix":2,"mn":"ADBE Vector Group","hd":false},{"ty":"tr","p":{"a":0,"k":[521.914,822.899],"ix":2},"a":{"a":0,"k":[357.914,834.899],"ix":1},"s":{"a":0,"k":[100,100],"ix":3},"r":{"a":0,"k":0,"ix":6},"o":{"a":0,"k":100,"ix":7},"sk":{"a":0,"k":0,"ix":4},"sa":{"a":0,"k":0,"ix":5},"nm":"Transform"}],"nm":"calf","np":2,"cix":2,"bm":0,"ix":1,"mn":"ADBE Vector Group","hd":false},{"ty":"gr","it":[{"ty":"gr","it":[{"ind":0,"ty":"sh","ix":1,"ks":{"a":0,"k":{"i":[[0,0],[-9.187,24.052],[9.043,-18.016],[2.259,-4.8],[10.271,4.545]],"o":[[5.22,-12.988],[8.417,-16.067],[-12.476,24.855],[0,0],[-11.604,-5.133]],"v":[[-23.778,18.332],[-5.982,-22.873],[19.197,-16.118],[-1.051,27.299],[-16.636,34.395]],"c":true},"ix":2},"nm":"Path 1","mn":"ADBE Vector Shape - Group","hd":false},{"ty":"fl","c":{"a":0,"k":[0.847000002861,0.60799998045,0.501999974251,1],"ix":4},"o":{"a":0,"k":100,"ix":5},"r":1,"bm":0,"nm":"Fill 1","mn":"ADBE Vector Graphic - Fill","hd":false},{"ty":"tr","p":{"a":0,"k":[318.499,913.203],"ix":2},"a":{"a":0,"k":[0,0],"ix":1},"s":{"a":0,"k":[100,100],"ix":3},"r":{"a":0,"k":0,"ix":6},"o":{"a":0,"k":100,"ix":7},"sk":{"a":0,"k":0,"ix":4},"sa":{"a":0,"k":0,"ix":5},"nm":"Transform"}],"nm":"Group 1","np":2,"cix":2,"bm":0,"ix":1,"mn":"ADBE Vector Group","hd":false},{"ty":"tr","p":{"a":0,"k":[480.734,902.607],"ix":2},"a":{"a":0,"k":[316.734,914.607],"ix":1},"s":{"a":0,"k":[100,100],"ix":3},"r":{"a":0,"k":0,"ix":6},"o":{"a":0,"k":100,"ix":7},"sk":{"a":0,"k":0,"ix":4},"sa":{"a":0,"k":0,"ix":5},"nm":"Transform"}],"nm":"calf_skin","np":1,"cix":2,"bm":0,"ix":2,"mn":"ADBE Vector Group","hd":false}],"ip":0,"op":120,"st":0,"bm":0},{"ddd":0,"ind":7,"ty":4,"nm":"hips","parent":5,"sr":1,"ks":{"o":{"a":0,"k":100,"ix":11},"r":{"a":1,"k":[{"i":{"x":[0.833],"y":[0.872]},"o":{"x":[0.167],"y":[0.167]},"t":8,"s":[0]},{"i":{"x":[0.667],"y":[1]},"o":{"x":[0.167],"y":[1.738]},"t":26,"s":[-94.674]},{"i":{"x":[0.833],"y":[0.833]},"o":{"x":[0.333],"y":[0]},"t":32,"s":[-97]},{"i":{"x":[0.667],"y":[1]},"o":{"x":[0.167],"y":[0.167]},"t":47,"s":[-54.396]},{"t":58,"s":[0]}],"ix":10},"p":{"a":1,"k":[{"i":{"x":0.694,"y":1},"o":{"x":0.167,"y":0.167},"t":8,"s":[279.765,692.004,0],"to":[-15.082,-4.271,0],"ti":[2.859,0.81,0]},{"i":{"x":0.833,"y":0.833},"o":{"x":0.296,"y":0},"t":32,"s":[172.119,661.52,0],"to":[-8.484,-2.403,0],"ti":[-29.583,-8.377,0]},{"i":{"x":0.667,"y":1},"o":{"x":0.167,"y":0.167},"t":47,"s":[226.294,661.817,0],"to":[32.974,9.338,0],"ti":[9.457,2.678,0]},{"t":58,"s":[279.765,692.004,0]}],"ix":2},"a":{"a":0,"k":[443.765,680.004,0],"ix":1},"s":{"a":0,"k":[100,100,100],"ix":6}},"ao":0,"shapes":[{"ty":"gr","it":[{"ty":"gr","it":[{"ind":0,"ty":"sh","ix":1,"ks":{"a":0,"k":{"i":[[-13.106,45.234],[9.695,5.085],[9.114,-16.747],[12.872,-20.014],[-17.063,15.257]],"o":[[0,0],[-7.447,15.679],[-24.442,44.915],[3.661,4.936],[0,0]],"v":[[42.507,-50.965],[23.458,-60.439],[2.536,-12.788],[-42.507,52.602],[6.56,45.182]],"c":true},"ix":2},"nm":"Path 1","mn":"ADBE Vector Shape - Group","hd":false},{"ty":"fl","c":{"a":0,"k":[0.059000000358,0.059000000358,0.059000000358,1],"ix":4},"o":{"a":0,"k":100,"ix":5},"r":1,"bm":0,"nm":"Fill 1","mn":"ADBE Vector Graphic - Fill","hd":false},{"ty":"tr","p":{"a":0,"k":[317.533,713.77],"ix":2},"a":{"a":0,"k":[0,0],"ix":1},"s":{"a":0,"k":[100,100],"ix":3},"r":{"a":0,"k":0,"ix":6},"o":{"a":0,"k":100,"ix":7},"sk":{"a":0,"k":0,"ix":4},"sa":{"a":0,"k":0,"ix":5},"nm":"Transform"}],"nm":"Group 1","np":2,"cix":2,"bm":0,"ix":1,"mn":"ADBE Vector Group","hd":false},{"ty":"tr","p":{"a":0,"k":[481.533,699.831],"ix":2},"a":{"a":0,"k":[317.533,711.831],"ix":1},"s":{"a":0,"k":[100,100],"ix":3},"r":{"a":0,"k":0,"ix":6},"o":{"a":0,"k":100,"ix":7},"sk":{"a":0,"k":0,"ix":4},"sa":{"a":0,"k":0,"ix":5},"nm":"Transform"}],"nm":"hips_1","np":1,"cix":2,"bm":0,"ix":1,"mn":"ADBE Vector Group","hd":false},{"ty":"gr","it":[{"ty":"gr","it":[{"ind":0,"ty":"sh","ix":1,"ks":{"a":0,"k":{"i":[[17.029,-30.485],[42.265,9.252],[-28.373,48.188],[-26.733,32.503],[-29.516,-16.488]],"o":[[-12.903,23.099],[-26.571,-5.817],[16.516,-28.052],[24.246,25.764],[-4.198,9.176]],"v":[[68.182,26.557],[-14.686,61.075],[-61.8,-0.142],[14.238,-70.328],[90.173,-21.199]],"c":true},"ix":2},"nm":"Path 1","mn":"ADBE Vector Shape - Group","hd":false},{"ty":"fl","c":{"a":0,"k":[0.118000000715,0.118000000715,0.118000000715,1],"ix":4},"o":{"a":0,"k":100,"ix":5},"r":1,"bm":0,"nm":"Fill 1","mn":"ADBE Vector Graphic - Fill","hd":false},{"ty":"tr","p":{"a":0,"k":[269.866,684.003],"ix":2},"a":{"a":0,"k":[0,0],"ix":1},"s":{"a":0,"k":[100,100],"ix":3},"r":{"a":0,"k":0,"ix":6},"o":{"a":0,"k":100,"ix":7},"sk":{"a":0,"k":0,"ix":4},"sa":{"a":0,"k":0,"ix":5},"nm":"Transform"}],"nm":"Group 1","np":2,"cix":2,"bm":0,"ix":1,"mn":"ADBE Vector Group","hd":false},{"ty":"tr","p":{"a":0,"k":[443.765,668.507],"ix":2},"a":{"a":0,"k":[279.765,680.507],"ix":1},"s":{"a":0,"k":[100,100],"ix":3},"r":{"a":0,"k":0,"ix":6},"o":{"a":0,"k":100,"ix":7},"sk":{"a":0,"k":0,"ix":4},"sa":{"a":0,"k":0,"ix":5},"nm":"Transform"}],"nm":"hips","np":1,"cix":2,"bm":0,"ix":2,"mn":"ADBE Vector Group","hd":false}],"ip":0,"op":120,"st":0,"bm":0},{"ddd":0,"ind":8,"ty":4,"nm":"body","parent":7,"sr":1,"ks":{"o":{"a":0,"k":100,"ix":11},"r":{"a":0,"k":0,"ix":10},"p":{"a":0,"k":[495.139,611.486,0],"ix":2},"a":{"a":0,"k":[495.139,611.486,0],"ix":1},"s":{"a":0,"k":[100,100,100],"ix":6}},"ao":0,"shapes":[{"ty":"gr","it":[{"ty":"gr","it":[{"ind":0,"ty":"sh","ix":1,"ks":{"a":0,"k":{"i":[[0.215,-0.487],[8.091,1.366],[10.554,6.205],[0.582,0.291],[0.669,1.634],[-4.195,-2.856],[-6.983,-1.36],[-9.26,-0.724]],"o":[[-7.205,-0.061],[-5.872,-0.991],[-0.553,-0.32],[-0.843,-1.914],[5.902,2.731],[9.93,6.76],[3.883,0.756],[-0.111,0.568]],"v":[[18.44,4.107],[5.308,9.771],[-15.487,-6.804],[-17.187,-7.719],[-18.655,-11.137],[-6.031,-3.476],[7.477,5.889],[18.591,2.924]],"c":true},"ix":2},"nm":"Path 1","mn":"ADBE Vector Shape - Group","hd":false},{"ty":"fl","c":{"a":0,"k":[0.787999987602,0.549000024796,0.458999991417,1],"ix":4},"o":{"a":0,"k":100,"ix":5},"r":1,"bm":0,"nm":"Fill 1","mn":"ADBE Vector Graphic - Fill","hd":false},{"ty":"tr","p":{"a":0,"k":[403.753,500.96],"ix":2},"a":{"a":0,"k":[0,0],"ix":1},"s":{"a":0,"k":[100,100],"ix":3},"r":{"a":0,"k":0,"ix":6},"o":{"a":0,"k":100,"ix":7},"sk":{"a":0,"k":0,"ix":4},"sa":{"a":0,"k":0,"ix":5},"nm":"Transform"}],"nm":"Group 1","np":2,"cix":2,"bm":0,"ix":1,"mn":"ADBE Vector Group","hd":false},{"ty":"tr","p":{"a":0,"k":[567.721,488.364],"ix":2},"a":{"a":0,"k":[403.721,500.364],"ix":1},"s":{"a":0,"k":[100,100],"ix":3},"r":{"a":0,"k":0,"ix":6},"o":{"a":0,"k":100,"ix":7},"sk":{"a":0,"k":0,"ix":4},"sa":{"a":0,"k":0,"ix":5},"nm":"Transform"}],"nm":"body_shadow","np":1,"cix":2,"bm":0,"ix":1,"mn":"ADBE Vector Group","hd":false},{"ty":"gr","it":[{"ty":"gr","it":[{"ind":0,"ty":"sh","ix":1,"ks":{"a":0,"k":{"i":[[3.326,0.484],[4.874,11.062],[0.045,0.105],[0.668,1.634],[0,0],[-8.39,-18.547],[0.418,-2.081],[0.215,-0.487]],"o":[[-9.842,-1.431],[-0.054,-0.109],[-0.843,-1.914],[-4.603,-11.322],[4.923,-0.549],[1.457,3.196],[-0.111,0.568],[-2.088,4.824]],"v":[[8.913,20.113],[-14.109,1.388],[-14.255,1.055],[-16.514,-4.273],[-21.79,-20.048],[20.025,5.016],[21.371,12.881],[20.878,14.461]],"c":true},"ix":2},"nm":"Path 1","mn":"ADBE Vector Shape - Group","hd":false},{"ty":"fl","c":{"a":0,"k":[0.847000002861,0.60799998045,0.501999974251,1],"ix":4},"o":{"a":0,"k":100,"ix":5},"r":1,"bm":0,"nm":"Fill 1","mn":"ADBE Vector Graphic - Fill","hd":false},{"ty":"tr","p":{"a":0,"k":[400.821,492.186],"ix":2},"a":{"a":0,"k":[0,0],"ix":1},"s":{"a":0,"k":[100,100],"ix":3},"r":{"a":0,"k":0,"ix":6},"o":{"a":0,"k":100,"ix":7},"sk":{"a":0,"k":0,"ix":4},"sa":{"a":0,"k":0,"ix":5},"nm":"Transform"}],"nm":"Group 1","np":2,"cix":2,"bm":0,"ix":1,"mn":"ADBE Vector Group","hd":false},{"ty":"tr","p":{"a":0,"k":[564.698,480.251],"ix":2},"a":{"a":0,"k":[400.698,492.251],"ix":1},"s":{"a":0,"k":[100,100],"ix":3},"r":{"a":0,"k":0,"ix":6},"o":{"a":0,"k":100,"ix":7},"sk":{"a":0,"k":0,"ix":4},"sa":{"a":0,"k":0,"ix":5},"nm":"Transform"}],"nm":"body_skin","np":1,"cix":2,"bm":0,"ix":2,"mn":"ADBE Vector Group","hd":false},{"ty":"gr","it":[{"ty":"gr","it":[{"ind":0,"ty":"sh","ix":1,"ks":{"a":0,"k":{"i":[[-0.266,1.469],[-1.47,-0.266],[0.266,-1.469],[1.468,0.266]],"o":[[0.267,-1.469],[1.468,0.266],[-0.265,1.47],[-1.47,-0.266]],"v":[[-2.66,-0.482],[0.482,-2.66],[2.66,0.482],[-0.48,2.661]],"c":true},"ix":2},"nm":"Path 1","mn":"ADBE Vector Shape - Group","hd":false},{"ty":"fl","c":{"a":0,"k":[0.43900001049,0.118000000715,0.234999999404,1],"ix":4},"o":{"a":0,"k":100,"ix":5},"r":1,"bm":0,"nm":"Fill 1","mn":"ADBE Vector Graphic - Fill","hd":false},{"ty":"tr","p":{"a":0,"k":[409.508,514.892],"ix":2},"a":{"a":0,"k":[0,0],"ix":1},"s":{"a":0,"k":[100,100],"ix":3},"r":{"a":0,"k":0,"ix":6},"o":{"a":0,"k":100,"ix":7},"sk":{"a":0,"k":0,"ix":4},"sa":{"a":0,"k":0,"ix":5},"nm":"Transform"}],"nm":"Group 1","np":2,"cix":2,"bm":0,"ix":1,"mn":"ADBE Vector Group","hd":false},{"ty":"gr","it":[{"ind":0,"ty":"sh","ix":1,"ks":{"a":0,"k":{"i":[[-8.758,-4.431],[0,0]],"o":[[5.595,2.83],[0,0]],"v":[[1.582,6.026],[2.663,-8.856]],"c":true},"ix":2},"nm":"Path 1","mn":"ADBE Vector Shape - Group","hd":false},{"ty":"fl","c":{"a":0,"k":[0.43900001049,0.118000000715,0.234999999404,1],"ix":4},"o":{"a":0,"k":100,"ix":5},"r":1,"bm":0,"nm":"Fill 1","mn":"ADBE Vector Graphic - Fill","hd":false},{"ty":"tr","p":{"a":0,"k":[406.66,524.016],"ix":2},"a":{"a":0,"k":[0,0],"ix":1},"s":{"a":0,"k":[100,100],"ix":3},"r":{"a":0,"k":0,"ix":6},"o":{"a":0,"k":100,"ix":7},"sk":{"a":0,"k":0,"ix":4},"sa":{"a":0,"k":0,"ix":5},"nm":"Transform"}],"nm":"Group 2","np":2,"cix":2,"bm":0,"ix":2,"mn":"ADBE Vector Group","hd":false},{"ty":"gr","it":[{"ind":0,"ty":"sh","ix":1,"ks":{"a":0,"k":{"i":[[0,0],[0,0],[11.922,14.726]],"o":[[3.447,21.363],[0,0],[-5.006,-6.182]],"v":[[-17.493,-14.301],[19.124,13.134],[-14.118,-0.425]],"c":true},"ix":2},"nm":"Path 1","mn":"ADBE Vector Shape - Group","hd":false},{"ty":"fl","c":{"a":0,"k":[0.43900001049,0.118000000715,0.234999999404,1],"ix":4},"o":{"a":0,"k":100,"ix":5},"r":1,"bm":0,"nm":"Fill 1","mn":"ADBE Vector Graphic - Fill","hd":false},{"ty":"tr","p":{"a":0,"k":[354.766,568.484],"ix":2},"a":{"a":0,"k":[0,0],"ix":1},"s":{"a":0,"k":[100,100],"ix":3},"r":{"a":0,"k":0,"ix":6},"o":{"a":0,"k":100,"ix":7},"sk":{"a":0,"k":0,"ix":4},"sa":{"a":0,"k":0,"ix":5},"nm":"Transform"}],"nm":"Group 3","np":2,"cix":2,"bm":0,"ix":3,"mn":"ADBE Vector Group","hd":false},{"ty":"gr","it":[{"ind":0,"ty":"sh","ix":1,"ks":{"a":0,"k":{"i":[[0,0],[-6.715,6.761],[0,0],[-2.759,11.567],[0.402,7.49],[-3.125,11.869],[0,0],[-0.556,-10.36],[1.226,-5.136],[13.063,-8.425],[0.004,-2.113]],"o":[[-0.984,-3.732],[0,0],[12.528,-8.061],[1.124,-4.712],[-0.568,-10.579],[0,0],[-3.007,11.414],[0.414,7.721],[-2.932,12.296],[-7.688,7.755],[0,0]],"v":[[-20.39,50.354],[-3.543,27.961],[-3.29,27.757],[16.183,2.756],[16.558,-15.913],[18.471,-50.353],[21.374,-49.589],[19.554,-16.073],[19.101,3.453],[-1.53,30.191],[-17.474,49.679]],"c":true},"ix":2},"nm":"Path 1","mn":"ADBE Vector Shape - Group","hd":false},{"ty":"fl","c":{"a":0,"k":[0.43900001049,0.118000000715,0.234999999404,1],"ix":4},"o":{"a":0,"k":100,"ix":5},"r":1,"bm":0,"nm":"Fill 1","mn":"ADBE Vector Graphic - Fill","hd":false},{"ty":"tr","p":{"a":0,"k":[389.806,562.272],"ix":2},"a":{"a":0,"k":[0,0],"ix":1},"s":{"a":0,"k":[100,100],"ix":3},"r":{"a":0,"k":0,"ix":6},"o":{"a":0,"k":100,"ix":7},"sk":{"a":0,"k":0,"ix":4},"sa":{"a":0,"k":0,"ix":5},"nm":"Transform"}],"nm":"Group 4","np":2,"cix":2,"bm":0,"ix":4,"mn":"ADBE Vector Group","hd":false},{"ty":"gr","it":[{"ind":0,"ty":"sh","ix":1,"ks":{"a":0,"k":{"i":[[-12.407,-2.633],[2.64,-4.144],[0.085,-0.136],[0.07,-0.11],[0.02,-0.035],[23.128,12.395],[0.736,0.406],[0.251,0.145],[0.594,0.33],[0.88,0.518],[9.203,6.941],[0,0],[0.031,0.028],[-0.969,4.813],[-0.031,-0.029]],"o":[[-2.565,3.538],[-0.113,0.167],[-0.084,0.137],[-0.024,0.044],[-2.167,-0.527],[-0.679,-0.363],[-0.238,-0.127],[-0.56,-0.312],[-0.85,-0.489],[-11.708,-6.841],[0,0],[-0.036,-0.019],[1.93,-5.886],[0.03,0.027],[22.486,21.046]],"v":[[42.288,16.947],[34.349,28.587],[34.067,29.026],[33.838,29.391],[33.767,29.501],[0.598,14.017],[-1.517,12.861],[-2.252,12.456],[-3.987,11.48],[-6.584,9.975],[-42.183,-13.447],[-42.191,-13.451],[-42.288,-13.526],[-38.037,-29.502],[-37.937,-29.414]],"c":true},"ix":2},"nm":"Path 1","mn":"ADBE Vector Shape - Group","hd":false},{"ty":"fl","c":{"a":0,"k":[0.43900001049,0.118000000715,0.234999999404,1],"ix":4},"o":{"a":0,"k":100,"ix":5},"r":1,"bm":0,"nm":"Fill 1","mn":"ADBE Vector Graphic - Fill","hd":false},{"ty":"tr","p":{"a":0,"k":[346.823,595.142],"ix":2},"a":{"a":0,"k":[0,0],"ix":1},"s":{"a":0,"k":[100,100],"ix":3},"r":{"a":0,"k":0,"ix":6},"o":{"a":0,"k":100,"ix":7},"sk":{"a":0,"k":0,"ix":4},"sa":{"a":0,"k":0,"ix":5},"nm":"Transform"}],"nm":"Group 5","np":2,"cix":2,"bm":0,"ix":5,"mn":"ADBE Vector Group","hd":false},{"ty":"tr","p":{"a":0,"k":[522.374,556.281],"ix":2},"a":{"a":0,"k":[358.374,568.281],"ix":1},"s":{"a":0,"k":[100,100],"ix":3},"r":{"a":0,"k":0,"ix":6},"o":{"a":0,"k":100,"ix":7},"sk":{"a":0,"k":0,"ix":4},"sa":{"a":0,"k":0,"ix":5},"nm":"Transform"}],"nm":"shirt_shadow","np":5,"cix":2,"bm":0,"ix":3,"mn":"ADBE Vector Group","hd":false},{"ty":"gr","it":[{"ty":"gr","it":[{"ind":0,"ty":"sh","ix":1,"ks":{"a":0,"k":{"i":[[-3.497,11.683],[-8.866,28.258],[0,0],[13.129,6.814],[0,0],[10.977,-22.008],[4.727,-23.147],[0.023,-0.125],[1.906,-5.734],[-11.681,-6.884],[-0.848,-0.492],[-0.559,-0.313],[-0.237,-0.129],[-0.677,-0.367],[-2.166,-0.534],[-0.023,0.044],[-0.085,0.137],[-0.113,0.167],[-2.578,3.528],[-0.671,0.236]],"o":[[3.296,-10.996],[5.43,-17.308],[-6.814,-0.012],[-15.871,-8.239],[-17.827,-0.538],[-9.674,19.399],[-0.017,0.117],[-0.978,4.712],[9.177,6.974],[0.878,0.521],[0.593,0.333],[0.25,0.147],[0.734,0.408],[23.082,12.479],[0.018,-0.035],[0.071,-0.11],[0.085,-0.135],[2.656,-4.134],[6.383,-8.736],[12.206,-4.272]],"v":[[52.337,23.451],[61.387,-21.908],[47.32,-53.124],[29.298,-54.274],[7.925,-75.991],[-48.345,-49.591],[-62.513,17.351],[-62.583,17.712],[-66.817,33.304],[-31.306,56.856],[-28.714,58.371],[-26.982,59.352],[-26.249,59.762],[-24.138,60.924],[8.975,76.529],[9.045,76.42],[9.276,76.055],[9.559,75.617],[17.541,64.008],[30.045,49.1]],"c":true},"ix":2},"nm":"Path 1","mn":"ADBE Vector Shape - Group","hd":false},{"ty":"fl","c":{"a":0,"k":[0.518000006676,0.144999995828,0.263000011444,1],"ix":4},"o":{"a":0,"k":100,"ix":5},"r":1,"bm":0,"nm":"Fill 1","mn":"ADBE Vector Graphic - Fill","hd":false},{"ty":"tr","p":{"a":0,"k":[371.544,548.158],"ix":2},"a":{"a":0,"k":[0,0],"ix":1},"s":{"a":0,"k":[100,100],"ix":3},"r":{"a":0,"k":0,"ix":6},"o":{"a":0,"k":100,"ix":7},"sk":{"a":0,"k":0,"ix":4},"sa":{"a":0,"k":0,"ix":5},"nm":"Transform"}],"nm":"Group 1","np":2,"cix":2,"bm":0,"ix":1,"mn":"ADBE Vector Group","hd":false},{"ty":"tr","p":{"a":0,"k":[533.307,536.408],"ix":2},"a":{"a":0,"k":[369.307,548.408],"ix":1},"s":{"a":0,"k":[100,100],"ix":3},"r":{"a":0,"k":0,"ix":6},"o":{"a":0,"k":100,"ix":7},"sk":{"a":0,"k":0,"ix":4},"sa":{"a":0,"k":0,"ix":5},"nm":"Transform"}],"nm":"shirt","np":1,"cix":2,"bm":0,"ix":4,"mn":"ADBE Vector Group","hd":false},{"ty":"gr","it":[{"ty":"gr","it":[{"ind":0,"ty":"sh","ix":1,"ks":{"a":0,"k":{"i":[[11.997,-21.478],[-18.627,-10.405],[0,0],[0,0],[0,0],[0,0]],"o":[[0,0],[20.778,11.606],[14.18,-26.284],[0,0],[0,0],[-3.884,10.158]],"v":[[-49.054,2.877],[-19.501,31.219],[23.478,46.3],[49.054,8.203],[23.62,-28.906],[-29.906,-46.3]],"c":true},"ix":2},"nm":"Path 1","mn":"ADBE Vector Shape - Group","hd":false},{"ty":"fl","c":{"a":0,"k":[0.847000002861,0.60799998045,0.501999974251,1],"ix":4},"o":{"a":0,"k":100,"ix":5},"r":1,"bm":0,"nm":"Fill 1","mn":"ADBE Vector Graphic - Fill","hd":false},{"ty":"tr","p":{"a":0,"k":[345.929,595.357],"ix":2},"a":{"a":0,"k":[0,0],"ix":1},"s":{"a":0,"k":[100,100],"ix":3},"r":{"a":0,"k":0,"ix":6},"o":{"a":0,"k":100,"ix":7},"sk":{"a":0,"k":0,"ix":4},"sa":{"a":0,"k":0,"ix":5},"nm":"Transform"}],"nm":"Group 1","np":2,"cix":2,"bm":0,"ix":1,"mn":"ADBE Vector Group","hd":false},{"ty":"gr","it":[{"ind":0,"ty":"sh","ix":1,"ks":{"a":0,"k":{"i":[[-11.413,20.432],[20.432,11.413],[11.413,-20.432],[-20.432,-11.413]],"o":[[11.413,-20.432],[-20.432,-11.413],[-11.413,20.431],[20.431,11.413]],"v":[[37.057,19.95],[20.603,-36.995],[-37.057,-20.665],[-20.727,36.995]],"c":true},"ix":2},"nm":"Path 1","mn":"ADBE Vector Shape - Group","hd":false},{"ty":"fl","c":{"a":0,"k":[0.847000002861,0.60799998045,0.501999974251,1],"ix":4},"o":{"a":0,"k":100,"ix":5},"r":1,"bm":0,"nm":"Fill 1","mn":"ADBE Vector Graphic - Fill","hd":false},{"ty":"tr","p":{"a":0,"k":[331.838,622.649],"ix":2},"a":{"a":0,"k":[0,0],"ix":1},"s":{"a":0,"k":[100,100],"ix":3},"r":{"a":0,"k":0,"ix":6},"o":{"a":0,"k":100,"ix":7},"sk":{"a":0,"k":0,"ix":4},"sa":{"a":0,"k":0,"ix":5},"nm":"Transform"}],"nm":"Group 2","np":2,"cix":2,"bm":0,"ix":2,"mn":"ADBE Vector Group","hd":false},{"ty":"tr","p":{"a":0,"k":[506.188,594.96],"ix":2},"a":{"a":0,"k":[342.188,606.96],"ix":1},"s":{"a":0,"k":[100,100],"ix":3},"r":{"a":0,"k":0,"ix":6},"o":{"a":0,"k":100,"ix":7},"sk":{"a":0,"k":0,"ix":4},"sa":{"a":0,"k":0,"ix":5},"nm":"Transform"}],"nm":"body_skin 2","np":2,"cix":2,"bm":0,"ix":5,"mn":"ADBE Vector Group","hd":false}],"ip":0,"op":120,"st":0,"bm":0},{"ddd":0,"ind":9,"ty":4,"nm":"head","parent":10,"sr":1,"ks":{"o":{"a":0,"k":100,"ix":11},"r":{"a":0,"k":0,"ix":10},"p":{"a":0,"k":[570.466,376.97,0],"ix":2},"a":{"a":0,"k":[570.466,376.97,0],"ix":1},"s":{"a":0,"k":[100,100,100],"ix":6}},"ao":0,"shapes":[{"ty":"gr","it":[{"ty":"gr","it":[{"ind":0,"ty":"sh","ix":1,"ks":{"a":0,"k":{"i":[[0.262,0.058],[-2.236,-0.79],[-0.996,-0.257],[-0.24,0.574],[0.903,0.127]],"o":[[0.192,0.141],[1.08,0.387],[0.28,-0.56],[-0.713,0.055],[-2.182,-0.315]],"v":[[-4.075,-1.482],[-0.036,0.544],[3.299,1.482],[4.075,-0.219],[1.636,-0.32]],"c":true},"ix":2},"nm":"Path 1","mn":"ADBE Vector Shape - Group","hd":false},{"ty":"fl","c":{"a":0,"k":[0.787999987602,0.549000024796,0.458999991417,1],"ix":4},"o":{"a":0,"k":100,"ix":5},"r":1,"bm":0,"nm":"Fill 1","mn":"ADBE Vector Graphic - Fill","hd":false},{"ty":"tr","p":{"a":0,"k":[448.834,448.682],"ix":2},"a":{"a":0,"k":[0,0],"ix":1},"s":{"a":0,"k":[100,100],"ix":3},"r":{"a":0,"k":0,"ix":6},"o":{"a":0,"k":100,"ix":7},"sk":{"a":0,"k":0,"ix":4},"sa":{"a":0,"k":0,"ix":5},"nm":"Transform"}],"nm":"Group 1","np":2,"cix":2,"bm":0,"ix":1,"mn":"ADBE Vector Group","hd":false},{"ty":"gr","it":[{"ind":0,"ty":"sh","ix":1,"ks":{"a":0,"k":{"i":[[-0.357,4.241],[-0.848,3.707],[0.437,-5.121],[0.401,-2.842],[0.661,-0.512],[5.26,1.179],[-0.26,-0.438],[-2.083,-1.152],[-0.701,-1.046],[0.392,-0.141],[6.066,-0.952],[-3.462,-0.859],[-0.971,0.05],[-0.6,2.414],[-0.076,0.332],[-0.342,2.485]],"o":[[0.533,-6.337],[-1.675,0.467],[-0.603,7.093],[-0.093,0.67],[-1.367,0.781],[-1.565,-0.355],[1.051,1.723],[1.699,0.929],[1.433,2.134],[-3.629,1.306],[-0.508,0.082],[1.027,0.255],[0.615,-2.013],[0.073,-0.288],[0.615,-2.204],[0.532,-3.854]],"v":[[8.402,-8.558],[10.544,-20.558],[4.431,-14.147],[7.12,4.999],[6.178,6.985],[-3.251,6.522],[-5.245,7.593],[-0.536,10.824],[4.004,12.169],[4.323,17.296],[-10.035,17.299],[0.828,19.981],[3.642,20.508],[5.227,14.861],[5.451,13.922],[6.962,6.905]],"c":true},"ix":2},"nm":"Path 1","mn":"ADBE Vector Shape - Group","hd":false},{"ty":"fl","c":{"a":0,"k":[0.787999987602,0.549000024796,0.458999991417,1],"ix":4},"o":{"a":0,"k":100,"ix":5},"r":1,"bm":0,"nm":"Fill 1","mn":"ADBE Vector Graphic - Fill","hd":false},{"ty":"tr","p":{"a":0,"k":[450.663,423.662],"ix":2},"a":{"a":0,"k":[0,0],"ix":1},"s":{"a":0,"k":[100,100],"ix":3},"r":{"a":0,"k":0,"ix":6},"o":{"a":0,"k":100,"ix":7},"sk":{"a":0,"k":0,"ix":4},"sa":{"a":0,"k":0,"ix":5},"nm":"Transform"}],"nm":"Group 2","np":2,"cix":2,"bm":0,"ix":2,"mn":"ADBE Vector Group","hd":false},{"ty":"gr","it":[{"ind":0,"ty":"sh","ix":1,"ks":{"a":0,"k":{"i":[[-2.2,0.005],[1.573,4.347],[3.286,2.195],[-3.238,-9.362]],"o":[[2.784,-0.007],[-0.906,-2.505],[-4.596,-3.069],[1.773,5.125]],"v":[[1.419,6.137],[1.374,-1.265],[2.997,-8.847],[-3.046,6.791]],"c":true},"ix":2},"nm":"Path 1","mn":"ADBE Vector Shape - Group","hd":false},{"ty":"fl","c":{"a":0,"k":[0.804000020027,0.56099998951,0.458999991417,1],"ix":4},"o":{"a":0,"k":100,"ix":5},"r":1,"bm":0,"nm":"Fill 1","mn":"ADBE Vector Graphic - Fill","hd":false},{"ty":"tr","p":{"a":0,"k":[392.259,406.411],"ix":2},"a":{"a":0,"k":[0,0],"ix":1},"s":{"a":0,"k":[100,100],"ix":3},"r":{"a":0,"k":0,"ix":6},"o":{"a":0,"k":100,"ix":7},"sk":{"a":0,"k":0,"ix":4},"sa":{"a":0,"k":0,"ix":5},"nm":"Transform"}],"nm":"Group 3","np":2,"cix":2,"bm":0,"ix":3,"mn":"ADBE Vector Group","hd":false},{"ty":"tr","p":{"a":0,"k":[588.673,411.567],"ix":2},"a":{"a":0,"k":[424.673,423.567],"ix":1},"s":{"a":0,"k":[100,100],"ix":3},"r":{"a":0,"k":0,"ix":6},"o":{"a":0,"k":100,"ix":7},"sk":{"a":0,"k":0,"ix":4},"sa":{"a":0,"k":0,"ix":5},"nm":"Transform"}],"nm":"head_shadow","np":3,"cix":2,"bm":0,"ix":1,"mn":"ADBE Vector Group","hd":false},{"ty":"gr","it":[{"ty":"gr","it":[{"ind":0,"ty":"sh","ix":1,"ks":{"a":0,"k":{"i":[[-1.052,0.221],[1.515,-0.098],[2.67,3.64],[0.1,0.18],[0.075,0.128],[0.082,0.158],[0.016,0.041],[0.482,3.334],[0.028,0.282],[0.027,0.292],[-0.629,3.019],[-2.91,0.35],[0.773,-14.114]],"o":[[-1.511,0.578],[-5.291,0.341],[-0.12,-0.173],[-0.075,-0.128],[-0.103,-0.151],[-0.036,-0.044],[-1.56,-2.777],[-0.058,-0.285],[-0.037,-0.293],[-0.131,-1.669],[3.541,-10.385],[-2.405,0.646],[-0.933,16.878]],"v":[[10.982,17.744],[6.416,18.736],[-6.523,13.092],[-6.864,12.577],[-7.099,12.191],[-7.375,11.722],[-7.45,11.584],[-10.637,2.006],[-10.76,1.155],[-10.851,0.277],[-10.305,-7.135],[6.148,-19.077],[-4.066,-1.212]],"c":true},"ix":2},"nm":"Path 1","mn":"ADBE Vector Shape - Group","hd":false},{"ty":"fl","c":{"a":0,"k":[0.20000000298,0.11400000006,0.105999998748,1],"ix":4},"o":{"a":0,"k":100,"ix":5},"r":1,"bm":0,"nm":"Fill 1","mn":"ADBE Vector Graphic - Fill","hd":false},{"ty":"tr","p":{"a":0,"k":[357.184,347.598],"ix":2},"a":{"a":0,"k":[0,0],"ix":1},"s":{"a":0,"k":[100,100],"ix":3},"r":{"a":0,"k":0,"ix":6},"o":{"a":0,"k":100,"ix":7},"sk":{"a":0,"k":0,"ix":4},"sa":{"a":0,"k":0,"ix":5},"nm":"Transform"}],"nm":"Group 1","np":2,"cix":2,"bm":0,"ix":1,"mn":"ADBE Vector Group","hd":false},{"ty":"gr","it":[{"ind":0,"ty":"sh","ix":1,"ks":{"a":0,"k":{"i":[[0.072,0.068],[0.505,-0.142]],"o":[[0,0],[0.577,-0.064]],"v":[[0.368,-0.084],[-0.439,0.084]],"c":true},"ix":2},"nm":"Path 1","mn":"ADBE Vector Shape - Group","hd":false},{"ty":"fl","c":{"a":0,"k":[0.20000000298,0.11400000006,0.105999998748,1],"ix":4},"o":{"a":0,"k":100,"ix":5},"r":1,"bm":0,"nm":"Fill 1","mn":"ADBE Vector Graphic - Fill","hd":false},{"ty":"tr","p":{"a":0,"k":[363.77,328.437],"ix":2},"a":{"a":0,"k":[0,0],"ix":1},"s":{"a":0,"k":[100,100],"ix":3},"r":{"a":0,"k":0,"ix":6},"o":{"a":0,"k":100,"ix":7},"sk":{"a":0,"k":0,"ix":4},"sa":{"a":0,"k":0,"ix":5},"nm":"Transform"}],"nm":"Group 2","np":2,"cix":2,"bm":0,"ix":2,"mn":"ADBE Vector Group","hd":false},{"ty":"gr","it":[{"ind":0,"ty":"sh","ix":1,"ks":{"a":0,"k":{"i":[[0,0],[0,0],[-5.668,-9.642]],"o":[[-14.563,-3.002],[0,0],[5.668,9.643]],"v":[[11.833,9.94],[-1.993,-10.848],[-6.164,1.204]],"c":true},"ix":2},"nm":"Path 1","mn":"ADBE Vector Shape - Group","hd":false},{"ty":"fl","c":{"a":0,"k":[0.20000000298,0.11400000006,0.105999998748,1],"ix":4},"o":{"a":0,"k":100,"ix":5},"r":1,"bm":0,"nm":"Fill 1","mn":"ADBE Vector Graphic - Fill","hd":false},{"ty":"tr","p":{"a":0,"k":[386.49,329.676],"ix":2},"a":{"a":0,"k":[0,0],"ix":1},"s":{"a":0,"k":[100,100],"ix":3},"r":{"a":0,"k":0,"ix":6},"o":{"a":0,"k":100,"ix":7},"sk":{"a":0,"k":0,"ix":4},"sa":{"a":0,"k":0,"ix":5},"nm":"Transform"}],"nm":"Group 3","np":2,"cix":2,"bm":0,"ix":3,"mn":"ADBE Vector Group","hd":false},{"ty":"gr","it":[{"ind":0,"ty":"sh","ix":1,"ks":{"a":0,"k":{"i":[[-10.451,-4.276],[1.444,-0.964],[0.424,0.128],[0,0]],"o":[[-1.025,0.522],[-0.387,-0.103],[-14.027,-4.11],[0,0]],"v":[[9.448,8.343],[5.785,10.522],[4.578,10.176],[-0.546,-10.522]],"c":true},"ix":2},"nm":"Path 1","mn":"ADBE Vector Shape - Group","hd":false},{"ty":"fl","c":{"a":0,"k":[0.20000000298,0.11400000006,0.105999998748,1],"ix":4},"o":{"a":0,"k":100,"ix":5},"r":1,"bm":0,"nm":"Fill 1","mn":"ADBE Vector Graphic - Fill","hd":false},{"ty":"tr","p":{"a":0,"k":[368.617,347.759],"ix":2},"a":{"a":0,"k":[0,0],"ix":1},"s":{"a":0,"k":[100,100],"ix":3},"r":{"a":0,"k":0,"ix":6},"o":{"a":0,"k":100,"ix":7},"sk":{"a":0,"k":0,"ix":4},"sa":{"a":0,"k":0,"ix":5},"nm":"Transform"}],"nm":"Group 4","np":2,"cix":2,"bm":0,"ix":4,"mn":"ADBE Vector Group","hd":false},{"ty":"gr","it":[{"ind":0,"ty":"sh","ix":1,"ks":{"a":0,"k":{"i":[[2.977,-2.366],[1.344,-2.21],[4.284,-2.199],[1.444,-0.963],[1.456,-1.152],[1.173,-0.337],[0.01,0.001],[1.11,-0.483],[2.67,3.64],[0.099,0.181],[0.075,0.128],[0.082,0.158],[0.015,0.041],[0.507,3.207],[0.028,0.282],[0.028,0.292],[-0.629,3.019],[-12.725,0.331],[-10.036,4.78],[-4.821,-4.978],[-1.341,-3.231]],"o":[[-8.965,7.123],[-2.982,4.877],[-1.026,0.522],[-1.122,0.761],[-1.314,1.047],[-0.011,0.008],[-1.854,0.538],[-5.291,0.341],[-0.12,-0.173],[-0.076,-0.127],[-0.102,-0.151],[-0.035,-0.044],[-1.468,-2.986],[-0.057,-0.285],[-0.037,-0.293],[-0.131,-1.669],[1.445,-7.073],[7.236,-0.192],[4.044,-1.927],[2.438,2.516],[3.393,8.185]],"v":[[25.829,-1.999],[15.76,7.77],[1.923,16.119],[-1.74,18.297],[-4.19,23.414],[-7.947,25.353],[-7.977,25.359],[-12.543,26.35],[-25.482,20.707],[-25.822,20.19],[-26.059,19.805],[-26.335,19.336],[-26.408,19.198],[-29.596,9.62],[-29.719,8.769],[-29.81,7.892],[-29.264,0.479],[-10.49,-15.605],[0.126,-23.071],[16.785,-21.713],[26.548,-13.618]],"c":true},"ix":2},"nm":"Path 1","mn":"ADBE Vector Shape - Group","hd":false},{"ty":"fl","c":{"a":0,"k":[0.238999992609,0.144999995828,0.133000001311,1],"ix":4},"o":{"a":0,"k":100,"ix":5},"r":1,"bm":0,"nm":"Fill 1","mn":"ADBE Vector Graphic - Fill","hd":false},{"ty":"tr","p":{"a":0,"k":[376.143,339.983],"ix":2},"a":{"a":0,"k":[0,0],"ix":1},"s":{"a":0,"k":[100,100],"ix":3},"r":{"a":0,"k":0,"ix":6},"o":{"a":0,"k":100,"ix":7},"sk":{"a":0,"k":0,"ix":4},"sa":{"a":0,"k":0,"ix":5},"nm":"Transform"}],"nm":"Group 5","np":2,"cix":2,"bm":0,"ix":5,"mn":"ADBE Vector Group","hd":false},{"ty":"gr","it":[{"ind":0,"ty":"sh","ix":1,"ks":{"a":0,"k":{"i":[[3.051,-4.699],[0,0],[0.081,0.248],[-0.044,-0.045]],"o":[[0,0],[5.303,-8.988],[-0.222,-0.603],[10.214,6.603]],"v":[[-3.442,9.719],[-2.887,7.116],[-4.137,-5.896],[-5.085,-9.674]],"c":true},"ix":2},"nm":"Path 1","mn":"ADBE Vector Shape - Group","hd":false},{"ty":"fl","c":{"a":0,"k":[0.266999989748,0.172999992967,0.144999995828,1],"ix":4},"o":{"a":0,"k":100,"ix":5},"r":1,"bm":0,"nm":"Fill 1","mn":"ADBE Vector Graphic - Fill","hd":false},{"ty":"tr","p":{"a":0,"k":[465.847,388.955],"ix":2},"a":{"a":0,"k":[0,0],"ix":1},"s":{"a":0,"k":[100,100],"ix":3},"r":{"a":0,"k":0,"ix":6},"o":{"a":0,"k":100,"ix":7},"sk":{"a":0,"k":0,"ix":4},"sa":{"a":0,"k":0,"ix":5},"nm":"Transform"}],"nm":"Group 6","np":2,"cix":2,"bm":0,"ix":6,"mn":"ADBE Vector Group","hd":false},{"ty":"gr","it":[{"ind":0,"ty":"sh","ix":1,"ks":{"a":0,"k":{"i":[[-1.098,-2.669],[-13.985,4.331],[0.331,-0.091]],"o":[[0.106,-0.721],[-0.412,-0.592],[-13.281,3.622]],"v":[[-3.329,11.646],[8.187,-11.054],[5.094,-11.148]],"c":true},"ix":2},"nm":"Path 1","mn":"ADBE Vector Shape - Group","hd":false},{"ty":"fl","c":{"a":0,"k":[0.266999989748,0.172999992967,0.144999995828,1],"ix":4},"o":{"a":0,"k":100,"ix":5},"r":1,"bm":0,"nm":"Fill 1","mn":"ADBE Vector Graphic - Fill","hd":false},{"ty":"tr","p":{"a":0,"k":[430.908,392.723],"ix":2},"a":{"a":0,"k":[0,0],"ix":1},"s":{"a":0,"k":[100,100],"ix":3},"r":{"a":0,"k":0,"ix":6},"o":{"a":0,"k":100,"ix":7},"sk":{"a":0,"k":0,"ix":4},"sa":{"a":0,"k":0,"ix":5},"nm":"Transform"}],"nm":"Group 7","np":2,"cix":2,"bm":0,"ix":7,"mn":"ADBE Vector Group","hd":false},{"ty":"gr","it":[{"ind":0,"ty":"sh","ix":1,"ks":{"a":0,"k":{"i":[[0,0],[1.23,-7.223],[-2.426,-9.385],[-12.702,5.069],[-3.757,5.647]],"o":[[-15.344,-0.536],[-1.564,9.173],[0.329,-3.893],[11.048,-4.408],[3.758,-5.646]],"v":[[16.768,-17.567],[-1.098,0.166],[-14.343,18.102],[-2.023,9.628],[7.73,-8.989]],"c":true},"ix":2},"nm":"Path 1","mn":"ADBE Vector Shape - Group","hd":false},{"ty":"fl","c":{"a":0,"k":[0.226999998093,0.133000001311,0.118000000715,1],"ix":4},"o":{"a":0,"k":100,"ix":5},"r":1,"bm":0,"nm":"Fill 1","mn":"ADBE Vector Graphic - Fill","hd":false},{"ty":"tr","p":{"a":0,"k":[407.168,404.613],"ix":2},"a":{"a":0,"k":[0,0],"ix":1},"s":{"a":0,"k":[100,100],"ix":3},"r":{"a":0,"k":0,"ix":6},"o":{"a":0,"k":100,"ix":7},"sk":{"a":0,"k":0,"ix":4},"sa":{"a":0,"k":0,"ix":5},"nm":"Transform"}],"nm":"Group 8","np":2,"cix":2,"bm":0,"ix":8,"mn":"ADBE Vector Group","hd":false},{"ty":"gr","it":[{"ind":0,"ty":"sh","ix":1,"ks":{"a":0,"k":{"i":[[0,0],[10.232,2.178],[-5.805,-8.917]],"o":[[-13.488,-1.551],[0,0],[5.807,8.917]],"v":[[13.225,11.542],[-13.224,-11.542],[-0.253,-2.25]],"c":true},"ix":2},"nm":"Path 1","mn":"ADBE Vector Shape - Group","hd":false},{"ty":"fl","c":{"a":0,"k":[0.226999998093,0.133000001311,0.118000000715,1],"ix":4},"o":{"a":0,"k":100,"ix":5},"r":1,"bm":0,"nm":"Fill 1","mn":"ADBE Vector Graphic - Fill","hd":false},{"ty":"tr","p":{"a":0,"k":[428.945,369.812],"ix":2},"a":{"a":0,"k":[0,0],"ix":1},"s":{"a":0,"k":[100,100],"ix":3},"r":{"a":0,"k":0,"ix":6},"o":{"a":0,"k":100,"ix":7},"sk":{"a":0,"k":0,"ix":4},"sa":{"a":0,"k":0,"ix":5},"nm":"Transform"}],"nm":"Group 9","np":2,"cix":2,"bm":0,"ix":9,"mn":"ADBE Vector Group","hd":false},{"ty":"gr","it":[{"ind":0,"ty":"sh","ix":1,"ks":{"a":0,"k":{"i":[[0,0],[6.547,0.374],[0,0],[-8.76,-0.406]],"o":[[-0.477,-7.019],[0,0],[0,0],[8.761,0.407]],"v":[[9.033,6.073],[0.073,-5.699],[-6.474,-6.073],[-0.273,-2.626]],"c":true},"ix":2},"nm":"Path 1","mn":"ADBE Vector Shape - Group","hd":false},{"ty":"fl","c":{"a":0,"k":[0.226999998093,0.133000001311,0.118000000715,1],"ix":4},"o":{"a":0,"k":100,"ix":5},"r":1,"bm":0,"nm":"Fill 1","mn":"ADBE Vector Graphic - Fill","hd":false},{"ty":"tr","p":{"a":0,"k":[397.198,355.34],"ix":2},"a":{"a":0,"k":[0,0],"ix":1},"s":{"a":0,"k":[100,100],"ix":3},"r":{"a":0,"k":0,"ix":6},"o":{"a":0,"k":100,"ix":7},"sk":{"a":0,"k":0,"ix":4},"sa":{"a":0,"k":0,"ix":5},"nm":"Transform"}],"nm":"Group 10","np":2,"cix":2,"bm":0,"ix":10,"mn":"ADBE Vector Group","hd":false},{"ty":"gr","it":[{"ind":0,"ty":"sh","ix":1,"ks":{"a":0,"k":{"i":[[0.265,-10.763],[-0.465,-0.301],[-10.398,25.769],[0,0]],"o":[[-0.657,26.107],[-16.997,-22.354],[0,0],[-3.733,8.489]],"v":[[-6.117,-4.515],[8.499,31.903],[4.372,-31.903],[-0.573,-30.49]],"c":true},"ix":2},"nm":"Path 1","mn":"ADBE Vector Shape - Group","hd":false},{"ty":"fl","c":{"a":0,"k":[0.226999998093,0.133000001311,0.118000000715,1],"ix":4},"o":{"a":0,"k":100,"ix":5},"r":1,"bm":0,"nm":"Fill 1","mn":"ADBE Vector Graphic - Fill","hd":false},{"ty":"tr","p":{"a":0,"k":[369.482,390.464],"ix":2},"a":{"a":0,"k":[0,0],"ix":1},"s":{"a":0,"k":[100,100],"ix":3},"r":{"a":0,"k":0,"ix":6},"o":{"a":0,"k":100,"ix":7},"sk":{"a":0,"k":0,"ix":4},"sa":{"a":0,"k":0,"ix":5},"nm":"Transform"}],"nm":"Group 11","np":2,"cix":2,"bm":0,"ix":11,"mn":"ADBE Vector Group","hd":false},{"ty":"gr","it":[{"ind":0,"ty":"sh","ix":1,"ks":{"a":0,"k":{"i":[[-12.834,-1.704],[3.274,-3.017],[2.31,7.196],[1.908,0.932]],"o":[[-0.528,0.18],[-3.331,-2.279],[-3.985,-12.398],[19.448,8.369]],"v":[[16.726,11.094],[8.102,15.921],[-2.957,1.904],[-16.726,-15.921]],"c":true},"ix":2},"nm":"Path 1","mn":"ADBE Vector Shape - Group","hd":false},{"ty":"fl","c":{"a":0,"k":[0.226999998093,0.133000001311,0.118000000715,1],"ix":4},"o":{"a":0,"k":100,"ix":5},"r":1,"bm":0,"nm":"Fill 1","mn":"ADBE Vector Graphic - Fill","hd":false},{"ty":"tr","p":{"a":0,"k":[411.814,374.059],"ix":2},"a":{"a":0,"k":[0,0],"ix":1},"s":{"a":0,"k":[100,100],"ix":3},"r":{"a":0,"k":0,"ix":6},"o":{"a":0,"k":100,"ix":7},"sk":{"a":0,"k":0,"ix":4},"sa":{"a":0,"k":0,"ix":5},"nm":"Transform"}],"nm":"Group 12","np":2,"cix":2,"bm":0,"ix":12,"mn":"ADBE Vector Group","hd":false},{"ty":"gr","it":[{"ind":0,"ty":"sh","ix":1,"ks":{"a":0,"k":{"i":[[0,0],[4.666,-2.324],[6.104,-0.05],[2.671,-0.584],[5.643,-5.927],[11.7,-8.323],[9.008,0.008],[-3.186,-12.092],[0,0],[5.315,-9.133],[-1.495,41.959],[-8.558,6.272],[-5.644,2.773],[-1.908,0.662],[-1.622,1.043],[-7.971,-1.615],[-9.802,-12.156]],"o":[[0,0],[0,0],[-1.965,0.009],[-9.011,1.972],[-6.07,6.377],[0,0],[-6.557,-0.001],[0.902,3.421],[-4.669,4.283],[-1.676,2.878],[0.707,-19.992],[4.638,-3.395],[1.268,-0.635],[1.503,-0.518],[4.381,-2.796],[12.648,2.55],[13.556,16.804]],"v":[[51.84,-4.456],[41.049,-6.656],[32.259,-8.164],[25.982,-6.931],[4.05,3.54],[-12.254,25.258],[-17.667,4.197],[-25.208,24.173],[-20.507,30.759],[-26.504,50.011],[-53.764,-2.81],[-33.671,-37.521],[-24.22,-45.337],[-16.593,-46.691],[-12.161,-50.029],[2.63,-51.274],[41.703,-32.215]],"c":true},"ix":2},"nm":"Path 1","mn":"ADBE Vector Shape - Group","hd":false},{"ty":"fl","c":{"a":0,"k":[0.266999989748,0.172999992967,0.144999995828,1],"ix":4},"o":{"a":0,"k":100,"ix":5},"r":1,"bm":0,"nm":"Fill 1","mn":"ADBE Vector Graphic - Fill","hd":false},{"ty":"tr","p":{"a":0,"k":[411.829,389.518],"ix":2},"a":{"a":0,"k":[0,0],"ix":1},"s":{"a":0,"k":[100,100],"ix":3},"r":{"a":0,"k":0,"ix":6},"o":{"a":0,"k":100,"ix":7},"sk":{"a":0,"k":0,"ix":4},"sa":{"a":0,"k":0,"ix":5},"nm":"Transform"}],"nm":"Group 13","np":2,"cix":2,"bm":0,"ix":13,"mn":"ADBE Vector Group","hd":false},{"ty":"tr","p":{"a":0,"k":[570.466,365.448],"ix":2},"a":{"a":0,"k":[406.466,377.448],"ix":1},"s":{"a":0,"k":[100,100],"ix":3},"r":{"a":0,"k":0,"ix":6},"o":{"a":0,"k":100,"ix":7},"sk":{"a":0,"k":0,"ix":4},"sa":{"a":0,"k":0,"ix":5},"nm":"Transform"}],"nm":"hair","np":13,"cix":2,"bm":0,"ix":2,"mn":"ADBE Vector Group","hd":false},{"ty":"gr","it":[{"ty":"gr","it":[{"ind":0,"ty":"sh","ix":1,"ks":{"a":0,"k":{"i":[[0.402,-2.839],[2.5,0.144],[0,0],[-0.145,-0.923],[-0.003,-0.06],[0.037,-0.324],[0.615,-2.013],[0.293,-0.834],[0.23,-0.532],[0.014,-0.029],[0.4,-0.812],[4.315,-2.434],[6.092,1.53],[3.176,2.397],[-0.115,9.963],[-12.89,2.865],[-2.892,-9.84],[0,0],[-0.036,-3.64]],"o":[[-0.158,1.113],[-0.298,-0.017],[1.46,1.639],[0.005,0.05],[0.014,0.221],[-0.601,2.414],[-0.313,1.011],[-0.208,0.525],[-0.014,0.028],[-0.352,0.837],[0.09,0.01],[-3.804,2.146],[-11.565,-2.905],[-12.916,-9.75],[0.307,-26.266],[11.283,-2.497],[2.22,7.55],[-1.671,0.451],[0.091,9.272]],"v":[[28.551,12.147],[25.511,14.636],[23.007,16.743],[26.662,21.011],[26.683,21.183],[26.66,22.007],[24.793,28.763],[23.871,31.55],[23.214,33.14],[23.174,33.226],[22.049,35.7],[18.205,45.031],[-1.708,45.04],[-23.26,35.014],[-35.335,-1.799],[1.22,-44.68],[33.956,-33.869],[31.976,-13.413],[25.974,-6.614]],"c":true},"ix":2},"nm":"Path 1","mn":"ADBE Vector Shape - Group","hd":false},{"ty":"fl","c":{"a":0,"k":[0.847000002861,0.60799998045,0.501999974251,1],"ix":4},"o":{"a":0,"k":100,"ix":5},"r":1,"bm":0,"nm":"Fill 1","mn":"ADBE Vector Graphic - Fill","hd":false},{"ty":"tr","p":{"a":0,"k":[429.23,416.516],"ix":2},"a":{"a":0,"k":[0,0],"ix":1},"s":{"a":0,"k":[100,100],"ix":3},"r":{"a":0,"k":0,"ix":6},"o":{"a":0,"k":100,"ix":7},"sk":{"a":0,"k":0,"ix":4},"sa":{"a":0,"k":0,"ix":5},"nm":"Transform"}],"nm":"Group 1","np":2,"cix":2,"bm":0,"ix":1,"mn":"ADBE Vector Group","hd":false},{"ty":"gr","it":[{"ind":0,"ty":"sh","ix":1,"ks":{"a":0,"k":{"i":[[0.296,1.3],[11.483,-5.163],[-10.954,-5.289],[0,0]],"o":[[0,0],[-5.089,2.288],[4.854,2.344],[0,0]],"v":[[9.299,-4.271],[-2.228,-11.837],[1.359,14.655],[8.451,12.074]],"c":true},"ix":2},"nm":"Path 1","mn":"ADBE Vector Shape - Group","hd":false},{"ty":"fl","c":{"a":0,"k":[0.847000002861,0.60799998045,0.501999974251,1],"ix":4},"o":{"a":0,"k":100,"ix":5},"r":1,"bm":0,"nm":"Fill 1","mn":"ADBE Vector Graphic - Fill","hd":false},{"ty":"tr","p":{"a":0,"k":[391.842,406.749],"ix":2},"a":{"a":0,"k":[0,0],"ix":1},"s":{"a":0,"k":[100,100],"ix":3},"r":{"a":0,"k":0,"ix":6},"o":{"a":0,"k":100,"ix":7},"sk":{"a":0,"k":0,"ix":4},"sa":{"a":0,"k":0,"ix":5},"nm":"Transform"}],"nm":"Group 2","np":2,"cix":2,"bm":0,"ix":2,"mn":"ADBE Vector Group","hd":false},{"ty":"tr","p":{"a":0,"k":[588.608,404.997],"ix":2},"a":{"a":0,"k":[424.608,416.997],"ix":1},"s":{"a":0,"k":[100,100],"ix":3},"r":{"a":0,"k":0,"ix":6},"o":{"a":0,"k":100,"ix":7},"sk":{"a":0,"k":0,"ix":4},"sa":{"a":0,"k":0,"ix":5},"nm":"Transform"}],"nm":"head_skin","np":2,"cix":2,"bm":0,"ix":3,"mn":"ADBE Vector Group","hd":false}],"ip":0,"op":120,"st":0,"bm":0},{"ddd":0,"ind":10,"ty":4,"nm":"neck","parent":8,"sr":1,"ks":{"o":{"a":0,"k":100,"ix":11},"r":{"a":1,"k":[{"i":{"x":[0.667],"y":[1]},"o":{"x":[0.167],"y":[0.167]},"t":8,"s":[0]},{"i":{"x":[0.667],"y":[1]},"o":{"x":[0.333],"y":[0]},"t":32,"s":[21]},{"t":58,"s":[0]}],"ix":10},"p":{"a":0,"k":[560.422,487.415,0],"ix":2},"a":{"a":0,"k":[560.422,487.415,0],"ix":1},"s":{"a":0,"k":[100,100,100],"ix":6}},"ao":0,"shapes":[{"ty":"gr","it":[{"ty":"gr","it":[{"ind":0,"ty":"sh","ix":1,"ks":{"a":0,"k":{"i":[[-0.569,-0.849],[3.126,1.64],[1.621,1.33],[-0.469,1.044],[-0.978,-0.794],[-0.497,-0.236],[-0.799,0.041]],"o":[[-1.609,0.705],[-1.31,-0.701],[0.537,-1.017],[0.475,0.436],[0.783,0.641],[1.03,0.499],[0.385,0.597]],"v":[[5.712,2.848],[-1.311,1.856],[-5.712,-1.155],[-2.967,-3.553],[-0.538,-1.438],[1.512,0.02],[4.268,0.653]],"c":true},"ix":2},"nm":"Path 1","mn":"ADBE Vector Shape - Group","hd":false},{"ty":"fl","c":{"a":0,"k":[0.804000020027,0.56099998951,0.458999991417,1],"ix":4},"o":{"a":0,"k":100,"ix":5},"r":1,"bm":0,"nm":"Fill 1","mn":"ADBE Vector Graphic - Fill","hd":false},{"ty":"tr","p":{"a":0,"k":[391.244,420.13],"ix":2},"a":{"a":0,"k":[0,0],"ix":1},"s":{"a":0,"k":[100,100],"ix":3},"r":{"a":0,"k":0,"ix":6},"o":{"a":0,"k":100,"ix":7},"sk":{"a":0,"k":0,"ix":4},"sa":{"a":0,"k":0,"ix":5},"nm":"Transform"}],"nm":"Group 1","np":2,"cix":2,"bm":0,"ix":1,"mn":"ADBE Vector Group","hd":false},{"ty":"gr","it":[{"ind":0,"ty":"sh","ix":1,"ks":{"a":0,"k":{"i":[[0,0],[0.009,-0.019],[1.116,-4.795],[0.113,-0.527],[3.128,7.617],[-0.509,4.919],[-0.359,0.792],[-0.01,0.02],[0,0],[-0.724,-1.108],[-0.57,-0.844],[-6.162,-3.34],[0,0]],"o":[[-0.01,0.01],[-0.454,0.57],[-0.133,0.556],[-13.59,-4.348],[-3.893,-9.466],[0.143,-1.397],[0,-0.02],[0.854,-1.82],[0,0],[0.386,0.599],[5.367,8.121],[0,0],[0,0]],"v":[[18.44,14.633],[18.409,14.682],[14.466,24.292],[14.098,25.922],[-13.496,2.023],[-17.931,-20.74],[-17.161,-24.034],[-17.129,-24.102],[-13.488,-23.694],[-12.349,-21.946],[-10.913,-19.751],[13.064,9.854],[18.315,14.401]],"c":true},"ix":2},"nm":"Path 1","mn":"ADBE Vector Shape - Group","hd":false},{"ty":"fl","c":{"a":0,"k":[0.804000020027,0.56099998951,0.458999991417,1],"ix":4},"o":{"a":0,"k":100,"ix":5},"r":1,"bm":0,"nm":"Fill 1","mn":"ADBE Vector Graphic - Fill","hd":false},{"ty":"tr","p":{"a":0,"k":[407.866,442.727],"ix":2},"a":{"a":0,"k":[0,0],"ix":1},"s":{"a":0,"k":[100,100],"ix":3},"r":{"a":0,"k":0,"ix":6},"o":{"a":0,"k":100,"ix":7},"sk":{"a":0,"k":0,"ix":4},"sa":{"a":0,"k":0,"ix":5},"nm":"Transform"}],"nm":"Group 2","np":2,"cix":2,"bm":0,"ix":2,"mn":"ADBE Vector Group","hd":false},{"ty":"tr","p":{"a":0,"k":[569.919,430.613],"ix":2},"a":{"a":0,"k":[405.919,442.613],"ix":1},"s":{"a":0,"k":[100,100],"ix":3},"r":{"a":0,"k":0,"ix":6},"o":{"a":0,"k":100,"ix":7},"sk":{"a":0,"k":0,"ix":4},"sa":{"a":0,"k":0,"ix":5},"nm":"Transform"}],"nm":"neck_shadow","np":2,"cix":2,"bm":0,"ix":1,"mn":"ADBE Vector Group","hd":false},{"ty":"gr","it":[{"ty":"gr","it":[{"ind":0,"ty":"sh","ix":1,"ks":{"a":0,"k":{"i":[[0.082,-1.719],[0.062,-0.518],[0.201,-0.865],[0.087,-0.308],[7.644,-2.137],[3.043,0.344],[0.267,11.34],[-0.01,0.42],[-0.075,0.638],[-1.219,2.401],[0,0],[-9.796,-1.106],[-1.725,-9.784]],"o":[[-0.022,0.52],[-0.102,0.898],[-0.068,0.299],[-2.16,7.88],[-2.78,0.784],[-11.582,-1.308],[-0.01,-0.41],[0.014,-0.62],[0.319,-2.833],[0,-0.011],[4.231,-8.291],[10.385,1.17],[0.302,1.628]],"v":[[22.975,1.384],[22.858,2.951],[22.404,5.602],[22.172,6.506],[6.182,22.557],[-2.608,23.266],[-23.047,0.948],[-23.047,-0.302],[-22.912,-2.2],[-20.551,-10.075],[-20.542,-10.094],[2.543,-22.504],[22.646,-3.646]],"c":true},"ix":2},"nm":"Path 1","mn":"ADBE Vector Shape - Group","hd":false},{"ty":"fl","c":{"a":0,"k":[0.847000002861,0.60799998045,0.501999974251,1],"ix":4},"o":{"a":0,"k":100,"ix":5},"r":1,"bm":0,"nm":"Fill 1","mn":"ADBE Vector Graphic - Fill","hd":false},{"ty":"tr","p":{"a":0,"k":[396.432,498.273],"ix":2},"a":{"a":0,"k":[0,0],"ix":1},"s":{"a":0,"k":[100,100],"ix":3},"r":{"a":0,"k":0,"ix":6},"o":{"a":0,"k":100,"ix":7},"sk":{"a":0,"k":0,"ix":4},"sa":{"a":0,"k":0,"ix":5},"nm":"Transform"}],"nm":"Group 1","np":2,"cix":2,"bm":0,"ix":1,"mn":"ADBE Vector Group","hd":false},{"ty":"gr","it":[{"ind":0,"ty":"sh","ix":1,"ks":{"a":0,"k":{"i":[[2.914,-50.484],[0.01,-0.019],[0.01,-0.02],[1.115,-4.795],[0.112,-0.527],[-0.174,-5.266],[1.019,-4.136],[0.087,-0.308],[7.644,-2.138],[3.043,0.343],[0.267,11.339],[-0.01,0.42],[0,0],[4.618,43.561]],"o":[[0,0],[-0.01,0.01],[-0.454,0.569],[-0.134,0.557],[-2.326,10.598],[0.196,5.596],[-0.068,0.299],[-2.16,7.881],[-2.78,0.783],[-11.582,-1.309],[-0.01,-0.411],[0.171,-8.749],[0,0],[0,0]],"v":[[25.019,-7.034],[24.998,-7.004],[24.967,-6.954],[21.025,2.653],[20.656,4.285],[18.839,24.918],[17.528,39.509],[17.296,40.415],[1.306,56.465],[-7.484,57.174],[-27.923,34.856],[-27.923,33.606],[-23.935,13.721],[-16.308,-50.939]],"c":true},"ix":2},"nm":"Path 1","mn":"ADBE Vector Shape - Group","hd":false},{"ty":"fl","c":{"a":0,"k":[0.847000002861,0.60799998045,0.501999974251,1],"ix":4},"o":{"a":0,"k":100,"ix":5},"r":1,"bm":0,"nm":"Fill 1","mn":"ADBE Vector Graphic - Fill","hd":false},{"ty":"tr","p":{"a":0,"k":[401.308,464.365],"ix":2},"a":{"a":0,"k":[0,0],"ix":1},"s":{"a":0,"k":[100,100],"ix":3},"r":{"a":0,"k":0,"ix":6},"o":{"a":0,"k":100,"ix":7},"sk":{"a":0,"k":0,"ix":4},"sa":{"a":0,"k":0,"ix":5},"nm":"Transform"}],"nm":"Group 2","np":2,"cix":2,"bm":0,"ix":2,"mn":"ADBE Vector Group","hd":false},{"ty":"tr","p":{"a":0,"k":[563.922,455.415],"ix":2},"a":{"a":0,"k":[399.921,467.415],"ix":1},"s":{"a":0,"k":[100,100],"ix":3},"r":{"a":0,"k":0,"ix":6},"o":{"a":0,"k":100,"ix":7},"sk":{"a":0,"k":0,"ix":4},"sa":{"a":0,"k":0,"ix":5},"nm":"Transform"}],"nm":"neck_skin","np":2,"cix":2,"bm":0,"ix":2,"mn":"ADBE Vector Group","hd":false}],"ip":0,"op":120,"st":0,"bm":0},{"ddd":0,"ind":11,"ty":4,"nm":"thigh_1","parent":13,"sr":1,"ks":{"o":{"a":0,"k":100,"ix":11},"r":{"a":1,"k":[{"i":{"x":[0.667],"y":[1]},"o":{"x":[0.167],"y":[0.167]},"t":8,"s":[0]},{"i":{"x":[0.833],"y":[0.833]},"o":{"x":[0.333],"y":[0]},"t":32,"s":[103]},{"i":{"x":[0.667],"y":[1]},"o":{"x":[0.167],"y":[0.167]},"t":47,"s":[82]},{"t":58,"s":[0]}],"ix":10},"p":{"a":0,"k":[616.991,714.748,0],"ix":2},"a":{"a":0,"k":[452.991,726.748,0],"ix":1},"s":{"a":0,"k":[100,100,100],"ix":6}},"ao":0,"shapes":[{"ty":"gr","it":[{"ind":0,"ty":"sh","ix":1,"ks":{"a":0,"k":{"i":[[-3.138,-0.087],[-0.01,-0.001],[-0.068,0],[-5.737,18.719],[22.56,7.609],[2.45,0.356],[0.438,0.052],[0.603,0.047],[0.201,0.018],[0.011,-0.009],[6.884,-4.006],[3.384,-11.05],[-4.565,-9.863],[-11.728,-3.959],[-1.179,-0.292],[0,0]],"o":[[0.008,0.012],[0.066,0.01],[17.965,0.42],[7.141,-23.309],[-2.433,-0.825],[-0.437,-0.062],[-0.623,-0.05],[-0.201,-0.018],[-0.019,-0.003],[-8.172,-0.453],[-9.046,5.241],[-3.431,11.178],[4.932,10.703],[1.165,0.396],[0,0],[3.171,0.804]],"v":[[-1.422,43.645],[-1.384,43.651],[-1.192,43.659],[38.998,14.496],[11.074,-41.484],[3.736,-43.254],[2.423,-43.42],[0.584,-43.575],[-0.019,-43.63],[-0.068,-43.627],[-23.084,-38.059],[-42.708,-13.096],[-40.47,19.542],[-14.453,41.293],[-10.936,42.321],[-10.906,42.325]],"c":true},"ix":2},"nm":"Path 1","mn":"ADBE Vector Shape - Group","hd":false},{"ty":"fl","c":{"a":0,"k":[0.059000000299,0.059000000299,0.059000000299,1],"ix":4},"o":{"a":0,"k":100,"ix":5},"r":1,"bm":0,"nm":"Fill 1","mn":"ADBE Vector Graphic - Fill","hd":false},{"ty":"tr","p":{"a":0,"k":[300.112,707.811],"ix":2},"a":{"a":0,"k":[0,0],"ix":1},"s":{"a":0,"k":[100,100],"ix":3},"r":{"a":0,"k":0,"ix":6},"o":{"a":0,"k":100,"ix":7},"sk":{"a":0,"k":0,"ix":4},"sa":{"a":0,"k":0,"ix":5},"nm":"Transform"}],"nm":"Group 1","np":2,"cix":2,"bm":0,"ix":1,"mn":"ADBE Vector Group","hd":false},{"ty":"gr","it":[{"ind":0,"ty":"sh","ix":1,"ks":{"a":0,"k":{"i":[[-24.227,-7.649],[-4.231,-1.72],[-0.122,-0.047],[-1.558,-0.79],[1.812,-9.308],[8.718,-1.448],[2.51,0.127],[0.745,0.009],[57.792,1.838],[13.738,1.723],[0.49,0.056],[0.008,0.011],[3.052,0.46],[0,0],[1.163,0.397],[4.934,10.706],[-3.426,11.177],[-9.05,5.234],[-8.169,-0.459],[-0.022,0.004],[-0.201,-0.013],[-0.481,-0.043],[-0.559,-0.071]],"o":[[4.243,1.334],[0.123,0.046],[1.627,0.661],[7.551,4.611],[-1.819,9.296],[-2.208,-0.103],[-0.729,-0.036],[-22.312,-0.376],[-11.819,-0.383],[-0.499,-0.058],[-0.009,-0.002],[-3.245,-0.42],[0,0],[-1.176,-0.287],[-11.736,-3.957],[-4.568,-9.856],[3.389,-11.051],[6.88,-4.008],[0.013,-0.007],[0.199,0.022],[0.49,0.056],[0.563,0.05],[45.204,4.797]],"v":[[65.214,-17.199],[95.676,-5.141],[96.052,-4.988],[100.841,-2.819],[110.835,20.184],[92.964,37.723],[85.893,37.299],[83.678,37.226],[-26.046,44.753],[-66.435,41.342],[-67.89,41.158],[-67.929,41.15],[-77.415,39.831],[-77.444,39.825],[-80.956,38.794],[-106.982,17.037],[-109.221,-15.595],[-89.59,-40.559],[-66.578,-46.131],[-66.524,-46.139],[-65.924,-46.081],[-64.461,-45.937],[-62.768,-45.762]],"c":true},"ix":2},"nm":"Path 1","mn":"ADBE Vector Shape - Group","hd":false},{"ty":"fl","c":{"a":0,"k":[0.059000000299,0.059000000299,0.059000000299,1],"ix":4},"o":{"a":0,"k":100,"ix":5},"r":1,"bm":0,"nm":"Fill 1","mn":"ADBE Vector Graphic - Fill","hd":false},{"ty":"tr","p":{"a":0,"k":[365.48,710.391],"ix":2},"a":{"a":0,"k":[0,0],"ix":1},"s":{"a":0,"k":[100,100],"ix":3},"r":{"a":0,"k":0,"ix":6},"o":{"a":0,"k":100,"ix":7},"sk":{"a":0,"k":0,"ix":4},"sa":{"a":0,"k":0,"ix":5},"nm":"Transform"}],"nm":"Group 2","np":2,"cix":2,"bm":0,"ix":2,"mn":"ADBE Vector Group","hd":false}],"ip":0,"op":120,"st":0,"bm":0},{"ddd":0,"ind":12,"ty":4,"nm":"foot_1","sr":1,"ks":{"o":{"a":0,"k":100,"ix":11},"r":{"a":1,"k":[{"i":{"x":[0.833],"y":[-1.292]},"o":{"x":[0.167],"y":[0]},"t":8,"s":[0]},{"i":{"x":[0.833],"y":[0.894]},"o":{"x":[0.167],"y":[0.097]},"t":15.5,"s":[0]},{"i":{"x":[0.667],"y":[1]},"o":{"x":[0.167],"y":[2]},"t":26,"s":[33]},{"i":{"x":[0.833],"y":[0.833]},"o":{"x":[0.333],"y":[0]},"t":32,"s":[33]},{"t":47,"s":[0]}],"ix":10},"p":{"a":1,"k":[{"i":{"x":0.833,"y":0.833},"o":{"x":0.167,"y":0.167},"t":8,"s":[524.191,956.256,0],"to":[0,0,0],"ti":[0,0,0]},{"i":{"x":0.667,"y":1},"o":{"x":0.167,"y":0.115},"t":15.5,"s":[524.191,956.256,0],"to":[7.167,-12.417,0],"ti":[0,0,0]},{"i":{"x":0.833,"y":0.833},"o":{"x":0.333,"y":0},"t":32,"s":[567.191,881.756,0],"to":[0,0,0],"ti":[7.167,-12.417,0]},{"t":47,"s":[524.191,956.256,0]}],"ix":2},"a":{"a":0,"k":[524.191,896.256,0],"ix":1},"s":{"a":0,"k":[100,100,100],"ix":6}},"ao":0,"shapes":[{"ty":"gr","it":[{"ty":"gr","it":[{"ind":0,"ty":"sh","ix":1,"ks":{"a":0,"k":{"i":[[-0.041,0.231],[-0.579,0.834],[-0.305,0.063],[-0.085,-0.021],[-6.956,-0.774],[-3.67,-0.608],[-3.08,-1.141],[-0.29,-0.111],[-0.588,-0.231],[-1.627,-0.543],[-0.142,-0.046],[-0.151,-0.048],[-0.262,-0.072],[-1.305,-0.349],[-0.11,-0.024],[-0.101,-0.022],[-0.877,-0.219],[-2.637,-0.54],[-2.929,-0.46],[-3.018,-0.286],[-2.898,-0.012],[-2.907,0.584],[-0.076,0.065],[-0.03,0.113],[-0.519,0.854],[-0.373,0.022],[-0.033,-0.46],[0.956,-2.348],[0.987,-0.189],[11.263,1.567],[6.795,1.306],[0,0],[5.869,0.491],[1.856,3.17],[-0.178,0.714]],"o":[[0.34,-1.624],[0.22,-0.33],[0.513,-0.105],[13.857,4.268],[2.933,0.321],[4.464,0.745],[0.299,0.113],[0.604,0.233],[1.607,0.62],[0.144,0.037],[0.143,0.046],[0.251,0.078],[1.066,0.306],[0.101,0.024],[0.101,0.031],[0.808,0.219],[2.615,0.641],[2.906,0.594],[2.994,0.471],[2.885,0.273],[2.963,0.011],[0.101,-0.02],[0.09,-0.078],[0.248,-0.952],[0.201,-0.33],[0.412,-0.024],[0.087,1.947],[-0.372,0.924],[-11.495,2.165],[-6.614,-0.921],[0,0],[-8.164,-1.567],[-22.099,-1.836],[-0.301,-0.597],[-0.043,-0.192]],"v":[[-52.805,-7.143],[-50.707,-11.61],[-49.864,-12.152],[-48.771,-12.097],[-29.984,-7.531],[-20.355,-6.261],[-9.426,-3.289],[-8.536,-2.962],[-6.755,-2.275],[-1.98,-0.51],[-1.553,-0.38],[-1.118,-0.241],[-0.355,-0.011],[3.21,0.977],[3.53,1.057],[3.842,1.135],[6.381,1.779],[14.262,3.548],[23.015,5.135],[32.034,6.288],[40.713,6.75],[49.613,6.068],[49.894,5.96],[50.047,5.649],[50.975,2.796],[51.982,2.318],[52.897,2.906],[51.663,8.31],[49.494,10.093],[15.587,10.169],[-4.48,6.663],[-6.13,6.345],[-27.26,3.581],[-52.615,-4.556],[-52.806,-6.509]],"c":true},"ix":2},"nm":"Path 1","mn":"ADBE Vector Shape - Group","hd":false},{"ty":"fl","c":{"a":0,"k":[0.518000006676,0.467000007629,0.40000000596,1],"ix":4},"o":{"a":0,"k":100,"ix":5},"r":1,"bm":0,"nm":"Fill 1","mn":"ADBE Vector Graphic - Fill","hd":false},{"ty":"tr","p":{"a":0,"k":[383.688,950.484],"ix":2},"a":{"a":0,"k":[0,0],"ix":1},"s":{"a":0,"k":[100,100],"ix":3},"r":{"a":0,"k":0,"ix":6},"o":{"a":0,"k":100,"ix":7},"sk":{"a":0,"k":0,"ix":4},"sa":{"a":0,"k":0,"ix":5},"nm":"Transform"}],"nm":"Group 1","np":2,"cix":2,"bm":0,"ix":1,"mn":"ADBE Vector Group","hd":false},{"ty":"tr","p":{"a":0,"k":[547.691,938.156],"ix":2},"a":{"a":0,"k":[383.691,950.156],"ix":1},"s":{"a":0,"k":[100,100],"ix":3},"r":{"a":0,"k":0,"ix":6},"o":{"a":0,"k":100,"ix":7},"sk":{"a":0,"k":0,"ix":4},"sa":{"a":0,"k":0,"ix":5},"nm":"Transform"}],"nm":"sole_1","np":1,"cix":2,"bm":0,"ix":1,"mn":"ADBE Vector Group","hd":false},{"ty":"gr","it":[{"ty":"gr","it":[{"ind":0,"ty":"sh","ix":1,"ks":{"a":0,"k":{"i":[[0.008,1.687],[-0.221,2.038],[0.168,3.767],[-1.009,4.013],[-0.848,2.53],[-1.466,1.151],[-1.244,-0.885],[-0.328,-2.283],[-2.001,-0.97],[-1.744,0.183],[-1.047,0.822],[-0.37,1.645],[-1.335,1.725],[-0.827,-1.215],[-0.258,-1.152],[0,0],[-1.056,-0.865],[0,0],[0,0],[-0.827,-1.216],[0,0],[-1.736,-0.892],[-11.306,-4.244],[-1.781,-3.006],[2.514,-3.994],[9.953,0.675],[2.251,0.434],[2.123,-0.142],[4.921,0.541],[2.096,0.92]],"o":[[-0.01,-1.686],[0.22,-2.037],[-0.166,-3.765],[1.008,-4.011],[0.849,-2.531],[1.465,-1.15],[1.245,0.887],[0.327,2.285],[2.001,0.969],[1.743,-0.185],[1.045,-0.822],[0.369,-1.647],[1.337,-1.729],[0.826,1.215],[0.258,1.153],[2.311,-0.121],[1.054,0.866],[0,0],[0,0],[0.826,1.214],[-0.372,0.055],[7.189,3.693],[7.876,2.956],[1.782,3.006],[-3.95,6.277],[-20.764,-1.408],[-2.251,-0.434],[-2.122,0.142],[-4.921,-0.539],[-3.216,-1.415]],"v":[[-50.731,10.414],[-48.723,2.944],[-48.57,-3.785],[-46.96,-13.352],[-42.41,-23.533],[-39.098,-29.354],[-35.206,-28.177],[-32.797,-22.104],[-31.711,-18.677],[-25.477,-18.192],[-19.878,-20.389],[-13.638,-24.952],[-10.747,-30.442],[-6.504,-27.168],[-3.619,-21.979],[-0.973,-18.13],[3.62,-16.315],[4.514,-13.968],[5.719,-12.712],[8.915,-10.495],[10.436,-6.195],[16.671,-0.578],[32.75,9.768],[49.294,17.762],[50.566,25.893],[24.577,29.172],[-4.855,23.043],[-20.383,19.654],[-33.034,19.766],[-49.865,14.953]],"c":true},"ix":2},"nm":"Path 1","mn":"ADBE Vector Shape - Group","hd":false},{"ty":"fl","c":{"a":0,"k":[0.118000000715,0.118000000715,0.118000000715,1],"ix":4},"o":{"a":0,"k":100,"ix":5},"r":1,"bm":0,"nm":"Fill 1","mn":"ADBE Vector Graphic - Fill","hd":false},{"ty":"tr","p":{"a":0,"k":[384.24,929.291],"ix":2},"a":{"a":0,"k":[0,0],"ix":1},"s":{"a":0,"k":[100,100],"ix":3},"r":{"a":0,"k":0,"ix":6},"o":{"a":0,"k":100,"ix":7},"sk":{"a":0,"k":0,"ix":4},"sa":{"a":0,"k":0,"ix":5},"nm":"Transform"}],"nm":"Group 1","np":2,"cix":2,"bm":0,"ix":1,"mn":"ADBE Vector Group","hd":false},{"ty":"tr","p":{"a":0,"k":[548.337,916.925],"ix":2},"a":{"a":0,"k":[384.337,928.925],"ix":1},"s":{"a":0,"k":[100,100],"ix":3},"r":{"a":0,"k":0,"ix":6},"o":{"a":0,"k":100,"ix":7},"sk":{"a":0,"k":0,"ix":4},"sa":{"a":0,"k":0,"ix":5},"nm":"Transform"}],"nm":"foot_1","np":1,"cix":2,"bm":0,"ix":2,"mn":"ADBE Vector Group","hd":false},{"ty":"gr","it":[{"ty":"gr","it":[{"ind":0,"ty":"sh","ix":1,"ks":{"a":0,"k":{"i":[[-0.241,6.442],[-6.443,-0.241],[0.241,-6.442],[6.442,0.241]],"o":[[0.241,-6.442],[6.442,0.242],[-0.241,6.442],[-6.443,-0.242]],"v":[[-11.665,-0.437],[0.438,-11.666],[11.665,0.436],[-0.436,11.665]],"c":true},"ix":2},"nm":"Path 1","mn":"ADBE Vector Shape - Group","hd":false},{"ty":"fl","c":{"a":0,"k":[0.804000020027,0.56099998951,0.458999991417,1],"ix":4},"o":{"a":0,"k":100,"ix":5},"r":1,"bm":0,"nm":"Fill 1","mn":"ADBE Vector Graphic - Fill","hd":false},{"ty":"tr","p":{"a":0,"k":[361.314,907.166],"ix":2},"a":{"a":0,"k":[0,0],"ix":1},"s":{"a":0,"k":[100,100],"ix":3},"r":{"a":0,"k":0,"ix":6},"o":{"a":0,"k":100,"ix":7},"sk":{"a":0,"k":0,"ix":4},"sa":{"a":0,"k":0,"ix":5},"nm":"Transform"}],"nm":"Group 1","np":2,"cix":2,"bm":0,"ix":1,"mn":"ADBE Vector Group","hd":false},{"ty":"tr","p":{"a":0,"k":[525.314,895.166],"ix":2},"a":{"a":0,"k":[361.314,907.166],"ix":1},"s":{"a":0,"k":[100,100],"ix":3},"r":{"a":0,"k":0,"ix":6},"o":{"a":0,"k":100,"ix":7},"sk":{"a":0,"k":0,"ix":4},"sa":{"a":0,"k":0,"ix":5},"nm":"Transform"}],"nm":"foot_skin_1","np":1,"cix":2,"bm":0,"ix":3,"mn":"ADBE Vector Group","hd":false}],"ip":0,"op":120,"st":0,"bm":0},{"ddd":0,"ind":13,"ty":4,"nm":"calf_1","parent":12,"sr":1,"ks":{"o":{"a":0,"k":100,"ix":11},"r":{"a":1,"k":[{"i":{"x":[0.833],"y":[-0.405]},"o":{"x":[0.167],"y":[0.167]},"t":8,"s":[0]},{"i":{"x":[0.833],"y":[0.877]},"o":{"x":[0.167],"y":[0.102]},"t":15.5,"s":[-2.494]},{"i":{"x":[0.667],"y":[1]},"o":{"x":[0.167],"y":[0.446]},"t":26,"s":[-50.465]},{"i":{"x":[0.833],"y":[0.833]},"o":{"x":[0.333],"y":[0]},"t":32,"s":[-58]},{"i":{"x":[0.667],"y":[1]},"o":{"x":[0.167],"y":[0.167]},"t":47,"s":[-22.494]},{"t":58,"s":[0]}],"ix":10},"p":{"a":0,"k":[525.618,892.904,0],"ix":2},"a":{"a":0,"k":[525.618,892.904,0],"ix":1},"s":{"a":0,"k":[100,100,100],"ix":6}},"ao":0,"shapes":[{"ty":"gr","it":[{"ty":"gr","it":[{"ind":0,"ty":"sh","ix":1,"ks":{"a":0,"k":{"i":[[4.857,-10.922],[0.391,-0.667],[0.402,-0.551],[0.165,-0.209],[0.152,-0.183],[0.026,-0.032],[0.362,-0.371],[8.666,3.85],[-0.541,8.82],[-1.071,2.413],[-0.27,0.503],[-0.272,0.413],[-0.904,0.957],[-8.806,-3.927]],"o":[[-0.318,0.723],[-0.349,0.599],[-0.144,0.209],[-0.148,0.196],[-0.032,0.041],[-0.335,0.406],[-6.185,6.327],[-8.652,-3.855],[0.156,-2.491],[0.225,-0.524],[0.24,-0.439],[0.72,-1.131],[6.172,-6.554],[11.093,4.939]],"v":[[18.844,8.975],[17.775,11.058],[16.653,12.784],[16.184,13.404],[15.737,13.977],[15.645,14.078],[14.589,15.239],[-10.068,19.829],[-23.16,-1.515],[-21.343,-8.917],[-20.596,-10.456],[-19.825,-11.739],[-17.385,-14.878],[7.561,-19.753]],"c":true},"ix":2},"nm":"Path 1","mn":"ADBE Vector Shape - Group","hd":false},{"ty":"fl","c":{"a":0,"k":[0.059000000358,0.059000000358,0.059000000358,1],"ix":4},"o":{"a":0,"k":100,"ix":5},"r":1,"bm":0,"nm":"Fill 1","mn":"ADBE Vector Graphic - Fill","hd":false},{"ty":"tr","p":{"a":0,"k":[455.649,726.661],"ix":2},"a":{"a":0,"k":[0,0],"ix":1},"s":{"a":0,"k":[100,100],"ix":3},"r":{"a":0,"k":0,"ix":6},"o":{"a":0,"k":100,"ix":7},"sk":{"a":0,"k":0,"ix":4},"sa":{"a":0,"k":0,"ix":5},"nm":"Transform"}],"nm":"Group 1","np":2,"cix":2,"bm":0,"ix":1,"mn":"ADBE Vector Group","hd":false},{"ty":"gr","it":[{"ind":0,"ty":"sh","ix":1,"ks":{"a":0,"k":{"i":[[8.749,-19.645],[7.822,-24.994],[-0.008,0.017],[-18.584,30.896],[11.107,4.946],[6.181,-6.566],[0.762,-1.121],[0.362,-0.831]],"o":[[-18.119,40.684],[1.038,8.142],[26.91,-60.028],[6.173,-10.263],[-8.818,-3.928],[-0.871,0.967],[-0.505,0.732],[-3.081,7.075]],"v":[[-30.257,-16.028],[-59.668,78.001],[-37.51,90.611],[53.494,-57.928],[42.199,-86.7],[17.227,-81.812],[14.777,-78.67],[13.345,-76.398]],"c":true},"ix":2},"nm":"Path 1","mn":"ADBE Vector Shape - Group","hd":false},{"ty":"fl","c":{"a":0,"k":[0.059000000358,0.059000000358,0.059000000358,1],"ix":4},"o":{"a":0,"k":100,"ix":5},"r":1,"bm":0,"nm":"Fill 1","mn":"ADBE Vector Graphic - Fill","hd":false},{"ty":"tr","p":{"a":0,"k":[421.065,793.151],"ix":2},"a":{"a":0,"k":[0,0],"ix":1},"s":{"a":0,"k":[100,100],"ix":3},"r":{"a":0,"k":0,"ix":6},"o":{"a":0,"k":100,"ix":7},"sk":{"a":0,"k":0,"ix":4},"sa":{"a":0,"k":0,"ix":5},"nm":"Transform"}],"nm":"Group 2","np":2,"cix":2,"bm":0,"ix":2,"mn":"ADBE Vector Group","hd":false},{"ty":"tr","p":{"a":0,"k":[583.185,782.138],"ix":2},"a":{"a":0,"k":[419.185,794.138],"ix":1},"s":{"a":0,"k":[100,100],"ix":3},"r":{"a":0,"k":0,"ix":6},"o":{"a":0,"k":100,"ix":7},"sk":{"a":0,"k":0,"ix":4},"sa":{"a":0,"k":0,"ix":5},"nm":"Transform"}],"nm":"calf_1","np":2,"cix":2,"bm":0,"ix":1,"mn":"ADBE Vector Group","hd":false},{"ty":"gr","it":[{"ty":"gr","it":[{"ind":0,"ty":"sh","ix":1,"ks":{"a":0,"k":{"i":[[0,0],[-6.889,21.55],[7.193,-16.151],[1.777,-4.302],[9.989,4.025]],"o":[[3.964,-11.638],[6.745,-14.405],[-9.924,22.281],[0,0],[-11.285,-4.548]],"v":[[-20.849,16.483],[-7.112,-20.444],[17.056,-14.5],[1.174,24.416],[-12.965,30.825]],"c":true},"ix":2},"nm":"Path 1","mn":"ADBE Vector Shape - Group","hd":false},{"ty":"fl","c":{"a":0,"k":[0.787999987602,0.549000024796,0.458999991417,1],"ix":4},"o":{"a":0,"k":100,"ix":5},"r":1,"bm":0,"nm":"Fill 1","mn":"ADBE Vector Graphic - Fill","hd":false},{"ty":"tr","p":{"a":0,"k":[370.594,887.547],"ix":2},"a":{"a":0,"k":[0,0],"ix":1},"s":{"a":0,"k":[100,100],"ix":3},"r":{"a":0,"k":0,"ix":6},"o":{"a":0,"k":100,"ix":7},"sk":{"a":0,"k":0,"ix":4},"sa":{"a":0,"k":0,"ix":5},"nm":"Transform"}],"nm":"Group 1","np":2,"cix":2,"bm":0,"ix":1,"mn":"ADBE Vector Group","hd":false},{"ty":"tr","p":{"a":0,"k":[533.109,876.799],"ix":2},"a":{"a":0,"k":[369.109,888.799],"ix":1},"s":{"a":0,"k":[100,100],"ix":3},"r":{"a":0,"k":0,"ix":6},"o":{"a":0,"k":100,"ix":7},"sk":{"a":0,"k":0,"ix":4},"sa":{"a":0,"k":0,"ix":5},"nm":"Transform"}],"nm":"calf_skin_1","np":1,"cix":2,"bm":0,"ix":2,"mn":"ADBE Vector Group","hd":false}],"ip":0,"op":120,"st":0,"bm":0},{"ddd":0,"ind":14,"ty":4,"nm":"lower_body_skin","parent":7,"sr":1,"ks":{"o":{"a":0,"k":100,"ix":11},"r":{"a":0,"k":0,"ix":10},"p":{"a":0,"k":[476.267,633.819,0],"ix":2},"a":{"a":0,"k":[312.267,645.819,0],"ix":1},"s":{"a":0,"k":[100,100,100],"ix":6}},"ao":0,"shapes":[{"ty":"gr","it":[{"ind":0,"ty":"sh","ix":1,"ks":{"a":0,"k":{"i":[[0,0],[0,0],[-9.885,19.717],[21.418,11.965],[0,0]],"o":[[21.961,76.5],[5.82,-15.615],[0,0],[-21.791,-12.172],[-11.325,18.352]],"v":[[-57.483,-15],[37.941,24.935],[57.483,-18.712],[16.995,-38.494],[-15.392,-61.5]],"c":true},"ix":2},"nm":"Path 1","mn":"ADBE Vector Shape - Group","hd":false},{"ty":"fl","c":{"a":0,"k":[0.847000002394,0.607999973671,0.501999978458,1],"ix":4},"o":{"a":0,"k":100,"ix":5},"r":1,"bm":0,"nm":"Fill 1","mn":"ADBE Vector Graphic - Fill","hd":false},{"ty":"tr","p":{"a":0,"k":[312.267,659.734],"ix":2},"a":{"a":0,"k":[0,0],"ix":1},"s":{"a":0,"k":[100,100],"ix":3},"r":{"a":0,"k":0,"ix":6},"o":{"a":0,"k":100,"ix":7},"sk":{"a":0,"k":0,"ix":4},"sa":{"a":0,"k":0,"ix":5},"nm":"Transform"}],"nm":"Group 1","np":2,"cix":2,"bm":0,"ix":1,"mn":"ADBE Vector Group","hd":false}],"ip":0,"op":120,"st":0,"bm":0},{"ddd":0,"ind":15,"ty":4,"nm":"arm_1","parent":8,"sr":1,"ks":{"o":{"a":0,"k":100,"ix":11},"r":{"a":1,"k":[{"i":{"x":[0.667],"y":[1]},"o":{"x":[0.167],"y":[0.167]},"t":8,"s":[0]},{"i":{"x":[0.667],"y":[1]},"o":{"x":[0.333],"y":[0]},"t":32,"s":[53]},{"t":58,"s":[0]}],"ix":10},"p":{"a":0,"k":[581.29,516.852,0],"ix":2},"a":{"a":0,"k":[417.29,528.852,0],"ix":1},"s":{"a":0,"k":[100,100,100],"ix":6}},"ao":0,"shapes":[{"ty":"gr","it":[{"ind":0,"ty":"sh","ix":1,"ks":{"a":0,"k":{"i":[[-5.272,-7.946],[-10.501,7.774],[0.329,8.079],[2.423,3.826],[0,0],[0.101,0.153],[10.502,-7.775],[1.509,-2.293],[0.363,-0.697]],"o":[[7.339,11.058],[6.749,-4.997],[-0.179,-4.311],[0,0],[-0.092,-0.162],[-7.339,-11.059],[-2.295,1.699],[-0.434,0.658],[-4.229,7.941]],"v":[[-18.538,14.069],[13.763,20.024],[23.645,-1.142],[19.792,-13.59],[19.772,-13.62],[19.483,-14.078],[-12.812,-20.023],[-18.538,-13.967],[-19.746,-11.942]],"c":true},"ix":2},"nm":"Path 1","mn":"ADBE Vector Shape - Group","hd":false},{"ty":"fl","c":{"a":0,"k":[0.46699999641,0.136999990426,0.255000005984,1],"ix":4},"o":{"a":0,"k":100,"ix":5},"r":1,"bm":0,"nm":"Fill 1","mn":"ADBE Vector Graphic - Fill","hd":false},{"ty":"tr","p":{"a":0,"k":[415.594,529.22],"ix":2},"a":{"a":0,"k":[0,0],"ix":1},"s":{"a":0,"k":[100,100],"ix":3},"r":{"a":0,"k":0,"ix":6},"o":{"a":0,"k":100,"ix":7},"sk":{"a":0,"k":0,"ix":4},"sa":{"a":0,"k":0,"ix":5},"nm":"Transform"}],"nm":"Group 1","np":2,"cix":2,"bm":0,"ix":1,"mn":"ADBE Vector Group","hd":false},{"ty":"gr","it":[{"ind":0,"ty":"sh","ix":1,"ks":{"a":0,"k":{"i":[[-2.948,20.711],[-1.38,16.775],[-1.065,7.153],[-2.662,14.583],[6.159,4.71],[10.37,-9.142],[-6.663,-25.025],[-6.226,-38.459]],"o":[[2.361,-16.591],[1.89,-22.946],[0,0],[3.186,-17.45],[-5.866,-4.485],[-8.389,7.395],[-12.411,44.557],[3.947,24.386]],"v":[[7.758,64.38],[18.073,12.591],[19.319,-23.24],[27.082,-46.604],[19.122,-79.021],[-9.938,-78.792],[-14.882,-37.147],[-24.042,63.547]],"c":true},"ix":2},"nm":"Path 1","mn":"ADBE Vector Shape - Group","hd":false},{"ty":"fl","c":{"a":0,"k":[0.46699999641,0.136999990426,0.255000005984,1],"ix":4},"o":{"a":0,"k":100,"ix":5},"r":1,"bm":0,"nm":"Fill 1","mn":"ADBE Vector Graphic - Fill","hd":false},{"ty":"tr","p":{"a":0,"k":[411.35,589.078],"ix":2},"a":{"a":0,"k":[0,0],"ix":1},"s":{"a":0,"k":[100,100],"ix":3},"r":{"a":0,"k":0,"ix":6},"o":{"a":0,"k":100,"ix":7},"sk":{"a":0,"k":0,"ix":4},"sa":{"a":0,"k":0,"ix":5},"nm":"Transform"}],"nm":"Group 2","np":2,"cix":2,"bm":0,"ix":2,"mn":"ADBE Vector Group","hd":false}],"ip":0,"op":120,"st":0,"bm":0},{"ddd":0,"ind":16,"ty":4,"nm":"forearm_1","parent":15,"sr":1,"ks":{"o":{"a":0,"k":100,"ix":11},"r":{"a":1,"k":[{"i":{"x":[0.667],"y":[1]},"o":{"x":[0.167],"y":[0.167]},"t":8,"s":[0]},{"i":{"x":[0.667],"y":[1]},"o":{"x":[0.333],"y":[0]},"t":32,"s":[139]},{"t":58,"s":[0]}],"ix":10},"p":{"a":0,"k":[403.712,654.716,0],"ix":2},"a":{"a":0,"k":[403.712,654.716,0],"ix":1},"s":{"a":0,"k":[100,100,100],"ix":6}},"ao":0,"shapes":[{"ty":"gr","it":[{"ind":0,"ty":"sh","ix":1,"ks":{"a":0,"k":{"i":[[-5.089,3.73],[-0.055,0.053],[4.868,6.64],[6.98,-5.115],[0.339,-0.287],[-3.2,-6.139],[-0.448,-0.611],[-1.841,-0.994],[-0.025,-0.014]],"o":[[0.061,-0.044],[6.84,-5.142],[-4.917,-6.707],[-0.366,0.268],[-5.497,4.763],[0.333,0.656],[1.307,1.784],[0.026,0.019],[5.119,2.774]],"v":[[8.653,12.644],[8.821,12.508],[12.388,-8.759],[-9.147,-11.64],[-10.197,-10.806],[-14.056,7.87],[-12.882,9.763],[-8.087,13.948],[-8.01,13.98]],"c":true},"ix":2},"nm":"Path 1","mn":"ADBE Vector Shape - Group","hd":false},{"ty":"fl","c":{"a":0,"k":[0.46699999641,0.136999990426,0.255000005984,1],"ix":4},"o":{"a":0,"k":100,"ix":5},"r":1,"bm":0,"nm":"Fill 1","mn":"ADBE Vector Graphic - Fill","hd":false},{"ty":"tr","p":{"a":0,"k":[404.39,654.312],"ix":2},"a":{"a":0,"k":[0,0],"ix":1},"s":{"a":0,"k":[100,100],"ix":3},"r":{"a":0,"k":0,"ix":6},"o":{"a":0,"k":100,"ix":7},"sk":{"a":0,"k":0,"ix":4},"sa":{"a":0,"k":0,"ix":5},"nm":"Transform"}],"nm":"Group 1","np":2,"cix":2,"bm":0,"ix":1,"mn":"ADBE Vector Group","hd":false},{"ty":"gr","it":[{"ind":0,"ty":"sh","ix":1,"ks":{"a":0,"k":{"i":[[-4.641,3.701],[-18.471,19.457],[0.789,-0.71],[16.472,-26.879],[-1.384,-4.838],[-0.1,-0.27],[-0.38,-0.566],[-0.025,-0.006]],"o":[[37.795,-30.138],[-2.131,-7.696],[-14.853,15.319],[-5.059,8.255],[0.084,0.292],[0.287,0.594],[1.109,1.649],[5.85,4.576]],"v":[[-21.091,46.211],[46.997,-39.484],[31.766,-49.979],[-41.267,23.102],[-45.613,38.723],[-44.938,40.326],[-43.937,42.059],[-39.852,46.113]],"c":true},"ix":2},"nm":"Path 1","mn":"ADBE Vector Shape - Group","hd":false},{"ty":"fl","c":{"a":0,"k":[0.46699999641,0.136999990426,0.255000005984,1],"ix":4},"o":{"a":0,"k":100,"ix":5},"r":1,"bm":0,"nm":"Fill 1","mn":"ADBE Vector Graphic - Fill","hd":false},{"ty":"tr","p":{"a":0,"k":[434.334,620.394],"ix":2},"a":{"a":0,"k":[0,0],"ix":1},"s":{"a":0,"k":[100,100],"ix":3},"r":{"a":0,"k":0,"ix":6},"o":{"a":0,"k":100,"ix":7},"sk":{"a":0,"k":0,"ix":4},"sa":{"a":0,"k":0,"ix":5},"nm":"Transform"}],"nm":"Group 2","np":2,"cix":2,"bm":0,"ix":2,"mn":"ADBE Vector Group","hd":false}],"ip":0,"op":120,"st":0,"bm":0},{"ddd":0,"ind":17,"ty":4,"nm":"hand_1","parent":16,"sr":1,"ks":{"o":{"a":0,"k":100,"ix":11},"r":{"a":0,"k":0,"ix":10},"p":{"a":0,"k":[468.642,577.296,0],"ix":2},"a":{"a":0,"k":[468.642,577.296,0],"ix":1},"s":{"a":0,"k":[100,100,100],"ix":6}},"ao":0,"shapes":[{"ty":"gr","it":[{"ind":0,"ty":"sh","ix":1,"ks":{"a":0,"k":{"i":[[-0.06,-0.528],[-1.465,1.412],[0.394,-0.34],[0.729,-0.8]],"o":[[1.171,-1.691],[-0.421,0.311],[-0.812,0.704],[-0.352,0.386]],"v":[[14.933,-8.893],[19.06,-13.381],[17.835,-12.41],[15.446,-10.242]],"c":true},"ix":2},"nm":"Path 1","mn":"ADBE Vector Shape - Group","hd":false},{"ind":1,"ty":"sh","ix":2,"ks":{"a":0,"k":{"i":[[-1.765,1.955],[1.759,-1.962]],"o":[[-2.086,1.616],[1.984,-1.725]],"v":[[29.439,-23.226],[23.799,-17.723]],"c":true},"ix":2},"nm":"Path 2","mn":"ADBE Vector Shape - Group","hd":false},{"ind":2,"ty":"sh","ix":3,"ks":{"a":0,"k":{"i":[[-1.23,1.172],[1.924,-1.368],[0.361,-0.995],[-0.218,0.216],[-1.14,0.745]],"o":[[-1.948,1.33],[-0.858,0.61],[0.246,-0.189],[0.97,-0.955],[1.4,-0.914]],"v":[[23.068,-7.886],[17.229,-3.884],[15.43,-1.408],[16.11,-2.03],[19.177,-4.708]],"c":true},"ix":2},"nm":"Path 3","mn":"ADBE Vector Shape - Group","hd":false},{"ind":3,"ty":"sh","ix":4,"ks":{"a":0,"k":{"i":[[-0.901,0.673],[0.128,-0.064],[0.987,-0.851],[2.482,-2.64],[1.991,-2.075],[0.176,-0.222],[-0.115,-0.112],[-0.108,0.099],[-0.203,0.218],[-2.106,2.274],[-2.95,2.205]],"o":[[-0.183,-0.042],[-1.152,0.574],[-2.743,2.363],[-1.971,2.096],[-0.197,0.205],[-0.103,0.131],[0.12,0.117],[0.219,-0.203],[2.105,-2.276],[2.508,-2.709],[0.878,-0.657]],"v":[[27.989,-30.135],[27.55,-30.026],[24.306,-27.93],[16.441,-20.444],[10.45,-14.236],[9.885,-13.597],[9.912,-13.216],[10.244,-13.263],[10.899,-13.874],[17.207,-20.707],[25.332,-28.149]],"c":true},"ix":2},"nm":"Path 4","mn":"ADBE Vector Shape - Group","hd":false},{"ind":4,"ty":"sh","ix":5,"ks":{"a":0,"k":{"i":[[-0.02,-0.012],[-0.44,0.325],[-0.404,0.274],[-0.822,-0.845],[1.509,-0.893],[0.53,-0.476],[-0.467,-0.29],[0.095,-0.96],[0.534,-0.698],[2.508,-2.823],[0.072,-0.099],[-0.485,-0.38],[0.22,-0.884],[0.666,-1.046],[1.547,-1.928],[1.775,-1.782],[1.395,-1.442],[1.827,-1.9],[1.865,-1.35],[7.613,-1.179],[2.628,1.228],[-4.252,26.68],[-0.543,1.805],[-0.561,0.887],[-0.908,2.327],[-0.532,1.262],[-0.546,1.99],[-0.463,0.652],[-0.627,-0.21],[-0.339,-1.11],[0.487,-2.33],[0.198,-0.552],[1.093,-2.301],[0.246,-0.66],[-0.371,0.008],[-0.692,0.081],[-0.625,0.191],[-1.697,1.249],[-1.547,1.24],[-0.801,0.784],[-3.657,2.768],[-2.404,1.494],[-0.637,0.209],[-1.133,0.367],[-1.005,-0.218],[0.635,-1.471],[0.023,-0.052]],"o":[[0.439,-0.33],[0.396,-0.292],[1.525,-1.041],[1.094,1.126],[-0.596,0.353],[0.55,-0.122],[0.809,0.502],[-0.087,0.869],[-2.29,2.993],[-0.039,0.043],[0.654,-0.114],[0.633,0.495],[-0.299,1.199],[-1.322,2.077],[-1.578,1.964],[-1.416,1.421],[-1.833,1.895],[-17.676,15.236],[-6.948,4.96],[-2.894,-0.566],[-7.155,-4.799],[0.538,-1.806],[0.296,-0.986],[1.344,-2.128],[0.496,-1.274],[0.805,-1.909],[0.204,-0.74],[0.42,-0.593],[1.075,0.36],[0.666,2.169],[-0.121,0.574],[-0.854,2.378],[-0.308,0.65],[-0.138,0.37],[0.691,-0.015],[0.639,-0.075],[2.038,-0.623],[1.593,-1.173],[0.869,-0.697],[3.269,-3.204],[2.271,-1.719],[0.582,-0.362],[1.133,-0.372],[1.005,-0.325],[1.467,0.318],[-0.023,0.053],[0.021,0.012]],"v":[[33.381,-33.81],[34.695,-34.797],[35.924,-35.601],[39.776,-35.139],[38.977,-31.312],[37.286,-30.093],[38.829,-29.99],[39.781,-27.732],[38.69,-25.443],[31.584,-16.647],[31.443,-16.455],[33.166,-16.177],[33.885,-14.168],[32.247,-10.89],[27.989,-4.854],[22.865,0.679],[18.652,4.978],[13.172,10.68],[-14.106,29.15],[-28.951,37.206],[-33.715,35.484],[-21.59,-4.363],[-20.03,-9.793],[-18.632,-12.559],[-15.18,-19.21],[-13.602,-23.005],[-11.402,-28.805],[-10.4,-30.92],[-8.865,-31.493],[-6.669,-29.332],[-6.484,-22.569],[-7.047,-20.907],[-9.874,-13.858],[-10.595,-11.874],[-9.877,-10.78],[-7.802,-10.862],[-5.957,-11.531],[-0.631,-14.854],[4.099,-18.45],[6.563,-20.734],[16.662,-30.019],[23.733,-34.736],[25.591,-35.516],[28.977,-36.683],[32.002,-36.988],[33.387,-34.004],[33.318,-33.846]],"c":true},"ix":2},"nm":"Path 5","mn":"ADBE Vector Shape - Group","hd":false},{"ty":"mm","mm":1,"nm":"Merge Paths 1","mn":"ADBE Vector Filter - Merge","hd":false},{"ty":"fl","c":{"a":0,"k":[0.788000009574,0.54900004069,0.458999992819,1],"ix":4},"o":{"a":0,"k":100,"ix":5},"r":1,"bm":0,"nm":"Fill 1","mn":"ADBE Vector Graphic - Fill","hd":false},{"ty":"tr","p":{"a":0,"k":[496.25,549.233],"ix":2},"a":{"a":0,"k":[0,0],"ix":1},"s":{"a":0,"k":[100,100],"ix":3},"r":{"a":0,"k":0,"ix":6},"o":{"a":0,"k":100,"ix":7},"sk":{"a":0,"k":0,"ix":4},"sa":{"a":0,"k":0,"ix":5},"nm":"Transform"}],"nm":"Group 1","np":7,"cix":2,"bm":0,"ix":1,"mn":"ADBE Vector Group","hd":false}],"ip":0,"op":120,"st":0,"bm":0}],"markers":[]}