{"v":"5.6.6","fr":60,"ip":0,"op":268,"w":1300,"h":1100,"nm":"Bird Dog","ddd":0,"assets":[],"layers":[{"ddd":0,"ind":1,"ty":4,"nm":"arm","sr":1,"ks":{"o":{"a":0,"k":100,"ix":11},"r":{"a":1,"k":[{"i":{"x":[0.486],"y":[1]},"o":{"x":[0.333],"y":[0]},"t":136.592,"s":[0]},{"i":{"x":[0.667],"y":[1]},"o":{"x":[0.599],"y":[0]},"t":192.631,"s":[92]},{"t":244,"s":[0]}],"ix":10},"p":{"a":0,"k":[436.345,454.05,0],"ix":2},"a":{"a":0,"k":[399.539,259.895,0],"ix":1},"s":{"a":0,"k":[142,142,100],"ix":6}},"ao":0,"shapes":[{"ty":"gr","it":[{"ind":0,"ty":"sh","ix":1,"ks":{"a":0,"k":{"i":[[27,1],[3.373,-19.936],[-2.104,-7.014],[-2.193,-13.16],[-12.182,5.622],[1,15]],"o":[[-10.382,-0.384],[-1.47,8.685],[6,20],[1,6],[13,-6],[-1,-15]],"v":[[1.373,-75.092],[-25.145,-56.787],[-18.5,-14.515],[-14.5,47.485],[8.5,65.485],[21.5,-14.515]],"c":true},"ix":2},"nm":"Path 1","mn":"ADBE Vector Shape - Group","hd":false},{"ty":"fl","c":{"a":0,"k":[0.957000014361,0.819999964097,0.757000014361,1],"ix":4},"o":{"a":0,"k":100,"ix":5},"r":1,"bm":0,"nm":"Fill 1","mn":"ADBE Vector Graphic - Fill","hd":false},{"ty":"tr","p":{"a":0,"k":[401.5,311.515],"ix":2},"a":{"a":0,"k":[0,0],"ix":1},"s":{"a":0,"k":[100,100],"ix":3},"r":{"a":0,"k":0,"ix":6},"o":{"a":0,"k":100,"ix":7},"sk":{"a":0,"k":0,"ix":4},"sa":{"a":0,"k":0,"ix":5},"nm":"Transform"}],"nm":"Group 1","np":2,"cix":2,"bm":0,"ix":1,"mn":"ADBE Vector Group","hd":false}],"ip":0,"op":270,"st":0,"bm":0},{"ddd":0,"ind":2,"ty":4,"nm":"hand","parent":3,"sr":1,"ks":{"o":{"a":0,"k":100,"ix":11},"r":{"a":1,"k":[{"i":{"x":[0.486],"y":[1]},"o":{"x":[0.333],"y":[0]},"t":136.592,"s":[0]},{"i":{"x":[0.667],"y":[1]},"o":{"x":[0.599],"y":[0]},"t":192.631,"s":[-87]},{"t":244,"s":[0]}],"ix":10},"p":{"a":0,"k":[399.923,475.73,0],"ix":2},"a":{"a":0,"k":[399.923,475.73,0],"ix":1},"s":{"a":0,"k":[100,100,100],"ix":6}},"ao":0,"shapes":[{"ty":"gr","it":[{"ind":0,"ty":"sh","ix":1,"ks":{"a":1,"k":[{"i":{"x":0.486,"y":1},"o":{"x":0.333,"y":0},"t":136.592,"s":[{"i":[[6,1],[0.752,-3.905],[1.113,-1.204],[3.276,0],[9.767,-3.256],[-4,0],[-7,0],[-6,0],[-0.751,3.885]],"o":[[-4.067,-0.678],[-0.341,1.773],[-1.339,1.448],[-6,0],[-6,2],[4,0],[7,0],[6,0],[0.75,-3.885]],"v":[[33,-8.095],[22.752,-10],[20.699,-5.438],[14,-3.095],[-33,5.905],[-29,9.905],[-20,12.905],[25,13.905],[38.25,3.79]],"c":true}]},{"i":{"x":0.667,"y":1},"o":{"x":0.599,"y":0},"t":192.631,"s":[{"i":[[6,1],[5.893,0.597],[8.094,2.903],[-8.86,-3.28],[9.767,-3.256],[-4,0],[-7,0],[-6,0],[-0.751,3.885]],"o":[[-4.067,-0.678],[-1.946,-0.197],[-11.129,-3.992],[-6,0],[-6,2],[4,0],[7,0],[6,0],[0.75,-3.885]],"v":[[38.562,-3.103],[28.071,-3.75],[10.22,-6.89],[7.16,-2.497],[-33,5.905],[-29,9.905],[-20,12.905],[25,13.905],[38.25,3.79]],"c":true}]},{"t":244,"s":[{"i":[[6,1],[0.752,-3.905],[1.113,-1.204],[3.276,0],[9.767,-3.256],[-4,0],[-7,0],[-6,0],[-0.751,3.885]],"o":[[-4.067,-0.678],[-0.341,1.773],[-1.339,1.448],[-6,0],[-6,2],[4,0],[7,0],[6,0],[0.75,-3.885]],"v":[[33,-8.095],[22.752,-10],[20.699,-5.438],[14,-3.095],[-33,5.905],[-29,9.905],[-20,12.905],[25,13.905],[38.25,3.79]],"c":true}]}],"ix":2},"nm":"Path 1","mn":"ADBE Vector Shape - Group","hd":false},{"ty":"fl","c":{"a":0,"k":[0.957000014361,0.819999964097,0.757000014361,1],"ix":4},"o":{"a":0,"k":100,"ix":5},"r":1,"bm":0,"nm":"Fill 1","mn":"ADBE Vector Graphic - Fill","hd":false},{"ty":"tr","p":{"a":0,"k":[371,474.095],"ix":2},"a":{"a":0,"k":[0,0],"ix":1},"s":{"a":0,"k":[100,100],"ix":3},"r":{"a":0,"k":0,"ix":6},"o":{"a":0,"k":100,"ix":7},"sk":{"a":0,"k":0,"ix":4},"sa":{"a":0,"k":0,"ix":5},"nm":"Transform"}],"nm":"Group 1","np":2,"cix":2,"bm":0,"ix":1,"mn":"ADBE Vector Group","hd":false}],"ip":0,"op":270,"st":0,"bm":0},{"ddd":0,"ind":3,"ty":4,"nm":"forearm","parent":1,"sr":1,"ks":{"o":{"a":0,"k":100,"ix":11},"r":{"a":0,"k":0,"ix":10},"p":{"a":0,"k":[400.278,369.58,0],"ix":2},"a":{"a":0,"k":[400.278,369.58,0],"ix":1},"s":{"a":0,"k":[100,100,100],"ix":6}},"ao":0,"shapes":[{"ty":"gr","it":[{"ind":0,"ty":"sh","ix":1,"ks":{"a":0,"k":{"i":[[0,-8.284],[8.284,0],[0,8.284],[-8.284,0]],"o":[[0,8.284],[-8.284,0],[0,-8.284],[8.284,0]],"v":[[15,0],[0,15],[-15,0],[0,-15]],"c":true},"ix":2},"nm":"Path 1","mn":"ADBE Vector Shape - Group","hd":false},{"ty":"fl","c":{"a":0,"k":[0.957000014361,0.819999964097,0.757000014361,1],"ix":4},"o":{"a":0,"k":100,"ix":5},"r":1,"bm":0,"nm":"Fill 1","mn":"ADBE Vector Graphic - Fill","hd":false},{"ty":"tr","p":{"a":0,"k":[401,370],"ix":2},"a":{"a":0,"k":[0,0],"ix":1},"s":{"a":0,"k":[100,100],"ix":3},"r":{"a":0,"k":0,"ix":6},"o":{"a":0,"k":100,"ix":7},"sk":{"a":0,"k":0,"ix":4},"sa":{"a":0,"k":0,"ix":5},"nm":"Transform"}],"nm":"Group 1","np":2,"cix":2,"bm":0,"ix":1,"mn":"ADBE Vector Group","hd":false},{"ty":"gr","it":[{"ind":0,"ty":"sh","ix":1,"ks":{"a":0,"k":{"i":[[17,7],[3,-31],[-7,-26],[-10,-6],[-1,29]],"o":[[-4.624,-1.904],[-1.745,18.026],[7,26],[10,6],[1,-29]],"v":[[4,-60],[-17,-45],[-14,5],[-3,70],[12,24]],"c":true},"ix":2},"nm":"Path 1","mn":"ADBE Vector Shape - Group","hd":false},{"ty":"fl","c":{"a":0,"k":[0.957000014361,0.819999964097,0.757000014361,1],"ix":4},"o":{"a":0,"k":100,"ix":5},"r":1,"bm":0,"nm":"Fill 1","mn":"ADBE Vector Graphic - Fill","hd":false},{"ty":"tr","p":{"a":0,"k":[403,413],"ix":2},"a":{"a":0,"k":[0,0],"ix":1},"s":{"a":0,"k":[100,100],"ix":3},"r":{"a":0,"k":0,"ix":6},"o":{"a":0,"k":100,"ix":7},"sk":{"a":0,"k":0,"ix":4},"sa":{"a":0,"k":0,"ix":5},"nm":"Transform"}],"nm":"Group 2","np":2,"cix":2,"bm":0,"ix":2,"mn":"ADBE Vector Group","hd":false}],"ip":0,"op":270,"st":0,"bm":0},{"ddd":0,"ind":4,"ty":4,"nm":"hair","parent":6,"sr":1,"ks":{"o":{"a":0,"k":100,"ix":11},"r":{"a":0,"k":0,"ix":10},"p":{"a":0,"k":[323.502,223.073,0],"ix":2},"a":{"a":0,"k":[323.502,223.073,0],"ix":1},"s":{"a":0,"k":[100,100,100],"ix":6}},"ao":0,"shapes":[{"ty":"gr","it":[{"ind":0,"ty":"sh","ix":1,"ks":{"a":0,"k":{"i":[[1,-2],[4.341,2.303],[2.081,8.322],[-5,5],[0,0],[0,0],[-4,1],[-10,-2],[-9,-14],[0,-2],[12,7],[4.428,0],[-2,-5],[0,-3],[8.56,-3.424],[3.802,-1.632]],"o":[[-1.73,3.46],[-2.545,-1.35],[-4,-16],[1,-1],[0,0],[0,0],[4,-1],[10,2],[9,14],[0,2],[-3.761,-2.194],[-12.083,0],[2,5],[0,3],[-5,2],[-2.459,1.056]],"v":[[-26,27.848],[-28,32.848],[-37,17.848],[-29,-20.152],[-29,-24.152],[-21,-29.152],[-15,-30.152],[3,-33.152],[32,-18.152],[39,1.848],[29,4.848],[14,-2.152],[0,8.848],[5,19.848],[-7,20.848],[-21,23.848]],"c":true},"ix":2},"nm":"Path 1","mn":"ADBE Vector Shape - Group","hd":false},{"ty":"fl","c":{"a":0,"k":[0.301999978458,0.231000010173,0.187999994615,1],"ix":4},"o":{"a":0,"k":100,"ix":5},"r":1,"bm":0,"nm":"Fill 1","mn":"ADBE Vector Graphic - Fill","hd":false},{"ty":"tr","p":{"a":0,"k":[323,223.152],"ix":2},"a":{"a":0,"k":[0,0],"ix":1},"s":{"a":0,"k":[100,100],"ix":3},"r":{"a":0,"k":0,"ix":6},"o":{"a":0,"k":100,"ix":7},"sk":{"a":0,"k":0,"ix":4},"sa":{"a":0,"k":0,"ix":5},"nm":"Transform"}],"nm":"Group 1","np":2,"cix":2,"bm":0,"ix":1,"mn":"ADBE Vector Group","hd":false}],"ip":0,"op":270,"st":0,"bm":0},{"ddd":0,"ind":5,"ty":4,"nm":"head_shadow","parent":6,"sr":1,"ks":{"o":{"a":0,"k":100,"ix":11},"r":{"a":0,"k":0,"ix":10},"p":{"a":0,"k":[334.709,230.067,0],"ix":2},"a":{"a":0,"k":[334.709,230.067,0],"ix":1},"s":{"a":0,"k":[100,100,100],"ix":6}},"ao":0,"shapes":[{"ty":"gr","it":[{"ind":0,"ty":"sh","ix":1,"ks":{"a":0,"k":{"i":[[-2.196,-0.419],[-6.59,-1.257],[-1.234,-0.69],[0,0],[1.506,1.652],[3.159,0.148],[1.653,-1.506]],"o":[[0,0],[6.589,1.256],[1.234,0.691],[0,0],[-1.506,-1.653],[-3.159,-0.147],[-1.653,1.506]],"v":[[-10.983,0.917],[-4.099,-4.144],[9.748,4.415],[11.797,7.993],[11.673,3.872],[-2.027,-7.847],[-9.726,-5.672]],"c":true},"ix":2},"nm":"Path 1","mn":"ADBE Vector Shape - Group","hd":false},{"ty":"fl","c":{"a":0,"k":[0.902000038297,0.752999997606,0.681999954523,1],"ix":4},"o":{"a":0,"k":100,"ix":5},"r":1,"bm":0,"nm":"Fill 1","mn":"ADBE Vector Graphic - Fill","hd":false},{"ty":"tr","p":{"a":0,"k":[334.522,230.002],"ix":2},"a":{"a":0,"k":[0,0],"ix":1},"s":{"a":0,"k":[100,100],"ix":3},"r":{"a":0,"k":0,"ix":6},"o":{"a":0,"k":100,"ix":7},"sk":{"a":0,"k":0,"ix":4},"sa":{"a":0,"k":0,"ix":5},"nm":"Transform"}],"nm":"Group 1","np":2,"cix":2,"bm":0,"ix":1,"mn":"ADBE Vector Group","hd":false}],"ip":0,"op":270,"st":0,"bm":0},{"ddd":0,"ind":6,"ty":4,"nm":"head","parent":13,"sr":1,"ks":{"o":{"a":0,"k":100,"ix":11},"r":{"a":0,"k":0,"ix":10},"p":{"a":0,"k":[328,235.079,0],"ix":2},"a":{"a":0,"k":[328,235.079,0],"ix":1},"s":{"a":0,"k":[100,100,100],"ix":6}},"ao":0,"shapes":[{"ty":"gr","it":[{"ind":0,"ty":"sh","ix":1,"ks":{"a":0,"k":{"i":[[-4,-3],[-8,0],[-3.536,-3.536],[-3,-2],[-0.95,1.9],[-1.151,0],[-5.03,0.838],[0,9],[0,0],[0,0],[0,0]],"o":[[0,0],[8,0],[1,1],[1.068,0.712],[1,-2],[6,0],[6,-1],[0,-9],[0,0],[0,0],[0,0]],"v":[[-35,15.144],[-14,30.144],[1,36.144],[7,41.144],[10,38.144],[13,36.144],[34,39.144],[42,17.144],[25.899,-25.552],[-11,-41.856],[-42,-7.856]],"c":true},"ix":2},"nm":"Path 1","mn":"ADBE Vector Shape - Group","hd":false},{"ty":"fl","c":{"a":0,"k":[0.957000014361,0.819999964097,0.757000014361,1],"ix":4},"o":{"a":0,"k":100,"ix":5},"r":1,"bm":0,"nm":"Fill 1","mn":"ADBE Vector Graphic - Fill","hd":false},{"ty":"tr","p":{"a":0,"k":[328,236.856],"ix":2},"a":{"a":0,"k":[0,0],"ix":1},"s":{"a":0,"k":[100,100],"ix":3},"r":{"a":0,"k":0,"ix":6},"o":{"a":0,"k":100,"ix":7},"sk":{"a":0,"k":0,"ix":4},"sa":{"a":0,"k":0,"ix":5},"nm":"Transform"}],"nm":"Group 1","np":2,"cix":2,"bm":0,"ix":1,"mn":"ADBE Vector Group","hd":false},{"ty":"gr","it":[{"ind":0,"ty":"sh","ix":1,"ks":{"a":0,"k":{"i":[[0,-19.882],[19.882,0],[0,19.882],[-19.882,0]],"o":[[0,19.882],[-19.882,0],[0,-19.882],[19.882,0]],"v":[[36,0],[0,36],[-36,0],[0,-36]],"c":true},"ix":2},"nm":"Path 1","mn":"ADBE Vector Shape - Group","hd":false},{"ty":"fl","c":{"a":0,"k":[0.957000014361,0.855000035903,0.757000014361,1],"ix":4},"o":{"a":0,"k":100,"ix":5},"r":1,"bm":0,"nm":"Fill 1","mn":"ADBE Vector Graphic - Fill","hd":false},{"ty":"tr","p":{"a":0,"k":[322,228],"ix":2},"a":{"a":0,"k":[0,0],"ix":1},"s":{"a":0,"k":[100,100],"ix":3},"r":{"a":0,"k":0,"ix":6},"o":{"a":0,"k":100,"ix":7},"sk":{"a":0,"k":0,"ix":4},"sa":{"a":0,"k":0,"ix":5},"nm":"Transform"}],"nm":"Group 2","np":2,"cix":2,"bm":0,"ix":2,"mn":"ADBE Vector Group","hd":false}],"ip":0,"op":270,"st":0,"bm":0},{"ddd":0,"ind":7,"ty":4,"nm":"body_skin_1","sr":1,"ks":{"o":{"a":0,"k":100,"ix":11},"r":{"a":0,"k":0,"ix":10},"p":{"a":0,"k":[477.91,440.576,0],"ix":2},"a":{"a":0,"k":[428.81,250.406,0],"ix":1},"s":{"a":0,"k":[142,142,100],"ix":6}},"ao":0,"shapes":[{"ty":"gr","it":[{"ind":0,"ty":"sh","ix":1,"ks":{"a":0,"k":{"i":[[0,0],[-6,9],[14,5],[9,1],[8.804,-11.131],[0,0]],"o":[[0,0],[6,-9],[-14,-5],[-9,-1],[-8.805,11.13],[0,0]],"v":[[-11.569,39.854],[23,17.407],[39,-30.593],[-3,-34.593],[-44.195,-28.723],[-42.434,-0.94]],"c":true},"ix":2},"nm":"Path 1","mn":"ADBE Vector Shape - Group","hd":false},{"ty":"fl","c":{"a":0,"k":[0.957000014361,0.819999964097,0.757000014361,1],"ix":4},"o":{"a":0,"k":100,"ix":5},"r":1,"bm":0,"nm":"Fill 1","mn":"ADBE Vector Graphic - Fill","hd":false},{"ty":"tr","p":{"a":0,"k":[431,248.593],"ix":2},"a":{"a":0,"k":[0,0],"ix":1},"s":{"a":0,"k":[100,100],"ix":3},"r":{"a":0,"k":0,"ix":6},"o":{"a":0,"k":100,"ix":7},"sk":{"a":0,"k":0,"ix":4},"sa":{"a":0,"k":0,"ix":5},"nm":"Transform"}],"nm":"Group 1","np":2,"cix":2,"bm":0,"ix":1,"mn":"ADBE Vector Group","hd":false}],"ip":0,"op":270,"st":0,"bm":0},{"ddd":0,"ind":8,"ty":4,"nm":"top","sr":1,"ks":{"o":{"a":0,"k":100,"ix":11},"r":{"a":0,"k":0,"ix":10},"p":{"a":0,"k":[491.397,453.151,0],"ix":2},"a":{"a":0,"k":[438.308,259.261,0],"ix":1},"s":{"a":0,"k":[142,142,100],"ix":6}},"ao":0,"shapes":[{"ty":"gr","it":[{"ind":0,"ty":"sh","ix":1,"ks":{"a":0,"k":{"i":[[-3.74,0.43],[0.47,0.05],[8,-2],[13,6],[7.46,10.73],[0,0],[-5,-1],[-5,1]],"o":[[-1.07,3.66],[0,0],[-8,2],[-7.9,-3.65],[0,0],[0,0],[5,1],[4.38,-0.88]],"v":[[35.58,6.235],[33.2,12.015],[22.2,14.015],[-13.8,9.015],[-35.58,-16.015],[-31.8,-14.985],[-8.8,6.015],[16.2,9.015]],"c":true},"ix":2},"nm":"Path 1","mn":"ADBE Vector Shape - Group","hd":false},{"ty":"fl","c":{"a":0,"k":[0.430999995213,0.234999997008,0.4,1],"ix":4},"o":{"a":0,"k":100,"ix":5},"r":1,"bm":0,"nm":"Fill 1","mn":"ADBE Vector Graphic - Fill","hd":false},{"ty":"tr","p":{"a":0,"k":[445.8,291.985],"ix":2},"a":{"a":0,"k":[0,0],"ix":1},"s":{"a":0,"k":[100,100],"ix":3},"r":{"a":0,"k":0,"ix":6},"o":{"a":0,"k":100,"ix":7},"sk":{"a":0,"k":0,"ix":4},"sa":{"a":0,"k":0,"ix":5},"nm":"Transform"}],"nm":"Group 1","np":2,"cix":2,"bm":0,"ix":1,"mn":"ADBE Vector Group","hd":false},{"ty":"gr","it":[{"ind":0,"ty":"sh","ix":1,"ks":{"a":0,"k":{"i":[[5.25,-17.92],[0.47,0.05],[8,-2],[13,6],[7.46,10.73],[6.37,5.1],[-2.93,6.59],[-18.83,0.4],[-1.12,-3.7]],"o":[[-1.07,3.66],[0,0],[-8,2],[-7.9,-3.65],[-4.82,-6.92],[-16.21,-13],[4,-9],[18.84,-0.4],[0.95,3.17]],"v":[[43.915,38.62],[41.535,44.4],[30.535,46.4],[-5.465,41.4],[-27.245,16.37],[-43.685,-2.6],[-55.465,-38.6],[5.365,-48],[58.945,-36.08]],"c":true},"ix":2},"nm":"Path 1","mn":"ADBE Vector Shape - Group","hd":false},{"ty":"fl","c":{"a":0,"k":[0.501999978458,0.275,0.46699999641,1],"ix":4},"o":{"a":0,"k":100,"ix":5},"r":1,"bm":0,"nm":"Fill 1","mn":"ADBE Vector Graphic - Fill","hd":false},{"ty":"tr","p":{"a":0,"k":[437.465,259.6],"ix":2},"a":{"a":0,"k":[0,0],"ix":1},"s":{"a":0,"k":[100,100],"ix":3},"r":{"a":0,"k":0,"ix":6},"o":{"a":0,"k":100,"ix":7},"sk":{"a":0,"k":0,"ix":4},"sa":{"a":0,"k":0,"ix":5},"nm":"Transform"}],"nm":"Group 2","np":2,"cix":2,"bm":0,"ix":2,"mn":"ADBE Vector Group","hd":false}],"ip":0,"op":270,"st":0,"bm":0},{"ddd":0,"ind":9,"ty":4,"nm":"thigh","sr":1,"ks":{"o":{"a":0,"k":100,"ix":11},"r":{"a":1,"k":[{"i":{"x":[0.437],"y":[1]},"o":{"x":[0.333],"y":[0]},"t":7,"s":[0]},{"i":{"x":[0.667],"y":[1]},"o":{"x":[0.589],"y":[0]},"t":71.211,"s":[-101]},{"t":136.591796875,"s":[0]}],"ix":10},"p":{"a":1,"k":[{"i":{"x":0.437,"y":1},"o":{"x":0.333,"y":0},"t":7,"s":[732.755,528.038,0],"to":[1.25,-6.917,0],"ti":[0,0,0]},{"i":{"x":0.667,"y":1},"o":{"x":0.589,"y":0},"t":71.211,"s":[740.255,486.538,0],"to":[0,0,0],"ti":[1.25,-6.917,0]},{"t":136.591796875,"s":[732.755,528.038,0]}],"ix":2},"a":{"a":0,"k":[608.278,311.999,0],"ix":1},"s":{"a":0,"k":[142,142,100],"ix":6}},"ao":0,"shapes":[{"ty":"gr","it":[{"ind":0,"ty":"sh","ix":1,"ks":{"a":0,"k":{"i":[[0,-13.255],[13.255,0],[0,13.255],[-13.255,0]],"o":[[0,13.255],[-13.255,0],[0,-13.255],[13.255,0]],"v":[[24,0],[0,24],[-24,0],[0,-24]],"c":true},"ix":2},"nm":"Path 1","mn":"ADBE Vector Shape - Group","hd":false},{"ty":"fl","c":{"a":0,"k":[0.128999986836,0.090000002992,0.125,1],"ix":4},"o":{"a":0,"k":100,"ix":5},"r":1,"bm":0,"nm":"Fill 1","mn":"ADBE Vector Graphic - Fill","hd":false},{"ty":"tr","p":{"a":0,"k":[612,457],"ix":2},"a":{"a":0,"k":[0,0],"ix":1},"s":{"a":0,"k":[100,100],"ix":3},"r":{"a":0,"k":0,"ix":6},"o":{"a":0,"k":100,"ix":7},"sk":{"a":0,"k":0,"ix":4},"sa":{"a":0,"k":0,"ix":5},"nm":"Transform"}],"nm":"Group 1","np":2,"cix":2,"bm":0,"ix":1,"mn":"ADBE Vector Group","hd":false},{"ty":"gr","it":[{"ind":0,"ty":"sh","ix":1,"ks":{"a":0,"k":{"i":[[14.491,-10.573],[13,29],[-7.843,23.749],[-13,-1],[3,-48],[0,-11.045]],"o":[[-5.293,3.862],[-13,-29],[7.843,-23.749],[13,1],[-3,48],[0,21]],"v":[[22.335,90.427],[-18.157,80],[-32,-76.251],[3.843,-107],[36.843,-61],[25.843,37]],"c":true},"ix":2},"nm":"Path 1","mn":"ADBE Vector Shape - Group","hd":false},{"ty":"fl","c":{"a":0,"k":[0.128999986836,0.090000002992,0.125,1],"ix":4},"o":{"a":0,"k":100,"ix":5},"r":1,"bm":0,"nm":"Fill 1","mn":"ADBE Vector Graphic - Fill","hd":false},{"ty":"tr","p":{"a":0,"k":[606.157,384],"ix":2},"a":{"a":0,"k":[0,0],"ix":1},"s":{"a":0,"k":[100,100],"ix":3},"r":{"a":0,"k":0,"ix":6},"o":{"a":0,"k":100,"ix":7},"sk":{"a":0,"k":0,"ix":4},"sa":{"a":0,"k":0,"ix":5},"nm":"Transform"}],"nm":"Group 2","np":2,"cix":2,"bm":0,"ix":2,"mn":"ADBE Vector Group","hd":false},{"ty":"gr","it":[{"ind":0,"ty":"sh","ix":1,"ks":{"a":0,"k":{"i":[[0,-18.778],[18.777,0],[0,18.778],[-18.777,0]],"o":[[0,18.778],[-18.777,0],[0,-18.778],[18.777,0]],"v":[[34,0],[0,34],[-34,0],[0,-34]],"c":true},"ix":2},"nm":"Path 1","mn":"ADBE Vector Shape - Group","hd":false},{"ty":"fl","c":{"a":0,"k":[0.128999986836,0.090000002992,0.125,1],"ix":4},"o":{"a":0,"k":100,"ix":5},"r":1,"bm":0,"nm":"Fill 1","mn":"ADBE Vector Graphic - Fill","hd":false},{"ty":"tr","p":{"a":0,"k":[608,311],"ix":2},"a":{"a":0,"k":[0,0],"ix":1},"s":{"a":0,"k":[100,100],"ix":3},"r":{"a":0,"k":0,"ix":6},"o":{"a":0,"k":100,"ix":7},"sk":{"a":0,"k":0,"ix":4},"sa":{"a":0,"k":0,"ix":5},"nm":"Transform"}],"nm":"Group 3","np":2,"cix":2,"bm":0,"ix":3,"mn":"ADBE Vector Group","hd":false}],"ip":0,"op":270,"st":0,"bm":0},{"ddd":0,"ind":10,"ty":4,"nm":"hips","sr":1,"ks":{"o":{"a":0,"k":100,"ix":11},"r":{"a":1,"k":[{"i":{"x":[0.437],"y":[1]},"o":{"x":[0.333],"y":[0]},"t":7,"s":[0]},{"i":{"x":[0.667],"y":[1]},"o":{"x":[0.589],"y":[0]},"t":71.211,"s":[-5]},{"i":{"x":[0.256],"y":[1]},"o":{"x":[0.167],"y":[0]},"t":136.592,"s":[0]},{"i":{"x":[0.667],"y":[1]},"o":{"x":[0.855],"y":[0]},"t":192.631,"s":[-5]},{"t":254,"s":[0]}],"ix":10},"p":{"a":1,"k":[{"i":{"x":0.437,"y":1},"o":{"x":0.333,"y":0},"t":7,"s":[713.168,483.675,0],"to":[1.083,-0.583,0],"ti":[0,0,0]},{"i":{"x":0.667,"y":1},"o":{"x":0.589,"y":0},"t":71.211,"s":[719.668,480.175,0],"to":[0,0,0],"ti":[0,0,0]},{"i":{"x":0.256,"y":1},"o":{"x":0.167,"y":0},"t":136.592,"s":[713.168,483.675,0],"to":[0,0,0],"ti":[0,0,0]},{"i":{"x":0.667,"y":1},"o":{"x":0.855,"y":0},"t":192.631,"s":[719.668,480.175,0],"to":[0,0,0],"ti":[1.083,-0.583,0]},{"t":254,"s":[713.168,483.675,0]}],"ix":2},"a":{"a":0,"k":[594.485,280.757,0],"ix":1},"s":{"a":0,"k":[142,142,100],"ix":6}},"ao":0,"shapes":[{"ty":"gr","it":[{"ind":0,"ty":"sh","ix":1,"ks":{"a":0,"k":{"i":[[-3.352,4.215],[-10.642,1.935],[-16.662,-18.745],[13.815,-17.296],[10.594,1.266],[6,3],[-1.107,2.288],[-2.626,16.108]],"o":[[0,0],[11,-2],[16,18],[-5.357,6.707],[-20.08,-2.401],[-1.676,-0.838],[2.629,-5.432],[3.732,-22.893]],"v":[[-35.689,-47.398],[-19.53,-49.18],[36.47,-33.18],[42.47,33.82],[10.876,37.554],[-53.53,25.82],[-53.53,22.82],[-40.567,-10.232]],"c":true},"ix":2},"nm":"Path 1","mn":"ADBE Vector Shape - Group","hd":false},{"ty":"fl","c":{"a":0,"k":[0.128999986836,0.090000002992,0.125,1],"ix":4},"o":{"a":0,"k":100,"ix":5},"r":1,"bm":0,"nm":"Fill 1","mn":"ADBE Vector Graphic - Fill","hd":false},{"ty":"tr","p":{"a":0,"k":[596.53,284.18],"ix":2},"a":{"a":0,"k":[0,0],"ix":1},"s":{"a":0,"k":[100,100],"ix":3},"r":{"a":0,"k":0,"ix":6},"o":{"a":0,"k":100,"ix":7},"sk":{"a":0,"k":0,"ix":4},"sa":{"a":0,"k":0,"ix":5},"nm":"Transform"}],"nm":"Group 1","np":2,"cix":2,"bm":0,"ix":1,"mn":"ADBE Vector Group","hd":false}],"ip":0,"op":270,"st":0,"bm":0},{"ddd":0,"ind":11,"ty":4,"nm":"body_shadow","sr":1,"ks":{"o":{"a":0,"k":100,"ix":11},"r":{"a":0,"k":0,"ix":10},"p":{"a":0,"k":[599.995,517.153,0],"ix":2},"a":{"a":0,"k":[514.785,304.333,0],"ix":1},"s":{"a":0,"k":[142,142,100],"ix":6}},"ao":0,"shapes":[{"ty":"gr","it":[{"ind":0,"ty":"sh","ix":1,"ks":{"a":0,"k":{"i":[[-8.68,-0.31],[0,0],[11,3],[8.321,0.16],[1.469,0.09],[1.17,0.07],[5.271,-0.17],[0,0],[-5.84,0.38],[-5.791,-0.17],[-3.39,-0.78],[-1.41,-0.23],[-0.87,-0.12]],"o":[[0,0],[0,0],[-7.06,-1.92],[-1.349,0.19],[-1.25,-0.08],[-9.21,-0.48],[0,0],[0,0],[4.93,-0.33],[4.48,0.12],[1.09,0.25],[0.79,0.12],[12.18,1.64]],"v":[[42.785,-1.415],[38.215,6.725],[18.215,2.725],[-10.066,0.065],[-14.285,0.225],[-17.925,0.015],[-39.236,-0.365],[-42.785,-5.275],[-32.765,-6.135],[-15.945,-6.555],[-3.785,-5.275],[-0.015,-4.555],[2.485,-4.195]],"c":true},"ix":2},"nm":"Path 1","mn":"ADBE Vector Shape - Group","hd":false},{"ty":"fl","c":{"a":0,"k":[0.902000038297,0.752999997606,0.681999954523,1],"ix":4},"o":{"a":0,"k":100,"ix":5},"r":1,"bm":0,"nm":"Fill 1","mn":"ADBE Vector Graphic - Fill","hd":false},{"ty":"tr","p":{"a":0,"k":[514.785,304.275],"ix":2},"a":{"a":0,"k":[0,0],"ix":1},"s":{"a":0,"k":[100,100],"ix":3},"r":{"a":0,"k":0,"ix":6},"o":{"a":0,"k":100,"ix":7},"sk":{"a":0,"k":0,"ix":4},"sa":{"a":0,"k":0,"ix":5},"nm":"Transform"}],"nm":"Group 1","np":2,"cix":2,"bm":0,"ix":1,"mn":"ADBE Vector Group","hd":false}],"ip":0,"op":270,"st":0,"bm":0},{"ddd":0,"ind":12,"ty":4,"nm":"neck_shadow","parent":13,"sr":1,"ks":{"o":{"a":0,"k":100,"ix":11},"r":{"a":0,"k":0,"ix":10},"p":{"a":0,"k":[367.315,232.577,0],"ix":2},"a":{"a":0,"k":[367.315,232.577,0],"ix":1},"s":{"a":0,"k":[100,100,100],"ix":6}},"ao":0,"shapes":[{"ty":"gr","it":[{"ind":0,"ty":"sh","ix":1,"ks":{"a":0,"k":{"i":[[0,0],[2.73,-0.06],[1.48,-0.11],[0.32,-0.02],[2.78,0.63],[0,0],[0,0],[-5.33,-1.73],[-2.31,-4.13],[-1.18,-1.92]],"o":[[-2.23,-0.07],[-1.33,0.03],[-0.33,0.02],[-3.84,0.22],[0,0],[0,0],[1.57,0.28],[2.31,7.5],[0.82,1.46],[0,0]],"v":[[19.315,23.245],[11.905,23.155],[7.685,23.355],[6.705,23.425],[-3.205,22.795],[-19.315,-23.645],[-18.765,-23.645],[-7.195,-19.965],[2.685,8.355],[5.795,13.585]],"c":true},"ix":2},"nm":"Path 1","mn":"ADBE Vector Shape - Group","hd":false},{"ty":"fl","c":{"a":0,"k":[0.902000038297,0.752999997606,0.681999954523,1],"ix":4},"o":{"a":0,"k":100,"ix":5},"r":1,"bm":0,"nm":"Fill 1","mn":"ADBE Vector Graphic - Fill","hd":false},{"ty":"tr","p":{"a":0,"k":[367.315,232.645],"ix":2},"a":{"a":0,"k":[0,0],"ix":1},"s":{"a":0,"k":[100,100],"ix":3},"r":{"a":0,"k":0,"ix":6},"o":{"a":0,"k":100,"ix":7},"sk":{"a":0,"k":0,"ix":4},"sa":{"a":0,"k":0,"ix":5},"nm":"Transform"}],"nm":"Group 1","np":2,"cix":2,"bm":0,"ix":1,"mn":"ADBE Vector Group","hd":false}],"ip":0,"op":270,"st":0,"bm":0},{"ddd":0,"ind":13,"ty":4,"nm":"neck_skin","sr":1,"ks":{"o":{"a":0,"k":100,"ix":11},"r":{"a":1,"k":[{"i":{"x":[0.667],"y":[1]},"o":{"x":[0.333],"y":[0]},"t":7,"s":[0]},{"i":{"x":[0.667],"y":[1]},"o":{"x":[0.333],"y":[0]},"t":71.211,"s":[14]},{"i":{"x":[0.486],"y":[1]},"o":{"x":[0.333],"y":[0]},"t":136.592,"s":[0]},{"i":{"x":[0.667],"y":[1]},"o":{"x":[0.599],"y":[0]},"t":192.631,"s":[14]},{"t":254,"s":[0]}],"ix":10},"p":{"a":0,"k":[421.636,419.331,0],"ix":2},"a":{"a":0,"k":[389.18,235.444,0],"ix":1},"s":{"a":0,"k":[142,142,100],"ix":6}},"ao":0,"shapes":[{"ty":"gr","it":[{"ind":0,"ty":"sh","ix":1,"ks":{"a":0,"k":{"i":[[11.521,-8.29],[6.28,0.19],[2.73,-0.06],[1.48,-0.11],[0.32,-0.02],[2.78,0.63],[1.35,4.71],[-8,8],[-0.309,-0.05],[-5.33,-1.73],[-4.03,0],[-1,-1],[-2.06,-6.63]],"o":[[-4.88,3.5],[-2.23,-0.07],[-1.33,0.03],[-0.33,0.02],[-3.84,0.22],[-6.16,-1.39],[-2,-7],[0.06,-0.06],[1.57,0.28],[6.44,2.11],[8,0],[1,1],[2.06,6.63]],"v":[[25.475,20.025],[9.634,23.275],[2.225,23.185],[-1.995,23.385],[-2.975,23.455],[-12.885,22.825],[-23.995,13.385],[-28.995,-23.615],[-28.445,-23.615],[-16.875,-19.935],[1.005,-15.615],[18.005,-15.615],[29.944,-6.245]],"c":true},"ix":2},"nm":"Path 1","mn":"ADBE Vector Shape - Group","hd":false},{"ty":"fl","c":{"a":0,"k":[0.957000014361,0.819999964097,0.757000014361,1],"ix":4},"o":{"a":0,"k":100,"ix":5},"r":1,"bm":0,"nm":"Fill 1","mn":"ADBE Vector Graphic - Fill","hd":false},{"ty":"tr","p":{"a":0,"k":[376.995,232.615],"ix":2},"a":{"a":0,"k":[0,0],"ix":1},"s":{"a":0,"k":[100,100],"ix":3},"r":{"a":0,"k":0,"ix":6},"o":{"a":0,"k":100,"ix":7},"sk":{"a":0,"k":0,"ix":4},"sa":{"a":0,"k":0,"ix":5},"nm":"Transform"}],"nm":"Group 1","np":2,"cix":2,"bm":0,"ix":1,"mn":"ADBE Vector Group","hd":false},{"ty":"gr","it":[{"ind":0,"ty":"sh","ix":1,"ks":{"a":0,"k":{"i":[[0,-11.046],[11.046,0],[0,11.046],[-11.046,0]],"o":[[0,11.046],[-11.046,0],[0,-11.046],[11.046,0]],"v":[[20,0],[0,20],[-20,0],[0,-20]],"c":true},"ix":2},"nm":"Path 1","mn":"ADBE Vector Shape - Group","hd":false},{"ty":"fl","c":{"a":0,"k":[0.957000014361,0.855000035903,0.757000014361,1],"ix":4},"o":{"a":0,"k":100,"ix":5},"r":1,"bm":0,"nm":"Fill 1","mn":"ADBE Vector Graphic - Fill","hd":false},{"ty":"tr","p":{"a":0,"k":[390,237],"ix":2},"a":{"a":0,"k":[0,0],"ix":1},"s":{"a":0,"k":[100,100],"ix":3},"r":{"a":0,"k":0,"ix":6},"o":{"a":0,"k":100,"ix":7},"sk":{"a":0,"k":0,"ix":4},"sa":{"a":0,"k":0,"ix":5},"nm":"Transform"}],"nm":"Group 2","np":2,"cix":2,"bm":0,"ix":2,"mn":"ADBE Vector Group","hd":false}],"ip":0,"op":270,"st":0,"bm":0},{"ddd":0,"ind":14,"ty":4,"nm":"tail","parent":4,"sr":1,"ks":{"o":{"a":0,"k":100,"ix":11},"r":{"a":0,"k":0,"ix":10},"p":{"a":0,"k":[332.434,198.303,0],"ix":2},"a":{"a":0,"k":[332.434,198.303,0],"ix":1},"s":{"a":0,"k":[100,100,100],"ix":6}},"ao":0,"shapes":[{"ty":"gr","it":[{"ind":0,"ty":"sh","ix":1,"ks":{"a":0,"k":{"i":[[7.35,0.79],[2.14,0],[0.31,-1.15],[-0.54,1.61],[-10,-9]],"o":[[-7.25,-3.75],[-3.47,0],[-0.68,-0.88],[1,-3],[4.51,4.06]],"v":[[5.225,5.94],[-10.485,-0.73],[-16.725,1.08],[-17.485,-2.73],[13.515,2.27]],"c":true},"ix":2},"nm":"Path 1","mn":"ADBE Vector Shape - Group","hd":false},{"ty":"fl","c":{"a":0,"k":[0.258999992819,0.184000007779,0.141000007181,1],"ix":4},"o":{"a":0,"k":100,"ix":5},"r":1,"bm":0,"nm":"Fill 1","mn":"ADBE Vector Graphic - Fill","hd":false},{"ty":"tr","p":{"a":0,"k":[317.485,189.73],"ix":2},"a":{"a":0,"k":[0,0],"ix":1},"s":{"a":0,"k":[100,100],"ix":3},"r":{"a":0,"k":0,"ix":6},"o":{"a":0,"k":100,"ix":7},"sk":{"a":0,"k":0,"ix":4},"sa":{"a":0,"k":0,"ix":5},"nm":"Transform"}],"nm":"Group 1","np":2,"cix":2,"bm":0,"ix":1,"mn":"ADBE Vector Group","hd":false},{"ty":"gr","it":[{"ind":0,"ty":"sh","ix":1,"ks":{"a":0,"k":{"i":[[0,0],[0,0],[13.12,6.79],[2.14,0],[0.31,-1.15],[-2.53,-1.27],[0,0],[-1,9],[-16,-4],[-8,-11]],"o":[[0,0],[0,0],[-7.25,-3.75],[-3.47,0],[-0.22,0.83],[6,3],[0,0],[1,-9],[16,4],[8,11]],"v":[[41,25],[20,15],[-9.29,-1.33],[-25,-8],[-31.24,-6.19],[-28,-3],[-36,2],[-40,-11],[-16,-21],[30,4]],"c":true},"ix":2},"nm":"Path 1","mn":"ADBE Vector Shape - Group","hd":false},{"ty":"fl","c":{"a":0,"k":[0.301999978458,0.231000010173,0.187999994615,1],"ix":4},"o":{"a":0,"k":100,"ix":5},"r":1,"bm":0,"nm":"Fill 1","mn":"ADBE Vector Graphic - Fill","hd":false},{"ty":"tr","p":{"a":0,"k":[332,197],"ix":2},"a":{"a":0,"k":[0,0],"ix":1},"s":{"a":0,"k":[100,100],"ix":3},"r":{"a":0,"k":0,"ix":6},"o":{"a":0,"k":100,"ix":7},"sk":{"a":0,"k":0,"ix":4},"sa":{"a":0,"k":0,"ix":5},"nm":"Transform"}],"nm":"Group 2","np":2,"cix":2,"bm":0,"ix":2,"mn":"ADBE Vector Group","hd":false}],"ip":0,"op":270,"st":0,"bm":0},{"ddd":0,"ind":15,"ty":4,"nm":"hand_1","parent":16,"sr":1,"ks":{"o":{"a":0,"k":100,"ix":11},"r":{"a":1,"k":[{"i":{"x":[0.437],"y":[1]},"o":{"x":[0.333],"y":[0]},"t":7,"s":[0]},{"i":{"x":[0.667],"y":[1]},"o":{"x":[0.589],"y":[0]},"t":71.211,"s":[-86]},{"t":136.591796875,"s":[0]}],"ix":10},"p":{"a":0,"k":[425.934,449.664,0],"ix":2},"a":{"a":0,"k":[425.934,449.664,0],"ix":1},"s":{"a":0,"k":[100,100,100],"ix":6}},"ao":0,"shapes":[{"ty":"gr","it":[{"ind":0,"ty":"sh","ix":1,"ks":{"a":1,"k":[{"i":{"x":0.437,"y":1},"o":{"x":0.333,"y":0},"t":7,"s":[{"i":[[4.614,0.849],[0.578,-3.314],[4.614,0],[8.284,-1.781],[3.625,-1.046],[0.913,-0.336],[-3.076,0],[-5.383,0],[-4.614,0],[-0.578,3.297]],"o":[[-3.128,-0.575],[-0.578,3.314],[-2.532,0],[-4.977,1.07],[-1.337,0.386],[-4.614,1.697],[3.075,0],[5.382,0],[4.614,0],[0.577,-3.297]],"v":[[25.377,-6.87],[17.496,-8.487],[10.766,-2.626],[-8.424,0.623],[-21.969,3.923],[-25.377,5.012],[-22.301,8.407],[-15.38,10.953],[19.225,11.801],[29.414,3.217]],"c":true}]},{"i":{"x":0.667,"y":1},"o":{"x":0.589,"y":0},"t":71.211,"s":[{"i":[[4.379,1.683],[3.191,-3.126],[4.614,0],[7.242,0.695],[0.402,-1.79],[1.025,-0.377],[-3.076,0],[-5.138,-1.605],[-4.614,0],[-0.578,3.297]],"o":[[-18.181,-6.989],[-2.403,2.354],[-2.642,0],[-6.106,-0.586],[0.026,0.179],[-4.614,1.697],[3.075,0],[4.787,1.495],[4.614,0],[0.577,-3.297]],"v":[[30.04,-2.121],[6.006,-16.832],[10.539,-3.751],[-9.402,-3.879],[-16.589,-1.676],[-19.538,-1.248],[-17.146,2.719],[-11.048,7.228],[23.831,12.477],[34.287,6.787]],"c":true}]},{"t":136.591796875,"s":[{"i":[[4.614,0.849],[0.578,-3.314],[4.614,0],[8.284,-1.781],[3.625,-1.046],[0.913,-0.336],[-3.076,0],[-5.383,0],[-4.614,0],[-0.578,3.297]],"o":[[-3.128,-0.575],[-0.578,3.314],[-2.532,0],[-4.977,1.07],[-1.337,0.386],[-4.614,1.697],[3.075,0],[5.382,0],[4.614,0],[0.577,-3.297]],"v":[[25.377,-6.87],[17.496,-8.487],[10.766,-2.626],[-8.424,0.623],[-21.969,3.923],[-25.377,5.012],[-22.301,8.407],[-15.38,10.953],[19.225,11.801],[29.414,3.217]],"c":true}]}],"ix":2},"nm":"Path 1","mn":"ADBE Vector Shape - Group","hd":false},{"ty":"fl","c":{"a":0,"k":[0.902000038297,0.752999997606,0.681999954523,1],"ix":4},"o":{"a":0,"k":100,"ix":5},"r":1,"bm":0,"nm":"Fill 1","mn":"ADBE Vector Graphic - Fill","hd":false},{"ty":"tr","p":{"a":0,"k":[403.791,447.828],"ix":2},"a":{"a":0,"k":[0,0],"ix":1},"s":{"a":0,"k":[100,100],"ix":3},"r":{"a":0,"k":0,"ix":6},"o":{"a":0,"k":100,"ix":7},"sk":{"a":0,"k":0,"ix":4},"sa":{"a":0,"k":0,"ix":5},"nm":"Transform"}],"nm":"Group 1","np":2,"cix":2,"bm":0,"ix":1,"mn":"ADBE Vector Group","hd":false}],"ip":0,"op":270,"st":0,"bm":0},{"ddd":0,"ind":16,"ty":4,"nm":"forearm_1","parent":17,"sr":1,"ks":{"o":{"a":0,"k":100,"ix":11},"r":{"a":0,"k":0,"ix":10},"p":{"a":0,"k":[426.143,359.487,0],"ix":2},"a":{"a":0,"k":[426.143,359.487,0],"ix":1},"s":{"a":0,"k":[100,100,100],"ix":6}},"ao":0,"shapes":[{"ty":"gr","it":[{"ind":0,"ty":"sh","ix":1,"ks":{"a":0,"k":{"i":[[0,-7.031],[6.37,0],[0,7.031],[-6.371,0]],"o":[[0,7.031],[-6.371,0],[0,-7.031],[6.37,0]],"v":[[11.535,0],[0,12.73],[-11.535,0],[0,-12.73]],"c":true},"ix":2},"nm":"Path 1","mn":"ADBE Vector Shape - Group","hd":false},{"ty":"fl","c":{"a":0,"k":[0.902000038297,0.752999997606,0.681999954523,1],"ix":4},"o":{"a":0,"k":100,"ix":5},"r":1,"bm":0,"nm":"Fill 1","mn":"ADBE Vector Graphic - Fill","hd":false},{"ty":"tr","p":{"a":0,"k":[426.861,359.482],"ix":2},"a":{"a":0,"k":[0,0],"ix":1},"s":{"a":0,"k":[100,100],"ix":3},"r":{"a":0,"k":0,"ix":6},"o":{"a":0,"k":100,"ix":7},"sk":{"a":0,"k":0,"ix":4},"sa":{"a":0,"k":0,"ix":5},"nm":"Transform"}],"nm":"Group 1","np":2,"cix":2,"bm":0,"ix":1,"mn":"ADBE Vector Group","hd":false},{"ty":"gr","it":[{"ind":0,"ty":"sh","ix":1,"ks":{"a":0,"k":{"i":[[13.073,5.941],[2.307,-26.309],[-5.383,-22.066],[-7.69,-5.092],[-0.769,24.612]],"o":[[-3.555,-1.616],[-1.341,15.3],[5.383,22.066],[7.69,5.092],[0.769,-24.613]],"v":[[3.076,-50.923],[-13.073,-38.192],[-10.766,4.243],[-2.307,59.41],[9.228,20.37]],"c":true},"ix":2},"nm":"Path 1","mn":"ADBE Vector Shape - Group","hd":false},{"ty":"fl","c":{"a":0,"k":[0.902000038297,0.752999997606,0.681999954523,1],"ix":4},"o":{"a":0,"k":100,"ix":5},"r":1,"bm":0,"nm":"Fill 1","mn":"ADBE Vector Graphic - Fill","hd":false},{"ty":"tr","p":{"a":0,"k":[428.399,395.976],"ix":2},"a":{"a":0,"k":[0,0],"ix":1},"s":{"a":0,"k":[100,100],"ix":3},"r":{"a":0,"k":0,"ix":6},"o":{"a":0,"k":100,"ix":7},"sk":{"a":0,"k":0,"ix":4},"sa":{"a":0,"k":0,"ix":5},"nm":"Transform"}],"nm":"Group 2","np":2,"cix":2,"bm":0,"ix":2,"mn":"ADBE Vector Group","hd":false}],"ip":0,"op":270,"st":0,"bm":0},{"ddd":0,"ind":17,"ty":4,"nm":"arm_1","sr":1,"ks":{"o":{"a":0,"k":100,"ix":11},"r":{"a":1,"k":[{"i":{"x":[0.437],"y":[1]},"o":{"x":[0.333],"y":[0]},"t":7,"s":[0]},{"i":{"x":[0.667],"y":[1]},"o":{"x":[0.589],"y":[0]},"t":71.211,"s":[93]},{"t":136.591796875,"s":[0]}],"ix":10},"p":{"a":1,"k":[{"i":{"x":0.437,"y":1},"o":{"x":0.333,"y":0},"t":7,"s":[474.738,461.103,0],"to":[-11.25,-5.5,0],"ti":[0,0,0]},{"i":{"x":0.667,"y":1},"o":{"x":0.589,"y":0},"t":71.211,"s":[407.238,428.103,0],"to":[0,0,0],"ti":[-11.25,-5.5,0]},{"t":136.591796875,"s":[474.738,461.103,0]}],"ix":2},"a":{"a":0,"k":[426.576,264.861,0],"ix":1},"s":{"a":0,"k":[142,142,100],"ix":6}},"ao":0,"shapes":[{"ty":"gr","it":[{"ind":0,"ty":"sh","ix":1,"ks":{"a":0,"k":{"i":[[20.763,0.849],[-4.614,-16.974],[-1.687,-11.169],[-9.368,4.771],[0.769,12.731]],"o":[[-12.295,-0.503],[4.614,16.974],[0.769,5.092],[9.997,-5.092],[-0.769,-12.73]],"v":[[-1.922,-59.846],[-14.227,-12.319],[-11.151,40.301],[6.536,55.578],[16.534,-12.319]],"c":true},"ix":2},"nm":"Path 1","mn":"ADBE Vector Shape - Group","hd":false},{"ty":"fl","c":{"a":0,"k":[0.902000038297,0.752999997606,0.681999954523,1],"ix":4},"o":{"a":0,"k":100,"ix":5},"r":1,"bm":0,"nm":"Fill 1","mn":"ADBE Vector Graphic - Fill","hd":false},{"ty":"tr","p":{"a":0,"k":[427.245,309.845],"ix":2},"a":{"a":0,"k":[0,0],"ix":1},"s":{"a":0,"k":[100,100],"ix":3},"r":{"a":0,"k":0,"ix":6},"o":{"a":0,"k":100,"ix":7},"sk":{"a":0,"k":0,"ix":4},"sa":{"a":0,"k":0,"ix":5},"nm":"Transform"}],"nm":"Group 1","np":2,"cix":2,"bm":0,"ix":1,"mn":"ADBE Vector Group","hd":false}],"ip":0,"op":270,"st":0,"bm":0},{"ddd":0,"ind":18,"ty":4,"nm":"foot","parent":20,"sr":1,"ks":{"o":{"a":0,"k":100,"ix":11},"r":{"a":1,"k":[{"i":{"x":[0.437],"y":[1]},"o":{"x":[0.333],"y":[0]},"t":7,"s":[0]},{"i":{"x":[0.667],"y":[1]},"o":{"x":[0.589],"y":[0]},"t":71.211,"s":[40]},{"t":136.591796875,"s":[0]}],"ix":10},"p":{"a":0,"k":[768.31,450.704,0],"ix":2},"a":{"a":0,"k":[768.31,450.704,0],"ix":1},"s":{"a":0,"k":[100,100,100],"ix":6}},"ao":0,"shapes":[{"ty":"gr","it":[{"ind":0,"ty":"sh","ix":1,"ks":{"a":0,"k":{"i":[[2.61,0.87],[6,-9],[-5.099,0],[-2.572,-4.288],[1,-1],[0,-4],[-8,5],[-2,1],[-2,1],[-3,1],[-1,1],[-3,1],[-4,-2],[-4,1],[2,2],[6,3],[8,6],[6.914,4.94]],"o":[[-2.121,-0.707],[-1.664,2.496],[4,0],[3,5],[-1,1],[0,4],[8,-5],[2,-1],[2,-1],[3,-1],[1,-1],[3,-1],[4,2],[4,-1],[-2,-2],[-6,-3],[-5.68,-4.26],[-2.825,-2.019]],"v":[[-34.668,-30.147],[-45.668,-11.147],[-37.668,-7.147],[-24.668,-0.147],[-20.668,8.853],[-30.668,17.853],[-20.668,18.853],[-2.668,21.853],[3.332,21.853],[7.332,21.853],[14.332,21.853],[18.332,22.853],[26.332,23.853],[43.332,29.853],[45.332,24.853],[23.332,6.853],[-5.668,-9.147],[-25.668,-24.147]],"c":true},"ix":2},"nm":"Path 1","mn":"ADBE Vector Shape - Group","hd":false},{"ty":"fl","c":{"a":0,"k":[0.388000009574,0.211999990426,0.361000001197,1],"ix":4},"o":{"a":0,"k":100,"ix":5},"r":1,"bm":0,"nm":"Fill 1","mn":"ADBE Vector Graphic - Fill","hd":false},{"ty":"tr","p":{"a":0,"k":[802.668,449.147],"ix":2},"a":{"a":0,"k":[0,0],"ix":1},"s":{"a":0,"k":[100,100],"ix":3},"r":{"a":0,"k":0,"ix":6},"o":{"a":0,"k":100,"ix":7},"sk":{"a":0,"k":0,"ix":4},"sa":{"a":0,"k":0,"ix":5},"nm":"Transform"}],"nm":"Group 1","np":2,"cix":2,"bm":0,"ix":1,"mn":"ADBE Vector Group","hd":false}],"ip":0,"op":270,"st":0,"bm":0},{"ddd":0,"ind":19,"ty":4,"nm":"sole","parent":18,"sr":1,"ks":{"o":{"a":0,"k":100,"ix":11},"r":{"a":0,"k":0,"ix":10},"p":{"a":0,"k":[810.5,442.873,0],"ix":2},"a":{"a":0,"k":[810.5,442.873,0],"ix":1},"s":{"a":0,"k":[100,100,100],"ix":6}},"ao":0,"shapes":[{"ty":"gr","it":[{"ind":0,"ty":"sh","ix":1,"ks":{"a":0,"k":{"i":[[0,0],[-1,1],[-3,1],[-4,-4],[-4,-3],[-6,-3],[-3,-4],[0,-3],[0,0],[0,0],[0,0],[0,0]],"o":[[0,0],[1,-1],[3,-1],[4,4],[4,3],[6,3],[3,4],[0,3],[0,0],[0,0],[0,0],[0,0]],"v":[[-42.5,-22.5],[-41.5,-26.5],[-38.5,-32.5],[-27.5,-27.5],[-9.5,-16.5],[9.5,-1.5],[32.5,16.5],[42.5,30.5],[38.5,33.5],[11.5,15.5],[-15.5,0.5],[-38.5,-16.5]],"c":true},"ix":2},"nm":"Path 1","mn":"ADBE Vector Shape - Group","hd":false},{"ty":"fl","c":{"a":0,"k":[0.638999968884,0.579999976065,0.626999978458,1],"ix":4},"o":{"a":0,"k":100,"ix":5},"r":1,"bm":0,"nm":"Fill 1","mn":"ADBE Vector Graphic - Fill","hd":false},{"ty":"tr","p":{"a":0,"k":[810.5,442.5],"ix":2},"a":{"a":0,"k":[0,0],"ix":1},"s":{"a":0,"k":[100,100],"ix":3},"r":{"a":0,"k":0,"ix":6},"o":{"a":0,"k":100,"ix":7},"sk":{"a":0,"k":0,"ix":4},"sa":{"a":0,"k":0,"ix":5},"nm":"Transform"}],"nm":"Group 1","np":2,"cix":2,"bm":0,"ix":1,"mn":"ADBE Vector Group","hd":false}],"ip":0,"op":270,"st":0,"bm":0},{"ddd":0,"ind":20,"ty":4,"nm":"calf","parent":9,"sr":1,"ks":{"o":{"a":0,"k":100,"ix":11},"r":{"a":1,"k":[{"i":{"x":[0.437],"y":[1]},"o":{"x":[0.333],"y":[0]},"t":7,"s":[0]},{"i":{"x":[0.667],"y":[1]},"o":{"x":[0.589],"y":[0]},"t":71.211,"s":[89]},{"t":136.591796875,"s":[0]}],"ix":10},"p":{"a":0,"k":[611.268,458.451,0],"ix":2},"a":{"a":0,"k":[611.268,458.451,0],"ix":1},"s":{"a":0,"k":[100,100,100],"ix":6}},"ao":0,"shapes":[{"ty":"gr","it":[{"ind":0,"ty":"sh","ix":1,"ks":{"a":1,"k":[{"i":{"x":0.437,"y":1},"o":{"x":0.333,"y":0},"t":7,"s":[{"i":[[-13.971,-5.081],[-34,5],[-1,1],[5,1],[41.925,-8.385],[6,-11]],"o":[[11,4],[34,-5],[1,-1],[-5,-1],[-10,2],[-6,11]],"v":[[-47.515,22.192],[18.485,20.192],[58.485,14.192],[56.485,-19.808],[-18.515,-17.808],[-53.515,-7.808]],"c":true}]},{"i":{"x":0.667,"y":1},"o":{"x":0.589,"y":0},"t":71.211,"s":[{"i":[[-13.971,-5.081],[-34,5],[-1,1],[5,1],[41.925,-8.385],[6,-11]],"o":[[11,4],[34,-5],[1,-1],[-5,-1],[-10,2],[-6,11]],"v":[[-47.515,22.192],[18.485,20.192],[58.485,14.192],[56.485,-19.808],[-21.179,-23.054],[-53.515,-7.808]],"c":true}]},{"t":136.591796875,"s":[{"i":[[-13.971,-5.081],[-34,5],[-1,1],[5,1],[41.925,-8.385],[6,-11]],"o":[[11,4],[34,-5],[1,-1],[-5,-1],[-10,2],[-6,11]],"v":[[-47.515,22.192],[18.485,20.192],[58.485,14.192],[56.485,-19.808],[-18.515,-17.808],[-53.515,-7.808]],"c":true}]}],"ix":2},"nm":"Path 1","mn":"ADBE Vector Shape - Group","hd":false},{"ty":"fl","c":{"a":0,"k":[0.128999986836,0.090000002992,0.125,1],"ix":4},"o":{"a":0,"k":100,"ix":5},"r":1,"bm":0,"nm":"Fill 1","mn":"ADBE Vector Graphic - Fill","hd":false},{"ty":"tr","p":{"a":0,"k":[650.515,457.808],"ix":2},"a":{"a":0,"k":[0,0],"ix":1},"s":{"a":0,"k":[100,100],"ix":3},"r":{"a":0,"k":0,"ix":6},"o":{"a":0,"k":100,"ix":7},"sk":{"a":0,"k":0,"ix":4},"sa":{"a":0,"k":0,"ix":5},"nm":"Transform"}],"nm":"Group 1","np":2,"cix":2,"bm":0,"ix":1,"mn":"ADBE Vector Group","hd":false}],"ip":0,"op":270,"st":0,"bm":0},{"ddd":0,"ind":21,"ty":4,"nm":"calf_skin","parent":20,"sr":1,"ks":{"o":{"a":0,"k":100,"ix":11},"r":{"a":0,"k":0,"ix":10},"p":{"a":0,"k":[742.875,454.066,0],"ix":2},"a":{"a":0,"k":[742.875,454.066,0],"ix":1},"s":{"a":0,"k":[100,100,100],"ix":6}},"ao":0,"shapes":[{"ty":"gr","it":[{"ind":0,"ty":"sh","ix":1,"ks":{"a":0,"k":{"i":[[-3,2],[-4,0],[0,0],[-5,-4],[10.606,-3.536],[27,-1],[3,1]],"o":[[1.177,-0.785],[0,0],[6,0],[5,4],[-6,2],[-27,1],[-3,-1]],"v":[[-39.303,-16],[-10.303,-16],[13.697,-16],[32.697,-14],[31.697,10],[0.697,12],[-39.303,17]],"c":true},"ix":2},"nm":"Path 1","mn":"ADBE Vector Shape - Group","hd":false},{"ty":"fl","c":{"a":0,"k":[0.957000014361,0.819999964097,0.757000014361,1],"ix":4},"o":{"a":0,"k":100,"ix":5},"r":1,"bm":0,"nm":"Fill 1","mn":"ADBE Vector Graphic - Fill","hd":false},{"ty":"tr","p":{"a":0,"k":[744.303,455],"ix":2},"a":{"a":0,"k":[0,0],"ix":1},"s":{"a":0,"k":[100,100],"ix":3},"r":{"a":0,"k":0,"ix":6},"o":{"a":0,"k":100,"ix":7},"sk":{"a":0,"k":0,"ix":4},"sa":{"a":0,"k":0,"ix":5},"nm":"Transform"}],"nm":"Group 1","np":2,"cix":2,"bm":0,"ix":1,"mn":"ADBE Vector Group","hd":false},{"ty":"gr","it":[{"ind":0,"ty":"sh","ix":1,"ks":{"a":0,"k":{"i":[[0,-7.732],[7.732,0],[0,7.732],[-7.732,0]],"o":[[0,7.732],[-7.732,0],[0,-7.732],[7.732,0]],"v":[[14,0],[0,14],[-14,0],[0,-14]],"c":true},"ix":2},"nm":"Path 1","mn":"ADBE Vector Shape - Group","hd":false},{"ty":"fl","c":{"a":0,"k":[0.957000014361,0.855000035903,0.757000014361,1],"ix":4},"o":{"a":0,"k":100,"ix":5},"r":1,"bm":0,"nm":"Fill 1","mn":"ADBE Vector Graphic - Fill","hd":false},{"ty":"tr","p":{"a":0,"k":[769,450],"ix":2},"a":{"a":0,"k":[0,0],"ix":1},"s":{"a":0,"k":[100,100],"ix":3},"r":{"a":0,"k":0,"ix":6},"o":{"a":0,"k":100,"ix":7},"sk":{"a":0,"k":0,"ix":4},"sa":{"a":0,"k":0,"ix":5},"nm":"Transform"}],"nm":"Group 2","np":2,"cix":2,"bm":0,"ix":2,"mn":"ADBE Vector Group","hd":false}],"ip":0,"op":270,"st":0,"bm":0},{"ddd":0,"ind":22,"ty":4,"nm":"thigh_1","sr":1,"ks":{"o":{"a":0,"k":100,"ix":11},"r":{"a":1,"k":[{"i":{"x":[0.486],"y":[1]},"o":{"x":[0.333],"y":[0]},"t":136.592,"s":[0]},{"i":{"x":[0.667],"y":[1]},"o":{"x":[0.599],"y":[0]},"t":192.631,"s":[-86]},{"t":254,"s":[0]}],"ix":10},"p":{"a":1,"k":[{"i":{"x":0.486,"y":1},"o":{"x":0.333,"y":0},"t":136.592,"s":[738.667,516.73,0],"to":[0,-3.833,0],"ti":[0,0,0]},{"i":{"x":0.667,"y":1},"o":{"x":0.599,"y":0},"t":192.631,"s":[738.667,493.73,0],"to":[0,0,0],"ti":[0,-3.833,0]},{"t":254,"s":[738.667,516.73,0]}],"ix":2},"a":{"a":0,"k":[612.442,304.035,0],"ix":1},"s":{"a":0,"k":[142,142,100],"ix":6}},"ao":0,"shapes":[{"ty":"gr","it":[{"ind":0,"ty":"sh","ix":1,"ks":{"a":0,"k":{"i":[[-0.53,-12.275],[12.276,-0.531],[0.53,12.275],[-12.275,0.531]],"o":[[0.531,12.275],[-12.274,0.531],[-0.531,-12.275],[12.275,-0.531]],"v":[[22.226,-0.962],[0.961,22.225],[-22.226,0.961],[-0.961,-22.225]],"c":true},"ix":2},"nm":"Path 1","mn":"ADBE Vector Shape - Group","hd":false},{"ty":"fl","c":{"a":0,"k":[0.030999998953,0.019999999626,0.027000000898,1],"ix":4},"o":{"a":0,"k":100,"ix":5},"r":1,"bm":0,"nm":"Fill 1","mn":"ADBE Vector Graphic - Fill","hd":false},{"ty":"tr","p":{"a":0,"k":[622.127,438.585],"ix":2},"a":{"a":0,"k":[0,0],"ix":1},"s":{"a":0,"k":[100,100],"ix":3},"r":{"a":0,"k":0,"ix":6},"o":{"a":0,"k":100,"ix":7},"sk":{"a":0,"k":0,"ix":4},"sa":{"a":0,"k":0,"ix":5},"nm":"Transform"}],"nm":"Group 1","np":2,"cix":2,"bm":0,"ix":1,"mn":"ADBE Vector Group","hd":false},{"ty":"gr","it":[{"ind":0,"ty":"sh","ix":1,"ks":{"a":0,"k":{"i":[[12.997,-10.372],[13.2,26.335],[-6.313,22.307],[-12.079,-0.406],[0.856,-44.572],[-0.442,-10.229]],"o":[[-4.747,3.788],[-13.2,-26.336],[6.311,-22.307],[12.079,0.405],[-0.855,44.571],[0.841,19.448]],"v":[[25.155,83.542],[-12.761,75.508],[-31.839,-68.638],[0.124,-98.549],[32.526,-57.271],[26.263,33.924]],"c":true},"ix":2},"nm":"Path 1","mn":"ADBE Vector Shape - Group","hd":false},{"ty":"fl","c":{"a":0,"k":[0.030999998953,0.019999999626,0.027000000898,1],"ix":4},"o":{"a":0,"k":100,"ix":5},"r":1,"bm":0,"nm":"Fill 1","mn":"ADBE Vector Graphic - Fill","hd":false},{"ty":"tr","p":{"a":0,"k":[612.943,370.521],"ix":2},"a":{"a":0,"k":[0,0],"ix":1},"s":{"a":0,"k":[100,100],"ix":3},"r":{"a":0,"k":0,"ix":6},"o":{"a":0,"k":100,"ix":7},"sk":{"a":0,"k":0,"ix":4},"sa":{"a":0,"k":0,"ix":5},"nm":"Transform"}],"nm":"Group 2","np":2,"cix":2,"bm":0,"ix":2,"mn":"ADBE Vector Group","hd":false},{"ty":"gr","it":[{"ind":0,"ty":"sh","ix":1,"ks":{"a":0,"k":{"i":[[-0.752,-17.39],[17.39,-0.752],[0.752,17.39],[-17.389,0.752]],"o":[[0.752,17.39],[-17.39,0.752],[-0.752,-17.39],[17.39,-0.752]],"v":[[31.487,-1.362],[1.362,31.486],[-31.487,1.361],[-1.362,-31.487]],"c":true},"ix":2},"nm":"Path 1","mn":"ADBE Vector Shape - Group","hd":false},{"ty":"fl","c":{"a":0,"k":[0.030999998953,0.019999999626,0.027000000898,1],"ix":4},"o":{"a":0,"k":100,"ix":5},"r":1,"bm":0,"nm":"Fill 1","mn":"ADBE Vector Graphic - Fill","hd":false},{"ty":"tr","p":{"a":0,"k":[612.575,303.538],"ix":2},"a":{"a":0,"k":[0,0],"ix":1},"s":{"a":0,"k":[100,100],"ix":3},"r":{"a":0,"k":0,"ix":6},"o":{"a":0,"k":100,"ix":7},"sk":{"a":0,"k":0,"ix":4},"sa":{"a":0,"k":0,"ix":5},"nm":"Transform"}],"nm":"Group 3","np":2,"cix":2,"bm":0,"ix":3,"mn":"ADBE Vector Group","hd":false}],"ip":0,"op":270,"st":0,"bm":0},{"ddd":0,"ind":23,"ty":4,"nm":"calf_1","parent":22,"sr":1,"ks":{"o":{"a":0,"k":100,"ix":11},"r":{"a":1,"k":[{"i":{"x":[0.486],"y":[1]},"o":{"x":[0.333],"y":[0]},"t":136.592,"s":[0]},{"i":{"x":[0.667],"y":[1]},"o":{"x":[0.599],"y":[0]},"t":192.631,"s":[87]},{"t":254,"s":[0]}],"ix":10},"p":{"a":1,"k":[{"i":{"x":0.486,"y":1},"o":{"x":0.333,"y":0},"t":136.592,"s":[626.414,441.06,0],"to":[-0.644,0.045,0],"ti":[0,0,0]},{"i":{"x":0.667,"y":1},"o":{"x":0.599,"y":0},"t":192.631,"s":[622.55,441.33,0],"to":[0,0,0],"ti":[-0.644,0.045,0]},{"t":254,"s":[626.414,441.06,0]}],"ix":2},"a":{"a":0,"k":[626.414,441.06,0],"ix":1},"s":{"a":0,"k":[100,100,100],"ix":6}},"ao":0,"shapes":[{"ty":"gr","it":[{"ind":0,"ty":"sh","ix":1,"ks":{"a":0,"k":{"i":[[0,-11.598],[11.598,0],[0,11.598],[-11.598,0]],"o":[[0,11.598],[-11.598,0],[0,-11.598],[11.598,0]],"v":[[21,0],[0,21],[-21,0],[0,-21]],"c":true},"ix":2},"nm":"Path 1","mn":"ADBE Vector Shape - Group","hd":false},{"ty":"fl","c":{"a":0,"k":[0.030999998953,0.019999999626,0.027000000898,1],"ix":4},"o":{"a":0,"k":100,"ix":5},"r":1,"bm":0,"nm":"Fill 1","mn":"ADBE Vector Graphic - Fill","hd":false},{"ty":"tr","p":{"a":0,"k":[627,441],"ix":2},"a":{"a":0,"k":[0,0],"ix":1},"s":{"a":0,"k":[100,100],"ix":3},"r":{"a":0,"k":0,"ix":6},"o":{"a":0,"k":100,"ix":7},"sk":{"a":0,"k":0,"ix":4},"sa":{"a":0,"k":0,"ix":5},"nm":"Transform"}],"nm":"Group 1","np":2,"cix":2,"bm":0,"ix":1,"mn":"ADBE Vector Group","hd":false},{"ty":"gr","it":[{"ind":0,"ty":"sh","ix":1,"ks":{"a":0,"k":{"i":[[0,0],[-15,1],[-3,-3],[4,-4],[27.754,-4.479],[13.152,2.63],[-25.279,3.314]],"o":[[0,0],[15,-1],[3,3],[-2.246,2.246],[-15.746,2.541],[-21.69,-4.338],[5.409,-0.709]],"v":[[-15.738,-19.474],[7.845,-19.315],[45.845,-19.315],[51.845,6.685],[12.091,18.164],[-34.155,19.685],[-24.103,-19.172]],"c":true},"ix":2},"nm":"Path 1","mn":"ADBE Vector Shape - Group","hd":false},{"ty":"fl","c":{"a":0,"k":[0.030999998953,0.019999999626,0.027000000898,1],"ix":4},"o":{"a":0,"k":100,"ix":5},"r":1,"bm":0,"nm":"Fill 1","mn":"ADBE Vector Graphic - Fill","hd":false},{"ty":"tr","p":{"a":0,"k":[651.155,440.315],"ix":2},"a":{"a":0,"k":[0,0],"ix":1},"s":{"a":0,"k":[100,100],"ix":3},"r":{"a":0,"k":0,"ix":6},"o":{"a":0,"k":100,"ix":7},"sk":{"a":0,"k":0,"ix":4},"sa":{"a":0,"k":0,"ix":5},"nm":"Transform"}],"nm":"Group 2","np":2,"cix":2,"bm":0,"ix":2,"mn":"ADBE Vector Group","hd":false}],"ip":0,"op":270,"st":0,"bm":0},{"ddd":0,"ind":24,"ty":4,"nm":"foot_1","parent":26,"sr":1,"ks":{"o":{"a":0,"k":100,"ix":11},"r":{"a":1,"k":[{"i":{"x":[0.486],"y":[1]},"o":{"x":[0.333],"y":[0]},"t":136.592,"s":[0]},{"i":{"x":[0.667],"y":[1]},"o":{"x":[0.599],"y":[0]},"t":192.631,"s":[27]},{"t":254,"s":[0]}],"ix":10},"p":{"a":0,"k":[767.385,435.642,0],"ix":2},"a":{"a":0,"k":[767.385,435.642,0],"ix":1},"s":{"a":0,"k":[100,100,100],"ix":6}},"ao":0,"shapes":[{"ty":"gr","it":[{"ind":0,"ty":"sh","ix":1,"ks":{"a":0,"k":{"i":[[2.529,0.843],[5.813,-8.72],[-4.941,0],[-2.492,-4.154],[0.969,-0.969],[0,-3.875],[-7.751,4.844],[-1.938,0.969],[-1.938,0.969],[-2.906,0.969],[-0.969,0.969],[-2.907,0.968],[-3.875,-1.937],[-3.875,0.969],[1.938,1.937],[5.814,2.906],[7.75,5.813],[6.699,4.787]],"o":[[-2.055,-0.685],[-1.613,2.419],[3.875,0],[2.908,4.844],[-0.968,0.968],[0,3.876],[7.751,-4.844],[1.937,-0.969],[1.938,-0.969],[2.907,-0.969],[0.968,-0.969],[2.907,-0.969],[3.876,1.938],[3.876,-0.969],[-1.938,-1.938],[-5.813,-2.907],[-5.503,-4.127],[-2.738,-1.956]],"v":[[-33.589,-29.208],[-44.246,-10.8],[-36.495,-6.924],[-23.901,-0.142],[-20.025,8.578],[-29.713,17.297],[-20.025,18.266],[-2.585,21.173],[3.228,21.173],[7.103,21.173],[13.886,21.173],[17.761,22.142],[25.512,23.11],[41.982,28.924],[43.92,24.08],[22.605,6.64],[-5.491,-8.862],[-24.869,-23.395]],"c":true},"ix":2},"nm":"Path 1","mn":"ADBE Vector Shape - Group","hd":false},{"ty":"fl","c":{"a":0,"k":[0.349000010771,0.19199999641,0.325,1],"ix":4},"o":{"a":0,"k":100,"ix":5},"r":1,"bm":0,"nm":"Fill 1","mn":"ADBE Vector Graphic - Fill","hd":false},{"ty":"tr","p":{"a":0,"k":[801.235,432.92],"ix":2},"a":{"a":0,"k":[0,0],"ix":1},"s":{"a":0,"k":[100,100],"ix":3},"r":{"a":0,"k":0,"ix":6},"o":{"a":0,"k":100,"ix":7},"sk":{"a":0,"k":0,"ix":4},"sa":{"a":0,"k":0,"ix":5},"nm":"Transform"}],"nm":"Group 1","np":2,"cix":2,"bm":0,"ix":1,"mn":"ADBE Vector Group","hd":false}],"ip":0,"op":270,"st":0,"bm":0},{"ddd":0,"ind":25,"ty":4,"nm":"sole_1","parent":24,"sr":1,"ks":{"o":{"a":0,"k":100,"ix":11},"r":{"a":0,"k":0,"ix":10},"p":{"a":0,"k":[808.823,426.841,0],"ix":2},"a":{"a":0,"k":[808.823,426.841,0],"ix":1},"s":{"a":0,"k":[100,100,100],"ix":6}},"ao":0,"shapes":[{"ty":"gr","it":[{"ind":0,"ty":"sh","ix":1,"ks":{"a":0,"k":{"i":[[0,0],[-0.969,0.968],[-2.907,0.968],[-3.876,-3.876],[-3.875,-2.906],[-5.814,-2.907],[-2.907,-3.876],[0,-2.907],[0,0],[0,0],[0,0],[0,0]],"o":[[0,0],[0.968,-0.969],[2.906,-0.969],[3.875,3.875],[3.875,2.907],[5.813,2.907],[2.906,3.875],[0,2.906],[0,0],[0,0],[0,0],[0,0]],"v":[[-41.177,-21.8],[-40.208,-25.675],[-37.301,-31.488],[-26.644,-26.644],[-9.204,-15.986],[9.204,-1.454],[31.488,15.986],[41.177,29.551],[37.302,32.457],[11.141,15.017],[-15.018,0.485],[-37.301,-15.986]],"c":true},"ix":2},"nm":"Path 1","mn":"ADBE Vector Shape - Group","hd":false},{"ty":"fl","c":{"a":0,"k":[0.579999976065,0.525,0.569000004787,1],"ix":4},"o":{"a":0,"k":100,"ix":5},"r":1,"bm":0,"nm":"Fill 1","mn":"ADBE Vector Graphic - Fill","hd":false},{"ty":"tr","p":{"a":0,"k":[808.823,426.48],"ix":2},"a":{"a":0,"k":[0,0],"ix":1},"s":{"a":0,"k":[100,100],"ix":3},"r":{"a":0,"k":0,"ix":6},"o":{"a":0,"k":100,"ix":7},"sk":{"a":0,"k":0,"ix":4},"sa":{"a":0,"k":0,"ix":5},"nm":"Transform"}],"nm":"Group 1","np":2,"cix":2,"bm":0,"ix":1,"mn":"ADBE Vector Group","hd":false}],"ip":0,"op":270,"st":0,"bm":0},{"ddd":0,"ind":26,"ty":4,"nm":"calf_skin_1","parent":23,"sr":1,"ks":{"o":{"a":0,"k":100,"ix":11},"r":{"a":0,"k":0,"ix":10},"p":{"a":0,"k":[730.589,436.446,0],"ix":2},"a":{"a":0,"k":[730.589,436.446,0],"ix":1},"s":{"a":0,"k":[100,100,100],"ix":6}},"ao":0,"shapes":[{"ty":"gr","it":[{"ind":0,"ty":"sh","ix":1,"ks":{"a":0,"k":{"i":[[10.387,4.401],[2.289,-2.993],[-7.923,-2.465],[-5.81,0.704]],"o":[[-10.387,-4.401],[-2.289,2.993],[7.923,2.465],[5.81,-0.704]],"v":[[779.225,425.176],[755.106,425.176],[758.627,446.655],[781.69,448.415]],"c":true},"ix":2},"nm":"Path 1","mn":"ADBE Vector Shape - Group","hd":false},{"ty":"fl","c":{"a":0,"k":[0.902000038297,0.752999997606,0.681999954523,1],"ix":4},"o":{"a":0,"k":100,"ix":5},"r":1,"bm":0,"nm":"Fill 1","mn":"ADBE Vector Graphic - Fill","hd":false},{"ty":"tr","p":{"a":0,"k":[0,0],"ix":2},"a":{"a":0,"k":[0,0],"ix":1},"s":{"a":0,"k":[100,100],"ix":3},"r":{"a":0,"k":0,"ix":6},"o":{"a":0,"k":100,"ix":7},"sk":{"a":0,"k":0,"ix":4},"sa":{"a":0,"k":0,"ix":5},"nm":"Transform"}],"nm":"Shape 1","np":3,"cix":2,"bm":0,"ix":1,"mn":"ADBE Vector Group","hd":false},{"ty":"gr","it":[{"ind":0,"ty":"sh","ix":1,"ks":{"a":0,"k":{"i":[[-3,1.695],[-4,0],[-6,0],[-5,-3.39],[10.606,-2.997],[27,-0.847],[3,0.847]],"o":[[1.177,-0.665],[4,0],[6,0],[5,3.389],[-6,1.694],[-27,0.848],[-3,-0.848]],"v":[[-39.303,-15.536],[-10.303,-13.612],[13.697,-12.612],[32.697,-10.917],[31.697,9.422],[0.697,11.115],[-39.303,15.354]],"c":true},"ix":2},"nm":"Path 1","mn":"ADBE Vector Shape - Group","hd":false},{"ty":"fl","c":{"a":0,"k":[0.902000038297,0.752999997606,0.681999954523,1],"ix":4},"o":{"a":0,"k":100,"ix":5},"r":1,"bm":0,"nm":"Fill 1","mn":"ADBE Vector Graphic - Fill","hd":false},{"ty":"tr","p":{"a":0,"k":[732.303,436.536],"ix":2},"a":{"a":0,"k":[0,0],"ix":1},"s":{"a":0,"k":[100,100],"ix":3},"r":{"a":0,"k":0,"ix":6},"o":{"a":0,"k":100,"ix":7},"sk":{"a":0,"k":0,"ix":4},"sa":{"a":0,"k":0,"ix":5},"nm":"Transform"}],"nm":"Group 1","np":2,"cix":2,"bm":0,"ix":2,"mn":"ADBE Vector Group","hd":false}],"ip":0,"op":270,"st":0,"bm":0},{"ddd":0,"ind":27,"ty":4,"nm":"body","sr":1,"ks":{"o":{"a":0,"k":100,"ix":11},"r":{"a":0,"k":0,"ix":10},"p":{"a":0,"k":[643.511,470.267,0],"ix":2},"a":{"a":0,"k":[545.43,271.315,0],"ix":1},"s":{"a":0,"k":[142,142,100],"ix":6}},"ao":0,"shapes":[{"ty":"gr","it":[{"ind":0,"ty":"sh","ix":1,"ks":{"a":0,"k":{"i":[[0,0],[0,0],[0,0],[11,3],[8.32,0.16],[0,0],[0,0],[0,0],[0,0],[0,0],[-4.26,-0.72],[-6.67,-1.21]],"o":[[0,0],[0,0],[0,0],[-7.06,-1.92],[-4.64,-0.09],[0,0],[0,0],[0,0],[0,0],[0.28,0.05],[6.9,1.17],[11,2]],"v":[[48.57,-33.315],[12.14,31.545],[7.57,39.685],[-12.43,35.685],[-40.71,33.025],[-48.57,32.975],[-48.26,31.935],[-46.59,26.405],[-26.7,-39.685],[-26.68,-39.685],[-19.09,-38.415],[4.57,-34.315]],"c":true},"ix":2},"nm":"Path 1","mn":"ADBE Vector Shape - Group","hd":false},{"ty":"fl","c":{"a":0,"k":[0.957000014361,0.819999964097,0.757000014361,1],"ix":4},"o":{"a":0,"k":100,"ix":5},"r":1,"bm":0,"nm":"Fill 1","mn":"ADBE Vector Graphic - Fill","hd":false},{"ty":"tr","p":{"a":0,"k":[545.43,271.315],"ix":2},"a":{"a":0,"k":[0,0],"ix":1},"s":{"a":0,"k":[100,100],"ix":3},"r":{"a":0,"k":0,"ix":6},"o":{"a":0,"k":100,"ix":7},"sk":{"a":0,"k":0,"ix":4},"sa":{"a":0,"k":0,"ix":5},"nm":"Transform"}],"nm":"Group 1","np":2,"cix":2,"bm":0,"ix":1,"mn":"ADBE Vector Group","hd":false}],"ip":0,"op":270,"st":0,"bm":0},{"ddd":0,"ind":28,"ty":4,"nm":"body_skin","sr":1,"ks":{"o":{"a":0,"k":100,"ix":11},"r":{"a":0,"k":0,"ix":10},"p":{"a":0,"k":[523.028,452.7,0],"ix":2},"a":{"a":0,"k":[460.583,258.944,0],"ix":1},"s":{"a":0,"k":[142,142,100],"ix":6}},"ao":0,"shapes":[{"ty":"gr","it":[{"ind":0,"ty":"sh","ix":1,"ks":{"a":0,"k":{"i":[[0,-20.987],[20.987,0],[0,20.987],[-20.987,0]],"o":[[0,20.987],[-20.987,0],[0,-20.987],[20.987,0]],"v":[[38,0],[0,38],[-38,0],[0,-38]],"c":true},"ix":2},"nm":"Path 1","mn":"ADBE Vector Shape - Group","hd":false},{"ty":"fl","c":{"a":0,"k":[0.957000014361,0.819999964097,0.757000014361,1],"ix":4},"o":{"a":0,"k":100,"ix":5},"r":1,"bm":0,"nm":"Fill 1","mn":"ADBE Vector Graphic - Fill","hd":false},{"ty":"tr","p":{"a":0,"k":[501.5,265.5],"ix":2},"a":{"a":0,"k":[0,0],"ix":1},"s":{"a":0,"k":[100,100],"ix":3},"r":{"a":0,"k":0,"ix":6},"o":{"a":0,"k":100,"ix":7},"sk":{"a":0,"k":0,"ix":4},"sa":{"a":0,"k":0,"ix":5},"nm":"Transform"}],"nm":"Group 1","np":2,"cix":2,"bm":0,"ix":1,"mn":"ADBE Vector Group","hd":false},{"ty":"gr","it":[{"ind":0,"ty":"sh","ix":1,"ks":{"a":0,"k":{"i":[[14.7,-12.42],[1.35,-0.71],[2.24,-0.32],[1.47,0.09],[1.17,0.07],[5.27,-0.169],[5.32,-0.66],[23,28],[-22,2],[-18,-6],[-9,-2],[-0.27,-0.2],[-0.69,-3.34]],"o":[[-1.19,1.01],[-1.91,1.02],[-1.35,0.19],[-1.25,-0.08],[-9.21,-0.48],[-11.75,0.38],[-10.96,1.37],[-23,-28],[22,-2],[18,6],[0.29,0.06],[1.23,0.95],[3.04,14.61]],"v":[[62.37,40.535],[58.55,43.125],[52.32,45.155],[48.1,45.315],[44.46,45.105],[23.15,44.725],[2.1,47.315],[-56.9,5.315],[-49.9,-46.685],[23.1,-42.685],[73.1,-26.685],[73.94,-26.285],[76.86,-19.635]],"c":true},"ix":2},"nm":"Path 1","mn":"ADBE Vector Shape - Group","hd":false},{"ty":"fl","c":{"a":0,"k":[0.957000014361,0.819999964097,0.757000014361,1],"ix":4},"o":{"a":0,"k":100,"ix":5},"r":1,"bm":0,"nm":"Fill 1","mn":"ADBE Vector Graphic - Fill","hd":false},{"ty":"tr","p":{"a":0,"k":[452.4,259.185],"ix":2},"a":{"a":0,"k":[0,0],"ix":1},"s":{"a":0,"k":[100,100],"ix":3},"r":{"a":0,"k":0,"ix":6},"o":{"a":0,"k":100,"ix":7},"sk":{"a":0,"k":0,"ix":4},"sa":{"a":0,"k":0,"ix":5},"nm":"Transform"}],"nm":"Group 2","np":2,"cix":2,"bm":0,"ix":2,"mn":"ADBE Vector Group","hd":false}],"ip":0,"op":270,"st":0,"bm":0}],"markers":[]}