{"v":"5.6.3","fr":60,"ip":0,"op":180,"w":1100,"h":1100,"nm":"Bench Hamstring Stretch (Right)","ddd":0,"assets":[],"layers":[{"ddd":0,"ind":1,"ty":4,"nm":"arm","parent":5,"sr":1,"ks":{"o":{"a":0,"k":100,"ix":11},"r":{"a":0,"k":0,"ix":10},"p":{"a":0,"k":[350.952,298.964,0],"ix":2},"a":{"a":0,"k":[1124.774,353.135,0],"ix":1},"s":{"a":0,"k":[92,92,100],"ix":6}},"ao":0,"shapes":[{"ty":"gr","it":[{"ind":0,"ty":"sh","ix":1,"ks":{"a":0,"k":{"i":[[19.539,2.15],[2.15,-19.539],[-19.539,-2.15],[-2.15,19.54]],"o":[[-19.539,-2.15],[-2.151,19.539],[19.539,2.151],[2.151,-19.539]],"v":[[3.894,-35.379],[-35.379,-3.894],[-3.894,35.378],[35.379,3.893]],"c":true},"ix":2},"nm":"Path 1","mn":"ADBE Vector Shape - Group","hd":false},{"ty":"fl","c":{"a":0,"k":[0.847000002394,0.607999973671,0.501999978458,1],"ix":4},"o":{"a":0,"k":100,"ix":5},"r":1,"bm":0,"nm":"Fill 1","mn":"ADBE Vector Graphic - Fill","hd":false},{"ty":"tr","p":{"a":0,"k":[1124.733,352.652],"ix":2},"a":{"a":0,"k":[0,0],"ix":1},"s":{"a":0,"k":[100,100],"ix":3},"r":{"a":0,"k":0,"ix":6},"o":{"a":0,"k":100,"ix":7},"sk":{"a":0,"k":0,"ix":4},"sa":{"a":0,"k":0,"ix":5},"nm":"Transform"}],"nm":"Group 1","np":2,"cix":2,"bm":0,"ix":1,"mn":"ADBE Vector Group","hd":false},{"ty":"gr","it":[{"ind":0,"ty":"sh","ix":1,"ks":{"a":0,"k":{"i":[[-2.83,-2.429],[0.353,-10.643],[6.052,-8.549],[5.897,-3.244],[4.762,-2.902],[2.112,-4.618],[12.807,-12.711],[2.207,-3.327],[2.532,-2.742],[3.329,-1.127],[5.485,6.08],[-3.218,8.014],[-1.406,3.152],[-1.882,3.894],[-3.083,5.971],[-2.174,4.151],[-4.438,9.304],[-5.839,10.135],[-12.267,3.977],[-7.568,-3.033]],"o":[[8.177,7.017],[-0.35,10.57],[-3.866,5.463],[-4.881,2.685],[-4.521,2.757],[-7.526,16.404],[-2.821,2.8],[-2.054,3.096],[-2.381,2.582],[-7.782,2.637],[-5.863,-6.499],[1.285,-3.202],[1.748,-3.962],[2.908,-6.046],[2.156,-4.16],[4.783,-9.132],[5.028,-10.546],[6.292,-10.92],[7.756,-2.515],[3.433,1.376]],"v":[[52.74,-76.599],[65.771,-48.191],[54.988,-18.699],[40.339,-5.095],[25.452,2.507],[16.953,14.893],[-13.86,59.048],[-21.672,67.885],[-28.027,77.118],[-36.762,82.822],[-59.087,76.91],[-62.906,52.773],[-58.875,43.241],[-53.429,31.462],[-44.401,13.455],[-37.893,0.984],[-24.133,-26.712],[-10.756,-57.483],[19.327,-82.943],[43.291,-82.385]],"c":true},"ix":2},"nm":"Path 1","mn":"ADBE Vector Shape - Group","hd":false},{"ty":"fl","c":{"a":0,"k":[0.847000002394,0.607999973671,0.501999978458,1],"ix":4},"o":{"a":0,"k":100,"ix":5},"r":1,"bm":0,"nm":"Fill 1","mn":"ADBE Vector Graphic - Fill","hd":false},{"ty":"tr","p":{"a":0,"k":[1094.863,402.083],"ix":2},"a":{"a":0,"k":[0,0],"ix":1},"s":{"a":0,"k":[100,100],"ix":3},"r":{"a":0,"k":0,"ix":6},"o":{"a":0,"k":100,"ix":7},"sk":{"a":0,"k":0,"ix":4},"sa":{"a":0,"k":0,"ix":5},"nm":"Transform"}],"nm":"Group 2","np":2,"cix":2,"bm":0,"ix":2,"mn":"ADBE Vector Group","hd":false}],"ip":0,"op":180,"st":0,"bm":0},{"ddd":0,"ind":2,"ty":4,"nm":"hand","parent":3,"sr":1,"ks":{"o":{"a":0,"k":100,"ix":11},"r":{"a":0,"k":0,"ix":10},"p":{"a":0,"k":[1112.443,529.938,0],"ix":2},"a":{"a":0,"k":[1112.443,529.938,0],"ix":1},"s":{"a":0,"k":[100,100,100],"ix":6}},"ao":0,"shapes":[{"ty":"gr","it":[{"ind":0,"ty":"sh","ix":1,"ks":{"a":0,"k":{"i":[[0.72,1.948],[-2.881,1.685],[2.701,3.126],[5.81,-4.057],[0,0],[-5.899,-7.323],[-13.72,-4.069],[-3.345,-1.393],[-2.975,2.975],[0,0],[-3.323,3.032],[2.104,1.876],[-2.257,2.593],[0.021,2.07],[1.661,3.223],[3.484,4.227],[4.623,2.764]],"o":[[-1.939,-5.249],[2.88,-1.686],[-2.702,-3.127],[-5.811,4.057],[0,0],[5.901,7.324],[13.719,4.068],[3.345,1.393],[1.057,-1.103],[0,0],[0.982,-1.652],[0,0],[2.257,-2.592],[0,0],[-1.66,-3.223],[-3.482,-4.227],[-4.624,-2.764]],"v":[[-3.868,-12.451],[-0.061,-22.428],[3.911,-34.373],[-6.527,-27.982],[-22.513,-11.997],[-30.379,12.384],[-8.695,26.981],[12.778,31.844],[21.544,34.525],[21.73,31.979],[28.32,32.977],[27.629,28.274],[34.021,28.05],[29.014,18.724],[31.228,15.044],[21.822,3.906],[8.469,-6.154]],"c":true},"ix":2},"nm":"Path 1","mn":"ADBE Vector Shape - Group","hd":false},{"ty":"fl","c":{"a":0,"k":[0.847000002394,0.607999973671,0.501999978458,1],"ix":4},"o":{"a":0,"k":100,"ix":5},"r":1,"bm":0,"nm":"Fill 1","mn":"ADBE Vector Graphic - Fill","hd":false},{"ty":"tr","p":{"a":0,"k":[1138.856,529.266],"ix":2},"a":{"a":0,"k":[0,0],"ix":1},"s":{"a":0,"k":[100,100],"ix":3},"r":{"a":0,"k":0,"ix":6},"o":{"a":0,"k":100,"ix":7},"sk":{"a":0,"k":0,"ix":4},"sa":{"a":0,"k":0,"ix":5},"nm":"Transform"}],"nm":"Group 1","np":2,"cix":2,"bm":0,"ix":1,"mn":"ADBE Vector Group","hd":false}],"ip":0,"op":180,"st":0,"bm":0},{"ddd":0,"ind":3,"ty":4,"nm":"forearm","parent":1,"sr":1,"ks":{"o":{"a":0,"k":100,"ix":11},"r":{"a":0,"k":0,"ix":10},"p":{"a":0,"k":[1050.705,464.038,0],"ix":2},"a":{"a":0,"k":[1050.705,464.038,0],"ix":1},"s":{"a":0,"k":[100,100,100],"ix":6}},"ao":0,"shapes":[{"ty":"gr","it":[{"ind":0,"ty":"sh","ix":1,"ks":{"a":0,"k":{"i":[[10.685,-5.386],[-5.385,-10.684],[-10.684,5.386],[5.385,10.684]],"o":[[-10.684,5.386],[5.386,10.685],[10.684,-5.386],[-5.386,-10.685]],"v":[[-9.752,-19.346],[-19.346,9.752],[9.752,19.346],[19.346,-9.751]],"c":true},"ix":2},"nm":"Path 1","mn":"ADBE Vector Shape - Group","hd":false},{"ty":"fl","c":{"a":0,"k":[0.847000002394,0.607999973671,0.501999978458,1],"ix":4},"o":{"a":0,"k":100,"ix":5},"r":1,"bm":0,"nm":"Fill 1","mn":"ADBE Vector Graphic - Fill","hd":false},{"ty":"tr","p":{"a":0,"k":[1051.518,464.245],"ix":2},"a":{"a":0,"k":[0,0],"ix":1},"s":{"a":0,"k":[100,100],"ix":3},"r":{"a":0,"k":0,"ix":6},"o":{"a":0,"k":100,"ix":7},"sk":{"a":0,"k":0,"ix":4},"sa":{"a":0,"k":0,"ix":5},"nm":"Transform"}],"nm":"Group 1","np":2,"cix":2,"bm":0,"ix":1,"mn":"ADBE Vector Group","hd":false},{"ty":"gr","it":[{"ind":0,"ty":"sh","ix":1,"ks":{"a":0,"k":{"i":[[0.046,-0.228],[-1.799,-4.526],[-2.395,-3.722],[-4.188,-4.946],[-0.634,-0.721],[-0.134,-0.149],[-0.836,-0.906],[-17.907,-10.881],[-7.601,-1.642],[0.484,8.985],[14.502,19.113],[7.343,8.684],[3.609,2.98],[4.058,1.822],[6.165,-4.649],[1.083,-4.558]],"o":[[-0.957,4.771],[1.636,4.112],[3.51,5.456],[0.627,0.728],[0.134,0.149],[0.811,0.925],[14.271,15.338],[4.343,2.634],[1.333,0.288],[-12.366,-13.893],[-6.846,-9.023],[-3.022,-3.574],[-3.393,-2.8],[-7.019,-3.131],[-3.74,2.821],[-0.054,0.228]],"v":[[-48.725,-32.473],[-47.496,-18.443],[-41.03,-6.719],[-29.333,8.854],[-27.453,11.036],[-27.045,11.492],[-24.57,14.235],[7.623,37.839],[33.737,49.833],[49.198,37.581],[20.631,-1.706],[1.393,-29.651],[-8.581,-39.508],[-19.379,-46.99],[-41.013,-44.672],[-48.575,-33.156]],"c":true},"ix":2},"nm":"Path 1","mn":"ADBE Vector Shape - Group","hd":false},{"ty":"fl","c":{"a":0,"k":[0.847000002394,0.607999973671,0.501999978458,1],"ix":4},"o":{"a":0,"k":100,"ix":5},"r":1,"bm":0,"nm":"Fill 1","mn":"ADBE Vector Graphic - Fill","hd":false},{"ty":"tr","p":{"a":0,"k":[1079.96,492.172],"ix":2},"a":{"a":0,"k":[0,0],"ix":1},"s":{"a":0,"k":[100,100],"ix":3},"r":{"a":0,"k":0,"ix":6},"o":{"a":0,"k":100,"ix":7},"sk":{"a":0,"k":0,"ix":4},"sa":{"a":0,"k":0,"ix":5},"nm":"Transform"}],"nm":"Group 2","np":2,"cix":2,"bm":0,"ix":2,"mn":"ADBE Vector Group","hd":false}],"ip":0,"op":180,"st":0,"bm":0},{"ddd":0,"ind":4,"ty":4,"nm":"head","parent":6,"sr":1,"ks":{"o":{"a":0,"k":100,"ix":11},"r":{"a":0,"k":0,"ix":10},"p":{"a":0,"k":[366.148,215.118,0],"ix":2},"a":{"a":0,"k":[366.148,215.118,0],"ix":1},"s":{"a":0,"k":[100,100,100],"ix":6}},"ao":0,"shapes":[{"ty":"gr","it":[{"ty":"gr","it":[{"ind":0,"ty":"sh","ix":1,"ks":{"a":0,"k":{"i":[[0.016,0.153],[-17.102,8.749],[-12.132,0.301],[-1.603,0.562],[-1.205,0.428],[-0.82,-0.277],[-1.338,0.357],[0,0],[-2.027,-0.715],[-1.568,-0.195],[-0.26,0.476],[-0.279,-0.317],[-0.443,-0.116],[-0.023,0.43],[-0.207,-0.229],[-0.18,0.341],[-0.178,-0.67],[-0.083,-0.106],[-0.472,0.248],[-0.497,-1.023],[-0.069,-0.071],[0.012,-0.037],[-0.532,-0.003],[0.27,0.94],[-0.417,-0.837],[-0.279,-0.99],[4.445,-3.336],[3.588,0.558],[5.156,-3.954],[-0.028,-0.787],[-0.069,-0.35],[0.582,-0.565],[-0.101,-1.434],[-0.331,-1.83],[2.757,-5.165],[-1.381,-4.73],[1.244,0.107],[1.019,3.183],[3.822,-0.227],[1.664,-2.977],[-0.175,-4.129],[0.878,-5.019],[0.579,-0.809],[0.922,1.76],[0.895,1.541],[1.162,1.496],[2.258,3.054],[0.732,6.181]],"o":[[-2.03,-19.009],[10.712,-5.48],[1.676,-0.041],[1.207,-0.422],[0.823,-0.293],[1.296,0.439],[1.34,-0.357],[0,0],[1.473,0.519],[0.371,-0.408],[0.278,0.318],[0.29,0.331],[0.443,0.117],[0.207,0.229],[0.181,-0.341],[0.178,0.67],[0.035,0.129],[0.315,0.402],[0.12,0.733],[0.07,0.072],[-0.009,0.022],[0.263,0.374],[1.463,0.007],[0.246,0.855],[0.462,0.926],[1.431,5.075],[-3.046,2.284],[-5.745,-0.894],[-0.656,0.503],[0.011,0.355],[0.164,0.83],[-1.034,1.005],[0.131,1.865],[1.02,5.635],[-2.369,4.436],[-1.762,0.508],[-0.288,-0.842],[-1.55,-4.842],[-3.65,0.217],[-2.113,3.78],[0.215,5.125],[-0.172,0.98],[-1.466,2.048],[-0.823,-1.572],[-0.952,-1.639],[-2.329,-2.998],[-3.709,-5.019],[-0.019,-0.153]],"v":[[-46.296,9.362],[-19.868,-37.795],[4.343,-44.078],[10.245,-44.178],[12.886,-46.724],[15.405,-46.306],[19.492,-46.18],[25.253,-48.287],[29.097,-44.318],[33.793,-43.839],[34.763,-45.156],[35.598,-44.203],[36.648,-43.407],[37.7,-43.968],[38.32,-43.28],[38.861,-44.305],[39.396,-42.293],[39.55,-41.927],[41.02,-41.987],[41.607,-38.636],[41.817,-38.421],[41.787,-38.328],[42.948,-37.703],[44.124,-40.529],[45.785,-37.883],[46.895,-35],[42.808,-20.461],[32.004,-18.779],[14.552,-18.13],[13.304,-16.159],[13.53,-15.115],[12.441,-12.936],[10.819,-9.619],[12.184,-4.188],[8.09,9.5],[5.716,18.147],[1.251,18.635],[0.492,16.26],[-9.958,9.789],[-18.231,16.049],[-19.656,28.314],[-21.4,43.433],[-22.338,46.24],[-26.84,45.245],[-29.117,40.458],[-32.331,35.775],[-39.501,26.931],[-46.244,9.822]],"c":true},"ix":2},"nm":"Path 1","mn":"ADBE Vector Shape - Group","hd":false},{"ty":"fl","c":{"a":0,"k":[0.266999989748,0.172999992967,0.144999995828,1],"ix":4},"o":{"a":0,"k":100,"ix":5},"r":1,"bm":0,"nm":"Fill 1","mn":"ADBE Vector Graphic - Fill","hd":false},{"ty":"tr","p":{"a":0,"k":[1129.724,213.389],"ix":2},"a":{"a":0,"k":[0,0],"ix":1},"s":{"a":0,"k":[100,100],"ix":3},"r":{"a":0,"k":0,"ix":6},"o":{"a":0,"k":100,"ix":7},"sk":{"a":0,"k":0,"ix":4},"sa":{"a":0,"k":0,"ix":5},"nm":"Transform"}],"nm":"Group 1","np":2,"cix":2,"bm":0,"ix":1,"mn":"ADBE Vector Group","hd":false},{"ty":"tr","p":{"a":0,"k":[355.947,169.939],"ix":2},"a":{"a":0,"k":[1130.203,212.89],"ix":1},"s":{"a":0,"k":[92,92],"ix":3},"r":{"a":0,"k":0,"ix":6},"o":{"a":0,"k":100,"ix":7},"sk":{"a":0,"k":0,"ix":4},"sa":{"a":0,"k":0,"ix":5},"nm":"Transform"}],"nm":"hair","np":1,"cix":2,"bm":0,"ix":1,"mn":"ADBE Vector Group","hd":false},{"ty":"gr","it":[{"ty":"gr","it":[{"ind":0,"ty":"sh","ix":1,"ks":{"a":0,"k":{"i":[[0,0],[3.197,-1.803],[0.254,-2.081],[-1.772,-2.598],[-1.429,-2.302],[-0.862,-1.072],[-1.742,0.233],[-1.008,1.297]],"o":[[-3.037,-1.208],[-1.825,1.03],[-0.378,3.091],[1.526,2.24],[0.725,1.167],[1.093,1.359],[1.743,-0.234],[0,0]],"v":[[4.273,-10.049],[-6.325,-12.35],[-9.424,-7.143],[-7.381,2.274],[-2.02,8.377],[0.024,11.948],[4.651,13.92],[9.802,9.905]],"c":true},"ix":2},"nm":"Path 1","mn":"ADBE Vector Shape - Group","hd":false},{"ty":"fl","c":{"a":0,"k":[0.847000002861,0.60799998045,0.501999974251,1],"ix":4},"o":{"a":0,"k":100,"ix":5},"r":1,"bm":0,"nm":"Fill 1","mn":"ADBE Vector Graphic - Fill","hd":false},{"ty":"tr","p":{"a":0,"k":[1122.017,235.901],"ix":2},"a":{"a":0,"k":[0,0],"ix":1},"s":{"a":0,"k":[100,100],"ix":3},"r":{"a":0,"k":0,"ix":6},"o":{"a":0,"k":100,"ix":7},"sk":{"a":0,"k":0,"ix":4},"sa":{"a":0,"k":0,"ix":5},"nm":"Transform"}],"nm":"Group 1","np":2,"cix":2,"bm":0,"ix":1,"mn":"ADBE Vector Group","hd":false},{"ty":"gr","it":[{"ind":0,"ty":"sh","ix":1,"ks":{"a":0,"k":{"i":[[-0.688,-1.128],[-5.031,-4.15],[-1.632,-0.405],[-0.911,3.409],[-0.106,0.024],[2.131,1.384],[0.865,2.616],[0.457,1.177],[0.812,1.176],[1.911,1.588],[3.178,-0.258],[0.405,-0.842],[-0.105,-1.127],[-0.322,-0.886],[-0.643,-0.828]],"o":[[3.385,5.552],[1.296,1.07],[3.446,0.856],[0.055,-0.206],[-2.36,0.524],[-2.132,-1.382],[-0.398,-1.204],[-0.53,-1.365],[-1.465,-2.122],[-2.622,-2.179],[-0.845,0.069],[-0.523,1.088],[0.086,0.917],[0.376,1.034],[0.82,1.055]],"v":[[-10.352,-3.265],[2.25,12.591],[6.578,15.094],[14.853,10.173],[15.39,8.013],[9.25,6.716],[4.553,0.45],[3.472,-3.202],[1.31,-6.935],[-3.558,-12.798],[-12.667,-15.692],[-14.866,-14.546],[-14.633,-11.081],[-14.568,-8.278],[-12.47,-5.524]],"c":true},"ix":2},"nm":"Path 1","mn":"ADBE Vector Shape - Group","hd":false},{"ty":"fl","c":{"a":0,"k":[0.787999987602,0.549000024796,0.458999991417,1],"ix":4},"o":{"a":0,"k":100,"ix":5},"r":1,"bm":0,"nm":"Fill 1","mn":"ADBE Vector Graphic - Fill","hd":false},{"ty":"tr","p":{"a":0,"k":[1116.396,237.476],"ix":2},"a":{"a":0,"k":[0,0],"ix":1},"s":{"a":0,"k":[100,100],"ix":3},"r":{"a":0,"k":0,"ix":6},"o":{"a":0,"k":100,"ix":7},"sk":{"a":0,"k":0,"ix":4},"sa":{"a":0,"k":0,"ix":5},"nm":"Transform"}],"nm":"Group 2","np":2,"cix":2,"bm":0,"ix":2,"mn":"ADBE Vector Group","hd":false},{"ty":"gr","it":[{"ind":0,"ty":"sh","ix":1,"ks":{"a":0,"k":{"i":[[-7.299,-12.874],[-0.694,-1.112],[-3.486,-3.835],[-9.277,-2.59],[-10.741,1.172],[-2.458,0.898],[0.029,3.049],[0.484,4.436],[-0.107,0.025],[0,0],[0,0],[0.613,2.373],[0.839,2.555],[5.64,4.753],[12.473,-1.945],[1.383,-6.871]],"o":[[0.638,1.138],[3.058,4.876],[1.807,1.995],[10.337,2.886],[2.573,-0.281],[2.982,-1.09],[-0.044,-4.469],[-0.085,-0.918],[6.21,-1.442],[0,0],[-0.927,-2.253],[-0.672,-2.604],[-2.279,-6.931],[-9.218,-7.768],[-17.387,2.712],[-0.991,15.076]],"v":[[-34.872,21.565],[-32.874,24.939],[-22.886,38.948],[-4.655,46.616],[28.108,49.908],[35.804,48.696],[39.721,42.324],[39.402,28.857],[38.306,18.943],[46.205,14.912],[34.639,-3.602],[32.898,-11.074],[30.643,-18.818],[19.433,-36.125],[-14.851,-49.135],[-45.214,-21.135]],"c":true},"ix":2},"nm":"Path 1","mn":"ADBE Vector Shape - Group","hd":false},{"ty":"fl","c":{"a":0,"k":[0.847000002861,0.60799998045,0.501999974251,1],"ix":4},"o":{"a":0,"k":100,"ix":5},"r":1,"bm":0,"nm":"Fill 1","mn":"ADBE Vector Graphic - Fill","hd":false},{"ty":"tr","p":{"a":0,"k":[1147.75,227.075],"ix":2},"a":{"a":0,"k":[0,0],"ix":1},"s":{"a":0,"k":[100,100],"ix":3},"r":{"a":0,"k":0,"ix":6},"o":{"a":0,"k":100,"ix":7},"sk":{"a":0,"k":0,"ix":4},"sa":{"a":0,"k":0,"ix":5},"nm":"Transform"}],"nm":"Group 3","np":2,"cix":2,"bm":0,"ix":3,"mn":"ADBE Vector Group","hd":false},{"ty":"tr","p":{"a":0,"k":[371.99,183.376],"ix":2},"a":{"a":0,"k":[1147.642,227.495],"ix":1},"s":{"a":0,"k":[92,92],"ix":3},"r":{"a":0,"k":0,"ix":6},"o":{"a":0,"k":100,"ix":7},"sk":{"a":0,"k":0,"ix":4},"sa":{"a":0,"k":0,"ix":5},"nm":"Transform"}],"nm":"head_skin","np":3,"cix":2,"bm":0,"ix":2,"mn":"ADBE Vector Group","hd":false}],"ip":0,"op":180,"st":0,"bm":0},{"ddd":0,"ind":5,"ty":4,"nm":"body","parent":10,"sr":1,"ks":{"o":{"a":0,"k":100,"ix":11},"r":{"a":0,"k":0,"ix":10},"p":{"a":0,"k":[1141.071,469.915,0],"ix":2},"a":{"a":0,"k":[365.945,406.402,0],"ix":1},"s":{"a":0,"k":[108.696,108.696,100],"ix":6}},"ao":0,"shapes":[{"ty":"gr","it":[{"ty":"gr","it":[{"ind":0,"ty":"sh","ix":1,"ks":{"a":0,"k":{"i":[[4.355,-8.997],[-14.296,-0.992],[0,0],[-0.044,1.16],[-0.775,18.753],[19.07,6.875],[-0.886,-7.644]],"o":[[17.44,7.648],[30.097,2.094],[0,0],[0.655,-18.752],[-37.62,13.21],[1.884,7.447],[1.133,9.899]],"v":[[-56.141,33.457],[-13.703,42.877],[52.667,47.765],[54.375,8.515],[56.141,-47.765],[-47.807,-37.816],[-43.326,-15.251]],"c":true},"ix":2},"nm":"Path 1","mn":"ADBE Vector Shape - Group","hd":false},{"ty":"fl","c":{"a":0,"k":[0.208000004292,0.238999992609,0.289999991655,1],"ix":4},"o":{"a":0,"k":100,"ix":5},"r":1,"bm":0,"nm":"Fill 1","mn":"ADBE Vector Graphic - Fill","hd":false},{"ty":"tr","p":{"a":0,"k":[1137.053,510.12],"ix":2},"a":{"a":0,"k":[0,0],"ix":1},"s":{"a":0,"k":[100,100],"ix":3},"r":{"a":0,"k":0,"ix":6},"o":{"a":0,"k":100,"ix":7},"sk":{"a":0,"k":0,"ix":4},"sa":{"a":0,"k":0,"ix":5},"nm":"Transform"}],"nm":"Group 1","np":2,"cix":2,"bm":0,"ix":1,"mn":"ADBE Vector Group","hd":false},{"ty":"tr","p":{"a":0,"k":[362.249,443.39],"ix":2},"a":{"a":0,"k":[1137.053,510.12],"ix":1},"s":{"a":0,"k":[92,92],"ix":3},"r":{"a":0,"k":0,"ix":6},"o":{"a":0,"k":100,"ix":7},"sk":{"a":0,"k":0,"ix":4},"sa":{"a":0,"k":0,"ix":5},"nm":"Transform"}],"nm":"lower_shirt","np":1,"cix":2,"bm":0,"ix":1,"mn":"ADBE Vector Group","hd":false},{"ty":"gr","it":[{"ty":"gr","it":[{"ind":0,"ty":"sh","ix":1,"ks":{"a":0,"k":{"i":[[2.939,0.524],[-1.176,-6.729],[0,0],[-1.06,-0.236],[0,0],[7.126,1.182],[6.537,3.139],[2.832,4.793],[0.595,1.191]],"o":[[1.942,7.093],[0,0],[2.23,-3.09],[38.775,8.757],[-7.218,-0.244],[-7.085,-1.188],[-5.09,-2.448],[-0.678,-1.147],[-3.089,0.189]],"v":[[-32.595,-15.715],[-28.04,5.209],[-27.302,9.577],[-20.095,6.958],[32.595,7.67],[10.99,5.418],[-9.91,-0.096],[-21.615,-11.695],[-23.513,-15.21]],"c":true},"ix":2},"nm":"Path 1","mn":"ADBE Vector Shape - Group","hd":false},{"ty":"fl","c":{"a":0,"k":[0.180000007153,0.203999996185,0.243000000715,1],"ix":4},"o":{"a":0,"k":100,"ix":5},"r":1,"bm":0,"nm":"Fill 1","mn":"ADBE Vector Graphic - Fill","hd":false},{"ty":"tr","p":{"a":0,"k":[1154.821,413.607],"ix":2},"a":{"a":0,"k":[0,0],"ix":1},"s":{"a":0,"k":[100,100],"ix":3},"r":{"a":0,"k":0,"ix":6},"o":{"a":0,"k":100,"ix":7},"sk":{"a":0,"k":0,"ix":4},"sa":{"a":0,"k":0,"ix":5},"nm":"Transform"}],"nm":"Group 1","np":2,"cix":2,"bm":0,"ix":1,"mn":"ADBE Vector Group","hd":false},{"ty":"tr","p":{"a":0,"k":[378.595,352.45],"ix":2},"a":{"a":0,"k":[1154.821,411.272],"ix":1},"s":{"a":0,"k":[92,92],"ix":3},"r":{"a":0,"k":0,"ix":6},"o":{"a":0,"k":100,"ix":7},"sk":{"a":0,"k":0,"ix":4},"sa":{"a":0,"k":0,"ix":5},"nm":"Transform"}],"nm":"shirt_shadow","np":1,"cix":2,"bm":0,"ix":2,"mn":"ADBE Vector Group","hd":false},{"ty":"gr","it":[{"ty":"gr","it":[{"ind":0,"ty":"sh","ix":1,"ks":{"a":0,"k":{"i":[[-3.466,6.903],[-8.231,1.223],[-7.21,-5.452],[4.643,-19.253],[5.572,-4.545],[2.171,-1.055],[4.581,-0.417],[0.423,-0.017],[2.939,0.524],[4.856,10.303],[-0.287,9.048]],"o":[[3.625,-7.232],[9.057,-1.364],[15.064,11.387],[-1.689,6.994],[-1.882,1.536],[-4.138,1.988],[-0.43,0.039],[-3.089,0.19],[-10.561,-1.827],[-3.859,-8.194],[0.245,-7.725]],"v":[[-41.726,-61.267],[-23.291,-76.078],[1.975,-68.841],[23.321,-18.992],[12.29,-0.877],[6.172,2.995],[-7.103,6.552],[-8.384,6.646],[-17.467,6.141],[-42.074,-12.249],[-46.574,-38.792]],"c":true},"ix":2},"nm":"Path 1","mn":"ADBE Vector Shape - Group","hd":false},{"ind":1,"ty":"sh","ix":2,"ks":{"a":0,"k":{"i":[[-1.391,-17.095],[-3.581,-16.785],[-1.741,-6.902],[-37.62,13.209],[0.008,-0.207],[-0.347,5.924],[-2,14.871],[9.535,10.245],[7.912,8.266],[14.938,4.825],[7.303,-3.92],[4.902,-8.682],[1.857,-6.262]],"o":[[1.265,17.114],[1.486,6.961],[19.072,6.874],[-0.009,0.207],[0.24,-5.93],[0.865,-14.944],[1.99,-14.688],[-7.875,-8.475],[-10.453,-10.929],[-7.686,-2.48],[-9.093,4.895],[-3.197,5.664],[-4.819,16.688]],"v":[[-62.619,8.894],[-55.552,59.816],[-50.444,80.553],[53.502,70.604],[53.479,71.225],[54.348,53.443],[63.484,13.625],[45.423,-37.539],[26.114,-56.684],[-9.193,-84.374],[-33.146,-83.507],[-52.641,-60.304],[-60.656,-42.437]],"c":true},"ix":2},"nm":"Path 2","mn":"ADBE Vector Shape - Group","hd":false},{"ty":"mm","mm":1,"nm":"Merge Paths 1","mn":"ADBE Vector Filter - Merge","hd":false},{"ty":"fl","c":{"a":0,"k":[0.208000004292,0.238999992609,0.289999991655,1],"ix":4},"o":{"a":0,"k":100,"ix":5},"r":1,"bm":0,"nm":"Fill 1","mn":"ADBE Vector Graphic - Fill","hd":false},{"ty":"tr","p":{"a":0,"k":[1139.692,391.751],"ix":2},"a":{"a":0,"k":[0,0],"ix":1},"s":{"a":0,"k":[100,100],"ix":3},"r":{"a":0,"k":0,"ix":6},"o":{"a":0,"k":100,"ix":7},"sk":{"a":0,"k":0,"ix":4},"sa":{"a":0,"k":0,"ix":5},"nm":"Transform"}],"nm":"Group 1","np":4,"cix":2,"bm":0,"ix":1,"mn":"ADBE Vector Group","hd":false},{"ty":"gr","it":[{"ind":0,"ty":"sh","ix":1,"ks":{"a":0,"k":{"i":[[1.334,-28.758],[28.756,1.334],[-1.334,28.758],[-28.758,-1.334]],"o":[[-1.334,28.757],[-28.758,-1.333],[1.334,-28.757],[28.758,1.334]],"v":[[51.647,2.415],[-2.838,52.07],[-51.648,-4.521],[1.992,-52.07]],"c":true},"ix":2},"nm":"Path 1","mn":"ADBE Vector Shape - Group","hd":false},{"ty":"fl","c":{"a":0,"k":[0.208000004292,0.238999992609,0.289999991655,1],"ix":4},"o":{"a":0,"k":100,"ix":5},"r":1,"bm":0,"nm":"Fill 1","mn":"ADBE Vector Graphic - Fill","hd":false},{"ty":"tr","p":{"a":0,"k":[1141,471.448],"ix":2},"a":{"a":0,"k":[0,0],"ix":1},"s":{"a":0,"k":[100,100],"ix":3},"r":{"a":0,"k":0,"ix":6},"o":{"a":0,"k":100,"ix":7},"sk":{"a":0,"k":0,"ix":4},"sa":{"a":0,"k":0,"ix":5},"nm":"Transform"}],"nm":"Group 2","np":2,"cix":2,"bm":0,"ix":2,"mn":"ADBE Vector Group","hd":false},{"ty":"tr","p":{"a":0,"k":[364.566,355.412],"ix":2},"a":{"a":0,"k":[1139.572,414.492],"ix":1},"s":{"a":0,"k":[92,92],"ix":3},"r":{"a":0,"k":0,"ix":6},"o":{"a":0,"k":100,"ix":7},"sk":{"a":0,"k":0,"ix":4},"sa":{"a":0,"k":0,"ix":5},"nm":"Transform"}],"nm":"shirt","np":2,"cix":2,"bm":0,"ix":3,"mn":"ADBE Vector Group","hd":false},{"ty":"gr","it":[{"ty":"gr","it":[{"ind":0,"ty":"sh","ix":1,"ks":{"a":0,"k":{"i":[[30.106,-0.192],[12.848,16.064],[-5.254,13.839],[-7.972,12.447],[-13.812,-13.074],[-0.922,-6.588],[-3.522,-4.236],[-7.219,-9.936],[-4.169,-12.41]],"o":[[-20.121,0.129],[0.149,-21.822],[2.979,-7.847],[12.452,-19.444],[3.596,3.405],[0.763,5.455],[7.841,9.433],[7.734,10.645],[-12.687,24.055]],"v":[[-8.855,79.904],[-58.83,50.415],[-53.623,-10.13],[-30.648,-55.143],[6.364,-66.96],[21.346,-53.205],[18.702,-34.605],[42.138,-6.225],[58.877,28.072]],"c":true},"ix":2},"nm":"Path 1","mn":"ADBE Vector Shape - Group","hd":false},{"ty":"fl","c":{"a":0,"k":[0.847000002861,0.60799998045,0.501999974251,1],"ix":4},"o":{"a":0,"k":100,"ix":5},"r":1,"bm":0,"nm":"Fill 1","mn":"ADBE Vector Graphic - Fill","hd":false},{"ty":"tr","p":{"a":0,"k":[1134.29,351.692],"ix":2},"a":{"a":0,"k":[0,0],"ix":1},"s":{"a":0,"k":[100,100],"ix":3},"r":{"a":0,"k":0,"ix":6},"o":{"a":0,"k":100,"ix":7},"sk":{"a":0,"k":0,"ix":4},"sa":{"a":0,"k":0,"ix":5},"nm":"Transform"}],"nm":"Group 1","np":2,"cix":2,"bm":0,"ix":1,"mn":"ADBE Vector Group","hd":false},{"ty":"tr","p":{"a":0,"k":[359.728,300.31],"ix":2},"a":{"a":0,"k":[1134.313,354.598],"ix":1},"s":{"a":0,"k":[92,92],"ix":3},"r":{"a":0,"k":0,"ix":6},"o":{"a":0,"k":100,"ix":7},"sk":{"a":0,"k":0,"ix":4},"sa":{"a":0,"k":0,"ix":5},"nm":"Transform"}],"nm":"body_skin","np":1,"cix":2,"bm":0,"ix":4,"mn":"ADBE Vector Group","hd":false}],"ip":0,"op":180,"st":0,"bm":0},{"ddd":0,"ind":6,"ty":4,"nm":"neck","parent":5,"sr":1,"ks":{"o":{"a":0,"k":100,"ix":11},"r":{"a":1,"k":[{"i":{"x":[0.42],"y":[1.017]},"o":{"x":[0.479],"y":[0.493]},"t":7,"s":[0]},{"i":{"x":[0.667],"y":[1]},"o":{"x":[0.333],"y":[0]},"t":58,"s":[-11]},{"i":{"x":[0.567],"y":[0.603]},"o":{"x":[0.599],"y":[-0.021]},"t":110,"s":[-11]},{"t":162,"s":[0]}],"ix":10},"p":{"a":0,"k":[358.407,255.476,0],"ix":2},"a":{"a":0,"k":[358.407,255.476,0],"ix":1},"s":{"a":0,"k":[100,100,100],"ix":6}},"ao":0,"shapes":[{"ty":"gr","it":[{"ty":"gr","it":[{"ind":0,"ty":"sh","ix":1,"ks":{"a":0,"k":{"i":[[-1.308,-2.956],[-4.827,-2.471],[-5.879,-0.958],[-1.215,-0.169],[0.199,4.223],[1.05,0.126],[4.883,9.628],[0.131,-1.755],[-0.009,-0.361]],"o":[[1.971,4.503],[5.124,2.62],[1.209,0.201],[0.469,-4.276],[-1.053,-0.056],[-12.368,-1.518],[-1.728,1.044],[-0.036,0.407],[0.116,3.186]],"v":[[-14.958,-0.396],[-4.199,10.35],[12.714,15.083],[16.354,15.632],[16.853,2.863],[13.705,2.593],[-14.538,-15.632],[-17.009,-10.886],[-17.044,-9.735]],"c":true},"ix":2},"nm":"Path 1","mn":"ADBE Vector Shape - Group","hd":false},{"ty":"fl","c":{"a":0,"k":[0.787999987602,0.549000024796,0.458999991417,1],"ix":4},"o":{"a":0,"k":100,"ix":5},"r":1,"bm":0,"nm":"Fill 1","mn":"ADBE Vector Graphic - Fill","hd":false},{"ty":"tr","p":{"a":0,"k":[1147.65,267.819],"ix":2},"a":{"a":0,"k":[0,0],"ix":1},"s":{"a":0,"k":[100,100],"ix":3},"r":{"a":0,"k":0,"ix":6},"o":{"a":0,"k":100,"ix":7},"sk":{"a":0,"k":0,"ix":4},"sa":{"a":0,"k":0,"ix":5},"nm":"Transform"}],"nm":"Group 1","np":2,"cix":2,"bm":0,"ix":1,"mn":"ADBE Vector Group","hd":false},{"ty":"tr","p":{"a":0,"k":[371.942,220.473],"ix":2},"a":{"a":0,"k":[1147.589,267.819],"ix":1},"s":{"a":0,"k":[92,92],"ix":3},"r":{"a":0,"k":0,"ix":6},"o":{"a":0,"k":100,"ix":7},"sk":{"a":0,"k":0,"ix":4},"sa":{"a":0,"k":0,"ix":5},"nm":"Transform"}],"nm":"neck shadow","np":1,"cix":2,"bm":0,"ix":1,"mn":"ADBE Vector Group","hd":false},{"ty":"gr","it":[{"ty":"gr","it":[{"ind":0,"ty":"sh","ix":1,"ks":{"a":0,"k":{"i":[[-15.665,2.001],[-3.587,9.354],[-0.362,2.303],[-0.972,8.878],[0.2,4.223],[0.509,2.631],[6.228,7.106],[10.711,-0.293],[4.072,-4.177],[0.501,-0.669],[0.627,-1.346],[-1.089,-4.539],[-0.678,-7.938],[1.632,-8.015],[0.094,-4.064]],"o":[[10.11,-1.285],[0.838,-2.184],[1.354,-8.517],[0.469,-4.276],[-0.12,-2.673],[-1.796,-9.179],[-6.917,-7.887],[-5.898,0.161],[-0.579,0.596],[-0.86,1.15],[-2.051,4.439],[1.827,7.62],[0.702,8.228],[-0.823,4.047],[-0.428,16.725]],"v":[[2.212,53.627],[24.695,37.095],[26.454,30.344],[30.777,4.05],[31.276,-8.719],[30.348,-16.676],[18.035,-41.667],[-9.561,-55.335],[-25.475,-48.79],[-27.099,-46.883],[-29.425,-43.964],[-30.131,-28.868],[-25.828,-5.337],[-27.31,18.207],[-27.935,30.82]],"c":true},"ix":2},"nm":"Path 1","mn":"ADBE Vector Shape - Group","hd":false},{"ty":"fl","c":{"a":0,"k":[0.847000002861,0.60799998045,0.501999974251,1],"ix":4},"o":{"a":0,"k":100,"ix":5},"r":1,"bm":0,"nm":"Fill 1","mn":"ADBE Vector Graphic - Fill","hd":false},{"ty":"tr","p":{"a":0,"k":[1133.227,279.401],"ix":2},"a":{"a":0,"k":[0,0],"ix":1},"s":{"a":0,"k":[100,100],"ix":3},"r":{"a":0,"k":0,"ix":6},"o":{"a":0,"k":100,"ix":7},"sk":{"a":0,"k":0,"ix":4},"sa":{"a":0,"k":0,"ix":5},"nm":"Transform"}],"nm":"Group 1","np":2,"cix":2,"bm":0,"ix":1,"mn":"ADBE Vector Group","hd":false},{"ty":"gr","it":[{"ind":0,"ty":"sh","ix":1,"ks":{"a":0,"k":{"i":[[-5.3,14.304],[14.304,5.3],[5.305,-14.311],[-14.299,-5.306]],"o":[[5.299,-14.304],[-14.304,-5.298],[-5.305,14.298],[14.31,5.299]],"v":[[25.903,9.596],[9.601,-25.901],[-25.896,-9.598],[-9.6,25.899]],"c":true},"ix":2},"nm":"Path 1","mn":"ADBE Vector Shape - Group","hd":false},{"ty":"fl","c":{"a":0,"k":[0.847000002861,0.60799998045,0.501999974251,1],"ix":4},"o":{"a":0,"k":100,"ix":5},"r":1,"bm":0,"nm":"Fill 1","mn":"ADBE Vector Graphic - Fill","hd":false},{"ty":"tr","p":{"a":0,"k":[1132.253,305.585],"ix":2},"a":{"a":0,"k":[0,0],"ix":1},"s":{"a":0,"k":[100,100],"ix":3},"r":{"a":0,"k":0,"ix":6},"o":{"a":0,"k":100,"ix":7},"sk":{"a":0,"k":0,"ix":4},"sa":{"a":0,"k":0,"ix":5},"nm":"Transform"}],"nm":"Group 2","np":2,"cix":2,"bm":0,"ix":2,"mn":"ADBE Vector Group","hd":false},{"ty":"tr","p":{"a":0,"k":[358.906,230.476],"ix":2},"a":{"a":0,"k":[1133.42,278.691],"ix":1},"s":{"a":0,"k":[92,92],"ix":3},"r":{"a":0,"k":0,"ix":6},"o":{"a":0,"k":100,"ix":7},"sk":{"a":0,"k":0,"ix":4},"sa":{"a":0,"k":0,"ix":5},"nm":"Transform"}],"nm":"neck_skin","np":2,"cix":2,"bm":0,"ix":2,"mn":"ADBE Vector Group","hd":false}],"ip":0,"op":180,"st":0,"bm":0},{"ddd":0,"ind":7,"ty":4,"nm":"thigh","sr":1,"ks":{"o":{"a":0,"k":100,"ix":11},"r":{"a":0,"k":0,"ix":10},"p":{"a":0,"k":[509.634,617.817,0],"ix":2},"a":{"a":0,"k":[1297.255,699.714,0],"ix":1},"s":{"a":0,"k":[92,92,100],"ix":6}},"ao":0,"shapes":[{"ty":"gr","it":[{"ind":0,"ty":"sh","ix":1,"ks":{"a":0,"k":{"i":[[-3.556,-3.119],[-2.307,-2.909],[2.14,-8.952],[7.95,-4.009],[10.276,3.822],[22.408,5.988],[14.277,4.74],[16.029,8.503],[-12.218,31.785],[-13.748,5.159],[-23.053,-13.849],[-32.395,-23.853],[-3.765,-2.634]],"o":[[2.789,2.446],[5.698,7.191],[-2.075,8.683],[-10.661,5.376],[-21.76,-8.096],[-14.525,-3.902],[-17.207,-5.712],[-25.309,-13.426],[5.313,-13.824],[26.879,-10.085],[34.615,20.795],[3.7,2.724],[3.878,2.714]],"v":[[111.835,26.934],[119.541,34.921],[125.2,60.471],[109.276,80.537],[82.917,80.232],[10.922,57.713],[-32.395,45.099],[-83.744,24.528],[-115.122,-45.704],[-84.008,-75.828],[-9.045,-60.132],[89.269,10.369],[100.555,18.283]],"c":true},"ix":2},"nm":"Path 1","mn":"ADBE Vector Shape - Group","hd":false},{"ty":"fl","c":{"a":0,"k":[0.109999997008,0.113999998803,0.118000000598,1],"ix":4},"o":{"a":0,"k":100,"ix":5},"r":1,"bm":0,"nm":"Fill 1","mn":"ADBE Vector Graphic - Fill","hd":false},{"ty":"tr","p":{"a":0,"k":[1197.009,645.391],"ix":2},"a":{"a":0,"k":[0,0],"ix":1},"s":{"a":0,"k":[100,100],"ix":3},"r":{"a":0,"k":0,"ix":6},"o":{"a":0,"k":100,"ix":7},"sk":{"a":0,"k":0,"ix":4},"sa":{"a":0,"k":0,"ix":5},"nm":"Transform"}],"nm":"Group 1","np":2,"cix":2,"bm":0,"ix":1,"mn":"ADBE Vector Group","hd":false}],"ip":0,"op":180,"st":0,"bm":0},{"ddd":0,"ind":8,"ty":4,"nm":"foot","sr":1,"ks":{"o":{"a":0,"k":100,"ix":11},"r":{"a":0,"k":0,"ix":10},"p":{"a":0,"k":[675.144,710.694,0],"ix":2},"a":{"a":0,"k":[675.144,710.694,0],"ix":1},"s":{"a":0,"k":[100,100,100],"ix":6}},"ao":0,"shapes":[{"ty":"gr","it":[{"ty":"gr","it":[{"ind":0,"ty":"sh","ix":1,"ks":{"a":0,"k":{"i":[[0.234,0.121],[0.706,0.892],[-0.032,0.343],[-0.05,0.081],[-3.097,7.051],[-1.846,3.653],[-2.227,2.852],[-0.214,0.268],[-0.439,0.54],[-1.113,1.527],[-0.096,0.134],[-0.101,0.143],[-0.162,0.25],[-0.8,1.253],[-0.061,0.108],[-0.058,0.1],[-0.52,0.849],[-1.438,2.592],[-1.448,2.924],[-1.29,3.076],[-0.956,3.042],[-0.322,3.256],[0.046,0.103],[0.111,0.07],[0.745,0.836],[-0.098,0.401],[-0.504,-0.122],[-2.205,-1.8],[0.119,-1.101],[5.352,-11.312],[3.614,-6.701],[0,0],[2.44,-6.005],[4.002,-0.875],[0.707,0.429]],"o":[[-1.631,-0.908],[-0.283,-0.343],[0.055,-0.574],[9.091,-13.121],[1.299,-2.974],[2.254,-4.44],[0.217,-0.276],[0.447,-0.557],[1.189,-1.48],[0.086,-0.138],[0.096,-0.133],[0.166,-0.236],[0.676,-1.017],[0.057,-0.099],[0.067,-0.095],[0.497,-0.774],[1.539,-2.532],[1.584,-2.852],[1.48,-2.988],[1.234,-2.94],[0.978,-3.113],[0.011,-0.111],[-0.052,-0.119],[-0.939,-0.584],[-0.288,-0.323],[0.108,-0.441],[2.117,0.57],[0.869,0.706],[-1.427,12.822],[-3.142,6.64],[0,0],[-4.341,8.052],[-9.17,22.612],[-0.737,0.114],[-0.219,-0.02]],"v":[[-25.794,57.842],[-29.898,54.12],[-30.205,53.049],[-29.79,51.919],[-14.677,25.087],[-10.178,15.394],[-3.429,4.912],[-2.79,4.088],[-1.473,2.448],[1.975,-1.974],[2.254,-2.379],[2.546,-2.789],[3.04,-3.512],[5.261,-6.925],[5.451,-7.235],[5.637,-7.537],[7.155,-9.987],[11.62,-17.675],[16.175,-26.338],[20.349,-35.429],[23.672,-44.397],[25.844,-53.987],[25.818,-54.32],[25.536,-54.585],[22.781,-56.529],[22.597,-57.751],[23.525,-58.512],[28.915,-55.382],[30.119,-52.496],[19.146,-16.819],[8.849,3.09],[7.97,4.717],[-1.88,25.995],[-22.96,58.52],[-25.115,58.058]],"c":true},"ix":2},"nm":"Path 1","mn":"ADBE Vector Shape - Group","hd":false},{"ty":"fl","c":{"a":0,"k":[0.40000000596,0.40000000596,0.40000000596,1],"ix":4},"o":{"a":0,"k":100,"ix":5},"r":1,"bm":0,"nm":"Fill 1","mn":"ADBE Vector Graphic - Fill","hd":false},{"ty":"tr","p":{"a":0,"k":[1526.202,787.161],"ix":2},"a":{"a":0,"k":[0,0],"ix":1},"s":{"a":0,"k":[100,100],"ix":3},"r":{"a":0,"k":0,"ix":6},"o":{"a":0,"k":100,"ix":7},"sk":{"a":0,"k":0,"ix":4},"sa":{"a":0,"k":0,"ix":5},"nm":"Transform"}],"nm":"Group 1","np":2,"cix":2,"bm":0,"ix":1,"mn":"ADBE Vector Group","hd":false},{"ty":"tr","p":{"a":0,"k":[720.23,698.279],"ix":2},"a":{"a":0,"k":[1526.164,787.173],"ix":1},"s":{"a":0,"k":[92,92],"ix":3},"r":{"a":0,"k":0,"ix":6},"o":{"a":0,"k":100,"ix":7},"sk":{"a":0,"k":0,"ix":4},"sa":{"a":0,"k":0,"ix":5},"nm":"Transform"}],"nm":"sole","np":1,"cix":2,"bm":0,"ix":1,"mn":"ADBE Vector Group","hd":false},{"ty":"gr","it":[{"ty":"gr","it":[{"ind":0,"ty":"sh","ix":1,"ks":{"a":0,"k":{"i":[[1.812,0.563],[2.113,0.922],[4.092,1.103],[3.972,2.423],[2.436,1.751],[0.756,1.931],[-1.354,1.007],[-2.553,-0.431],[-1.691,1.775],[-0.371,1.896],[0.539,1.378],[1.644,0.947],[1.415,1.99],[-1.572,0.457],[-1.32,-0.119],[0,0],[-1.27,0.818],[0,0],[0,0],[-1.571,0.457],[0,0],[-1.521,1.523],[-8.233,10.448],[-3.802,0.853],[-3.46,-3.998],[3.968,-10.237],[1.199,-2.219],[0.539,-2.281],[2.182,-4.99],[1.67,-1.891]],"o":[[-1.811,-0.562],[-2.112,-0.923],[-4.089,-1.102],[-3.971,-2.422],[-2.434,-1.751],[-0.755,-1.931],[1.356,-1.008],[2.556,0.432],[1.69,-1.776],[0.371,-1.895],[-0.541,-1.38],[-1.644,-0.947],[-1.417,-1.991],[1.571,-0.456],[1.32,0.119],[0.624,-2.47],[1.273,-0.814],[0,0],[0,0],[1.571,-0.456],[-0.061,0.41],[6.303,-6.305],[5.737,-7.277],[3.802,-0.852],[5.441,6.285],[-8.277,21.353],[-1.198,2.22],[-0.539,2.279],[-2.183,4.992],[-2.565,2.901]],"v":[[-9.778,55.175],[-17.13,50.529],[-24.293,48.083],[-34.021,43.143],[-43.452,34.904],[-48.611,29.448],[-46.081,25.753],[-38.788,25.283],[-33.737,23.146],[-28.114,10.286],[-28.642,3.654],[-31.5,-4.456],[-36.442,-9.36],[-31.549,-12.709],[-25.048,-13.982],[-20.059,-15.458],[-16.617,-19.67],[-13.81,-19.813],[-12.07,-20.654],[-8.655,-23.263],[-3.549,-23.401],[4.503,-28.052],[20.834,-41.446],[34.795,-56.128],[43.925,-54.706],[38.968,-26.266],[22.806,2.599],[14.113,17.776],[10.109,31.114],[-4.631,55.803]],"c":true},"ix":2},"nm":"Path 1","mn":"ADBE Vector Shape - Group","hd":false},{"ty":"fl","c":{"a":0,"k":[0.07500000298,0.071000002325,0.067000001669,1],"ix":4},"o":{"a":0,"k":100,"ix":5},"r":1,"bm":0,"nm":"Fill 1","mn":"ADBE Vector Graphic - Fill","hd":false},{"ty":"tr","p":{"a":0,"k":[1507.624,785.68],"ix":2},"a":{"a":0,"k":[0,0],"ix":1},"s":{"a":0,"k":[100,100],"ix":3},"r":{"a":0,"k":0,"ix":6},"o":{"a":0,"k":100,"ix":7},"sk":{"a":0,"k":0,"ix":4},"sa":{"a":0,"k":0,"ix":5},"nm":"Transform"}],"nm":"Group 1","np":2,"cix":2,"bm":0,"ix":1,"mn":"ADBE Vector Group","hd":false},{"ty":"tr","p":{"a":0,"k":[701.903,696.823],"ix":2},"a":{"a":0,"k":[1506.243,785.59],"ix":1},"s":{"a":0,"k":[92,92],"ix":3},"r":{"a":0,"k":0,"ix":6},"o":{"a":0,"k":100,"ix":7},"sk":{"a":0,"k":0,"ix":4},"sa":{"a":0,"k":0,"ix":5},"nm":"Transform"}],"nm":"foot","np":1,"cix":2,"bm":0,"ix":2,"mn":"ADBE Vector Group","hd":false},{"ty":"gr","it":[{"ty":"gr","it":[{"ind":0,"ty":"sh","ix":1,"ks":{"a":0,"k":{"i":[[-8.096,-5.687],[-5.686,8.095],[8.095,5.686],[5.686,-8.097]],"o":[[8.095,5.687],[5.687,-8.095],[-8.096,-5.688],[-5.686,8.095]],"v":[[-10.297,14.658],[14.657,10.297],[10.297,-14.657],[-14.658,-10.296]],"c":true},"ix":2},"nm":"Path 1","mn":"ADBE Vector Shape - Group","hd":false},{"ty":"fl","c":{"a":0,"k":[0.847000002861,0.60799998045,0.501999974251,1],"ix":4},"o":{"a":0,"k":100,"ix":5},"r":1,"bm":0,"nm":"Fill 1","mn":"ADBE Vector Graphic - Fill","hd":false},{"ty":"tr","p":{"a":0,"k":[1477.37,800.631],"ix":2},"a":{"a":0,"k":[0,0],"ix":1},"s":{"a":0,"k":[100,100],"ix":3},"r":{"a":0,"k":0,"ix":6},"o":{"a":0,"k":100,"ix":7},"sk":{"a":0,"k":0,"ix":4},"sa":{"a":0,"k":0,"ix":5},"nm":"Transform"}],"nm":"Group 1","np":2,"cix":2,"bm":0,"ix":1,"mn":"ADBE Vector Group","hd":false},{"ty":"tr","p":{"a":0,"k":[675.34,710.661],"ix":2},"a":{"a":0,"k":[1477.37,800.631],"ix":1},"s":{"a":0,"k":[92,92],"ix":3},"r":{"a":0,"k":0,"ix":6},"o":{"a":0,"k":100,"ix":7},"sk":{"a":0,"k":0,"ix":4},"sa":{"a":0,"k":0,"ix":5},"nm":"Transform"}],"nm":"foot_skin","np":1,"cix":2,"bm":0,"ix":3,"mn":"ADBE Vector Group","hd":false}],"ip":0,"op":180,"st":0,"bm":0},{"ddd":0,"ind":9,"ty":4,"nm":"calf","sr":1,"ks":{"o":{"a":0,"k":100,"ix":11},"r":{"a":0,"k":0,"ix":10},"p":{"a":0,"k":[675.119,710.272,0],"ix":2},"a":{"a":0,"k":[675.119,710.272,0],"ix":1},"s":{"a":0,"k":[100,100,100],"ix":6}},"ao":0,"shapes":[{"ty":"gr","it":[{"ty":"gr","it":[{"ind":0,"ty":"sh","ix":1,"ks":{"a":0,"k":{"i":[[0.02,0.009],[24.774,15.718],[11.638,10.032],[4.964,6.06],[6.008,5.297],[7.509,-7.095],[0.382,-8.111],[-9.81,-6.419],[-17.279,-13.753],[-39.165,-14.245],[-2.209,5.405]],"o":[[-26.895,-11.478],[-12.981,-8.236],[-5.935,-5.117],[-7.288,-8.895],[-7.679,-6.77],[-5.903,5.575],[-0.567,12.038],[18.807,12.305],[33.984,27.049],[3.187,-3.695],[3.74,-9.146]],"v":[[92.017,35.852],[23.587,1.624],[-13.229,-26.045],[-30.671,-41.796],[-49.184,-62.22],[-81.553,-57.941],[-91.47,-36.344],[-78.102,-8.922],[-29.023,37.52],[79.041,68.991],[87.719,54.631]],"c":true},"ix":2},"nm":"Path 1","mn":"ADBE Vector Shape - Group","hd":false},{"ty":"fl","c":{"a":0,"k":[0.109999999404,0.11400000006,0.118000000715,1],"ix":4},"o":{"a":0,"k":100,"ix":5},"r":1,"bm":0,"nm":"Fill 1","mn":"ADBE Vector Graphic - Fill","hd":false},{"ty":"tr","p":{"a":0,"k":[1358.028,734.546],"ix":2},"a":{"a":0,"k":[0,0],"ix":1},"s":{"a":0,"k":[100,100],"ix":3},"r":{"a":0,"k":0,"ix":6},"o":{"a":0,"k":100,"ix":7},"sk":{"a":0,"k":0,"ix":4},"sa":{"a":0,"k":0,"ix":5},"nm":"Transform"}],"nm":"Group 1","np":2,"cix":2,"bm":0,"ix":1,"mn":"ADBE Vector Group","hd":false},{"ty":"gr","it":[{"ind":0,"ty":"sh","ix":1,"ks":{"a":0,"k":{"i":[[-16.469,-2],[-2.001,16.468],[16.468,1.999],[1.999,-16.468]],"o":[[16.468,1.999],[1.999,-16.468],[-16.468,-1.999],[-2.001,16.468]],"v":[[-3.619,29.818],[29.819,3.62],[3.62,-29.818],[-29.817,-3.62]],"c":true},"ix":2},"nm":"Path 1","mn":"ADBE Vector Shape - Group","hd":false},{"ty":"fl","c":{"a":0,"k":[0.109999999404,0.11400000006,0.118000000715,1],"ix":4},"o":{"a":0,"k":100,"ix":5},"r":1,"bm":0,"nm":"Fill 1","mn":"ADBE Vector Graphic - Fill","hd":false},{"ty":"tr","p":{"a":0,"k":[1292.611,698.349],"ix":2},"a":{"a":0,"k":[0,0],"ix":1},"s":{"a":0,"k":[100,100],"ix":3},"r":{"a":0,"k":0,"ix":6},"o":{"a":0,"k":100,"ix":7},"sk":{"a":0,"k":0,"ix":4},"sa":{"a":0,"k":0,"ix":5},"nm":"Transform"}],"nm":"Group 2","np":2,"cix":2,"bm":0,"ix":2,"mn":"ADBE Vector Group","hd":false},{"ty":"tr","p":{"a":0,"k":[674.464,711.629],"ix":2},"a":{"a":0,"k":[1476.417,801.683],"ix":1},"s":{"a":0,"k":[92,92],"ix":3},"r":{"a":0,"k":0,"ix":6},"o":{"a":0,"k":100,"ix":7},"sk":{"a":0,"k":0,"ix":4},"sa":{"a":0,"k":0,"ix":5},"nm":"Transform"}],"nm":"calf","np":2,"cix":2,"bm":0,"ix":1,"mn":"ADBE Vector Group","hd":false},{"ty":"gr","it":[{"ty":"gr","it":[{"ind":0,"ty":"sh","ix":1,"ks":{"a":0,"k":{"i":[[-2.065,3.576],[-1.075,1.113],[-5.219,0.053],[-3.506,-1.516],[-5.136,-1.951],[-2.973,-0.801],[-2.602,-1.204],[-2.136,-4.301],[1.001,-3.873],[9.245,0.724],[4.236,1.802],[4.285,1.989],[4.975,2.916],[1.905,4.565]],"o":[[0.772,-1.336],[3.209,-3.326],[3.708,-0.037],[5.036,2.179],[2.89,1.098],[2.754,0.741],[4.716,2.183],[1.937,3.898],[-1.973,7.638],[-4.565,-0.358],[-4.334,-1.846],[-5.232,-2.429],[-4.518,-2.648],[-1.762,-4.228]],"v":[[-34.492,-15.321],[-31.689,-19.013],[-18.736,-24.936],[-7.764,-22.249],[7.249,-15.549],[16.046,-12.766],[24.084,-9.982],[34.782,-0.181],[36.311,11.902],[17.136,24.248],[3.921,20.356],[-8.988,14.654],[-24.728,7.326],[-35.55,-3.273]],"c":true},"ix":2},"nm":"Path 1","mn":"ADBE Vector Shape - Group","hd":false},{"ty":"fl","c":{"a":0,"k":[0.847000002861,0.60799998045,0.501999974251,1],"ix":4},"o":{"a":0,"k":100,"ix":5},"r":1,"bm":0,"nm":"Fill 1","mn":"ADBE Vector Graphic - Fill","hd":false},{"ty":"tr","p":{"a":0,"k":[1458.158,793.665],"ix":2},"a":{"a":0,"k":[0,0],"ix":1},"s":{"a":0,"k":[100,100],"ix":3},"r":{"a":0,"k":0,"ix":6},"o":{"a":0,"k":100,"ix":7},"sk":{"a":0,"k":0,"ix":4},"sa":{"a":0,"k":0,"ix":5},"nm":"Transform"}],"nm":"Group 1","np":2,"cix":2,"bm":0,"ix":1,"mn":"ADBE Vector Group","hd":false},{"ty":"tr","p":{"a":0,"k":[657.783,703.965],"ix":2},"a":{"a":0,"k":[1458.286,793.354],"ix":1},"s":{"a":0,"k":[92,92],"ix":3},"r":{"a":0,"k":0,"ix":6},"o":{"a":0,"k":100,"ix":7},"sk":{"a":0,"k":0,"ix":4},"sa":{"a":0,"k":0,"ix":5},"nm":"Transform"}],"nm":"calf_skin","np":1,"cix":2,"bm":0,"ix":2,"mn":"ADBE Vector Group","hd":false}],"ip":0,"op":180,"st":0,"bm":0},{"ddd":0,"ind":10,"ty":4,"nm":"hips","sr":1,"ks":{"o":{"a":0,"k":100,"ix":11},"r":{"a":1,"k":[{"i":{"x":[0.42],"y":[0.989]},"o":{"x":[0.479],"y":[0.47]},"t":7,"s":[0]},{"i":{"x":[0.667],"y":[1]},"o":{"x":[0.333],"y":[0]},"t":58,"s":[18]},{"i":{"x":[0.567],"y":[0.546]},"o":{"x":[0.599],"y":[0.013]},"t":110,"s":[18]},{"t":162,"s":[0]}],"ix":10},"p":{"a":0,"k":[346.772,536.054,0],"ix":2},"a":{"a":0,"k":[1120.23,610.841,0],"ix":1},"s":{"a":0,"k":[92,92,100],"ix":6}},"ao":0,"shapes":[{"ty":"gr","it":[{"ind":0,"ty":"sh","ix":1,"ks":{"a":0,"k":{"i":[[-22.283,22.631],[-38.548,-0.229],[0,0],[-0.028,-0.905],[-0.672,-13.296],[1.841,-13.003],[6.144,-6.38],[0.382,-0.374],[5.771,-3.304],[13.585,1.52],[3.925,26.705]],"o":[[0,0],[9.758,0.058],[-0.421,0.072],[0.421,13.307],[0.659,13.045],[-1.204,8.5],[-0.369,0.384],[-4.671,4.575],[-11.814,6.764],[-34.951,-3.91],[-4.518,-30.729]],"v":[[-37.934,-67.72],[11.593,-61.962],[62.817,-64.603],[63.066,-54.633],[65.054,-14.743],[64.924,24.69],[53.606,47.456],[52.479,48.593],[36.611,60.384],[-3.569,66.2],[-62.248,8.805]],"c":true},"ix":2},"nm":"Path 1","mn":"ADBE Vector Shape - Group","hd":false},{"ty":"fl","c":{"a":0,"k":[0.109999997008,0.113999998803,0.118000000598,1],"ix":4},"o":{"a":0,"k":100,"ix":5},"r":1,"bm":0,"nm":"Fill 1","mn":"ADBE Vector Graphic - Fill","hd":false},{"ty":"tr","p":{"a":0,"k":[1119.049,611.254],"ix":2},"a":{"a":0,"k":[0,0],"ix":1},"s":{"a":0,"k":[100,100],"ix":3},"r":{"a":0,"k":0,"ix":6},"o":{"a":0,"k":100,"ix":7},"sk":{"a":0,"k":0,"ix":4},"sa":{"a":0,"k":0,"ix":5},"nm":"Transform"}],"nm":"Group 1","np":2,"cix":2,"bm":0,"ix":1,"mn":"ADBE Vector Group","hd":false}],"ip":0,"op":180,"st":0,"bm":0},{"ddd":0,"ind":11,"ty":4,"nm":"arm_1","parent":5,"sr":1,"ks":{"o":{"a":0,"k":100,"ix":11},"r":{"a":0,"k":0,"ix":10},"p":{"a":0,"k":[353.957,291.748,0],"ix":2},"a":{"a":0,"k":[1128.041,345.291,0],"ix":1},"s":{"a":0,"k":[92,92,100],"ix":6}},"ao":0,"shapes":[{"ty":"gr","it":[{"ind":0,"ty":"sh","ix":1,"ks":{"a":0,"k":{"i":[[15.757,-9.198],[-9.198,-15.757],[-15.757,9.198],[9.198,15.756]],"o":[[-15.757,9.198],[9.198,15.756],[15.755,-9.199],[-9.199,-15.757]],"v":[[-16.656,-28.53],[-28.53,16.656],[16.655,28.53],[28.529,-16.655]],"c":true},"ix":2},"nm":"Path 1","mn":"ADBE Vector Shape - Group","hd":false},{"ty":"fl","c":{"a":0,"k":[0.788000009574,0.54900004069,0.458999992819,1],"ix":4},"o":{"a":0,"k":100,"ix":5},"r":1,"bm":0,"nm":"Fill 1","mn":"ADBE Vector Graphic - Fill","hd":false},{"ty":"tr","p":{"a":0,"k":[1127.268,345.132],"ix":2},"a":{"a":0,"k":[0,0],"ix":1},"s":{"a":0,"k":[100,100],"ix":3},"r":{"a":0,"k":0,"ix":6},"o":{"a":0,"k":100,"ix":7},"sk":{"a":0,"k":0,"ix":4},"sa":{"a":0,"k":0,"ix":5},"nm":"Transform"}],"nm":"Group 1","np":2,"cix":2,"bm":0,"ix":1,"mn":"ADBE Vector Group","hd":false},{"ty":"gr","it":[{"ind":0,"ty":"sh","ix":1,"ks":{"a":0,"k":{"i":[[-2.667,-2.206],[0.149,-9.883],[5.472,-8.036],[5.419,-3.109],[4.37,-2.774],[1.882,-4.32],[11.67,-12.012],[1.992,-3.125],[2.303,-2.588],[3.07,-1.102],[5.192,5.55],[-2.851,7.491],[-1.25,2.949],[-1.681,3.646],[-2.761,5.593],[-1.948,3.889],[-3.961,8.709],[-5.248,9.503],[-11.317,3.897],[-7.074,-2.688]],"o":[[7.706,6.375],[-0.146,9.815],[-3.497,5.135],[-4.483,2.573],[-4.149,2.633],[-6.709,15.35],[-2.572,2.646],[-1.855,2.908],[-2.167,2.435],[-7.178,2.578],[-5.551,-5.932],[1.139,-2.993],[1.555,-3.706],[2.597,-5.658],[1.931,-3.896],[4.285,-8.554],[4.489,-9.871],[5.655,-10.24],[7.155,-2.465],[3.21,1.219]],"v":[[47.638,-72.064],[60.208,-45.921],[50.699,-18.37],[37.332,-5.5],[23.646,1.806],[15.967,13.443],[-11.884,54.938],[-18.985,63.27],[-24.727,71.946],[-32.737,77.385],[-53.554,72.275],[-57.506,49.94],[-53.925,41.026],[-49.069,30.003],[-40.994,13.141],[-35.164,1.458],[-22.861,-24.475],[-10.263,-54.515],[16.524,-77.39],[38.772,-77.275]],"c":true},"ix":2},"nm":"Path 1","mn":"ADBE Vector Shape - Group","hd":false},{"ty":"fl","c":{"a":0,"k":[0.788000009574,0.54900004069,0.458999992819,1],"ix":4},"o":{"a":0,"k":100,"ix":5},"r":1,"bm":0,"nm":"Fill 1","mn":"ADBE Vector Graphic - Fill","hd":false},{"ty":"tr","p":{"a":0,"k":[1101.883,390.254],"ix":2},"a":{"a":0,"k":[0,0],"ix":1},"s":{"a":0,"k":[100,100],"ix":3},"r":{"a":0,"k":0,"ix":6},"o":{"a":0,"k":100,"ix":7},"sk":{"a":0,"k":0,"ix":4},"sa":{"a":0,"k":0,"ix":5},"nm":"Transform"}],"nm":"Group 2","np":2,"cix":2,"bm":0,"ix":2,"mn":"ADBE Vector Group","hd":false}],"ip":0,"op":180,"st":0,"bm":0},{"ddd":0,"ind":12,"ty":4,"nm":"hand_1","parent":13,"sr":1,"ks":{"o":{"a":0,"k":100,"ix":11},"r":{"a":0,"k":0,"ix":10},"p":{"a":0,"k":[1072.51,562.807,0],"ix":2},"a":{"a":0,"k":[1072.51,562.807,0],"ix":1},"s":{"a":0,"k":[100,100,100],"ix":6}},"ao":0,"shapes":[{"ty":"gr","it":[{"ind":0,"ty":"sh","ix":1,"ks":{"a":0,"k":{"i":[[-1.149,-1.115],[-2.147,0.524],[-2.086,0.581],[-3.359,0.477],[-3.185,0.447],[-2.014,0.002],[-1.011,-1.43],[0.589,-0.811],[1.377,-0.516],[3.316,-5.85],[-2.102,-1.78],[-1.535,-1.305],[0.834,-0.832],[0.826,0.952],[-0.408,-0.371],[-0.251,-0.253],[-0.67,-0.617],[-0.176,-0.886],[0.004,-0.379],[0.101,-0.279],[0.131,-0.186],[0.213,-0.183],[0.275,-0.115],[0.844,0.104],[0.159,-0.093],[1.048,-0.68],[1.722,0.899],[1.07,0.436],[0.028,-0.08],[-0.026,-0.11],[0.034,-0.108],[0.617,-0.291],[1.69,0.479],[1.789,0.704],[1.63,1.153],[0.569,0.503],[0.395,0.106],[2.986,2.677],[1.374,1.613],[0.934,2.077],[2.459,3.796],[-2.019,2.977],[-0.566,0.457],[-2.358,-0.173]],"o":[[2.192,0.383],[2.106,-0.513],[3.277,-0.913],[3.185,-0.452],[1.996,-0.28],[1.478,-0.003],[0.577,0.815],[-0.858,1.181],[-5.437,2.041],[2.229,1.621],[1.965,1.666],[8.577,7.297],[-1.332,1.326],[0.171,0.521],[0.263,0.24],[0.641,0.645],[0.669,0.616],[0.073,0.372],[-0.003,0.295],[-0.079,0.213],[-0.16,0.229],[-0.225,0.194],[-0.784,0.329],[-1.762,-0.216],[0.071,0.252],[-1.493,0.967],[-1.027,-0.535],[-0.028,0.08],[0.115,0.002],[0.027,0.11],[-0.201,0.643],[-1.734,0.816],[-1.851,-0.525],[-1.862,-0.732],[-0.621,-0.438],[-0.304,-0.27],[-3.99,-1.07],[-1.576,-1.413],[-1.511,-1.774],[-1.9,-4.224],[-1.98,-3.056],[0.367,-0.54],[1.832,-1.479],[1.612,0.118]],"v":[[-19.257,-19.996],[-11.271,-20.45],[-5.144,-22.402],[4.884,-24.149],[14.348,-25.968],[20.372,-26.393],[25.48,-25.499],[25.125,-22.724],[21.589,-20.213],[4.572,-13.509],[11.333,-8.67],[22.943,0.806],[28.986,12.503],[23.235,11.795],[28.587,15.979],[29.333,16.744],[31.402,18.525],[32.844,20.778],[32.91,21.91],[32.802,22.786],[32.46,23.375],[31.926,24.019],[31.155,24.461],[28.666,24.691],[25.535,23.389],[24.859,25.815],[19.958,25.281],[16.906,23.743],[16.82,23.983],[17.032,24.292],[17,24.626],[15.695,26.113],[10.087,25.469],[4.601,23.68],[-0.696,20.901],[-2.479,19.485],[-3.491,18.822],[-13.646,12.346],[-18.281,7.995],[-21.371,2.161],[-30.895,-6.921],[-30.897,-14.222],[-27.654,-18.368],[-23.462,-20.152]],"c":true},"ix":2},"nm":"Path 1","mn":"ADBE Vector Shape - Group","hd":false},{"ty":"fl","c":{"a":0,"k":[0.788000009574,0.54900004069,0.458999992819,1],"ix":4},"o":{"a":0,"k":100,"ix":5},"r":1,"bm":0,"nm":"Fill 1","mn":"ADBE Vector Graphic - Fill","hd":false},{"ty":"tr","p":{"a":0,"k":[1161.382,520.992],"ix":2},"a":{"a":0,"k":[0,0],"ix":1},"s":{"a":0,"k":[100,100],"ix":3},"r":{"a":0,"k":0,"ix":6},"o":{"a":0,"k":100,"ix":7},"sk":{"a":0,"k":0,"ix":4},"sa":{"a":0,"k":0,"ix":5},"nm":"Transform"}],"nm":"Group 1","np":2,"cix":2,"bm":0,"ix":1,"mn":"ADBE Vector Group","hd":false}],"ip":0,"op":180,"st":0,"bm":0},{"ddd":0,"ind":13,"ty":4,"nm":"forearm_1","parent":11,"sr":1,"ks":{"o":{"a":0,"k":100,"ix":11},"r":{"a":0,"k":0,"ix":10},"p":{"a":0,"k":[1061.727,447.819,0],"ix":2},"a":{"a":0,"k":[1061.727,447.819,0],"ix":1},"s":{"a":0,"k":[100,100,100],"ix":6}},"ao":0,"shapes":[{"ty":"gr","it":[{"ind":0,"ty":"sh","ix":1,"ks":{"a":0,"k":{"i":[[6.658,-8.888],[-8.889,-6.658],[-6.659,8.889],[8.889,6.659]],"o":[[-6.658,8.888],[8.888,6.658],[6.658,-8.888],[-8.887,-6.658]],"v":[[-16.094,-12.056],[-12.056,16.094],[16.094,12.056],[12.055,-16.093]],"c":true},"ix":2},"nm":"Path 1","mn":"ADBE Vector Shape - Group","hd":false},{"ty":"fl","c":{"a":0,"k":[0.788000009574,0.54900004069,0.458999992819,1],"ix":4},"o":{"a":0,"k":100,"ix":5},"r":1,"bm":0,"nm":"Fill 1","mn":"ADBE Vector Graphic - Fill","hd":false},{"ty":"tr","p":{"a":0,"k":[1061.21,447.805],"ix":2},"a":{"a":0,"k":[0,0],"ix":1},"s":{"a":0,"k":[100,100],"ix":3},"r":{"a":0,"k":0,"ix":6},"o":{"a":0,"k":100,"ix":7},"sk":{"a":0,"k":0,"ix":4},"sa":{"a":0,"k":0,"ix":5},"nm":"Transform"}],"nm":"Group 1","np":2,"cix":2,"bm":0,"ix":1,"mn":"ADBE Vector Group","hd":false},{"ty":"gr","it":[{"ind":0,"ty":"sh","ix":1,"ks":{"a":0,"k":{"i":[[0.016,-0.215],[-2.186,-3.958],[-2.64,-3.147],[-4.433,-4.066],[-0.669,-0.591],[-0.141,-0.122],[-0.875,-0.737],[-17.757,-7.931],[-7.189,-0.626],[-3.258,1.826],[-1.481,0.483],[-2.642,-0.168],[15.582,15.909],[7.773,7.141],[3.67,2.323],[3.949,1.205],[5.134,-5],[0.465,-4.324]],"o":[[-0.325,4.505],[1.985,3.596],[3.868,4.615],[0.662,0.597],[0.14,0.122],[0.855,0.756],[14.929,12.46],[4.307,1.92],[1.262,0.11],[1.427,-0.804],[2.784,-0.917],[-18.714,-16.387],[-7.356,-7.511],[-3.2,-2.938],[-3.451,-2.183],[-6.828,-2.065],[-3.116,3.033],[-0.023,0.215]],"v":[[-56.165,-27.279],[-53.397,-14.503],[-46.077,-4.462],[-33.492,8.514],[-31.505,10.305],[-31.077,10.677],[-28.478,12.914],[18.282,39.662],[40.659,46.023],[47.347,38.914],[51.712,36.992],[56.49,34.902],[11.285,-7.035],[-9.687,-30.524],[-20.021,-38.437],[-30.836,-44.068],[-50.486,-39.41],[-56.107,-27.925]],"c":true},"ix":2},"nm":"Path 1","mn":"ADBE Vector Shape - Group","hd":false},{"ty":"fl","c":{"a":0,"k":[0.788000009574,0.54900004069,0.458999992819,1],"ix":4},"o":{"a":0,"k":100,"ix":5},"r":1,"bm":0,"nm":"Fill 1","mn":"ADBE Vector Graphic - Fill","hd":false},{"ty":"tr","p":{"a":0,"k":[1097.602,473.004],"ix":2},"a":{"a":0,"k":[0,0],"ix":1},"s":{"a":0,"k":[100,100],"ix":3},"r":{"a":0,"k":0,"ix":6},"o":{"a":0,"k":100,"ix":7},"sk":{"a":0,"k":0,"ix":4},"sa":{"a":0,"k":0,"ix":5},"nm":"Transform"}],"nm":"Group 2","np":2,"cix":2,"bm":0,"ix":2,"mn":"ADBE Vector Group","hd":false}],"ip":0,"op":180,"st":0,"bm":0},{"ddd":0,"ind":14,"ty":4,"nm":"thigh_1","sr":1,"ks":{"o":{"a":0,"k":100,"ix":11},"r":{"a":0,"k":0,"ix":10},"p":{"a":0,"k":[360.968,710.745,0],"ix":2},"a":{"a":0,"k":[1135.661,800.723,0],"ix":1},"s":{"a":0,"k":[92,92,100],"ix":6}},"ao":0,"shapes":[{"ty":"gr","it":[{"ind":0,"ty":"sh","ix":1,"ks":{"a":0,"k":{"i":[[0.734,-4.313],[1.663,-3.005],[8.091,-2.652],[7.011,4.321],[1.588,6.225],[0.913,4.615],[6.141,20.558],[3.184,13.547],[1.067,16.75],[-30.966,5.776],[-10.726,-8.333],[-0.259,-24.876],[3.097,-37.084],[0.251,-4.242]],"o":[[-0.576,3.383],[-4.154,7.504],[-7.848,2.573],[-5.042,-3.107],[-1.497,-5.865],[-4.166,-21.069],[-3.963,-13.335],[-3.838,-16.325],[-1.685,-26.449],[13.468,-2.512],[20.972,16.292],[0.389,37.352],[-0.353,4.237],[-0.259,4.371]],"v":[[42.075,90.573],[37.078,109.135],[21.754,123.396],[-5.113,119.47],[-14.476,105.14],[-14.682,88.14],[-31.079,25.974],[-42.131,-14.271],[-50.805,-64.698],[-10.672,-123.456],[28.141,-113.537],[52.101,-46.865],[44.192,64.765],[43.426,77.492]],"c":true},"ix":2},"nm":"Path 1","mn":"ADBE Vector Shape - Group","hd":false},{"ty":"fl","c":{"a":0,"k":[0.071000005685,0.075,0.078000005086,1],"ix":4},"o":{"a":0,"k":100,"ix":5},"r":1,"bm":0,"nm":"Fill 1","mn":"ADBE Vector Graphic - Fill","hd":false},{"ty":"tr","p":{"a":0,"k":[1123.13,702.742],"ix":2},"a":{"a":0,"k":[0,0],"ix":1},"s":{"a":0,"k":[100,100],"ix":3},"r":{"a":0,"k":0,"ix":6},"o":{"a":0,"k":100,"ix":7},"sk":{"a":0,"k":0,"ix":4},"sa":{"a":0,"k":0,"ix":5},"nm":"Transform"}],"nm":"Group 1","np":2,"cix":2,"bm":0,"ix":1,"mn":"ADBE Vector Group","hd":false}],"ip":0,"op":180,"st":0,"bm":0},{"ddd":0,"ind":15,"ty":4,"nm":"foot_1","sr":1,"ks":{"o":{"a":0,"k":100,"ix":11},"r":{"a":0,"k":0,"ix":10},"p":{"a":0,"k":[333.879,884.53,0],"ix":2},"a":{"a":0,"k":[333.879,884.53,0],"ix":1},"s":{"a":0,"k":[100,100,100],"ix":6}},"ao":0,"shapes":[{"ty":"gr","it":[{"ty":"gr","it":[{"ind":0,"ty":"sh","ix":1,"ks":{"a":0,"k":{"i":[[-0.01,0.244],[-0.471,0.941],[-0.3,0.106],[-0.088,-0.01],[-7.119,0.166],[-3.783,-0.117],[-3.261,-0.75],[-0.307,-0.075],[-0.624,-0.157],[-1.714,-0.335],[-0.15,-0.027],[-0.158,-0.028],[-0.273,-0.038],[-1.362,-0.179],[-0.115,-0.01],[-0.105,-0.009],[-0.914,-0.105],[-2.733,-0.19],[-3.016,-0.068],[-3.081,0.123],[-2.924,0.39],[-2.853,1.004],[-0.067,0.078],[-0.015,0.12],[-0.408,0.951],[-0.375,0.074],[-0.096,-0.47],[0.646,-2.553],[0.969,-0.331],[11.57,0.055],[7.028,0.405],[0,0],[5.984,-0.306],[2.3,3.009],[-0.083,0.761]],"o":[[0.122,-1.721],[0.178,-0.371],[0.502,-0.18],[14.549,2.479],[3.001,-0.076],[4.601,0.149],[0.316,0.074],[0.642,0.157],[1.705,0.416],[0.149,0.018],[0.149,0.027],[0.264,0.046],[1.116,0.168],[0.106,0.01],[0.105,0.019],[0.844,0.113],[2.723,0.298],[3.009,0.209],[3.082,0.07],[2.947,-0.119],[2.989,-0.399],[0.098,-0.035],[0.08,-0.092],[0.121,-1.015],[0.159,-0.368],[0.412,-0.082],[0.351,1.995],[-0.251,1.004],[-11.298,3.824],[-6.792,-0.033],[0,0],[-8.445,-0.484],[-22.53,1.17],[-0.384,-0.574],[-0.07,-0.191]],"v":[[-58.556,-1.493],[-57.047,-6.388],[-56.268,-7.063],[-55.159,-7.157],[-26.767,-5.003],[-16.886,-5.027],[-5.464,-3.478],[-4.524,-3.265],[-2.634,-2.803],[2.42,-1.646],[2.868,-1.572],[3.325,-1.488],[4.125,-1.356],[7.853,-0.833],[8.188,-0.794],[8.513,-0.756],[11.16,-0.445],[19.347,0.286],[28.387,0.709],[37.635,0.648],[46.451,-0.078],[55.333,-2.014],[55.601,-2.166],[55.714,-2.506],[56.263,-5.574],[57.215,-6.208],[58.216,-5.728],[57.703,0.012],[55.757,2.151],[21.577,6.927],[0.869,6.094],[-0.837,5.995],[-22.518,6.073],[-58.016,1.147],[-58.471,-0.839]],"c":true},"ix":2},"nm":"Path 1","mn":"ADBE Vector Shape - Group","hd":false},{"ty":"fl","c":{"a":0,"k":[0.40000000596,0.40000000596,0.40000000596,1],"ix":4},"o":{"a":0,"k":100,"ix":5},"r":1,"bm":0,"nm":"Fill 1","mn":"ADBE Vector Graphic - Fill","hd":false},{"ty":"tr","p":{"a":0,"k":[1136.739,1027.181],"ix":2},"a":{"a":0,"k":[0,0],"ix":1},"s":{"a":0,"k":[100,100],"ix":3},"r":{"a":0,"k":0,"ix":6},"o":{"a":0,"k":100,"ix":7},"sk":{"a":0,"k":0,"ix":4},"sa":{"a":0,"k":0,"ix":5},"nm":"Transform"}],"nm":"Group 1","np":2,"cix":2,"bm":0,"ix":1,"mn":"ADBE Vector Group","hd":false},{"ty":"tr","p":{"a":0,"k":[361.879,918.97],"ix":2},"a":{"a":0,"k":[1136.651,1027.055],"ix":1},"s":{"a":0,"k":[92,92],"ix":3},"r":{"a":0,"k":0,"ix":6},"o":{"a":0,"k":100,"ix":7},"sk":{"a":0,"k":0,"ix":4},"sa":{"a":0,"k":0,"ix":5},"nm":"Transform"}],"nm":"sole_1","np":1,"cix":2,"bm":0,"ix":1,"mn":"ADBE Vector Group","hd":false},{"ty":"gr","it":[{"ty":"gr","it":[{"ind":0,"ty":"sh","ix":1,"ks":{"a":0,"k":{"i":[[0.237,1.738],[0.053,2.131],[0.678,3.86],[-0.475,4.276],[-0.514,2.726],[-1.322,1.389],[-1.374,-0.74],[-0.639,-2.308],[-2.149,-0.723],[-1.734,0.431],[-0.944,0.993],[-0.15,1.748],[-1.112,1.965],[-0.998,-1.137],[-0.417,-1.154],[0,0],[-1.182,-0.745],[0,0],[0,0],[-0.999,-1.138],[0,0],[-1.871,-0.679],[-11.975,-2.806],[-2.204,-2.852],[1.996,-4.464],[10.128,-0.683],[2.328,0.136],[2.121,-0.441],[5.036,-0.124],[2.238,0.658]],"o":[[-0.237,-1.737],[-0.054,-2.129],[-0.677,-3.857],[0.474,-4.274],[0.513,-2.725],[1.322,-1.388],[1.375,0.741],[0.638,2.311],[2.15,0.72],[1.733,-0.431],[0.944,-0.993],[0.15,-1.747],[1.114,-1.966],[0.997,1.137],[0.416,1.151],[2.314,-0.445],[1.18,0.746],[0,0],[0,0],[0.997,1.137],[-0.367,0.108],[7.749,2.81],[8.342,1.956],[2.202,2.851],[-3.134,7.017],[-21.127,1.426],[-2.329,-0.135],[-2.121,0.441],[-5.035,0.126],[-3.434,-1.013]],"v":[[-56.558,19.594],[-55.543,11.616],[-56.299,4.659],[-55.969,-5.424],[-52.759,-16.548],[-50.208,-23.006],[-46.122,-22.333],[-42.873,-16.409],[-39.108,-13.013],[-26.133,-13.338],[-20.784,-16.378],[-15.11,-21.945],[-12.937,-28.005],[-8.216,-25.218],[-4.605,-20.268],[-1.415,-16.669],[3.461,-15.433],[4.679,-13.139],[6.064,-12.01],[9.587,-10.171],[11.702,-5.948],[18.749,-1.022],[36.362,7.412],[54.126,13.36],[56.508,21.565],[30.745,28.546],[0.24,26.307],[-15.876,24.965],[-28.618,26.833],[-55.069,24.152]],"c":true},"ix":2},"nm":"Path 1","mn":"ADBE Vector Shape - Group","hd":false},{"ty":"fl","c":{"a":0,"k":[0.07500000298,0.071000002325,0.067000001669,1],"ix":4},"o":{"a":0,"k":100,"ix":5},"r":1,"bm":0,"nm":"Fill 1","mn":"ADBE Vector Graphic - Fill","hd":false},{"ty":"tr","p":{"a":0,"k":[1137.212,1002.326],"ix":2},"a":{"a":0,"k":[0,0],"ix":1},"s":{"a":0,"k":[100,100],"ix":3},"r":{"a":0,"k":0,"ix":6},"o":{"a":0,"k":100,"ix":7},"sk":{"a":0,"k":0,"ix":4},"sa":{"a":0,"k":0,"ix":5},"nm":"Transform"}],"nm":"Group 1","np":2,"cix":2,"bm":0,"ix":1,"mn":"ADBE Vector Group","hd":false},{"ty":"tr","p":{"a":0,"k":[362.518,896.359],"ix":2},"a":{"a":0,"k":[1137.346,1002.478],"ix":1},"s":{"a":0,"k":[92,92],"ix":3},"r":{"a":0,"k":0,"ix":6},"o":{"a":0,"k":100,"ix":7},"sk":{"a":0,"k":0,"ix":4},"sa":{"a":0,"k":0,"ix":5},"nm":"Transform"}],"nm":"foot_1","np":1,"cix":2,"bm":0,"ix":2,"mn":"ADBE Vector Group","hd":false},{"ty":"gr","it":[{"ty":"gr","it":[{"ind":0,"ty":"sh","ix":1,"ks":{"a":0,"k":{"i":[[2.177,-8.889],[-8.889,-2.176],[-2.175,8.889],[8.89,2.176]],"o":[[-2.176,8.889],[8.889,2.176],[2.176,-8.89],[-8.889,-2.175]],"v":[[-16.095,-3.941],[-3.94,16.094],[16.095,3.94],[3.94,-16.096]],"c":true},"ix":2},"nm":"Path 1","mn":"ADBE Vector Shape - Group","hd":false},{"ty":"fl","c":{"a":0,"k":[0.787999987602,0.549000024796,0.458999991417,1],"ix":4},"o":{"a":0,"k":100,"ix":5},"r":1,"bm":0,"nm":"Fill 1","mn":"ADBE Vector Graphic - Fill","hd":false},{"ty":"tr","p":{"a":0,"k":[1106.95,988.878],"ix":2},"a":{"a":0,"k":[0,0],"ix":1},"s":{"a":0,"k":[100,100],"ix":3},"r":{"a":0,"k":0,"ix":6},"o":{"a":0,"k":100,"ix":7},"sk":{"a":0,"k":0,"ix":4},"sa":{"a":0,"k":0,"ix":5},"nm":"Transform"}],"nm":"Group 1","np":2,"cix":2,"bm":0,"ix":1,"mn":"ADBE Vector Group","hd":false},{"ty":"tr","p":{"a":0,"k":[334.554,883.848],"ix":2},"a":{"a":0,"k":[1106.95,988.878],"ix":1},"s":{"a":0,"k":[92,92],"ix":3},"r":{"a":0,"k":0,"ix":6},"o":{"a":0,"k":100,"ix":7},"sk":{"a":0,"k":0,"ix":4},"sa":{"a":0,"k":0,"ix":5},"nm":"Transform"}],"nm":"foot_skin_1","np":1,"cix":2,"bm":0,"ix":3,"mn":"ADBE Vector Group","hd":false}],"ip":0,"op":180,"st":0,"bm":0},{"ddd":0,"ind":16,"ty":4,"nm":"calf_1","sr":1,"ks":{"o":{"a":0,"k":100,"ix":11},"r":{"a":0,"k":0,"ix":10},"p":{"a":0,"k":[332.864,882.597,0],"ix":2},"a":{"a":0,"k":[332.864,882.597,0],"ix":1},"s":{"a":0,"k":[100,100,100],"ix":6}},"ao":0,"shapes":[{"ty":"gr","it":[{"ty":"gr","it":[{"ind":0,"ty":"sh","ix":1,"ks":{"a":0,"k":{"i":[[-0.001,0.021],[-5.906,26.991],[-5.117,13.535],[-2.893,6.786],[-0.963,10.039],[3.297,5.464],[6.633,1.827],[3.363,-14.402],[6.587,-19.727],[-0.045,-39.246],[-5.494,-0.21]],"o":[[1.469,-27.498],[3.093,-14.143],[2.609,-6.9],[3.89,-9.123],[0.608,-6.335],[-3.619,-6],[-14.926,-4.11],[-4.814,20.611],[-12.954,38.798],[4.297,1.626],[9.299,0.355]],"v":[[7.5,93.283],[15.683,21.695],[28.272,-19.809],[36.573,-40.323],[45.407,-61.683],[41.319,-80.255],[24.138,-91.79],[-8.066,-70.731],[-33.061,-13.254],[-26.006,92.505],[-10.501,95.545]],"c":true},"ix":2},"nm":"Path 1","mn":"ADBE Vector Shape - Group","hd":false},{"ty":"fl","c":{"a":0,"k":[0.071000002325,0.07500000298,0.078000001609,1],"ix":4},"o":{"a":0,"k":100,"ix":5},"r":1,"bm":0,"nm":"Fill 1","mn":"ADBE Vector Graphic - Fill","hd":false},{"ty":"tr","p":{"a":0,"k":[1116.181,866.854],"ix":2},"a":{"a":0,"k":[0,0],"ix":1},"s":{"a":0,"k":[100,100],"ix":3},"r":{"a":0,"k":0,"ix":6},"o":{"a":0,"k":100,"ix":7},"sk":{"a":0,"k":0,"ix":4},"sa":{"a":0,"k":0,"ix":5},"nm":"Transform"}],"nm":"Group 1","np":2,"cix":2,"bm":0,"ix":1,"mn":"ADBE Vector Group","hd":false},{"ty":"gr","it":[{"ind":0,"ty":"sh","ix":1,"ks":{"a":0,"k":{"i":[[-3.234,-14.599],[-14.598,3.235],[3.236,14.598],[14.598,-3.234]],"o":[[3.235,14.597],[14.597,-3.234],[-3.234,-14.597],[-14.597,3.234]],"v":[[-26.432,5.857],[5.857,26.431],[26.43,-5.857],[-5.858,-26.432]],"c":true},"ix":2},"nm":"Path 1","mn":"ADBE Vector Shape - Group","hd":false},{"ty":"fl","c":{"a":0,"k":[0.071000002325,0.07500000298,0.078000001609,1],"ix":4},"o":{"a":0,"k":100,"ix":5},"r":1,"bm":0,"nm":"Fill 1","mn":"ADBE Vector Graphic - Fill","hd":false},{"ty":"tr","p":{"a":0,"k":[1134.834,800.998],"ix":2},"a":{"a":0,"k":[0,0],"ix":1},"s":{"a":0,"k":[100,100],"ix":3},"r":{"a":0,"k":0,"ix":6},"o":{"a":0,"k":100,"ix":7},"sk":{"a":0,"k":0,"ix":4},"sa":{"a":0,"k":0,"ix":5},"nm":"Transform"}],"nm":"Group 2","np":2,"cix":2,"bm":0,"ix":2,"mn":"ADBE Vector Group","hd":false},{"ty":"tr","p":{"a":0,"k":[346.864,772.802],"ix":2},"a":{"a":0,"k":[1120.33,868.176],"ix":1},"s":{"a":0,"k":[92,92],"ix":3},"r":{"a":0,"k":0,"ix":6},"o":{"a":0,"k":100,"ix":7},"sk":{"a":0,"k":0,"ix":4},"sa":{"a":0,"k":0,"ix":5},"nm":"Transform"}],"nm":"calf_1","np":2,"cix":2,"bm":0,"ix":1,"mn":"ADBE Vector Group","hd":false},{"ty":"gr","it":[{"ty":"gr","it":[{"ind":0,"ty":"sh","ix":1,"ks":{"a":0,"k":{"i":[[-3.758,-0.637],[-1.305,-0.527],[-1.678,-3.969],[0.256,-5.308],[-0.027,-3.479],[0.349,-3.304],[3.075,-2.762],[3.684,-0.255],[2.262,7.246],[-0.244,3.708],[-0.392,3.794],[-0.983,4.564],[-3.377,2.654]],"o":[[1.404,0.237],[3.897,1.574],[2.14,5.058],[-0.167,3.476],[0.025,3.317],[-0.425,4.173],[-2.786,2.504],[-7.265,0.504],[-1.116,-3.578],[0.251,-3.792],[0.477,-4.631],[0.891,-4.144],[3.129,-2.458]],"v":[[1.986,-30.531],[6.076,-29.364],[15.281,-21.036],[15.813,-4.862],[15.603,5.573],[15.659,15.577],[10.474,26.319],[0.438,30.663],[-16.304,19.277],[-17.049,8.167],[-16.125,-3.184],[-14.669,-17.124],[-8.83,-28.17]],"c":true},"ix":2},"nm":"Path 1","mn":"ADBE Vector Shape - Group","hd":false},{"ty":"fl","c":{"a":0,"k":[0.787999987602,0.549000024796,0.458999991417,1],"ix":4},"o":{"a":0,"k":100,"ix":5},"r":1,"bm":0,"nm":"Fill 1","mn":"ADBE Vector Graphic - Fill","hd":false},{"ty":"tr","p":{"a":0,"k":[1106.388,973.678],"ix":2},"a":{"a":0,"k":[0,0],"ix":1},"s":{"a":0,"k":[100,100],"ix":3},"r":{"a":0,"k":0,"ix":6},"o":{"a":0,"k":100,"ix":7},"sk":{"a":0,"k":0,"ix":4},"sa":{"a":0,"k":0,"ix":5},"nm":"Transform"}],"nm":"Group 1","np":2,"cix":2,"bm":0,"ix":1,"mn":"ADBE Vector Group","hd":false},{"ty":"tr","p":{"a":0,"k":[333.694,869.829],"ix":2},"a":{"a":0,"k":[1106.016,973.641],"ix":1},"s":{"a":0,"k":[92,92],"ix":3},"r":{"a":0,"k":0,"ix":6},"o":{"a":0,"k":100,"ix":7},"sk":{"a":0,"k":0,"ix":4},"sa":{"a":0,"k":0,"ix":5},"nm":"Transform"}],"nm":"calf_skin_1","np":1,"cix":2,"bm":0,"ix":2,"mn":"ADBE Vector Group","hd":false}],"ip":0,"op":180,"st":0,"bm":0},{"ddd":0,"ind":17,"ty":4,"nm":"bench","sr":1,"ks":{"o":{"a":0,"k":100,"ix":11},"r":{"a":0,"k":0,"ix":10},"p":{"a":0,"k":[738.771,829.451,0],"ix":2},"a":{"a":0,"k":[1546.317,929.751,0],"ix":1},"s":{"a":0,"k":[92,92,100],"ix":6}},"ao":0,"shapes":[{"ty":"gr","it":[{"ind":0,"ty":"sh","ix":1,"ks":{"a":0,"k":{"i":[[0,0],[0,0],[0,0],[0,0]],"o":[[0,0],[0,0],[0,0],[0,0]],"v":[[-91.895,17.549],[92.058,16.671],[91.895,-17.549],[-92.058,-16.67]],"c":true},"ix":2},"nm":"Path 1","mn":"ADBE Vector Shape - Group","hd":false},{"ty":"fl","c":{"a":0,"k":[0.783999992819,0.791999966491,0.8,1],"ix":4},"o":{"a":0,"k":100,"ix":5},"r":1,"bm":0,"nm":"Fill 1","mn":"ADBE Vector Graphic - Fill","hd":false},{"ty":"tr","p":{"a":0,"k":[1641.056,929.829],"ix":2},"a":{"a":0,"k":[0,0],"ix":1},"s":{"a":0,"k":[100,100],"ix":3},"r":{"a":0,"k":0,"ix":6},"o":{"a":0,"k":100,"ix":7},"sk":{"a":0,"k":0,"ix":4},"sa":{"a":0,"k":0,"ix":5},"nm":"Transform"}],"nm":"Group 1","np":2,"cix":2,"bm":0,"ix":1,"mn":"ADBE Vector Group","hd":false},{"ty":"gr","it":[{"ind":0,"ty":"sh","ix":1,"ks":{"a":0,"k":{"i":[[0,0],[0,0],[0,0],[0,0]],"o":[[0,0],[0,0],[0,0],[0,0]],"v":[[-94.694,-75.345],[94.821,101.865],[94.658,67.646],[-94.821,-101.866]],"c":true},"ix":2},"nm":"Path 1","mn":"ADBE Vector Shape - Group","hd":false},{"ty":"fl","c":{"a":0,"k":[0.698000021542,0.709999952129,0.717999985639,1],"ix":4},"o":{"a":0,"k":100,"ix":5},"r":1,"bm":0,"nm":"Fill 1","mn":"ADBE Vector Graphic - Fill","hd":false},{"ty":"tr","p":{"a":0,"k":[1454.34,845.513],"ix":2},"a":{"a":0,"k":[0,0],"ix":1},"s":{"a":0,"k":[100,100],"ix":3},"r":{"a":0,"k":0,"ix":6},"o":{"a":0,"k":100,"ix":7},"sk":{"a":0,"k":0,"ix":4},"sa":{"a":0,"k":0,"ix":5},"nm":"Transform"}],"nm":"Group 2","np":2,"cix":2,"bm":0,"ix":2,"mn":"ADBE Vector Group","hd":false},{"ty":"gr","it":[{"ind":0,"ty":"sh","ix":1,"ks":{"a":0,"k":{"i":[[0,0],[0,0],[0,0],[0,0]],"o":[[0,0],[0,0],[0,0],[0,0]],"v":[[0.952,85.053],[186.716,84.165],[-64.096,-85.053],[-186.716,-84.468]],"c":true},"ix":2},"nm":"Path 1","mn":"ADBE Vector Shape - Group","hd":false},{"ty":"fl","c":{"a":0,"k":[0.866999966491,0.866999966491,0.866999966491,1],"ix":4},"o":{"a":0,"k":100,"ix":5},"r":1,"bm":0,"nm":"Fill 1","mn":"ADBE Vector Graphic - Fill","hd":false},{"ty":"tr","p":{"a":0,"k":[1546.235,828.115],"ix":2},"a":{"a":0,"k":[0,0],"ix":1},"s":{"a":0,"k":[100,100],"ix":3},"r":{"a":0,"k":0,"ix":6},"o":{"a":0,"k":100,"ix":7},"sk":{"a":0,"k":0,"ix":4},"sa":{"a":0,"k":0,"ix":5},"nm":"Transform"}],"nm":"Group 3","np":2,"cix":2,"bm":0,"ix":3,"mn":"ADBE Vector Group","hd":false},{"ty":"gr","it":[{"ind":0,"ty":"sh","ix":1,"ks":{"a":0,"k":{"i":[[0,0],[0,0],[0,0],[0,0]],"o":[[0,0],[0,0],[0,0],[0,0]],"v":[[-1.893,59.86],[2.489,64.869],[1.869,-64.869],[-2.489,-64.849]],"c":true},"ix":2},"nm":"Path 1","mn":"ADBE Vector Shape - Group","hd":false},{"ty":"fl","c":{"a":0,"k":[0.698000021542,0.709999952129,0.717999985639,1],"ix":4},"o":{"a":0,"k":100,"ix":5},"r":1,"bm":0,"nm":"Fill 1","mn":"ADBE Vector Graphic - Fill","hd":false},{"ty":"tr","p":{"a":0,"k":[1394.314,829.604],"ix":2},"a":{"a":0,"k":[0,0],"ix":1},"s":{"a":0,"k":[100,100],"ix":3},"r":{"a":0,"k":0,"ix":6},"o":{"a":0,"k":100,"ix":7},"sk":{"a":0,"k":0,"ix":4},"sa":{"a":0,"k":0,"ix":5},"nm":"Transform"}],"nm":"Group 4","np":2,"cix":2,"bm":0,"ix":4,"mn":"ADBE Vector Group","hd":false},{"ty":"gr","it":[{"ind":0,"ty":"sh","ix":1,"ks":{"a":0,"k":{"i":[[0,0],[0,0],[0,0],[0,0]],"o":[[0,0],[0,0],[0,0],[0,0]],"v":[[-2.901,64.885],[3.521,64.854],[2.902,-64.884],[-3.521,-64.854]],"c":true},"ix":2},"nm":"Path 1","mn":"ADBE Vector Shape - Group","hd":false},{"ty":"fl","c":{"a":0,"k":[0.783999992819,0.791999966491,0.8,1],"ix":4},"o":{"a":0,"k":100,"ix":5},"r":1,"bm":0,"nm":"Fill 1","mn":"ADBE Vector Graphic - Fill","hd":false},{"ty":"tr","p":{"a":0,"k":[1399.704,829.588],"ix":2},"a":{"a":0,"k":[0,0],"ix":1},"s":{"a":0,"k":[100,100],"ix":3},"r":{"a":0,"k":0,"ix":6},"o":{"a":0,"k":100,"ix":7},"sk":{"a":0,"k":0,"ix":4},"sa":{"a":0,"k":0,"ix":5},"nm":"Transform"}],"nm":"Group 5","np":2,"cix":2,"bm":0,"ix":5,"mn":"ADBE Vector Group","hd":false},{"ty":"gr","it":[{"ind":0,"ty":"sh","ix":1,"ks":{"a":0,"k":{"i":[[0,0],[0,0],[0,0],[0,0]],"o":[[0,0],[0,0],[0,0],[0,0]],"v":[[-1.884,61.807],[2.499,66.978],[1.859,-66.978],[-2.499,-66.958]],"c":true},"ix":2},"nm":"Path 1","mn":"ADBE Vector Shape - Group","hd":false},{"ty":"fl","c":{"a":0,"k":[0.698000021542,0.709999952129,0.717999985639,1],"ix":4},"o":{"a":0,"k":100,"ix":5},"r":1,"bm":0,"nm":"Fill 1","mn":"ADBE Vector Graphic - Fill","hd":false},{"ty":"tr","p":{"a":0,"k":[1481.094,831.299],"ix":2},"a":{"a":0,"k":[0,0],"ix":1},"s":{"a":0,"k":[100,100],"ix":3},"r":{"a":0,"k":0,"ix":6},"o":{"a":0,"k":100,"ix":7},"sk":{"a":0,"k":0,"ix":4},"sa":{"a":0,"k":0,"ix":5},"nm":"Transform"}],"nm":"Group 6","np":2,"cix":2,"bm":0,"ix":6,"mn":"ADBE Vector Group","hd":false},{"ty":"gr","it":[{"ind":0,"ty":"sh","ix":1,"ks":{"a":0,"k":{"i":[[0,0],[0,0],[0,0],[0,0]],"o":[[0,0],[0,0],[0,0],[0,0]],"v":[[-2.891,66.994],[3.531,66.964],[2.891,-66.993],[-3.531,-66.962]],"c":true},"ix":2},"nm":"Path 1","mn":"ADBE Vector Shape - Group","hd":false},{"ty":"fl","c":{"a":0,"k":[0.783999992819,0.791999966491,0.8,1],"ix":4},"o":{"a":0,"k":100,"ix":5},"r":1,"bm":0,"nm":"Fill 1","mn":"ADBE Vector Graphic - Fill","hd":false},{"ty":"tr","p":{"a":0,"k":[1486.484,831.283],"ix":2},"a":{"a":0,"k":[0,0],"ix":1},"s":{"a":0,"k":[100,100],"ix":3},"r":{"a":0,"k":0,"ix":6},"o":{"a":0,"k":100,"ix":7},"sk":{"a":0,"k":0,"ix":4},"sa":{"a":0,"k":0,"ix":5},"nm":"Transform"}],"nm":"Group 7","np":2,"cix":2,"bm":0,"ix":7,"mn":"ADBE Vector Group","hd":false},{"ty":"gr","it":[{"ind":0,"ty":"sh","ix":1,"ks":{"a":0,"k":{"i":[[0,0],[0,0],[0,0],[0,0]],"o":[[0,0],[0,0],[0,0],[0,0]],"v":[[-2.751,86.992],[3.616,94.27],[2.716,-94.27],[-3.617,-94.239]],"c":true},"ix":2},"nm":"Path 1","mn":"ADBE Vector Shape - Group","hd":false},{"ty":"fl","c":{"a":0,"k":[0.698000021542,0.709999952129,0.717999985639,1],"ix":4},"o":{"a":0,"k":100,"ix":5},"r":1,"bm":0,"nm":"Fill 1","mn":"ADBE Vector Graphic - Fill","hd":false},{"ty":"tr","p":{"a":0,"k":[1574.974,1022.17],"ix":2},"a":{"a":0,"k":[0,0],"ix":1},"s":{"a":0,"k":[100,100],"ix":3},"r":{"a":0,"k":0,"ix":6},"o":{"a":0,"k":100,"ix":7},"sk":{"a":0,"k":0,"ix":4},"sa":{"a":0,"k":0,"ix":5},"nm":"Transform"}],"nm":"Group 8","np":2,"cix":2,"bm":0,"ix":8,"mn":"ADBE Vector Group","hd":false},{"ty":"gr","it":[{"ind":0,"ty":"sh","ix":1,"ks":{"a":0,"k":{"i":[[0,0],[0,0],[0,0],[0,0]],"o":[[0,0],[0,0],[0,0],[0,0]],"v":[[-4.217,94.292],[5.117,94.247],[4.216,-94.293],[-5.117,-94.249]],"c":true},"ix":2},"nm":"Path 1","mn":"ADBE Vector Shape - Group","hd":false},{"ty":"fl","c":{"a":0,"k":[0.783999992819,0.791999966491,0.8,1],"ix":4},"o":{"a":0,"k":100,"ix":5},"r":1,"bm":0,"nm":"Fill 1","mn":"ADBE Vector Graphic - Fill","hd":false},{"ty":"tr","p":{"a":0,"k":[1582.808,1022.148],"ix":2},"a":{"a":0,"k":[0,0],"ix":1},"s":{"a":0,"k":[100,100],"ix":3},"r":{"a":0,"k":0,"ix":6},"o":{"a":0,"k":100,"ix":7},"sk":{"a":0,"k":0,"ix":4},"sa":{"a":0,"k":0,"ix":5},"nm":"Transform"}],"nm":"Group 9","np":2,"cix":2,"bm":0,"ix":9,"mn":"ADBE Vector Group","hd":false},{"ty":"gr","it":[{"ind":0,"ty":"sh","ix":1,"ks":{"a":0,"k":{"i":[[0,0],[0,0],[0,0],[0,0]],"o":[[0,0],[0,0],[0,0],[0,0]],"v":[[-2.751,86.993],[3.616,94.271],[2.716,-94.271],[-3.617,-94.24]],"c":true},"ix":2},"nm":"Path 1","mn":"ADBE Vector Shape - Group","hd":false},{"ty":"fl","c":{"a":0,"k":[0.698000021542,0.709999952129,0.717999985639,1],"ix":4},"o":{"a":0,"k":100,"ix":5},"r":1,"bm":0,"nm":"Fill 1","mn":"ADBE Vector Graphic - Fill","hd":false},{"ty":"tr","p":{"a":0,"k":[1693.973,1021.601],"ix":2},"a":{"a":0,"k":[0,0],"ix":1},"s":{"a":0,"k":[100,100],"ix":3},"r":{"a":0,"k":0,"ix":6},"o":{"a":0,"k":100,"ix":7},"sk":{"a":0,"k":0,"ix":4},"sa":{"a":0,"k":0,"ix":5},"nm":"Transform"}],"nm":"Group 10","np":2,"cix":2,"bm":0,"ix":10,"mn":"ADBE Vector Group","hd":false},{"ty":"gr","it":[{"ind":0,"ty":"sh","ix":1,"ks":{"a":0,"k":{"i":[[0,0],[0,0],[0,0],[0,0]],"o":[[0,0],[0,0],[0,0],[0,0]],"v":[[-4.216,94.293],[5.116,94.247],[4.217,-94.293],[-5.116,-94.248]],"c":true},"ix":2},"nm":"Path 1","mn":"ADBE Vector Shape - Group","hd":false},{"ty":"fl","c":{"a":0,"k":[0.783999992819,0.791999966491,0.8,1],"ix":4},"o":{"a":0,"k":100,"ix":5},"r":1,"bm":0,"nm":"Fill 1","mn":"ADBE Vector Graphic - Fill","hd":false},{"ty":"tr","p":{"a":0,"k":[1701.806,1021.58],"ix":2},"a":{"a":0,"k":[0,0],"ix":1},"s":{"a":0,"k":[100,100],"ix":3},"r":{"a":0,"k":0,"ix":6},"o":{"a":0,"k":100,"ix":7},"sk":{"a":0,"k":0,"ix":4},"sa":{"a":0,"k":0,"ix":5},"nm":"Transform"}],"nm":"Group 11","np":2,"cix":2,"bm":0,"ix":11,"mn":"ADBE Vector Group","hd":false}],"ip":0,"op":180,"st":0,"bm":0}],"markers":[]}