{"v":"5.6.6","fr":60,"ip":0,"op":171,"w":1200,"h":1100,"nm":"Brigde","ddd":0,"assets":[],"layers":[{"ddd":0,"ind":1,"ty":4,"nm":"hand","sr":1,"ks":{"o":{"a":0,"k":100,"ix":11},"r":{"a":0,"k":0,"ix":10},"p":{"a":0,"k":[746.187,703.371,0],"ix":2},"a":{"a":0,"k":[684.365,691.615,0],"ix":1},"s":{"a":0,"k":[113,113,100],"ix":6}},"ao":0,"shapes":[{"ty":"gr","it":[{"ind":0,"ty":"sh","ix":1,"ks":{"a":0,"k":{"i":[[0,0],[-21.242,-3.669],[-3.418,-0.684],[-5,-1],[6,-1],[7,0],[12,0],[5,4],[1,3],[-6,1]],"o":[[4.513,-0.564],[3.609,0.623],[5,1],[13.337,2.667],[-6,1],[-7,0],[-12,0],[-5,-4],[-1,-3],[6,-1]],"v":[[-41,-14],[7.467,-7.623],[19,-7],[45,0],[53,9],[33,11],[19,15],[-39,11],[-56,1],[-53,-14]],"c":true},"ix":2},"nm":"Path 1","mn":"ADBE Vector Shape - Group","hd":false},{"ty":"fl","c":{"a":0,"k":[0.957000014361,0.819999964097,0.757000014361,1],"ix":4},"o":{"a":0,"k":100,"ix":5},"r":1,"bm":0,"nm":"Fill 1","mn":"ADBE Vector Graphic - Fill","hd":false},{"ty":"tr","p":{"a":0,"k":[684.622,691.337],"ix":2},"a":{"a":0,"k":[0,0],"ix":1},"s":{"a":0,"k":[100,100],"ix":3},"r":{"a":0,"k":0,"ix":6},"o":{"a":0,"k":100,"ix":7},"sk":{"a":0,"k":0,"ix":4},"sa":{"a":0,"k":0,"ix":5},"nm":"Transform"}],"nm":"Group 1","np":2,"cix":2,"bm":0,"ix":1,"mn":"ADBE Vector Group","hd":false}],"ip":0,"op":240,"st":0,"bm":0},{"ddd":0,"ind":2,"ty":4,"nm":"arm","sr":1,"ks":{"o":{"a":0,"k":100,"ix":11},"r":{"a":0,"k":0,"ix":10},"p":{"a":0,"k":[452.883,669.958,0],"ix":2},"a":{"a":0,"k":[424.803,662.045,0],"ix":1},"s":{"a":0,"k":[113,113,100],"ix":6}},"ao":0,"shapes":[{"ty":"gr","it":[{"ind":0,"ty":"sh","ix":1,"ks":{"a":0,"k":{"i":[[-2.485,36.717],[-26.239,-10.972],[-17.515,-4.842],[9.348,-15.702],[20.177,3.487]],"o":[[1.471,-21.743],[26.239,10.972],[7.986,2.208],[-9.976,16.756],[-20.177,-3.489]],"v":[[-94.762,-13.157],[-16.629,-26.867],[66.788,-12.632],[87.899,21.084],[-22.318,27.318]],"c":true},"ix":2},"nm":"Path 1","mn":"ADBE Vector Shape - Group","hd":false},{"ty":"fl","c":{"a":0,"k":[0.957000014361,0.819999964097,0.757000014361,1],"ix":4},"o":{"a":0,"k":100,"ix":5},"r":1,"bm":0,"nm":"Fill 1","mn":"ADBE Vector Graphic - Fill","hd":false},{"ty":"tr","p":{"a":0,"k":[427.157,662.691],"ix":2},"a":{"a":0,"k":[0,0],"ix":1},"s":{"a":0,"k":[100,100],"ix":3},"r":{"a":0,"k":0,"ix":6},"o":{"a":0,"k":100,"ix":7},"sk":{"a":0,"k":0,"ix":4},"sa":{"a":0,"k":0,"ix":5},"nm":"Transform"}],"nm":"Group 1","np":2,"cix":2,"bm":0,"ix":1,"mn":"ADBE Vector Group","hd":false}],"ip":0,"op":240,"st":0,"bm":0},{"ddd":0,"ind":3,"ty":4,"nm":"hair","sr":1,"ks":{"o":{"a":0,"k":100,"ix":11},"r":{"a":0,"k":0,"ix":10},"p":{"a":0,"k":[241.425,643.404,0],"ix":2},"a":{"a":0,"k":[237.673,638.547,0],"ix":1},"s":{"a":0,"k":[113,113,100],"ix":6}},"ao":0,"shapes":[{"ty":"gr","it":[{"ind":0,"ty":"sh","ix":1,"ks":{"a":0,"k":{"i":[[0.489,3.185],[6.973,-1.244],[6.526,-10.499],[-4.654,-9.065],[0,0],[0,0],[-5.047,-3.137],[-14.603,-1.668],[-18.525,15.236],[-0.883,2.744],[19.552,-4.309],[6.074,1.953],[-4.951,5.978],[-1.324,4.117],[10.233,8.475],[4.495,3.918]],"o":[[-0.847,-5.512],[-4.087,0.729],[-12.548,20.187],[0.93,1.814],[0,0],[0,0],[5.046,3.136],[14.602,1.669],[18.525,-15.236],[0.882,-2.745],[-6.128,1.351],[-16.578,-5.332],[4.95,-5.977],[1.324,-4.115],[-5.978,-4.95],[-2.908,-2.534]],"v":[[-26.405,-47.475],[-26.943,-55.218],[-45.909,-38.61],[-51.7,17.055],[-53.466,22.544],[-44.696,32.933],[-36.905,36.953],[-13.533,49.01],[32.872,41.227],[51.301,16.877],[38.905,8.348],[15.237,11.334],[0.883,-9.936],[12.596,-22.822],[-3.426,-29.488],[-21.31,-39.782]],"c":true},"ix":2},"nm":"Path 1","mn":"ADBE Vector Shape - Group","hd":false},{"ty":"fl","c":{"a":0,"k":[0.301999978458,0.231000010173,0.187999994615,1],"ix":4},"o":{"a":0,"k":100,"ix":5},"r":1,"bm":0,"nm":"Fill 1","mn":"ADBE Vector Graphic - Fill","hd":false},{"ty":"tr","p":{"a":0,"k":[238.861,640.542],"ix":2},"a":{"a":0,"k":[0,0],"ix":1},"s":{"a":0,"k":[100,100],"ix":3},"r":{"a":0,"k":0,"ix":6},"o":{"a":0,"k":100,"ix":7},"sk":{"a":0,"k":0,"ix":4},"sa":{"a":0,"k":0,"ix":5},"nm":"Transform"}],"nm":"Group 1","np":2,"cix":2,"bm":0,"ix":1,"mn":"ADBE Vector Group","hd":false}],"ip":0,"op":240,"st":0,"bm":0},{"ddd":0,"ind":4,"ty":4,"nm":"head_shadow","sr":1,"ks":{"o":{"a":0,"k":100,"ix":11},"r":{"a":0,"k":0,"ix":10},"p":{"a":0,"k":[262.187,645.45,0],"ix":2},"a":{"a":0,"k":[256.046,640.357,0],"ix":1},"s":{"a":0,"k":[113,113,100],"ix":6}},"ao":0,"shapes":[{"ty":"gr","it":[{"ind":0,"ty":"sh","ix":1,"ks":{"a":0,"k":{"i":[[-3.198,-0.395],[-9.595,-1.182],[-1.997,0.403],[0,0],[2.795,-1.603],[4.399,1.191],[1.604,2.796]],"o":[[0,0],[9.595,1.184],[1.998,-0.404],[0,0],[-2.796,1.604],[-4.399,-1.193],[-1.603,-2.795]],"v":[[-15.992,-8.385],[-8.781,1.595],[13.993,-4.037],[18.384,-8.041],[16.395,-2.443],[-7.572,7.59],[-17.176,1.21]],"c":true},"ix":2},"nm":"Path 1","mn":"ADBE Vector Shape - Group","hd":false},{"ty":"fl","c":{"a":0,"k":[0.902000038297,0.752999997606,0.681999954523,1],"ix":4},"o":{"a":0,"k":100,"ix":5},"r":1,"bm":0,"nm":"Fill 1","mn":"ADBE Vector Graphic - Fill","hd":false},{"ty":"tr","p":{"a":0,"k":[255.998,640.712],"ix":2},"a":{"a":0,"k":[0,0],"ix":1},"s":{"a":0,"k":[100,100],"ix":3},"r":{"a":0,"k":0,"ix":6},"o":{"a":0,"k":100,"ix":7},"sk":{"a":0,"k":0,"ix":4},"sa":{"a":0,"k":0,"ix":5},"nm":"Transform"}],"nm":"Group 1","np":2,"cix":2,"bm":0,"ix":1,"mn":"ADBE Vector Group","hd":false}],"ip":0,"op":240,"st":0,"bm":0},{"ddd":0,"ind":5,"ty":4,"nm":"head","sr":1,"ks":{"o":{"a":0,"k":100,"ix":11},"r":{"a":0,"k":0,"ix":10},"p":{"a":0,"k":[256.73,633.905,0],"ix":2},"a":{"a":0,"k":[251.217,630.14,0],"ix":1},"s":{"a":0,"k":[113,113,100],"ix":6}},"ao":0,"shapes":[{"ty":"gr","it":[{"ind":0,"ty":"sh","ix":1,"ks":{"a":0,"k":{"i":[[-6.812,2.352],[-10.976,-3.53],[-6.41,3.291],[-4.998,1.42],[-0.465,-3.026],[-1.58,-0.508],[-6.531,-3.37],[3.972,-12.347],[0,0],[0,0],[0,0]],"o":[[0,0],[10.976,3.53],[1.813,-0.93],[1.78,-0.506],[0.49,3.185],[8.232,2.648],[7.79,4.019],[-3.971,12.348],[0,0],[0,0],[0,0]],"v":[[-46.647,-35.573],[-11.217,-46.886],[12.01,-48.5],[22.448,-52.712],[25.24,-47.272],[28.474,-43.205],[58.609,-38.054],[59.877,-4.342],[18.949,47.132],[-38.87,53.219],[-66.399,-7.106]],"c":true},"ix":2},"nm":"Path 1","mn":"ADBE Vector Shape - Group","hd":false},{"ty":"fl","c":{"a":0,"k":[0.957000014361,0.819999964097,0.757000014361,1],"ix":4},"o":{"a":0,"k":100,"ix":5},"r":1,"bm":0,"nm":"Fill 1","mn":"ADBE Vector Graphic - Fill","hd":false},{"ty":"tr","p":{"a":0,"k":[254.057,625.502],"ix":2},"a":{"a":0,"k":[0,0],"ix":1},"s":{"a":0,"k":[100,100],"ix":3},"r":{"a":0,"k":0,"ix":6},"o":{"a":0,"k":100,"ix":7},"sk":{"a":0,"k":0,"ix":4},"sa":{"a":0,"k":0,"ix":5},"nm":"Transform"}],"nm":"Group 1","np":2,"cix":2,"bm":0,"ix":1,"mn":"ADBE Vector Group","hd":false},{"ty":"gr","it":[{"ind":0,"ty":"sh","ix":1,"ks":{"a":0,"k":{"i":[[-8.773,27.277],[27.277,8.772],[8.773,-27.277],[-27.278,-8.773]],"o":[[8.773,-27.278],[-27.278,-8.774],[-8.773,27.279],[27.277,8.773]],"v":[[49.391,15.885],[15.885,-49.39],[-49.391,-15.885],[-15.884,49.391]],"c":true},"ix":2},"nm":"Path 1","mn":"ADBE Vector Shape - Group","hd":false},{"ty":"fl","c":{"a":0,"k":[0.957000014361,0.855000035903,0.757000014361,1],"ix":4},"o":{"a":0,"k":100,"ix":5},"r":1,"bm":0,"nm":"Fill 1","mn":"ADBE Vector Graphic - Fill","hd":false},{"ty":"tr","p":{"a":0,"k":[236.607,635.652],"ix":2},"a":{"a":0,"k":[0,0],"ix":1},"s":{"a":0,"k":[100,100],"ix":3},"r":{"a":0,"k":0,"ix":6},"o":{"a":0,"k":100,"ix":7},"sk":{"a":0,"k":0,"ix":4},"sa":{"a":0,"k":0,"ix":5},"nm":"Transform"}],"nm":"Group 2","np":2,"cix":2,"bm":0,"ix":2,"mn":"ADBE Vector Group","hd":false}],"ip":0,"op":240,"st":0,"bm":0},{"ddd":0,"ind":6,"ty":4,"nm":"forearm","sr":1,"ks":{"o":{"a":0,"k":100,"ix":11},"r":{"a":0,"k":0,"ix":10},"p":{"a":0,"k":[616.323,684.641,0],"ix":2},"a":{"a":0,"k":[569.441,675.039,0],"ix":1},"s":{"a":0,"k":[113,113,100],"ix":6}},"ao":0,"shapes":[{"ty":"gr","it":[{"ind":0,"ty":"sh","ix":1,"ks":{"a":0,"k":{"i":[[-11.222,-1.178],[-1.178,11.222],[11.222,1.179],[1.178,-11.222]],"o":[[11.222,1.178],[1.178,-11.222],[-11.222,-1.177],[-1.178,11.222]],"v":[[-2.133,20.319],[20.319,2.133],[2.133,-20.32],[-20.319,-2.133]],"c":true},"ix":2},"nm":"Path 1","mn":"ADBE Vector Shape - Group","hd":false},{"ty":"fl","c":{"a":0,"k":[0.957000014361,0.819999964097,0.757000014361,1],"ix":4},"o":{"a":0,"k":100,"ix":5},"r":1,"bm":0,"nm":"Fill 1","mn":"ADBE Vector Graphic - Fill","hd":false},{"ty":"tr","p":{"a":0,"k":[506.855,670.587],"ix":2},"a":{"a":0,"k":[0,0],"ix":1},"s":{"a":0,"k":[100,100],"ix":3},"r":{"a":0,"k":0,"ix":6},"o":{"a":0,"k":100,"ix":7},"sk":{"a":0,"k":0,"ix":4},"sa":{"a":0,"k":0,"ix":5},"nm":"Transform"}],"nm":"Group 1","np":2,"cix":2,"bm":0,"ix":1,"mn":"ADBE Vector Group","hd":false},{"ty":"gr","it":[{"ind":0,"ty":"sh","ix":1,"ks":{"a":0,"k":{"i":[[7.065,24.024],[-42.42,-0.345],[-34.225,-13.179],[-6.705,-14.4],[39.426,2.77]],"o":[[-1.921,-6.533],[24.667,0.2],[34.223,13.18],[6.706,14.399],[-39.426,-2.768]],"v":[[-82.343,1.383],[-59.037,-24.93],[8.267,-13.756],[94.751,10.388],[30.307,24.165]],"c":true},"ix":2},"nm":"Path 1","mn":"ADBE Vector Shape - Group","hd":false},{"ty":"fl","c":{"a":0,"k":[0.957000014361,0.819999964097,0.757000014361,1],"ix":4},"o":{"a":0,"k":100,"ix":5},"r":1,"bm":0,"nm":"Fill 1","mn":"ADBE Vector Graphic - Fill","hd":false},{"ty":"tr","p":{"a":0,"k":[565.316,674.914],"ix":2},"a":{"a":0,"k":[0,0],"ix":1},"s":{"a":0,"k":[100,100],"ix":3},"r":{"a":0,"k":0,"ix":6},"o":{"a":0,"k":100,"ix":7},"sk":{"a":0,"k":0,"ix":4},"sa":{"a":0,"k":0,"ix":5},"nm":"Transform"}],"nm":"Group 2","np":2,"cix":2,"bm":0,"ix":2,"mn":"ADBE Vector Group","hd":false}],"ip":0,"op":240,"st":0,"bm":0},{"ddd":0,"ind":7,"ty":4,"nm":"body_shadow","parent":28,"sr":1,"ks":{"o":{"a":0,"k":100,"ix":11},"r":{"a":0,"k":0,"ix":10},"p":{"a":0,"k":[412.962,638.913,0],"ix":2},"a":{"a":0,"k":[412.962,638.913,0],"ix":1},"s":{"a":0,"k":[100,100,100],"ix":6}},"ao":0,"shapes":[{"ty":"gr","it":[{"ind":0,"ty":"sh","ix":1,"ks":{"a":0,"k":{"i":[[-1.4,-3.87],[0,0],[0,0],[-16.91,-2.279],[-0.46,-1.08]],"o":[[0,0],[0,0],[0,0],[0.46,1.03],[1.56,3.66]],"v":[[23.91,8.409],[-4.05,7.779],[-23.91,-4.12],[18.04,-6.13],[19.41,-2.961]],"c":true},"ix":2},"nm":"Path 1","mn":"ADBE Vector Shape - Group","hd":false},{"ty":"fl","c":{"a":0,"k":[0.902000038297,0.752999997606,0.681999954523,1],"ix":4},"o":{"a":0,"k":100,"ix":5},"r":1,"bm":0,"nm":"Fill 1","mn":"ADBE Vector Graphic - Fill","hd":false},{"ty":"tr","p":{"a":0,"k":[412.962,638.107],"ix":2},"a":{"a":0,"k":[0,0],"ix":1},"s":{"a":0,"k":[100,100],"ix":3},"r":{"a":0,"k":0,"ix":6},"o":{"a":0,"k":100,"ix":7},"sk":{"a":0,"k":0,"ix":4},"sa":{"a":0,"k":0,"ix":5},"nm":"Transform"}],"nm":"Group 1","np":2,"cix":2,"bm":0,"ix":1,"mn":"ADBE Vector Group","hd":false}],"ip":0,"op":240,"st":0,"bm":0},{"ddd":0,"ind":8,"ty":4,"nm":"body_skin","parent":28,"sr":1,"ks":{"o":{"a":0,"k":100,"ix":11},"r":{"a":0,"k":0,"ix":10},"p":{"a":0,"k":[385.805,641.138,0],"ix":2},"a":{"a":0,"k":[385.805,641.138,0],"ix":1},"s":{"a":0,"k":[100,100,100],"ix":6}},"ao":0,"shapes":[{"ty":"gr","it":[{"ind":0,"ty":"sh","ix":1,"ks":{"a":0,"k":{"i":[[11.48,-2.271],[13.05,0.5],[10.18,17.74],[0,0],[0,0],[-15.53,-12.941],[-1.33,-2.82],[-3.4,-7.759],[-0.46,-1.08],[-1.4,-3.87],[-0.3,-0.861]],"o":[[-21.03,4.14],[-13.03,-0.479],[-10.17,-17.741],[0,0],[16.98,-10.979],[2.99,2.48],[1.78,3.79],[0.46,1.031],[1.56,3.66],[0.32,0.861],[6.03,17.259]],"v":[[51.13,44.76],[5.02,41.499],[-52.44,24.36],[-44.01,-14.86],[-8.36,-37.921],[31.84,-35.06],[38.54,-27.07],[46.96,-8.881],[48.33,-5.711],[52.83,5.659],[53.75,8.23]],"c":true},"ix":2},"nm":"Path 1","mn":"ADBE Vector Shape - Group","hd":false},{"ty":"fl","c":{"a":0,"k":[0.957000014361,0.819999964097,0.757000014361,1],"ix":4},"o":{"a":0,"k":100,"ix":5},"r":1,"bm":0,"nm":"Fill 1","mn":"ADBE Vector Graphic - Fill","hd":false},{"ty":"tr","p":{"a":0,"k":[384.042,640.857],"ix":2},"a":{"a":0,"k":[0,0],"ix":1},"s":{"a":0,"k":[100,100],"ix":3},"r":{"a":0,"k":0,"ix":6},"o":{"a":0,"k":100,"ix":7},"sk":{"a":0,"k":0,"ix":4},"sa":{"a":0,"k":0,"ix":5},"nm":"Transform"}],"nm":"Group 1","np":2,"cix":2,"bm":0,"ix":1,"mn":"ADBE Vector Group","hd":false}],"ip":0,"op":240,"st":0,"bm":0},{"ddd":0,"ind":9,"ty":4,"nm":"shirt_shadow","parent":28,"sr":1,"ks":{"o":{"a":0,"k":100,"ix":11},"r":{"a":0,"k":0,"ix":10},"p":{"a":0,"k":[430.014,572.905,0],"ix":2},"a":{"a":0,"k":[430.014,572.905,0],"ix":1},"s":{"a":0,"k":[100,100,100],"ix":6}},"ao":0,"shapes":[{"ty":"gr","it":[{"ind":0,"ty":"sh","ix":1,"ks":{"a":0,"k":{"i":[[-5.239,-1.409],[0.681,0.028],[10.977,4.554],[19.809,-5.784],[12.919,-13.704],[0,0],[-7.34,0.361],[-6.914,-2.491]],"o":[[-0.746,-5.444],[0,0],[-10.976,-4.556],[-12.037,3.518],[0,0],[0,0],[7.34,-0.36],[6.055,2.188]],"v":[[53.084,1.857],[50.923,-6.888],[35.67,-12.082],[-16.708,-12.625],[-53.084,18.409],[-47.477,17.747],[-10.22,-7.285],[26.053,-6.234]],"c":true},"ix":2},"nm":"Path 1","mn":"ADBE Vector Shape - Group","hd":false},{"ty":"fl","c":{"a":0,"k":[0.430999995213,0.234999997008,0.4,1],"ix":4},"o":{"a":0,"k":100,"ix":5},"r":1,"bm":0,"nm":"Fill 1","mn":"ADBE Vector Graphic - Fill","hd":false},{"ty":"tr","p":{"a":0,"k":[430.014,571.84],"ix":2},"a":{"a":0,"k":[0,0],"ix":1},"s":{"a":0,"k":[100,100],"ix":3},"r":{"a":0,"k":0,"ix":6},"o":{"a":0,"k":100,"ix":7},"sk":{"a":0,"k":0,"ix":4},"sa":{"a":0,"k":0,"ix":5},"nm":"Transform"}],"nm":"Group 1","np":2,"cix":2,"bm":0,"ix":1,"mn":"ADBE Vector Group","hd":false}],"ip":0,"op":240,"st":0,"bm":0},{"ddd":0,"ind":10,"ty":4,"nm":"shirt","parent":28,"sr":1,"ks":{"o":{"a":0,"k":100,"ix":11},"r":{"a":0,"k":0,"ix":10},"p":{"a":0,"k":[406.574,623.145,0],"ix":2},"a":{"a":0,"k":[406.574,623.145,0],"ix":1},"s":{"a":0,"k":[100,100,100],"ix":6}},"ao":0,"shapes":[{"ty":"gr","it":[{"ind":0,"ty":"sh","ix":1,"ks":{"a":0,"k":{"i":[[3.665,26.661],[0.681,0.028],[10.977,4.554],[19.809,-5.784],[12.919,-13.704],[10.166,-5.912],[-2.772,-10.017],[-26.754,-4.582],[-2.384,5.035]],"o":[[-0.746,-5.444],[0,0],[-10.976,-4.556],[-12.037,3.518],[-8.345,8.837],[-25.874,15.076],[3.784,13.68],[26.768,4.584],[2.03,-4.316]],"v":[[76.669,-49.784],[74.508,-58.529],[59.255,-63.723],[6.877,-64.266],[-29.499,-33.231],[-56.974,-9.695],[-81.434,39.108],[3.267,65.466],[82.176,59.892]],"c":true},"ix":2},"nm":"Path 1","mn":"ADBE Vector Shape - Group","hd":false},{"ty":"fl","c":{"a":0,"k":[0.501999978458,0.275,0.46699999641,1],"ix":4},"o":{"a":0,"k":100,"ix":5},"r":1,"bm":0,"nm":"Fill 1","mn":"ADBE Vector Graphic - Fill","hd":false},{"ty":"tr","p":{"a":0,"k":[406.429,623.48],"ix":2},"a":{"a":0,"k":[0,0],"ix":1},"s":{"a":0,"k":[100,100],"ix":3},"r":{"a":0,"k":0,"ix":6},"o":{"a":0,"k":100,"ix":7},"sk":{"a":0,"k":0,"ix":4},"sa":{"a":0,"k":0,"ix":5},"nm":"Transform"}],"nm":"Group 1","np":2,"cix":2,"bm":0,"ix":1,"mn":"ADBE Vector Group","hd":false}],"ip":0,"op":240,"st":0,"bm":0},{"ddd":0,"ind":11,"ty":4,"nm":"thigh","parent":20,"sr":1,"ks":{"o":{"a":0,"k":100,"ix":11},"r":{"a":1,"k":[{"i":{"x":[0.667],"y":[1]},"o":{"x":[0.333],"y":[0]},"t":10,"s":[0]},{"i":{"x":[0.667],"y":[1]},"o":{"x":[0.333],"y":[0]},"t":72,"s":[23]},{"i":{"x":[0.667],"y":[1]},"o":{"x":[0.333],"y":[0]},"t":108,"s":[23]},{"t":157,"s":[0]}],"ix":10},"p":{"a":0,"k":[764.442,450.656,0],"ix":2},"a":{"a":0,"k":[764.442,450.656,0],"ix":1},"s":{"a":0,"k":[100,100,100],"ix":6}},"ao":0,"shapes":[{"ty":"gr","it":[{"ind":0,"ty":"sh","ix":1,"ks":{"a":0,"k":{"i":[[-8.541,17.087],[17.087,8.541],[8.541,-17.087],[-17.087,-8.54]],"o":[[8.54,-17.087],[-17.087,-8.54],[-8.54,17.087],[17.088,8.54]],"v":[[30.94,15.463],[15.464,-30.939],[-30.94,-15.463],[-15.464,30.939]],"c":true},"ix":2},"nm":"Path 1","mn":"ADBE Vector Shape - Group","hd":false},{"ty":"fl","c":{"a":0,"k":[0.128999986836,0.090000002992,0.125,1],"ix":4},"o":{"a":0,"k":100,"ix":5},"r":1,"bm":0,"nm":"Fill 1","mn":"ADBE Vector Graphic - Fill","hd":false},{"ty":"tr","p":{"a":0,"k":[765.142,451.954],"ix":2},"a":{"a":0,"k":[0,0],"ix":1},"s":{"a":0,"k":[100,100],"ix":3},"r":{"a":0,"k":0,"ix":6},"o":{"a":0,"k":100,"ix":7},"sk":{"a":0,"k":0,"ix":4},"sa":{"a":0,"k":0,"ix":5},"nm":"Transform"}],"nm":"Group 1","np":2,"cix":2,"bm":0,"ix":1,"mn":"ADBE Vector Group","hd":false},{"ty":"gr","it":[{"ind":0,"ty":"sh","ix":1,"ks":{"a":0,"k":{"i":[[11.87,22.968],[35.443,-29.008],[5.191,-35.669],[-17.402,-7.087],[-27.061,63.812],[-7.117,14.239]],"o":[[-4.335,-8.388],[-35.444,29.009],[-5.192,35.669],[17.403,7.087],[27.059,-63.811],[13.531,-27.072]],"v":[[85.38,-113.357],[26.462,-126.005],[-92.057,66.504],[-65.664,129.237],[6.516,91.2],[55.479,-42.222]],"c":true},"ix":2},"nm":"Path 1","mn":"ADBE Vector Shape - Group","hd":false},{"ty":"fl","c":{"a":0,"k":[0.128999986836,0.090000002992,0.125,1],"ix":4},"o":{"a":0,"k":100,"ix":5},"r":1,"bm":0,"nm":"Fill 1","mn":"ADBE Vector Graphic - Fill","hd":false},{"ty":"tr","p":{"a":0,"k":[712.25,553.47],"ix":2},"a":{"a":0,"k":[0,0],"ix":1},"s":{"a":0,"k":[100,100],"ix":3},"r":{"a":0,"k":0,"ix":6},"o":{"a":0,"k":100,"ix":7},"sk":{"a":0,"k":0,"ix":4},"sa":{"a":0,"k":0,"ix":5},"nm":"Transform"}],"nm":"Group 2","np":2,"cix":2,"bm":0,"ix":2,"mn":"ADBE Vector Group","hd":false},{"ty":"gr","it":[{"ind":0,"ty":"sh","ix":1,"ks":{"a":0,"k":{"i":[[-12.099,24.207],[24.207,12.098],[12.099,-24.208],[-24.207,-12.099]],"o":[[12.099,-24.207],[-24.207,-12.099],[-12.099,24.207],[24.207,12.098]],"v":[[43.831,21.907],[21.906,-43.83],[-43.831,-21.906],[-21.906,43.831]],"c":true},"ix":2},"nm":"Path 1","mn":"ADBE Vector Shape - Group","hd":false},{"ty":"fl","c":{"a":0,"k":[0.128999986836,0.090000002992,0.125,1],"ix":4},"o":{"a":0,"k":100,"ix":5},"r":1,"bm":0,"nm":"Fill 1","mn":"ADBE Vector Graphic - Fill","hd":false},{"ty":"tr","p":{"a":0,"k":[665.915,637.589],"ix":2},"a":{"a":0,"k":[0,0],"ix":1},"s":{"a":0,"k":[100,100],"ix":3},"r":{"a":0,"k":0,"ix":6},"o":{"a":0,"k":100,"ix":7},"sk":{"a":0,"k":0,"ix":4},"sa":{"a":0,"k":0,"ix":5},"nm":"Transform"}],"nm":"Group 3","np":2,"cix":2,"bm":0,"ix":3,"mn":"ADBE Vector Group","hd":false}],"ip":0,"op":240,"st":0,"bm":0},{"ddd":0,"ind":12,"ty":4,"nm":"hips","sr":1,"ks":{"o":{"a":0,"k":100,"ix":11},"r":{"a":1,"k":[{"i":{"x":[0.667],"y":[1]},"o":{"x":[0.333],"y":[0]},"t":10,"s":[0]},{"i":{"x":[0.667],"y":[1]},"o":{"x":[0.333],"y":[0]},"t":72,"s":[-22]},{"i":{"x":[0.667],"y":[1]},"o":{"x":[0.333],"y":[0]},"t":108,"s":[-22]},{"t":157,"s":[0]}],"ix":10},"p":{"a":0,"k":[356,647,0],"ix":2},"a":{"a":0,"k":[339.067,641.728,0],"ix":1},"s":{"a":0,"k":[113,113,100],"ix":6}},"ao":0,"shapes":[{"ty":"gr","it":[{"ind":0,"ty":"sh","ix":1,"ks":{"a":0,"k":{"i":[[-3.679,-6.834],[-14.603,-5.459],[-28.414,22.34],[18.603,25.917],[15.35,0.905],[9.276,-2.725],[-0.987,-3.528],[0.383,-23.519]],"o":[[0,0],[15.093,5.642],[27.285,-21.452],[-7.763,-10.817],[-29.096,-1.715],[-2.592,0.761],[2.343,8.375],[-0.545,33.424]],"v":[[-70.474,43.828],[-48.008,50.477],[41.151,44.961],[61.099,-51.444],[17.238,-64.796],[-77.111,-64.576],[-77.875,-60.32],[-67.917,-10.132]],"c":true},"ix":2},"nm":"Path 1","mn":"ADBE Vector Shape - Group","hd":false},{"ty":"fl","c":{"a":0,"k":[0.128999986836,0.090000002992,0.125,1],"ix":4},"o":{"a":0,"k":100,"ix":5},"r":1,"bm":0,"nm":"Fill 1","mn":"ADBE Vector Graphic - Fill","hd":false},{"ty":"tr","p":{"a":0,"k":[652.128,635.44],"ix":2},"a":{"a":0,"k":[0,0],"ix":1},"s":{"a":0,"k":[100,100],"ix":3},"r":{"a":0,"k":0,"ix":6},"o":{"a":0,"k":100,"ix":7},"sk":{"a":0,"k":0,"ix":4},"sa":{"a":0,"k":0,"ix":5},"nm":"Transform"}],"nm":"Group 1","np":2,"cix":2,"bm":0,"ix":1,"mn":"ADBE Vector Group","hd":false}],"ip":0,"op":240,"st":0,"bm":0},{"ddd":0,"ind":13,"ty":4,"nm":"neck_shadow","sr":1,"ks":{"o":{"a":0,"k":100,"ix":11},"r":{"a":0,"k":0,"ix":10},"p":{"a":0,"k":[319.202,646.263,0],"ix":2},"a":{"a":0,"k":[306.502,641.076,0],"ix":1},"s":{"a":0,"k":[113,113,100],"ix":6}},"ao":0,"shapes":[{"ty":"gr","it":[{"ind":0,"ty":"sh","ix":1,"ks":{"a":0,"k":{"i":[[0,0],[3.878,0.668],[2.086,0.472],[0.452,0.096],[4.096,-0.306],[0,0],[0,0],[-7.966,1.331],[-4.172,5.395],[-2.091,2.485]],"o":[[-3.193,-0.376],[-1.889,-0.326],[-0.467,-0.098],[-5.427,-1.132],[0,0],[0,0],[2.297,-0.065],[4.89,-10.197],[1.48,-1.906],[0,0]],"v":[[32.526,-27.129],[21.944,-28.58],[15.973,-29.764],[14.59,-30.072],[0.332,-31.286],[-32.526,31.475],[-31.741,31.592],[-14.466,28.811],[6.629,-8.092],[13.94,-16.621]],"c":true},"ix":2},"nm":"Path 1","mn":"ADBE Vector Shape - Group","hd":false},{"ty":"fl","c":{"a":0,"k":[0.902000038297,0.752999997606,0.681999954523,1],"ix":4},"o":{"a":0,"k":100,"ix":5},"r":1,"bm":0,"nm":"Fill 1","mn":"ADBE Vector Graphic - Fill","hd":false},{"ty":"tr","p":{"a":0,"k":[306.502,640.974],"ix":2},"a":{"a":0,"k":[0,0],"ix":1},"s":{"a":0,"k":[100,100],"ix":3},"r":{"a":0,"k":0,"ix":6},"o":{"a":0,"k":100,"ix":7},"sk":{"a":0,"k":0,"ix":4},"sa":{"a":0,"k":0,"ix":5},"nm":"Transform"}],"nm":"Group 1","np":2,"cix":2,"bm":0,"ix":1,"mn":"ADBE Vector Group","hd":false}],"ip":0,"op":240,"st":0,"bm":0},{"ddd":0,"ind":14,"ty":4,"nm":"neck","sr":1,"ks":{"o":{"a":0,"k":100,"ix":11},"r":{"a":0,"k":0,"ix":10},"p":{"a":0,"k":[334.543,646.263,0],"ix":2},"a":{"a":0,"k":[320.078,641.077,0],"ix":1},"s":{"a":0,"k":[113,113,100],"ix":6}},"ao":0,"shapes":[{"ty":"gr","it":[{"ind":0,"ty":"sh","ix":1,"ks":{"a":0,"k":{"i":[[14.654,14.271],[8.991,1.067],[3.878,0.668],[2.085,0.472],[0.451,0.096],[4.097,-0.306],[2.928,-6.426],[-9.698,-13.108],[-0.453,0.005],[-7.966,1.33],[-5.744,-0.858],[-1.638,1.212],[-4.349,9.011]],"o":[[-6.21,-6.028],[-3.194,-0.376],[-1.889,-0.326],[-0.467,-0.098],[-5.427,-1.132],[-9.076,0.669],[-4.342,9.551],[0.073,0.098],[2.297,-0.065],[9.628,-1.635],[11.403,1.704],[1.638,-1.213],[4.349,-9.011]],"v":[[40.991,-19.125],[19.105,-27.131],[8.525,-28.582],[2.552,-29.766],[1.171,-30.074],[-13.09,-31.288],[-30.936,-20.199],[-45.947,31.473],[-45.161,31.59],[-27.887,28.81],[-1.482,26.462],[22.749,30.083],[41.764,19.272]],"c":true},"ix":2},"nm":"Path 1","mn":"ADBE Vector Shape - Group","hd":false},{"ty":"fl","c":{"a":0,"k":[0.957000014361,0.819999964097,0.757000014361,1],"ix":4},"o":{"a":0,"k":100,"ix":5},"r":1,"bm":0,"nm":"Fill 1","mn":"ADBE Vector Graphic - Fill","hd":false},{"ty":"tr","p":{"a":0,"k":[319.923,640.976],"ix":2},"a":{"a":0,"k":[0,0],"ix":1},"s":{"a":0,"k":[100,100],"ix":3},"r":{"a":0,"k":0,"ix":6},"o":{"a":0,"k":100,"ix":7},"sk":{"a":0,"k":0,"ix":4},"sa":{"a":0,"k":0,"ix":5},"nm":"Transform"}],"nm":"Group 1","np":2,"cix":2,"bm":0,"ix":1,"mn":"ADBE Vector Group","hd":false},{"ty":"gr","it":[{"ind":0,"ty":"sh","ix":1,"ks":{"a":0,"k":{"i":[[-2.353,15.744],[15.744,2.354],[2.354,-15.744],[-15.744,-2.353]],"o":[[2.354,-15.744],[-15.744,-2.353],[-2.353,15.744],[15.744,2.354]],"v":[[28.507,4.26],[4.26,-28.508],[-28.508,-4.262],[-4.262,28.506]],"c":true},"ix":2},"nm":"Path 1","mn":"ADBE Vector Shape - Group","hd":false},{"ty":"fl","c":{"a":0,"k":[0.957000014361,0.855000035903,0.757000014361,1],"ix":4},"o":{"a":0,"k":100,"ix":5},"r":1,"bm":0,"nm":"Fill 1","mn":"ADBE Vector Graphic - Fill","hd":false},{"ty":"tr","p":{"a":0,"k":[339.807,641.488],"ix":2},"a":{"a":0,"k":[0,0],"ix":1},"s":{"a":0,"k":[100,100],"ix":3},"r":{"a":0,"k":0,"ix":6},"o":{"a":0,"k":100,"ix":7},"sk":{"a":0,"k":0,"ix":4},"sa":{"a":0,"k":0,"ix":5},"nm":"Transform"}],"nm":"Group 2","np":2,"cix":2,"bm":0,"ix":2,"mn":"ADBE Vector Group","hd":false}],"ip":0,"op":240,"st":0,"bm":0},{"ddd":0,"ind":15,"ty":4,"nm":"body_shadow_2","parent":27,"sr":1,"ks":{"o":{"a":0,"k":100,"ix":11},"r":{"a":0,"k":0,"ix":10},"p":{"a":0,"k":[536.736,662.84,0],"ix":2},"a":{"a":0,"k":[536.736,662.84,0],"ix":1},"s":{"a":0,"k":[100,100,100],"ix":6}},"ao":0,"shapes":[{"ty":"gr","it":[{"ind":0,"ty":"sh","ix":1,"ks":{"a":0,"k":{"i":[[0,0],[0,0],[4.34,-0.01],[10.089,0.1],[1.18,0.02],[16.381,-2.89],[0,0],[0,0],[0,0],[-18,-1],[-10.76,-1.84],[-8.55,-1.63],[-2.609,-0.51]],"o":[[0,0],[-7.26,-1.04],[-9.771,0.01],[-1.38,-0.02],[-9.61,1.08],[0,0],[0,0],[0,0],[0,0],[4.85,0.27],[7.859,1.34],[2.68,0.5],[20.021,3.86]],"v":[[59,-11.225],[50.869,16.595],[32.71,14.855],[-1.9,14.635],[-5.75,14.585],[-47.391,21.225],[-48.2,13.295],[-50,-4.225],[-51,-20.225],[-41,-20.225],[-15,-18.225],[12.87,-15.175],[20.819,-13.655]],"c":true},"ix":2},"nm":"Path 1","mn":"ADBE Vector Shape - Group","hd":false},{"ty":"fl","c":{"a":0,"k":[0.902000038297,0.752999997606,0.681999954523,1],"ix":4},"o":{"a":0,"k":100,"ix":5},"r":1,"bm":0,"nm":"Fill 1","mn":"ADBE Vector Graphic - Fill","hd":false},{"ty":"tr","p":{"a":0,"k":[533.622,662.562],"ix":2},"a":{"a":0,"k":[0,0],"ix":1},"s":{"a":0,"k":[100,100],"ix":3},"r":{"a":0,"k":0,"ix":6},"o":{"a":0,"k":100,"ix":7},"sk":{"a":0,"k":0,"ix":4},"sa":{"a":0,"k":0,"ix":5},"nm":"Transform"}],"nm":"Group 1","np":2,"cix":2,"bm":0,"ix":1,"mn":"ADBE Vector Group","hd":false}],"ip":0,"op":240,"st":0,"bm":0},{"ddd":0,"ind":16,"ty":4,"nm":"ponytail_shadow","sr":1,"ks":{"o":{"a":0,"k":100,"ix":11},"r":{"a":0,"k":0,"ix":10},"p":{"a":0,"k":[251.885,690.726,0],"ix":2},"a":{"a":0,"k":[246.929,680.424,0],"ix":1},"s":{"a":0,"k":[113,113,100],"ix":6}},"ao":0,"shapes":[{"ty":"gr","it":[{"ind":0,"ty":"sh","ix":1,"ks":{"a":0,"k":{"i":[[-5.934,-3.339],[2.949,-0.621],[0.049,4.557],[-1.328,0.902],[-4.764,-1.535],[-11.599,1.937],[-0.927,0.158],[-8.188,-0.792],[-7.737,3.315],[0,0]],"o":[[-0.244,7.311],[-35.334,7.311],[-0.024,-2.437],[-0.085,1.718],[2.936,0.937],[0.95,-0.171],[14.864,-2.45],[4.447,0.438],[0,0],[0,0]],"v":[[58.612,-7.262],[29.662,7.31],[-58.588,-0.646],[-55.859,-5.532],[-48.097,-0.292],[-23.607,-2.51],[-20.792,-2.997],[13.433,-5.008],[36.973,-13.598],[45.502,-14.621]],"c":true},"ix":2},"nm":"Path 1","mn":"ADBE Vector Shape - Group","hd":false},{"ty":"fl","c":{"a":0,"k":[0.258999992819,0.184000007779,0.141000007181,1],"ix":4},"o":{"a":0,"k":100,"ix":5},"r":1,"bm":0,"nm":"Fill 1","mn":"ADBE Vector Graphic - Fill","hd":false},{"ty":"tr","p":{"a":0,"k":[246.917,682.837],"ix":2},"a":{"a":0,"k":[0,0],"ix":1},"s":{"a":0,"k":[100,100],"ix":3},"r":{"a":0,"k":0,"ix":6},"o":{"a":0,"k":100,"ix":7},"sk":{"a":0,"k":0,"ix":4},"sa":{"a":0,"k":0,"ix":5},"nm":"Transform"}],"nm":"Group 1","np":2,"cix":2,"bm":0,"ix":1,"mn":"ADBE Vector Group","hd":false}],"ip":0,"op":240,"st":0,"bm":0},{"ddd":0,"ind":17,"ty":4,"nm":"ponytail","sr":1,"ks":{"o":{"a":0,"k":100,"ix":11},"r":{"a":0,"k":0,"ix":10},"p":{"a":0,"k":[253.951,690.125,0],"ix":2},"a":{"a":0,"k":[248.758,679.893,0],"ix":1},"s":{"a":0,"k":[113,113,100],"ix":6}},"ao":0,"shapes":[{"ty":"gr","it":[{"ind":0,"ty":"sh","ix":1,"ks":{"a":0,"k":{"i":[[6.092,0],[7.286,-0.695],[23.71,1.572],[-2.595,12.794],[0,0],[9.553,-1.462],[0.061,-1.243],[-4.764,-1.535],[-11.6,1.937],[-0.951,0.17],[0,0],[0,0],[0,0],[-5.933,-3.339],[-1.426,-0.816]],"o":[[-4.788,0],[-19.519,1.864],[-23.711,-1.572],[2.607,-12.781],[0,0],[-4.033,0.622],[-0.086,1.718],[2.936,0.937],[0.925,-0.158],[20.469,-3.558],[0,0],[0,0],[0,0],[2.596,1.462],[8.529,4.874]],"v":[[68.798,11.087],[38.338,13.524],[-42.078,14.742],[-72.295,-0.245],[-61.074,-16.315],[-52.301,-5.923],[-58.149,-2.974],[-50.388,2.266],[-25.897,0.049],[-23.083,-0.439],[21.499,-9.443],[34.682,-11.039],[43.211,-12.063],[56.321,-4.704],[62.706,-1.098]],"c":true},"ix":2},"nm":"Path 1","mn":"ADBE Vector Shape - Group","hd":false},{"ty":"fl","c":{"a":0,"k":[0.301999978458,0.231000010173,0.187999994615,1],"ix":4},"o":{"a":0,"k":100,"ix":5},"r":1,"bm":0,"nm":"Fill 1","mn":"ADBE Vector Graphic - Fill","hd":false},{"ty":"tr","p":{"a":0,"k":[249.208,680.279],"ix":2},"a":{"a":0,"k":[0,0],"ix":1},"s":{"a":0,"k":[100,100],"ix":3},"r":{"a":0,"k":0,"ix":6},"o":{"a":0,"k":100,"ix":7},"sk":{"a":0,"k":0,"ix":4},"sa":{"a":0,"k":0,"ix":5},"nm":"Transform"}],"nm":"Group 1","np":2,"cix":2,"bm":0,"ix":1,"mn":"ADBE Vector Group","hd":false}],"ip":0,"op":240,"st":0,"bm":0},{"ddd":0,"ind":18,"ty":4,"nm":"foot","sr":1,"ks":{"o":{"a":0,"k":100,"ix":11},"r":{"a":0,"k":0,"ix":10},"p":{"a":0,"k":[975.755,675.7,0],"ix":2},"a":{"a":0,"k":[887.522,667.127,0],"ix":1},"s":{"a":0,"k":[113,113,100],"ix":6}},"ao":0,"shapes":[{"ty":"gr","it":[{"ind":0,"ty":"sh","ix":1,"ks":{"a":0,"k":{"i":[[3.491,1.146],[-0.733,14.425],[-5.466,-4.059],[-6.17,2.548],[0.275,1.868],[-3.185,4.289],[-4.596,-11.728],[-1.347,-2.664],[-1.348,-2.664],[-2.42,-3.461],[-0.276,-1.869],[-2.42,-3.46],[-5.88,-1.04],[-3.492,-4.255],[3.736,-0.552],[8.819,1.56],[13.352,-0.063],[11.345,0.208]],"o":[[-2.837,-0.931],[0.203,-4],[4.288,3.185],[7.196,-2.972],[-0.277,-1.868],[3.185,-4.288],[4.594,11.729],[1.348,2.664],[1.348,2.664],[2.42,3.46],[0.275,1.868],[2.419,3.46],[5.88,1.04],[3.491,4.256],[-3.736,0.551],[-8.82,-1.561],[-9.479,0.045],[-4.636,-0.085]],"v":[[-64.185,22.518],[-60.851,-6.606],[-49.091,-4.525],[-29.583,-1.679],[-18.13,-8.142],[-21.685,-25.751],[-10.169,-18.862],[11.513,-7.748],[17.945,-2.971],[22.233,0.213],[29.737,5.786],[34.821,7.898],[44.192,13.195],[63.532,21.5],[61.695,28.453],[27.443,29.03],[-16.381,23.094],[-49.761,23.251]],"c":true},"ix":2},"nm":"Path 1","mn":"ADBE Vector Shape - Group","hd":false},{"ty":"fl","c":{"a":0,"k":[0.388000009574,0.211999990426,0.361000001197,1],"ix":4},"o":{"a":0,"k":100,"ix":5},"r":1,"bm":0,"nm":"Fill 1","mn":"ADBE Vector Graphic - Fill","hd":false},{"ty":"tr","p":{"a":0,"k":[887.286,666.556],"ix":2},"a":{"a":0,"k":[0,0],"ix":1},"s":{"a":0,"k":[100,100],"ix":3},"r":{"a":0,"k":0,"ix":6},"o":{"a":0,"k":100,"ix":7},"sk":{"a":0,"k":0,"ix":4},"sa":{"a":0,"k":0,"ix":5},"nm":"Transform"}],"nm":"Group 1","np":2,"cix":2,"bm":0,"ix":1,"mn":"ADBE Vector Group","hd":false}],"ip":0,"op":240,"st":0,"bm":0},{"ddd":0,"ind":19,"ty":4,"nm":"sole","sr":1,"ks":{"o":{"a":0,"k":100,"ix":11},"r":{"a":0,"k":0,"ix":10},"p":{"a":0,"k":[975.01,706.735,0],"ix":2},"a":{"a":0,"k":[886.863,694.591,0],"ix":1},"s":{"a":0,"k":[113,113,100],"ix":6}},"ao":0,"shapes":[{"ty":"gr","it":[{"ind":0,"ty":"sh","ix":1,"ks":{"a":0,"k":{"i":[[0,0],[-0.277,-1.867],[-2.42,-3.46],[-7.472,1.104],[-6.676,0.033],[-8.946,0.462],[-6.401,1.899],[-2.387,3.215],[0,0],[0,0],[0,0],[0,0]],"o":[[0,0],[0.275,1.868],[2.419,3.46],[7.472,-1.103],[6.677,-0.031],[8.954,-0.462],[6.399,-1.9],[2.389,-3.216],[0,0],[0,0],[0,0],[0,0]],"v":[[-62.978,-7.184],[-65.091,-2.101],[-66.638,3.333],[-50.866,6.729],[-22.805,7.01],[9.495,8.315],[44.819,8.534],[66.669,4.874],[64.51,-4.292],[25.159,-4.929],[-15.725,-10.345],[-53.914,-10.432]],"c":true},"ix":2},"nm":"Path 1","mn":"ADBE Vector Shape - Group","hd":false},{"ty":"fl","c":{"a":0,"k":[0.638999968884,0.579999976065,0.626999978458,1],"ix":4},"o":{"a":0,"k":100,"ix":5},"r":1,"bm":0,"nm":"Fill 1","mn":"ADBE Vector Graphic - Fill","hd":false},{"ty":"tr","p":{"a":0,"k":[886.875,695.187],"ix":2},"a":{"a":0,"k":[0,0],"ix":1},"s":{"a":0,"k":[100,100],"ix":3},"r":{"a":0,"k":0,"ix":6},"o":{"a":0,"k":100,"ix":7},"sk":{"a":0,"k":0,"ix":4},"sa":{"a":0,"k":0,"ix":5},"nm":"Transform"}],"nm":"Group 1","np":2,"cix":2,"bm":0,"ix":1,"mn":"ADBE Vector Group","hd":false}],"ip":0,"op":240,"st":0,"bm":0},{"ddd":0,"ind":20,"ty":4,"nm":"calf","parent":21,"sr":1,"ks":{"o":{"a":0,"k":100,"ix":11},"r":{"a":0,"k":0,"ix":10},"p":{"a":0,"k":[790.101,502.686,0],"ix":2},"a":{"a":0,"k":[790.101,502.686,0],"ix":1},"s":{"a":0,"k":[100,100,100],"ix":6}},"ao":0,"shapes":[{"ty":"gr","it":[{"ind":0,"ty":"sh","ix":1,"ks":{"a":0,"k":{"i":[[-14.922,-14.83],[-14.081,-46.551],[0.679,-1.884],[4.293,5.8],[14.52,58.738],[-10.472,14.31]],"o":[[11.749,11.676],[14.08,46.55],[-0.677,1.883],[-4.293,-5.801],[-3.464,-14.01],[10.47,-14.31]],"v":[[-0.896,-74.725],[36.305,10.996],[52.719,65.832],[7.976,83.754],[-34.646,-13.491],[-42.926,-64.335]],"c":true},"ix":2},"nm":"Path 1","mn":"ADBE Vector Shape - Group","hd":false},{"ty":"fl","c":{"a":0,"k":[0.128999986836,0.090000002992,0.125,1],"ix":4},"o":{"a":0,"k":100,"ix":5},"r":1,"bm":0,"nm":"Fill 1","mn":"ADBE Vector Graphic - Fill","hd":false},{"ty":"tr","p":{"a":0,"k":[786.966,501.222],"ix":2},"a":{"a":0,"k":[0,0],"ix":1},"s":{"a":0,"k":[100,100],"ix":3},"r":{"a":0,"k":0,"ix":6},"o":{"a":0,"k":100,"ix":7},"sk":{"a":0,"k":0,"ix":4},"sa":{"a":0,"k":0,"ix":5},"nm":"Transform"}],"nm":"Group 1","np":2,"cix":2,"bm":0,"ix":1,"mn":"ADBE Vector Group","hd":false}],"ip":0,"op":240,"st":0,"bm":0},{"ddd":0,"ind":21,"ty":4,"nm":"calf_skin","sr":1,"ks":{"o":{"a":0,"k":100,"ix":11},"r":{"a":1,"k":[{"i":{"x":[0.667],"y":[1]},"o":{"x":[0.333],"y":[0]},"t":10,"s":[0]},{"i":{"x":[0.667],"y":[1]},"o":{"x":[0.333],"y":[0]},"t":72,"s":[21]},{"i":{"x":[0.667],"y":[1]},"o":{"x":[0.333],"y":[0]},"t":108,"s":[21]},{"t":157,"s":[0]}],"ix":10},"p":{"a":0,"k":[934.167,665.272,0],"ix":2},"a":{"a":0,"k":[850.719,657.898,0],"ix":1},"s":{"a":0,"k":[113,113,100],"ix":6}},"ao":0,"shapes":[{"ty":"gr","it":[{"ind":0,"ty":"sh","ix":1,"ks":{"a":0,"k":{"i":[[0.753,-5.046],[-2.41,-5.122],[-3.615,-7.683],[-8.134,-3.992],[1.863,15.712],[14.986,35.176],[3.088,3.238]],"o":[[-0.296,1.979],[2.409,5.122],[3.615,7.684],[8.134,3.993],[-1.053,-8.888],[-14.985,-35.177],[-3.088,-3.239]],"v":[[-41.399,-35.934],[-23.928,1.202],[-9.47,31.935],[4.538,55.06],[39.832,41.455],[18.553,-1.58],[0.859,-55.814]],"c":true},"ix":2},"nm":"Path 1","mn":"ADBE Vector Shape - Group","hd":false},{"ty":"fl","c":{"a":0,"k":[0.957000014361,0.819999964097,0.757000014361,1],"ix":4},"o":{"a":0,"k":100,"ix":5},"r":1,"bm":0,"nm":"Fill 1","mn":"ADBE Vector Graphic - Fill","hd":false},{"ty":"tr","p":{"a":0,"k":[836.418,617.747],"ix":2},"a":{"a":0,"k":[0,0],"ix":1},"s":{"a":0,"k":[100,100],"ix":3},"r":{"a":0,"k":0,"ix":6},"o":{"a":0,"k":100,"ix":7},"sk":{"a":0,"k":0,"ix":4},"sa":{"a":0,"k":0,"ix":5},"nm":"Transform"}],"nm":"Group 1","np":2,"cix":2,"bm":0,"ix":1,"mn":"ADBE Vector Group","hd":false}],"ip":0,"op":240,"st":0,"bm":0},{"ddd":0,"ind":22,"ty":4,"nm":"thigh_1","parent":23,"sr":1,"ks":{"o":{"a":0,"k":100,"ix":11},"r":{"a":1,"k":[{"i":{"x":[0.667],"y":[1]},"o":{"x":[0.333],"y":[0]},"t":10,"s":[0]},{"i":{"x":[0.667],"y":[1]},"o":{"x":[0.333],"y":[0]},"t":72,"s":[16]},{"i":{"x":[0.667],"y":[1]},"o":{"x":[0.333],"y":[0]},"t":108,"s":[16]},{"t":157,"s":[0]}],"ix":10},"p":{"a":0,"k":[749.298,451.398,0],"ix":2},"a":{"a":0,"k":[749.298,451.398,0],"ix":1},"s":{"a":0,"k":[100,100,100],"ix":6}},"ao":0,"shapes":[{"ty":"gr","it":[{"ind":0,"ty":"sh","ix":1,"ks":{"a":0,"k":{"i":[[-8.816,15.273],[14.84,8.946],[8.816,-15.273],[-14.84,-8.947]],"o":[[8.816,-15.273],[-14.84,-8.946],[-8.817,15.273],[14.841,8.945]],"v":[[26.87,16.198],[15.964,-27.655],[-26.87,-16.199],[-15.964,27.655]],"c":true},"ix":2},"nm":"Path 1","mn":"ADBE Vector Shape - Group","hd":false},{"ty":"fl","c":{"a":0,"k":[0.030999998953,0.019999999626,0.027000000898,1],"ix":4},"o":{"a":0,"k":100,"ix":5},"r":1,"bm":0,"nm":"Fill 1","mn":"ADBE Vector Graphic - Fill","hd":false},{"ty":"tr","p":{"a":0,"k":[750.516,453.406],"ix":2},"a":{"a":0,"k":[0,0],"ix":1},"s":{"a":0,"k":[100,100],"ix":3},"r":{"a":0,"k":0,"ix":6},"o":{"a":0,"k":100,"ix":7},"sk":{"a":0,"k":0,"ix":4},"sa":{"a":0,"k":0,"ix":5},"nm":"Transform"}],"nm":"Group 1","np":2,"cix":2,"bm":0,"ix":1,"mn":"ADBE Vector Group","hd":false},{"ty":"gr","it":[{"ind":0,"ty":"sh","ix":1,"ks":{"a":0,"k":{"i":[[9.192,21.964],[33.844,-24.642],[7.015,-32.659],[-15.22,-7.622],[-28.568,57.335],[-7.347,12.728]],"o":[[-3.357,-8.022],[-33.844,24.642],[-7.016,32.658],[15.219,7.622],[28.568,-57.334],[13.968,-24.198]],"v":[[84.761,-100.828],[32.491,-116.142],[-86.937,54.56],[-67.26,114.182],[0.283,83.45],[53.152,-36.897]],"c":true},"ix":2},"nm":"Path 1","mn":"ADBE Vector Shape - Group","hd":false},{"ty":"fl","c":{"a":0,"k":[0.030999998953,0.019999999626,0.027000000898,1],"ix":4},"o":{"a":0,"k":100,"ix":5},"r":1,"bm":0,"nm":"Fill 1","mn":"ADBE Vector Graphic - Fill","hd":false},{"ty":"tr","p":{"a":0,"k":[695.811,545.284],"ix":2},"a":{"a":0,"k":[0,0],"ix":1},"s":{"a":0,"k":[100,100],"ix":3},"r":{"a":0,"k":0,"ix":6},"o":{"a":0,"k":100,"ix":7},"sk":{"a":0,"k":0,"ix":4},"sa":{"a":0,"k":0,"ix":5},"nm":"Transform"}],"nm":"Group 2","np":2,"cix":2,"bm":0,"ix":2,"mn":"ADBE Vector Group","hd":false},{"ty":"gr","it":[{"ind":0,"ty":"sh","ix":1,"ks":{"a":0,"k":{"i":[[-12.49,21.637],[21.023,12.674],[12.49,-21.637],[-21.023,-12.673]],"o":[[12.489,-21.638],[-21.024,-12.674],[-12.49,21.637],[21.024,12.674]],"v":[[38.067,22.948],[22.616,-39.177],[-38.066,-22.948],[-22.615,39.177]],"c":true},"ix":2},"nm":"Path 1","mn":"ADBE Vector Shape - Group","hd":false},{"ty":"fl","c":{"a":0,"k":[0.030999998953,0.019999999626,0.027000000898,1],"ix":4},"o":{"a":0,"k":100,"ix":5},"r":1,"bm":0,"nm":"Fill 1","mn":"ADBE Vector Graphic - Fill","hd":false},{"ty":"tr","p":{"a":0,"k":[648.926,618.938],"ix":2},"a":{"a":0,"k":[0,0],"ix":1},"s":{"a":0,"k":[100,100],"ix":3},"r":{"a":0,"k":0,"ix":6},"o":{"a":0,"k":100,"ix":7},"sk":{"a":0,"k":0,"ix":4},"sa":{"a":0,"k":0,"ix":5},"nm":"Transform"}],"nm":"Group 3","np":2,"cix":2,"bm":0,"ix":3,"mn":"ADBE Vector Group","hd":false}],"ip":0,"op":240,"st":0,"bm":0},{"ddd":0,"ind":23,"ty":4,"nm":"calf_1","parent":25,"sr":1,"ks":{"o":{"a":0,"k":100,"ix":11},"r":{"a":0,"k":0,"ix":10},"p":{"a":0,"k":[771.891,499.453,0],"ix":2},"a":{"a":0,"k":[771.891,499.453,0],"ix":1},"s":{"a":0,"k":[100,100,100],"ix":6}},"ao":0,"shapes":[{"ty":"gr","it":[{"ind":0,"ty":"sh","ix":1,"ks":{"a":0,"k":{"i":[[-14.746,7.202],[6.933,15.077],[14.747,-7.201],[-6.932,-15.077]],"o":[[14.747,-7.202],[-6.931,-15.077],[-14.746,7.202],[6.932,15.076]],"v":[[12.551,27.299],[26.7,-13.04],[-12.552,-27.3],[-26.701,13.04]],"c":true},"ix":2},"nm":"Path 1","mn":"ADBE Vector Shape - Group","hd":false},{"ty":"fl","c":{"a":0,"k":[0.030999998953,0.019999999626,0.027000000898,1],"ix":4},"o":{"a":0,"k":100,"ix":5},"r":1,"bm":0,"nm":"Fill 1","mn":"ADBE Vector Graphic - Fill","hd":false},{"ty":"tr","p":{"a":0,"k":[752.802,451.227],"ix":2},"a":{"a":0,"k":[0,0],"ix":1},"s":{"a":0,"k":[100,100],"ix":3},"r":{"a":0,"k":0,"ix":6},"o":{"a":0,"k":100,"ix":7},"sk":{"a":0,"k":0,"ix":4},"sa":{"a":0,"k":0,"ix":5},"nm":"Transform"}],"nm":"Group 1","np":2,"cix":2,"bm":0,"ix":1,"mn":"ADBE Vector Group","hd":false},{"ty":"gr","it":[{"ind":0,"ty":"sh","ix":1,"ks":{"a":0,"k":{"i":[[0,0],[-7.694,-20.121],[-5.607,-2.037],[-2.695,7.684],[10.893,38.86],[11.205,15.465],[-20.359,-30.089]],"o":[[0,0],[7.693,20.12],[5.608,2.038],[1.514,-4.314],[-6.181,-22.047],[-18.479,-25.503],[4.858,7.179]],"v":[[-35.943,-29.387],[-25.424,1.463],[17.342,85.948],[57.342,66.948],[32.031,-5.559],[14.21,-62.483],[-38.497,-34.414]],"c":true},"ix":2},"nm":"Path 1","mn":"ADBE Vector Shape - Group","hd":false},{"ty":"fl","c":{"a":0,"k":[0.030999998953,0.019999999626,0.027000000898,1],"ix":4},"o":{"a":0,"k":100,"ix":5},"r":1,"bm":0,"nm":"Fill 1","mn":"ADBE Vector Graphic - Fill","hd":false},{"ty":"tr","p":{"a":0,"k":[764.658,493.052],"ix":2},"a":{"a":0,"k":[0,0],"ix":1},"s":{"a":0,"k":[100,100],"ix":3},"r":{"a":0,"k":0,"ix":6},"o":{"a":0,"k":100,"ix":7},"sk":{"a":0,"k":0,"ix":4},"sa":{"a":0,"k":0,"ix":5},"nm":"Transform"}],"nm":"Group 2","np":2,"cix":2,"bm":0,"ix":2,"mn":"ADBE Vector Group","hd":false}],"ip":0,"op":240,"st":0,"bm":0},{"ddd":0,"ind":24,"ty":4,"nm":"foot_1","sr":1,"ks":{"o":{"a":0,"k":100,"ix":11},"r":{"a":0,"k":0,"ix":10},"p":{"a":0,"k":[950.663,645.038,0],"ix":2},"a":{"a":0,"k":[860.892,649.727,0],"ix":1},"s":{"a":0,"k":[113,113,100],"ix":6}},"ao":0,"shapes":[{"ty":"gr","it":[{"ind":0,"ty":"sh","ix":1,"ks":{"a":0,"k":{"i":[[3.099,1.167],[-0.943,13.153],[-4.805,-3.897],[-5.567,2.116],[0.21,1.717],[-2.933,3.809],[-3.874,-10.874],[-1.151,-2.48],[-1.152,-2.48],[-2.095,-3.244],[-0.209,-1.715],[-2.095,-3.245],[-5.236,-1.152],[-3.036,-4.008],[3.35,-0.376],[7.855,1.728],[11.938,0.401],[10.138,0.58]],"o":[[-2.518,-0.948],[0.261,-3.649],[3.77,3.056],[6.493,-2.468],[-0.209,-1.715],[2.932,-3.807],[3.874,10.874],[1.153,2.481],[1.152,2.481],[2.094,3.245],[0.209,1.717],[2.093,3.244],[5.237,1.153],[3.037,4.01],[-3.352,0.376],[-7.853,-1.73],[-8.475,-0.285],[-4.143,-0.237]],"v":[[-59.007,17.998],[-55.445,-8.497],[-44.973,-6.191],[-27.59,-2.921],[-17.223,-8.432],[-20.049,-24.644],[-9.892,-17.953],[9.271,-7.052],[14.926,-2.468],[18.696,0.589],[25.293,5.938],[29.796,8.044],[38.068,13.205],[58.488,20.484],[56.708,26.773],[22.778,27.099],[-16.281,20.168],[-46.126,19.164]],"c":true},"ix":2},"nm":"Path 1","mn":"ADBE Vector Shape - Group","hd":false},{"ty":"fl","c":{"a":0,"k":[0.349000010771,0.19199999641,0.325,1],"ix":4},"o":{"a":0,"k":100,"ix":5},"r":1,"bm":0,"nm":"Fill 1","mn":"ADBE Vector Graphic - Fill","hd":false},{"ty":"tr","p":{"a":0,"k":[860.668,649.329],"ix":2},"a":{"a":0,"k":[0,0],"ix":1},"s":{"a":0,"k":[100,100],"ix":3},"r":{"a":0,"k":0,"ix":6},"o":{"a":0,"k":100,"ix":7},"sk":{"a":0,"k":0,"ix":4},"sa":{"a":0,"k":0,"ix":5},"nm":"Transform"}],"nm":"Group 1","np":2,"cix":2,"bm":0,"ix":1,"mn":"ADBE Vector Group","hd":false}],"ip":0,"op":240,"st":0,"bm":0},{"ddd":0,"ind":25,"ty":4,"nm":"calf_skin_1","sr":1,"ks":{"o":{"a":0,"k":100,"ix":11},"r":{"a":1,"k":[{"i":{"x":[0.667],"y":[1]},"o":{"x":[0.333],"y":[0]},"t":10,"s":[0]},{"i":{"x":[0.667],"y":[1]},"o":{"x":[0.333],"y":[0]},"t":72,"s":[24]},{"i":{"x":[0.667],"y":[1]},"o":{"x":[0.333],"y":[0]},"t":108,"s":[24]},{"t":157,"s":[0]}],"ix":10},"p":{"a":0,"k":[913.618,632.425,0],"ix":2},"a":{"a":0,"k":[828.109,638.565,0],"ix":1},"s":{"a":0,"k":[113,113,100],"ix":6}},"ao":0,"shapes":[{"ty":"gr","it":[{"ind":0,"ty":"sh","ix":1,"ks":{"a":0,"k":{"i":[[-9.831,4.801],[8.25,11.865],[9.831,-4.801],[-4.622,-10.051]],"o":[[9.831,-4.802],[-6.289,-9.044],[-9.831,4.8],[4.621,10.052]],"v":[[7.073,18.199],[15.466,-8.33],[-9.661,-18.2],[-19.094,8.692]],"c":true},"ix":2},"nm":"Path 1","mn":"ADBE Vector Shape - Group","hd":false},{"ty":"fl","c":{"a":0,"k":[0.902000038297,0.752999997606,0.681999954523,1],"ix":4},"o":{"a":0,"k":100,"ix":5},"r":1,"bm":0,"nm":"Fill 1","mn":"ADBE Vector Graphic - Fill","hd":false},{"ty":"tr","p":{"a":0,"k":[829.536,638.091],"ix":2},"a":{"a":0,"k":[0,0],"ix":1},"s":{"a":0,"k":[100,100],"ix":3},"r":{"a":0,"k":0,"ix":6},"o":{"a":0,"k":100,"ix":7},"sk":{"a":0,"k":0,"ix":4},"sa":{"a":0,"k":0,"ix":5},"nm":"Transform"}],"nm":"Group 1","np":2,"cix":2,"bm":0,"ix":1,"mn":"ADBE Vector Group","hd":false},{"ty":"gr","it":[{"ind":0,"ty":"sh","ix":1,"ks":{"a":0,"k":{"i":[[0.361,-4.953],[-2.39,-5.2],[-3.586,-7.8],[-7.297,-4.396],[15.907,37.61],[15.061,35.625],[2.871,3.374]],"o":[[-0.143,1.942],[2.391,5.201],[3.585,7.799],[7.298,4.394],[-3.478,-8.22],[-15.06,-35.626],[-2.871,-3.374]],"v":[[-46.286,-48.39],[-26.508,-11.885],[-10.892,18.693],[9.152,66.549],[30.522,29.948],[11.506,-12.94],[-7.013,-67.57]],"c":true},"ix":2},"nm":"Path 1","mn":"ADBE Vector Shape - Group","hd":false},{"ty":"fl","c":{"a":0,"k":[0.902000038297,0.752999997606,0.681999954523,1],"ix":4},"o":{"a":0,"k":100,"ix":5},"r":1,"bm":0,"nm":"Fill 1","mn":"ADBE Vector Graphic - Fill","hd":false},{"ty":"tr","p":{"a":0,"k":[813.105,597.833],"ix":2},"a":{"a":0,"k":[0,0],"ix":1},"s":{"a":0,"k":[100,100],"ix":3},"r":{"a":0,"k":0,"ix":6},"o":{"a":0,"k":100,"ix":7},"sk":{"a":0,"k":0,"ix":4},"sa":{"a":0,"k":0,"ix":5},"nm":"Transform"}],"nm":"Group 2","np":2,"cix":2,"bm":0,"ix":2,"mn":"ADBE Vector Group","hd":false}],"ip":0,"op":240,"st":0,"bm":0},{"ddd":0,"ind":26,"ty":4,"nm":"sole_1","sr":1,"ks":{"o":{"a":0,"k":100,"ix":11},"r":{"a":0,"k":0,"ix":10},"p":{"a":0,"k":[949.798,674.204,0],"ix":2},"a":{"a":0,"k":[860.127,675.538,0],"ix":1},"s":{"a":0,"k":[113,113,100],"ix":6}},"ao":0,"shapes":[{"ty":"gr","it":[{"ind":0,"ty":"sh","ix":1,"ks":{"a":0,"k":{"i":[[0,0],[-0.209,-1.716],[-2.093,-3.244],[-6.702,0.752],[-5.968,-0.201],[-7.854,-1.73],[-5.758,1.516],[-2.199,2.855],[0,0],[0,0],[0,0],[0,0]],"o":[[0,0],[0.21,1.717],[2.095,3.245],[6.702,-0.751],[5.969,0.201],[7.854,1.728],[5.76,-1.515],[2.199,-2.856],[0,0],[0,0],[0,0],[0,0]],"v":[[-57.752,-9.524],[-59.742,-4.952],[-61.314,3.053],[-47.281,6.7],[-22.349,7.118],[8.894,9.622],[41.52,10.663],[61.208,4.977],[59.638,-0.936],[20.997,-4.433],[-15.445,-10.787],[-49.584,-12.179]],"c":true},"ix":2},"nm":"Path 1","mn":"ADBE Vector Shape - Group","hd":false},{"ty":"fl","c":{"a":0,"k":[0.579999976065,0.525,0.569000004787,1],"ix":4},"o":{"a":0,"k":100,"ix":5},"r":1,"bm":0,"nm":"Fill 1","mn":"ADBE Vector Graphic - Fill","hd":false},{"ty":"tr","p":{"a":0,"k":[860.146,675.899],"ix":2},"a":{"a":0,"k":[0,0],"ix":1},"s":{"a":0,"k":[100,100],"ix":3},"r":{"a":0,"k":0,"ix":6},"o":{"a":0,"k":100,"ix":7},"sk":{"a":0,"k":0,"ix":4},"sa":{"a":0,"k":0,"ix":5},"nm":"Transform"}],"nm":"Group 1","np":2,"cix":2,"bm":0,"ix":1,"mn":"ADBE Vector Group","hd":false}],"ip":0,"op":240,"st":0,"bm":0},{"ddd":0,"ind":27,"ty":4,"nm":"lower_body","parent":12,"sr":1,"ks":{"o":{"a":0,"k":100,"ix":11},"r":{"a":0,"k":0,"ix":10},"p":{"a":0,"k":[568.557,627.817,0],"ix":2},"a":{"a":0,"k":[568.557,627.817,0],"ix":1},"s":{"a":0,"k":[100,100,100],"ix":6}},"ao":0,"shapes":[{"ty":"gr","it":[{"ind":0,"ty":"sh","ix":1,"ks":{"a":0,"k":{"i":[[0,0],[19.671,2.81],[4.34,-0.01],[10.09,0.1],[1.18,0.02],[0.32,0],[0,0],[0,0],[0,0],[0,0],[0,0],[0,0],[0,0],[-0.53,-0.09],[0,0],[-4.59,-0.73],[-0.24,-0.04],[-10.509,0.92],[0,0],[0,0]],"o":[[0,0],[-7.26,-1.04],[-9.77,0.01],[-1.38,-0.02],[-4.15,-0.04],[0,0],[0,0],[0,0],[0,0],[0,0],[0,0],[0,0],[0,0],[0,0],[1.51,0.29],[0.24,0.04],[11.85,1.9],[16.361,-1.45],[0,0],[0,0]],"v":[[60.445,59.4],[15.934,51.34],[-2.225,49.6],[-36.835,49.38],[-40.685,49.33],[-47.925,49.25],[-47.935,49.24],[-47.945,49.24],[-51.195,20.99],[-59.305,-49.579],[-60.265,-57.85],[-60.435,-59.32],[-60.445,-59.4],[-59.625,-59.25],[-59.615,-59.25],[-50.005,-57.59],[-49.285,-57.47],[-8.486,-54.03],[20.905,-54.6],[25.304,-41.89]],"c":true},"ix":2},"nm":"Path 1","mn":"ADBE Vector Shape - Group","hd":false},{"ty":"fl","c":{"a":0,"k":[0.957000014361,0.819999964097,0.757000014361,1],"ix":4},"o":{"a":0,"k":100,"ix":5},"r":1,"bm":0,"nm":"Fill 1","mn":"ADBE Vector Graphic - Fill","hd":false},{"ty":"tr","p":{"a":0,"k":[568.557,627.817],"ix":2},"a":{"a":0,"k":[0,0],"ix":1},"s":{"a":0,"k":[100,100],"ix":3},"r":{"a":0,"k":0,"ix":6},"o":{"a":0,"k":100,"ix":7},"sk":{"a":0,"k":0,"ix":4},"sa":{"a":0,"k":0,"ix":5},"nm":"Transform"}],"nm":"Group 1","np":2,"cix":2,"bm":0,"ix":1,"mn":"ADBE Vector Group","hd":false}],"ip":0,"op":240,"st":0,"bm":0},{"ddd":0,"ind":28,"ty":4,"nm":"body","parent":12,"sr":1,"ks":{"o":{"a":0,"k":100,"ix":11},"r":{"a":0,"k":0,"ix":10},"p":{"a":0,"k":[443.178,622.977,0],"ix":2},"a":{"a":0,"k":[443.178,622.977,0],"ix":1},"s":{"a":0,"k":[100,100,100],"ix":6}},"ao":0,"shapes":[{"ty":"gr","it":[{"ind":0,"ty":"sh","ix":1,"ks":{"a":0,"k":{"i":[[-4.472,29.913],[29.914,4.472],[4.471,-29.913],[-29.914,-4.47]],"o":[[4.472,-29.913],[-29.913,-4.47],[-4.471,29.913],[29.913,4.472]],"v":[[54.163,8.096],[8.095,-54.164],[-54.164,-8.096],[-8.096,54.162]],"c":true},"ix":2},"nm":"Path 1","mn":"ADBE Vector Shape - Group","hd":false},{"ty":"fl","c":{"a":0,"k":[0.957000014361,0.819999964097,0.757000014361,1],"ix":4},"o":{"a":0,"k":100,"ix":5},"r":1,"bm":0,"nm":"Fill 1","mn":"ADBE Vector Graphic - Fill","hd":false},{"ty":"tr","p":{"a":0,"k":[504.805,624.621],"ix":2},"a":{"a":0,"k":[0,0],"ix":1},"s":{"a":0,"k":[100,100],"ix":3},"r":{"a":0,"k":0,"ix":6},"o":{"a":0,"k":100,"ix":7},"sk":{"a":0,"k":0,"ix":4},"sa":{"a":0,"k":0,"ix":5},"nm":"Transform"}],"nm":"Group 1","np":2,"cix":2,"bm":0,"ix":1,"mn":"ADBE Vector Group","hd":false},{"ty":"gr","it":[{"ind":0,"ty":"sh","ix":1,"ks":{"a":0,"k":{"i":[[4.18,-23.26],[1.42,-3.84],[0,0],[1.96,-1.09],[0.43,-0.02],[1.53,-0.159],[16.38,-2.89],[9.15,-1.6],[30.93,7.54],[-38.75,35],[-15.33,-4.29],[-16.67,-3.05],[-13.23,-1.28],[-0.57,-0.049],[-0.27,-0.02],[0,0],[-0.93,-0.079],[-1.89,-0.561],[-0.29,-0.1],[-2.26,-1.68],[-0.01,-0.009],[-1.48,-1.7]],"o":[[-0.97,5.46],[0,0],[-1.69,4.609],[-0.42,0.23],[-1.2,0.09],[-9.61,1.08],[-9.76,1.73],[-26.93,4.71],[-30.93,-7.53],[38.75,-35.01],[7.44,2.08],[7.47,1.36],[0.55,0.05],[0.27,0.031],[0,0],[0.9,0.091],[2.11,0.19],[0.3,0.089],[2.76,0.92],[0.01,0.011],[1.77,1.3],[14.82,16.87]],"v":[[111.78,30.63],[108.13,44.76],[108.13,44.771],[102.55,53.62],[101.27,54.01],[97.16,54.39],[55.52,61.03],[26.59,66.17],[-78.31,56.31],[-77.21,-19.29],[15.84,-66.59],[45.29,-58.41],[75.74,-54.41],[77.41,-54.26],[78.22,-54.19],[78.23,-54.19],[80.98,-53.94],[86.96,-52.809],[87.84,-52.53],[95.38,-48.61],[95.41,-48.59],[100.3,-44.08]],"c":true},"ix":2},"nm":"Path 1","mn":"ADBE Vector Shape - Group","hd":false},{"ty":"fl","c":{"a":0,"k":[0.957000014361,0.819999964097,0.757000014361,1],"ix":4},"o":{"a":0,"k":100,"ix":5},"r":1,"bm":0,"nm":"Fill 1","mn":"ADBE Vector Graphic - Fill","hd":false},{"ty":"tr","p":{"a":0,"k":[430.712,622.757],"ix":2},"a":{"a":0,"k":[0,0],"ix":1},"s":{"a":0,"k":[100,100],"ix":3},"r":{"a":0,"k":0,"ix":6},"o":{"a":0,"k":100,"ix":7},"sk":{"a":0,"k":0,"ix":4},"sa":{"a":0,"k":0,"ix":5},"nm":"Transform"}],"nm":"Group 2","np":2,"cix":2,"bm":0,"ix":2,"mn":"ADBE Vector Group","hd":false}],"ip":0,"op":240,"st":0,"bm":0},{"ddd":0,"ind":29,"ty":4,"nm":"forearm_1","sr":1,"ks":{"o":{"a":0,"k":100,"ix":11},"r":{"a":0,"k":0,"ix":10},"p":{"a":0,"k":[613.737,641.551,0],"ix":2},"a":{"a":0,"k":[549.453,636.907,0],"ix":1},"s":{"a":0,"k":[113,113,100],"ix":6}},"ao":0,"shapes":[{"ty":"gr","it":[{"ind":0,"ty":"sh","ix":1,"ks":{"a":0,"k":{"i":[[-9.557,-0.617],[-0.558,8.66],[9.557,0.616],[0.559,-8.659]],"o":[[9.557,0.616],[0.559,-8.659],[-9.557,-0.618],[-0.559,8.659]],"v":[[-1.012,15.68],[17.303,1.117],[1.011,-15.677],[-17.304,-1.115]],"c":true},"ix":2},"nm":"Path 1","mn":"ADBE Vector Shape - Group","hd":false},{"ty":"fl","c":{"a":0,"k":[0.902000038297,0.752999997606,0.681999954523,1],"ix":4},"o":{"a":0,"k":100,"ix":5},"r":1,"bm":0,"nm":"Fill 1","mn":"ADBE Vector Graphic - Fill","hd":false},{"ty":"tr","p":{"a":0,"k":[496.226,635.135],"ix":2},"a":{"a":0,"k":[0,0],"ix":1},"s":{"a":0,"k":[100,100],"ix":3},"r":{"a":0,"k":0,"ix":6},"o":{"a":0,"k":100,"ix":7},"sk":{"a":0,"k":0,"ix":4},"sa":{"a":0,"k":0,"ix":5},"nm":"Transform"}],"nm":"Group 1","np":2,"cix":2,"bm":0,"ix":1,"mn":"ADBE Vector Group","hd":false},{"ty":"gr","it":[{"ind":0,"ty":"sh","ix":1,"ks":{"a":0,"k":{"i":[[6.929,18.29],[-35.964,0.829],[-29.522,-9.251],[-6.247,-10.898],[33.521,1.113]],"o":[[-1.884,-4.974],[20.912,-0.481],[29.52,9.252],[6.247,10.9],[-33.522,-1.113]],"v":[[-69.721,2.469],[-51.001,-18.365],[6.476,-11.509],[80.717,4.827],[26.641,17.083]],"c":true},"ix":2},"nm":"Path 1","mn":"ADBE Vector Shape - Group","hd":false},{"ty":"fl","c":{"a":0,"k":[0.902000038297,0.752999997606,0.681999954523,1],"ix":4},"o":{"a":0,"k":100,"ix":5},"r":1,"bm":0,"nm":"Fill 1","mn":"ADBE Vector Graphic - Fill","hd":false},{"ty":"tr","p":{"a":0,"k":[545.931,637.672],"ix":2},"a":{"a":0,"k":[0,0],"ix":1},"s":{"a":0,"k":[100,100],"ix":3},"r":{"a":0,"k":0,"ix":6},"o":{"a":0,"k":100,"ix":7},"sk":{"a":0,"k":0,"ix":4},"sa":{"a":0,"k":0,"ix":5},"nm":"Transform"}],"nm":"Group 2","np":2,"cix":2,"bm":0,"ix":2,"mn":"ADBE Vector Group","hd":false}],"ip":0,"op":240,"st":0,"bm":0},{"ddd":0,"ind":30,"ty":4,"nm":"arm_1","sr":1,"ks":{"o":{"a":0,"k":100,"ix":11},"r":{"a":0,"k":0,"ix":10},"p":{"a":0,"k":[474.709,634.714,0],"ix":2},"a":{"a":0,"k":[426.419,630.856,0],"ix":1},"s":{"a":0,"k":[113,113,100],"ix":6}},"ao":0,"shapes":[{"ty":"gr","it":[{"ind":0,"ty":"sh","ix":1,"ks":{"a":0,"k":{"i":[[-0.667,28.296],[-22.667,-7.759],[-15.034,-3.272],[7.307,-12.314],[17.236,2.162]],"o":[[0.395,-16.757],[22.667,7.76],[6.854,1.491],[-7.799,13.142],[-17.236,-2.161]],"v":[[-81.393,-7.222],[-15.714,-19.779],[55.539,-10.984],[74.753,14.396],[-18.411,22.031]],"c":true},"ix":2},"nm":"Path 1","mn":"ADBE Vector Shape - Group","hd":false},{"ty":"fl","c":{"a":0,"k":[0.902000038297,0.752999997606,0.681999954523,1],"ix":4},"o":{"a":0,"k":100,"ix":5},"r":1,"bm":0,"nm":"Fill 1","mn":"ADBE Vector Graphic - Fill","hd":false},{"ty":"tr","p":{"a":0,"k":[428.942,630.667],"ix":2},"a":{"a":0,"k":[0,0],"ix":1},"s":{"a":0,"k":[100,100],"ix":3},"r":{"a":0,"k":0,"ix":6},"o":{"a":0,"k":100,"ix":7},"sk":{"a":0,"k":0,"ix":4},"sa":{"a":0,"k":0,"ix":5},"nm":"Transform"}],"nm":"Group 1","np":2,"cix":2,"bm":0,"ix":1,"mn":"ADBE Vector Group","hd":false}],"ip":0,"op":240,"st":0,"bm":0},{"ddd":0,"ind":31,"ty":4,"nm":"hand_1","sr":1,"ks":{"o":{"a":0,"k":100,"ix":11},"r":{"a":0,"k":0,"ix":10},"p":{"a":0,"k":[726.687,651.871,0],"ix":2},"a":{"a":0,"k":[684.365,691.615,0],"ix":1},"s":{"a":0,"k":[95,95,100],"ix":6}},"ao":0,"shapes":[{"ty":"gr","it":[{"ind":0,"ty":"sh","ix":1,"ks":{"a":0,"k":{"i":[[0,0],[-21.242,-3.669],[-3.418,-0.684],[-5,-1],[6,-1],[7,0],[12,0],[5,4],[1,3],[-6,1]],"o":[[4.513,-0.564],[3.609,0.623],[5,1],[13.337,2.667],[-6,1],[-7,0],[-12,0],[-5,-4],[-1,-3],[6,-1]],"v":[[-41,-14],[7.467,-7.623],[19,-7],[45,0],[53,9],[33,11],[19,15],[-39,11],[-56,1],[-53,-14]],"c":true},"ix":2},"nm":"Path 1","mn":"ADBE Vector Shape - Group","hd":false},{"ty":"fl","c":{"a":0,"k":[0.901960844152,0.752941236309,0.682352941176,1],"ix":4},"o":{"a":0,"k":100,"ix":5},"r":1,"bm":0,"nm":"Fill 1","mn":"ADBE Vector Graphic - Fill","hd":false},{"ty":"tr","p":{"a":0,"k":[684.622,691.337],"ix":2},"a":{"a":0,"k":[0,0],"ix":1},"s":{"a":0,"k":[100,100],"ix":3},"r":{"a":0,"k":0,"ix":6},"o":{"a":0,"k":100,"ix":7},"sk":{"a":0,"k":0,"ix":4},"sa":{"a":0,"k":0,"ix":5},"nm":"Transform"}],"nm":"Group 1","np":2,"cix":2,"bm":0,"ix":1,"mn":"ADBE Vector Group","hd":false}],"ip":0,"op":240,"st":0,"bm":0}],"markers":[]}