{"v":"5.6.3","fr":60,"ip":0,"op":180,"w":1100,"h":1100,"nm":"Torso Twist Stretch (Right)","ddd":0,"assets":[],"layers":[{"ddd":0,"ind":1,"ty":4,"nm":"hair","sr":1,"ks":{"o":{"a":0,"k":100,"ix":11},"r":{"a":0,"k":0,"ix":10},"p":{"a":0,"k":[375.978,363.195,0],"ix":2},"a":{"a":0,"k":[295.978,219.195,0],"ix":1},"s":{"a":0,"k":[100,100,100],"ix":6}},"ao":0,"shapes":[{"ty":"gr","it":[{"ind":0,"ty":"sh","ix":1,"ks":{"a":0,"k":{"i":[[0,0],[-0.278,0.762],[-0.132,0.793],[-1.343,0.201],[-0.199,0.367],[0.01,0.017],[-0.057,0.073],[-0.031,0.667],[-0.246,0.399],[-0.018,0.119],[-0.091,0.62],[-0.204,-0.28],[-0.165,0.231],[-0.395,0.163],[-0.231,0.333],[0,0],[-0.386,-0.312],[-1.296,0.659],[0,0],[-1.269,-0.139],[-1.142,0.563],[-0.788,-0.151],[-1.156,-0.215],[-1.545,0.187],[-10.442,-3.437],[1.07,-17.128],[3.011,-3.192],[0.695,-1.584],[0.584,-1.507],[1.571,1.624],[-0.817,0.347],[0.363,4.582],[3.699,1.156],[0.892,-4.51],[1.674,0.216],[2.662,3.625],[0.75,0.003],[5.191,6.688],[7.125,-0.562],[12.469,1.594],[0,0]],"o":[[-0.767,-1.509],[0.291,-0.799],[-0.145,0.872],[0.487,-0.073],[-0.014,-0.032],[0.055,-0.072],[0.343,-0.975],[0.461,0.158],[0.064,-0.106],[0.09,-0.619],[0.203,0.279],[0.165,-0.232],[0.069,0.378],[0.394,-0.162],[0,0],[0.291,0.388],[1.419,-0.382],[1.784,-0.905],[0,0],[1.269,0.139],[0.723,-0.356],[1.154,0.219],[1.534,0.285],[11.178,-1.353],[16.668,5.49],[-0.986,15.79],[-1.192,1.265],[-0.653,1.488],[-0.654,1.687],[-0.621,-0.642],[6.609,-2.813],[-0.292,-3.692],[-8.062,-2.521],[-0.586,2.963],[0.75,-4.387],[-3.1,-4.221],[-3.772,-0.016],[-4.875,-6.282],[-3.227,0.255],[-2.699,5.679],[0,0]],"v":[[-38.5,-20.539],[-42.077,-26.192],[-40.842,-28.765],[-39.452,-26.412],[-38.454,-27.122],[-38.492,-27.2],[-38.323,-27.42],[-38.151,-30.475],[-36.794,-30.618],[-36.693,-30.965],[-36.422,-32.823],[-35.813,-31.984],[-35.319,-32.678],[-34.29,-32.321],[-33.413,-33.168],[-32.75,-34.126],[-31.716,-33.086],[-27.454,-34.139],[-24.358,-38.179],[-18.836,-37.075],[-15.095,-37.733],[-12.827,-38.442],[-10.516,-39.371],[-6.533,-39.642],[20.895,-35.924],[41.285,1.651],[35.285,27.901],[33.046,33.592],[30.759,36.99],[27.029,39.371],[27.832,33.433],[36.129,15.714],[33.691,8.766],[20.849,17.964],[14.474,18.433],[12.504,1.37],[7.724,-7.161],[2.754,-19.067],[-12.434,-22.63],[-33.715,-19.349],[-40.035,-0.953]],"c":true},"ix":2},"nm":"Path 1","mn":"ADBE Vector Shape - Group","hd":false},{"ty":"fl","c":{"a":0,"k":[0.26699999641,0.172999991623,0.144999994016,1],"ix":4},"o":{"a":0,"k":100,"ix":5},"r":1,"bm":0,"nm":"Fill 1","mn":"ADBE Vector Graphic - Fill","hd":false},{"ty":"tr","p":{"a":0,"k":[296.312,219.292],"ix":2},"a":{"a":0,"k":[0,0],"ix":1},"s":{"a":0,"k":[100,100],"ix":3},"r":{"a":0,"k":0,"ix":6},"o":{"a":0,"k":100,"ix":7},"sk":{"a":0,"k":0,"ix":4},"sa":{"a":0,"k":0,"ix":5},"nm":"Transform"}],"nm":"Group 1","np":2,"cix":2,"bm":0,"ix":1,"mn":"ADBE Vector Group","hd":false},{"ty":"gr","it":[{"ind":0,"ty":"sh","ix":1,"ks":{"a":0,"k":{"i":[[-0.018,-0.028],[0.007,-0.008]],"o":[[-0.008,0.009],[-0.006,-0.057]],"v":[[0.013,0.002],[-0.008,0.028]],"c":true},"ix":2},"nm":"Path 1","mn":"ADBE Vector Shape - Group","hd":false},{"ty":"fl","c":{"a":0,"k":[0.26699999641,0.172999991623,0.144999994016,1],"ix":4},"o":{"a":0,"k":100,"ix":5},"r":1,"bm":0,"nm":"Fill 1","mn":"ADBE Vector Graphic - Fill","hd":false},{"ty":"tr","p":{"a":0,"k":[257.807,192.09],"ix":2},"a":{"a":0,"k":[0,0],"ix":1},"s":{"a":0,"k":[100,100],"ix":3},"r":{"a":0,"k":0,"ix":6},"o":{"a":0,"k":100,"ix":7},"sk":{"a":0,"k":0,"ix":4},"sa":{"a":0,"k":0,"ix":5},"nm":"Transform"}],"nm":"Group 2","np":2,"cix":2,"bm":0,"ix":2,"mn":"ADBE Vector Group","hd":false}],"ip":0,"op":180,"st":0,"bm":0},{"ddd":0,"ind":2,"ty":4,"nm":"head_shadow","sr":1,"ks":{"o":{"a":0,"k":100,"ix":11},"r":{"a":0,"k":0,"ix":10},"p":{"a":0,"k":[347.309,394.871,0],"ix":2},"a":{"a":0,"k":[267.309,250.871,0],"ix":1},"s":{"a":0,"k":[100,100,100],"ix":6}},"ao":0,"shapes":[{"ty":"gr","it":[{"ind":0,"ty":"sh","ix":1,"ks":{"a":0,"k":{"i":[[2.953,-6.328],[0,-1.125],[0,0],[0.266,-0.744],[-6.207,-0.291],[0,0],[3.246,-0.422],[-0.999,-1.265],[1.477,-0.703],[-0.422,-5.766],[-0.69,-2.142],[0,0],[-0.491,2.382],[-0.241,1.067],[-1.29,-0.883]],"o":[[-2.509,5.376],[0,1.125],[0,0],[-0.267,0.743],[6.189,0.291],[0,0],[-3.245,0.421],[0.999,1.266],[-1.476,0.703],[0.211,2.878],[-9.546,-5.439],[0.13,-7.166],[0.177,-0.86],[3.154,0.639],[1.846,1.266]],"v":[[-5.32,-18.235],[-10.102,-7.407],[-4.055,-3.188],[-4.477,3.984],[0.866,4.224],[13.102,6.796],[-3.634,7.781],[-6.178,10.874],[-2.298,12.843],[-3.493,23.812],[-2.103,31.22],[-13.102,-9.237],[-12.132,-28.266],[-11.502,-31.18],[-1.383,-30.337]],"c":true},"ix":2},"nm":"Path 1","mn":"ADBE Vector Shape - Group","hd":false},{"ty":"fl","c":{"a":0,"k":[0.804000016755,0.560999971278,0.458999992819,1],"ix":4},"o":{"a":0,"k":100,"ix":5},"r":1,"bm":0,"nm":"Fill 1","mn":"ADBE Vector Graphic - Fill","hd":false},{"ty":"tr","p":{"a":0,"k":[267.309,250.851],"ix":2},"a":{"a":0,"k":[0,0],"ix":1},"s":{"a":0,"k":[100,100],"ix":3},"r":{"a":0,"k":0,"ix":6},"o":{"a":0,"k":100,"ix":7},"sk":{"a":0,"k":0,"ix":4},"sa":{"a":0,"k":0,"ix":5},"nm":"Transform"}],"nm":"Group 1","np":2,"cix":2,"bm":0,"ix":1,"mn":"ADBE Vector Group","hd":false}],"ip":0,"op":180,"st":0,"bm":0},{"ddd":0,"ind":3,"ty":4,"nm":"head_skin","sr":1,"ks":{"o":{"a":0,"k":100,"ix":11},"r":{"a":0,"k":0,"ix":10},"p":{"a":0,"k":[374.344,379.994,0],"ix":2},"a":{"a":0,"k":[294.344,235.994,0],"ix":1},"s":{"a":0,"k":[100,100,100],"ix":6}},"ao":0,"shapes":[{"ty":"gr","it":[{"ind":0,"ty":"sh","ix":1,"ks":{"a":0,"k":{"i":[[0,0],[-4.175,-1.806],[2.398,-4.088],[6.765,-3.839],[3.461,2.902],[0,0],[0,0]],"o":[[0,0],[4.177,1.806],[-2.398,4.088],[-6.764,3.839],[-3.461,-2.901],[0,0],[0,0]],"v":[[-2.267,-11.592],[7.679,-14.752],[10.388,-0.674],[1.351,12.107],[-9.325,13.655],[-10.614,-2.044],[-3.78,-10.393]],"c":true},"ix":2},"nm":"Path 1","mn":"ADBE Vector Shape - Group","hd":false},{"ty":"fl","c":{"a":0,"k":[0.847000002394,0.607999973671,0.501999978458,1],"ix":4},"o":{"a":0,"k":100,"ix":5},"r":1,"bm":0,"nm":"Fill 1","mn":"ADBE Vector Graphic - Fill","hd":false},{"ty":"tr","p":{"a":0,"k":[322.793,240.617],"ix":2},"a":{"a":0,"k":[0,0],"ix":1},"s":{"a":0,"k":[100,100],"ix":3},"r":{"a":0,"k":0,"ix":6},"o":{"a":0,"k":100,"ix":7},"sk":{"a":0,"k":0,"ix":4},"sa":{"a":0,"k":0,"ix":5},"nm":"Transform"}],"nm":"Group 1","np":2,"cix":2,"bm":0,"ix":1,"mn":"ADBE Vector Group","hd":false},{"ty":"gr","it":[{"ind":0,"ty":"sh","ix":1,"ks":{"a":0,"k":{"i":[[5.293,-12.413],[0.516,-1.08],[2.783,-3.872],[8.238,-3.539],[9.889,1.515],[0,0],[-0.492,2.382],[-4.66,4.978],[-11.67,-0.062],[-2.024,-5.92]],"o":[[-0.461,1.096],[-2.273,4.742],[-1.441,2.015],[-9.179,3.944],[-8.37,-1.282],[0.13,-7.165],[1.332,-6.463],[7.615,-8.132],[16.27,0.087],[2.564,13.263]],"v":[[29.101,13.168],[27.636,16.433],[19.997,30.214],[4.092,39.462],[-25.482,45.522],[-36.481,5.066],[-35.51,-13.963],[-26.36,-38.724],[2.954,-46.975],[33.917,-26.151]],"c":true},"ix":2},"nm":"Path 1","mn":"ADBE Vector Shape - Group","hd":false},{"ty":"fl","c":{"a":0,"k":[0.847000002394,0.607999973671,0.501999978458,1],"ix":4},"o":{"a":0,"k":100,"ix":5},"r":1,"bm":0,"nm":"Fill 1","mn":"ADBE Vector Graphic - Fill","hd":false},{"ty":"tr","p":{"a":0,"k":[290.688,236.548],"ix":2},"a":{"a":0,"k":[0,0],"ix":1},"s":{"a":0,"k":[100,100],"ix":3},"r":{"a":0,"k":0,"ix":6},"o":{"a":0,"k":100,"ix":7},"sk":{"a":0,"k":0,"ix":4},"sa":{"a":0,"k":0,"ix":5},"nm":"Transform"}],"nm":"Group 2","np":2,"cix":2,"bm":0,"ix":2,"mn":"ADBE Vector Group","hd":false}],"ip":0,"op":180,"st":0,"bm":0},{"ddd":0,"ind":4,"ty":4,"nm":"neck_shadow","sr":1,"ks":{"o":{"a":0,"k":100,"ix":11},"r":{"a":0,"k":0,"ix":10},"p":{"a":0,"k":[378.674,432.178,0],"ix":2},"a":{"a":0,"k":[298.674,288.178,0],"ix":1},"s":{"a":0,"k":[100,100,100],"ix":6}},"ao":0,"shapes":[{"ty":"gr","it":[{"ind":0,"ty":"sh","ix":1,"ks":{"a":0,"k":{"i":[[0,0],[0,0],[0,0],[0,0],[0,0],[-2.622,-2.344],[0,0]],"o":[[0,0],[0,0],[0,0],[0,0],[0,0],[2.622,2.344],[0,0]],"v":[[2.982,9.047],[5.607,-6.891],[4.293,-10.828],[-4.057,-10.64],[-5.607,0.87],[-1.891,1.078],[0,10.828]],"c":true},"ix":2},"nm":"Path 1","mn":"ADBE Vector Shape - Group","hd":false},{"ty":"fl","c":{"a":0,"k":[0.804000016755,0.560999971278,0.458999992819,1],"ix":4},"o":{"a":0,"k":100,"ix":5},"r":1,"bm":0,"nm":"Fill 1","mn":"ADBE Vector Graphic - Fill","hd":false},{"ty":"tr","p":{"a":0,"k":[319.522,260.741],"ix":2},"a":{"a":0,"k":[0,0],"ix":1},"s":{"a":0,"k":[100,100],"ix":3},"r":{"a":0,"k":0,"ix":6},"o":{"a":0,"k":100,"ix":7},"sk":{"a":0,"k":0,"ix":4},"sa":{"a":0,"k":0,"ix":5},"nm":"Transform"}],"nm":"Group 1","np":2,"cix":2,"bm":0,"ix":1,"mn":"ADBE Vector Group","hd":false},{"ty":"gr","it":[{"ind":0,"ty":"sh","ix":1,"ks":{"a":0,"k":{"i":[[0,0],[0,0],[-3.093,7.031]],"o":[[0,0],[0,0],[3.094,-7.032]],"v":[[8.902,-28.964],[-9.56,28.964],[6.466,9.676]],"c":true},"ix":2},"nm":"Path 1","mn":"ADBE Vector Shape - Group","hd":false},{"ty":"fl","c":{"a":0,"k":[0.804000016755,0.560999971278,0.458999992819,1],"ix":4},"o":{"a":0,"k":100,"ix":5},"r":1,"bm":0,"nm":"Fill 1","mn":"ADBE Vector Graphic - Fill","hd":false},{"ty":"tr","p":{"a":0,"k":[314.439,287.628],"ix":2},"a":{"a":0,"k":[0,0],"ix":1},"s":{"a":0,"k":[100,100],"ix":3},"r":{"a":0,"k":0,"ix":6},"o":{"a":0,"k":100,"ix":7},"sk":{"a":0,"k":0,"ix":4},"sa":{"a":0,"k":0,"ix":5},"nm":"Transform"}],"nm":"Group 2","np":2,"cix":2,"bm":0,"ix":2,"mn":"ADBE Vector Group","hd":false},{"ty":"gr","it":[{"ind":0,"ty":"sh","ix":1,"ks":{"a":0,"k":{"i":[[0,0],[5.042,-2.25],[0,0],[-9.463,11.164]],"o":[[0,0],[-5.042,2.25],[0,0],[9.463,-11.164]],"v":[[4.033,-2.758],[-4.24,11.672],[-11.248,3.234],[1.786,-2.758]],"c":true},"ix":2},"nm":"Path 1","mn":"ADBE Vector Shape - Group","hd":false},{"ty":"fl","c":{"a":0,"k":[0.804000016755,0.560999971278,0.458999992819,1],"ix":4},"o":{"a":0,"k":100,"ix":5},"r":1,"bm":0,"nm":"Fill 1","mn":"ADBE Vector Graphic - Fill","hd":false},{"ty":"tr","p":{"a":0,"k":[294.193,314.46],"ix":2},"a":{"a":0,"k":[0,0],"ix":1},"s":{"a":0,"k":[100,100],"ix":3},"r":{"a":0,"k":0,"ix":6},"o":{"a":0,"k":100,"ix":7},"sk":{"a":0,"k":0,"ix":4},"sa":{"a":0,"k":0,"ix":5},"nm":"Transform"}],"nm":"Group 3","np":2,"cix":2,"bm":0,"ix":3,"mn":"ADBE Vector Group","hd":false},{"ty":"gr","it":[{"ind":0,"ty":"sh","ix":1,"ks":{"a":0,"k":{"i":[[0,0],[0,0],[-11.102,10.369],[0.153,2.298]],"o":[[0,0],[0,0],[11.104,-10.369],[-0.152,-2.297]],"v":[[-22.779,8.977],[-21.401,20.875],[9.458,4.611],[22.626,-18.578]],"c":true},"ix":2},"nm":"Path 1","mn":"ADBE Vector Shape - Group","hd":false},{"ty":"fl","c":{"a":0,"k":[0.804000016755,0.560999971278,0.458999992819,1],"ix":4},"o":{"a":0,"k":100,"ix":5},"r":1,"bm":0,"nm":"Fill 1","mn":"ADBE Vector Graphic - Fill","hd":false},{"ty":"tr","p":{"a":0,"k":[294.998,273.005],"ix":2},"a":{"a":0,"k":[0,0],"ix":1},"s":{"a":0,"k":[100,100],"ix":3},"r":{"a":0,"k":0,"ix":6},"o":{"a":0,"k":100,"ix":7},"sk":{"a":0,"k":0,"ix":4},"sa":{"a":0,"k":0,"ix":5},"nm":"Transform"}],"nm":"Group 4","np":2,"cix":2,"bm":0,"ix":4,"mn":"ADBE Vector Group","hd":false}],"ip":0,"op":180,"st":0,"bm":0},{"ddd":0,"ind":5,"ty":4,"nm":"neck_skin","sr":1,"ks":{"o":{"a":0,"k":100,"ix":11},"r":{"a":0,"k":0,"ix":10},"p":{"a":0,"k":[382.636,414.39,0],"ix":2},"a":{"a":0,"k":[302.636,270.39,0],"ix":1},"s":{"a":0,"k":[100,100,100],"ix":6}},"ao":0,"shapes":[{"ty":"gr","it":[{"ind":0,"ty":"sh","ix":1,"ks":{"a":0,"k":{"i":[[-0.566,-49.419],[-1.316,-7.478],[-13.902,8.093],[-0.578,7.782],[2.142,11.241],[-1.126,3.622],[2.038,2.247]],"o":[[0,0],[1.316,7.478],[13.9,-8.093],[0.13,-1.753],[-0.563,-2.953],[1.144,-3.68],[-7.655,-8.447]],"v":[[-31.397,8.952],[-25.604,44.616],[-3.005,46.369],[31.833,16.716],[22.147,1.188],[22.428,-12.492],[24.209,-46.015]],"c":true},"ix":2},"nm":"Path 1","mn":"ADBE Vector Shape - Group","hd":false},{"ty":"fl","c":{"a":0,"k":[0.847000002394,0.607999973671,0.501999978458,1],"ix":4},"o":{"a":0,"k":100,"ix":5},"r":1,"bm":0,"nm":"Fill 1","mn":"ADBE Vector Graphic - Fill","hd":false},{"ty":"tr","p":{"a":0,"k":[302.419,268.834],"ix":2},"a":{"a":0,"k":[0,0],"ix":1},"s":{"a":0,"k":[100,100],"ix":3},"r":{"a":0,"k":0,"ix":6},"o":{"a":0,"k":100,"ix":7},"sk":{"a":0,"k":0,"ix":4},"sa":{"a":0,"k":0,"ix":5},"nm":"Transform"}],"nm":"Group 1","np":2,"cix":2,"bm":0,"ix":1,"mn":"ADBE Vector Group","hd":false}],"ip":0,"op":180,"st":0,"bm":0},{"ddd":0,"ind":6,"ty":4,"nm":"hand_shadow","sr":1,"ks":{"o":{"a":0,"k":100,"ix":11},"r":{"a":0,"k":0,"ix":10},"p":{"a":0,"k":[320.121,563.834,0],"ix":2},"a":{"a":0,"k":[240.121,419.834,0],"ix":1},"s":{"a":0,"k":[100,100,100],"ix":6}},"ao":0,"shapes":[{"ty":"gr","it":[{"ind":0,"ty":"sh","ix":1,"ks":{"a":0,"k":{"i":[[-6.469,2.531],[3.327,-2.109],[0,0],[4.078,-0.985],[2.953,-0.422],[0,0],[-1.265,0.844],[-3.094,0.141],[-4.219,-0.14]],"o":[[0,0],[-3.328,2.109],[0,0],[-4.079,0.984],[-2.953,0.422],[0,0],[1.266,-0.844],[3.094,-0.14],[4.218,0.141]],"v":[[25.174,-9.211],[14.58,-4.289],[9.986,-1.055],[-3.513,0.633],[-17.576,4.008],[-25.174,8.367],[-21.514,8.367],[-13.076,4.148],[11.393,0.492]],"c":true},"ix":2},"nm":"Path 1","mn":"ADBE Vector Shape - Group","hd":false},{"ty":"fl","c":{"a":0,"k":[0.804000016755,0.560999971278,0.458999992819,1],"ix":4},"o":{"a":0,"k":100,"ix":5},"r":1,"bm":0,"nm":"Fill 1","mn":"ADBE Vector Graphic - Fill","hd":false},{"ty":"tr","p":{"a":0,"k":[244.267,425.202],"ix":2},"a":{"a":0,"k":[0,0],"ix":1},"s":{"a":0,"k":[100,100],"ix":3},"r":{"a":0,"k":0,"ix":6},"o":{"a":0,"k":100,"ix":7},"sk":{"a":0,"k":0,"ix":4},"sa":{"a":0,"k":0,"ix":5},"nm":"Transform"}],"nm":"Group 1","np":2,"cix":2,"bm":0,"ix":1,"mn":"ADBE Vector Group","hd":false},{"ty":"gr","it":[{"ind":0,"ty":"sh","ix":1,"ks":{"a":0,"k":{"i":[[-8.719,1.406],[4.171,-0.563],[1.687,-0.422],[4.64,-0.694],[2.672,-0.843],[0,0],[-3.375,0.422],[-2.25,0.703]],"o":[[0,0],[-4.172,0.562],[-1.688,0.422],[-4.641,0.694],[-2.672,0.844],[0,0],[3.375,-0.422],[2.25,-0.704]],"v":[[28.547,-9.422],[19.5,-8.156],[12.235,-2.953],[-6.187,0.572],[-25.031,6.187],[-28.547,9.422],[-14.344,4.078],[12.375,-1.406]],"c":true},"ix":2},"nm":"Path 1","mn":"ADBE Vector Shape - Group","hd":false},{"ty":"fl","c":{"a":0,"k":[0.804000016755,0.560999971278,0.458999992819,1],"ix":4},"o":{"a":0,"k":100,"ix":5},"r":1,"bm":0,"nm":"Fill 1","mn":"ADBE Vector Graphic - Fill","hd":false},{"ty":"tr","p":{"a":0,"k":[239.348,418.944],"ix":2},"a":{"a":0,"k":[0,0],"ix":1},"s":{"a":0,"k":[100,100],"ix":3},"r":{"a":0,"k":0,"ix":6},"o":{"a":0,"k":100,"ix":7},"sk":{"a":0,"k":0,"ix":4},"sa":{"a":0,"k":0,"ix":5},"nm":"Transform"}],"nm":"Group 2","np":2,"cix":2,"bm":0,"ix":2,"mn":"ADBE Vector Group","hd":false},{"ty":"gr","it":[{"ind":0,"ty":"sh","ix":1,"ks":{"a":0,"k":{"i":[[0,0],[2.672,-0.562],[6.328,-1.125],[0,0],[-4.5,0.981]],"o":[[0,0],[-2.672,0.563],[-6.329,1.125],[0,0],[4.5,-0.981]],"v":[[24.156,-7.259],[14.312,-3.181],[-7.203,1.46],[-24.156,7.259],[-3.266,-0.372]],"c":true},"ix":2},"nm":"Path 1","mn":"ADBE Vector Shape - Group","hd":false},{"ty":"fl","c":{"a":0,"k":[0.804000016755,0.560999971278,0.458999992819,1],"ix":4},"o":{"a":0,"k":100,"ix":5},"r":1,"bm":0,"nm":"Fill 1","mn":"ADBE Vector Graphic - Fill","hd":false},{"ty":"tr","p":{"a":0,"k":[237.692,412.984],"ix":2},"a":{"a":0,"k":[0,0],"ix":1},"s":{"a":0,"k":[100,100],"ix":3},"r":{"a":0,"k":0,"ix":6},"o":{"a":0,"k":100,"ix":7},"sk":{"a":0,"k":0,"ix":4},"sa":{"a":0,"k":0,"ix":5},"nm":"Transform"}],"nm":"Group 3","np":2,"cix":2,"bm":0,"ix":3,"mn":"ADBE Vector Group","hd":false}],"ip":0,"op":180,"st":0,"bm":0},{"ddd":0,"ind":7,"ty":4,"nm":"hand","sr":1,"ks":{"o":{"a":0,"k":100,"ix":11},"r":{"a":0,"k":0,"ix":10},"p":{"a":0,"k":[338.847,563.516,0],"ix":2},"a":{"a":0,"k":[258.847,419.516,0],"ix":1},"s":{"a":0,"k":[100,100,100],"ix":6}},"ao":0,"shapes":[{"ty":"gr","it":[{"ind":0,"ty":"sh","ix":1,"ks":{"a":0,"k":{"i":[[10.125,5.437],[9.937,0.937],[4.125,-1.594],[5.813,-2.062],[5.438,-1.875],[0,0],[0.187,-2.812],[0,0],[-3.563,-0.938],[0,0],[-5.812,0.895],[-7.037,-1.093],[-6.033,1.537],[-3.375,3.375]],"o":[[0,0],[-9.938,-0.937],[-4.125,1.594],[-5.812,2.063],[-5.437,1.875],[0,0],[-0.188,2.813],[0,0],[3.562,0.938],[0,0],[5.813,-0.896],[7.036,1.092],[9.938,-2.531],[3.375,-3.374]],"v":[[43.969,-16.552],[17.907,-17.302],[-3.094,-16.083],[-24.469,-9.24],[-40.594,-4.739],[-45.469,0.068],[-53.906,5.385],[-49.131,9.885],[-45.281,14.573],[-38.156,14.573],[-28.969,17.344],[-5.442,16.106],[24.75,13.354],[46.969,0.885]],"c":true},"ix":2},"nm":"Path 1","mn":"ADBE Vector Shape - Group","hd":false},{"ty":"fl","c":{"a":0,"k":[0.847000002394,0.607999973671,0.501999978458,1],"ix":4},"o":{"a":0,"k":100,"ix":5},"r":1,"bm":0,"nm":"Fill 1","mn":"ADBE Vector Graphic - Fill","hd":false},{"ty":"tr","p":{"a":0,"k":[260.535,419.652],"ix":2},"a":{"a":0,"k":[0,0],"ix":1},"s":{"a":0,"k":[100,100],"ix":3},"r":{"a":0,"k":0,"ix":6},"o":{"a":0,"k":100,"ix":7},"sk":{"a":0,"k":0,"ix":4},"sa":{"a":0,"k":0,"ix":5},"nm":"Transform"}],"nm":"Group 1","np":2,"cix":2,"bm":0,"ix":1,"mn":"ADBE Vector Group","hd":false}],"ip":0,"op":180,"st":0,"bm":0},{"ddd":0,"ind":8,"ty":4,"nm":"arm_shadow","sr":1,"ks":{"o":{"a":0,"k":100,"ix":11},"r":{"a":0,"k":0,"ix":10},"p":{"a":0,"k":[479.519,546.748,0],"ix":2},"a":{"a":0,"k":[399.519,402.748,0],"ix":1},"s":{"a":0,"k":[100,100,100],"ix":6}},"ao":0,"shapes":[{"ty":"gr","it":[{"ind":0,"ty":"sh","ix":1,"ks":{"a":0,"k":{"i":[[-6.469,0.012],[14.344,4.521],[0,0],[-7.604,-4.518],[0,0]],"o":[[0,0],[-14.344,-4.523],[0,0],[7.604,4.52],[0,0]],"v":[[22.922,2.682],[8.016,-5.181],[-22.922,-4.079],[8.287,-2.129],[20.953,9.704]],"c":true},"ix":2},"nm":"Path 1","mn":"ADBE Vector Shape - Group","hd":false},{"ty":"fl","c":{"a":0,"k":[0.804000016755,0.560999971278,0.458999992819,1],"ix":4},"o":{"a":0,"k":100,"ix":5},"r":1,"bm":0,"nm":"Fill 1","mn":"ADBE Vector Graphic - Fill","hd":false},{"ty":"tr","p":{"a":0,"k":[399.519,401.366],"ix":2},"a":{"a":0,"k":[0,0],"ix":1},"s":{"a":0,"k":[100,100],"ix":3},"r":{"a":0,"k":0,"ix":6},"o":{"a":0,"k":100,"ix":7},"sk":{"a":0,"k":0,"ix":4},"sa":{"a":0,"k":0,"ix":5},"nm":"Transform"}],"nm":"Group 1","np":2,"cix":2,"bm":0,"ix":1,"mn":"ADBE Vector Group","hd":false}],"ip":0,"op":180,"st":0,"bm":0},{"ddd":0,"ind":9,"ty":4,"nm":"arm","sr":1,"ks":{"o":{"a":0,"k":100,"ix":11},"r":{"a":0,"k":0,"ix":10},"p":{"a":0,"k":[469.512,508.518,0],"ix":2},"a":{"a":0,"k":[389.512,364.518,0],"ix":1},"s":{"a":0,"k":[100,100,100],"ix":6}},"ao":0,"shapes":[{"ty":"gr","it":[{"ind":0,"ty":"sh","ix":1,"ks":{"a":0,"k":{"i":[[-25.447,1.945],[-11.304,-23.506],[0,0],[0,-47.835],[5.354,-0.329],[5.485,8.16],[3.628,3.272]],"o":[[8.427,-0.645],[5.625,11.697],[0,0],[0,21.883],[-10.434,0.643],[-15.615,-23.232],[-13.093,-11.81]],"v":[[-22.084,-71.171],[20.25,-47.156],[23.344,-28.414],[47.531,33.844],[38.35,71.172],[-2.25,43.406],[-22.084,-5.528]],"c":true},"ix":2},"nm":"Path 1","mn":"ADBE Vector Shape - Group","hd":false},{"ty":"fl","c":{"a":0,"k":[0.847000002394,0.607999973671,0.501999978458,1],"ix":4},"o":{"a":0,"k":100,"ix":5},"r":1,"bm":0,"nm":"Fill 1","mn":"ADBE Vector Graphic - Fill","hd":false},{"ty":"tr","p":{"a":0,"k":[384.191,364.569],"ix":2},"a":{"a":0,"k":[0,0],"ix":1},"s":{"a":0,"k":[100,100],"ix":3},"r":{"a":0,"k":0,"ix":6},"o":{"a":0,"k":100,"ix":7},"sk":{"a":0,"k":0,"ix":4},"sa":{"a":0,"k":0,"ix":5},"nm":"Transform"}],"nm":"Group 1","np":2,"cix":2,"bm":0,"ix":1,"mn":"ADBE Vector Group","hd":false}],"ip":0,"op":180,"st":0,"bm":0},{"ddd":0,"ind":10,"ty":4,"nm":"forearm","sr":1,"ks":{"o":{"a":0,"k":100,"ix":11},"r":{"a":0,"k":0,"ix":10},"p":{"a":0,"k":[438.643,563.829,0],"ix":2},"a":{"a":0,"k":[358.643,419.829,0],"ix":1},"s":{"a":0,"k":[100,100,100],"ix":6}},"ao":0,"shapes":[{"ty":"gr","it":[{"ind":0,"ty":"sh","ix":1,"ks":{"a":0,"k":{"i":[[-8.376,-0.81],[-44.106,-12.301],[-9.724,1.469],[12.192,5.668],[8.667,-1.447],[7.027,-1.608]],"o":[[0,0],[23.984,6.689],[23.855,-3.601],[-12.19,-5.669],[-8.667,1.446],[-11.062,2.531]],"v":[[-65.785,5.03],[-5.75,18.927],[52.035,19.819],[53.333,-18.768],[21.618,-24.169],[-64.829,-16.87]],"c":true},"ix":2},"nm":"Path 1","mn":"ADBE Vector Shape - Group","hd":false},{"ty":"fl","c":{"a":0,"k":[0.847000002394,0.607999973671,0.501999978458,1],"ix":4},"o":{"a":0,"k":100,"ix":5},"r":1,"bm":0,"nm":"Fill 1","mn":"ADBE Vector Graphic - Fill","hd":false},{"ty":"tr","p":{"a":0,"k":[361.739,420.918],"ix":2},"a":{"a":0,"k":[0,0],"ix":1},"s":{"a":0,"k":[100,100],"ix":3},"r":{"a":0,"k":0,"ix":6},"o":{"a":0,"k":100,"ix":7},"sk":{"a":0,"k":0,"ix":4},"sa":{"a":0,"k":0,"ix":5},"nm":"Transform"}],"nm":"Group 1","np":2,"cix":2,"bm":0,"ix":1,"mn":"ADBE Vector Group","hd":false}],"ip":0,"op":180,"st":0,"bm":0},{"ddd":0,"ind":11,"ty":4,"nm":"thigh","sr":1,"ks":{"o":{"a":0,"k":100,"ix":11},"r":{"a":0,"k":0,"ix":10},"p":{"a":0,"k":[442.649,618.952,0],"ix":2},"a":{"a":0,"k":[362.649,474.952,0],"ix":1},"s":{"a":0,"k":[100,100,100],"ix":6}},"ao":0,"shapes":[{"ty":"gr","it":[{"ind":0,"ty":"sh","ix":1,"ks":{"a":0,"k":{"i":[[27.687,47.562],[-1.129,25.106],[-15.979,19.764],[-8.519,-1.754],[10.125,-50.521],[30.375,-35.037]],"o":[[0,0],[1.78,-39.544],[15.978,-19.761],[8.521,1.754],[-4.059,20.258],[-19.018,21.937]],"v":[[-61.067,61.021],[-66.966,16.171],[-20.639,-78.328],[47.13,-106.828],[57.97,-39.206],[7.345,53.86]],"c":true},"ix":2},"nm":"Path 1","mn":"ADBE Vector Shape - Group","hd":false},{"ty":"fl","c":{"a":0,"k":[0.156999999402,0.156999999402,0.156999999402,1],"ix":4},"o":{"a":0,"k":100,"ix":5},"r":1,"bm":0,"nm":"Fill 1","mn":"ADBE Vector Graphic - Fill","hd":false},{"ty":"tr","p":{"a":0,"k":[365.315,485.74],"ix":2},"a":{"a":0,"k":[0,0],"ix":1},"s":{"a":0,"k":[100,100],"ix":3},"r":{"a":0,"k":0,"ix":6},"o":{"a":0,"k":100,"ix":7},"sk":{"a":0,"k":0,"ix":4},"sa":{"a":0,"k":0,"ix":5},"nm":"Transform"}],"nm":"Group 1","np":2,"cix":2,"bm":0,"ix":1,"mn":"ADBE Vector Group","hd":false}],"ip":0,"op":180,"st":0,"bm":0},{"ddd":0,"ind":12,"ty":4,"nm":"shirt_shadow","sr":1,"ks":{"o":{"a":0,"k":100,"ix":11},"r":{"a":0,"k":0,"ix":10},"p":{"a":0,"k":[388.967,536.231,0],"ix":2},"a":{"a":0,"k":[308.967,392.231,0],"ix":1},"s":{"a":0,"k":[100,100,100],"ix":6}},"ao":0,"shapes":[{"ty":"gr","it":[{"ind":0,"ty":"sh","ix":1,"ks":{"a":0,"k":{"i":[[0,0],[6.065,6.907],[0,0],[-2.687,-5.765],[-4.593,3.235]],"o":[[0,0],[-6.066,-6.906],[0,0],[2.686,5.766],[4.594,-3.234]],"v":[[9.458,3.137],[0.43,-1.582],[-9.459,-19.731],[-6.072,1.871],[4.864,16.496]],"c":true},"ix":2},"nm":"Path 1","mn":"ADBE Vector Shape - Group","hd":false},{"ty":"fl","c":{"a":0,"k":[0.195999998205,0.226999993418,0.277999997606,1],"ix":4},"o":{"a":0,"k":100,"ix":5},"r":1,"bm":0,"nm":"Fill 1","mn":"ADBE Vector Graphic - Fill","hd":false},{"ty":"tr","p":{"a":0,"k":[249.389,407.651],"ix":2},"a":{"a":0,"k":[0,0],"ix":1},"s":{"a":0,"k":[100,100],"ix":3},"r":{"a":0,"k":0,"ix":6},"o":{"a":0,"k":100,"ix":7},"sk":{"a":0,"k":0,"ix":4},"sa":{"a":0,"k":0,"ix":5},"nm":"Transform"}],"nm":"Group 1","np":2,"cix":2,"bm":0,"ix":1,"mn":"ADBE Vector Group","hd":false},{"ty":"gr","it":[{"ind":0,"ty":"sh","ix":1,"ks":{"a":0,"k":{"i":[[0,0],[-0.237,-8.614],[7.74,-4.052],[6.003,0.375],[0,0],[-3.933,-2.765],[0,0],[0,0],[0,0],[0,0],[0,0]],"o":[[0.375,0.454],[0.235,8.614],[-7.741,4.051],[-6.003,-0.375],[0,0],[3.934,2.766],[0,0],[0,0],[0,0],[0,0],[0,0]],"v":[[16.073,-28.915],[19.213,-4.449],[9.213,12.811],[-21.799,16.165],[-38.573,-4.65],[-28.361,26.149],[19.227,26.149],[33.677,14.418],[38.573,6.04],[33.698,-10.46],[26.948,-20.314]],"c":true},"ix":2},"nm":"Path 1","mn":"ADBE Vector Shape - Group","hd":false},{"ty":"fl","c":{"a":0,"k":[0.195999998205,0.226999993418,0.277999997606,1],"ix":4},"o":{"a":0,"k":100,"ix":5},"r":1,"bm":0,"nm":"Fill 1","mn":"ADBE Vector Graphic - Fill","hd":false},{"ty":"tr","p":{"a":0,"k":[339.431,388.688],"ix":2},"a":{"a":0,"k":[0,0],"ix":1},"s":{"a":0,"k":[100,100],"ix":3},"r":{"a":0,"k":0,"ix":6},"o":{"a":0,"k":100,"ix":7},"sk":{"a":0,"k":0,"ix":4},"sa":{"a":0,"k":0,"ix":5},"nm":"Transform"}],"nm":"Group 2","np":2,"cix":2,"bm":0,"ix":2,"mn":"ADBE Vector Group","hd":false},{"ty":"gr","it":[{"ind":0,"ty":"sh","ix":1,"ks":{"a":0,"k":{"i":[[2.198,12.719],[0,-4.781],[10.032,-4.406],[0,0],[-3.094,2.812]],"o":[[0,0],[0,4.781],[-10.031,4.407],[0,0],[3.094,-2.813]],"v":[[15.276,-21.907],[19.547,-1.437],[1.172,17.499],[-19.546,19.322],[10.266,5.313]],"c":true},"ix":2},"nm":"Path 1","mn":"ADBE Vector Shape - Group","hd":false},{"ty":"fl","c":{"a":0,"k":[0.195999998205,0.226999993418,0.277999997606,1],"ix":4},"o":{"a":0,"k":100,"ix":5},"r":1,"bm":0,"nm":"Fill 1","mn":"ADBE Vector Graphic - Fill","hd":false},{"ty":"tr","p":{"a":0,"k":[272.219,400.63],"ix":2},"a":{"a":0,"k":[0,0],"ix":1},"s":{"a":0,"k":[100,100],"ix":3},"r":{"a":0,"k":0,"ix":6},"o":{"a":0,"k":100,"ix":7},"sk":{"a":0,"k":0,"ix":4},"sa":{"a":0,"k":0,"ix":5},"nm":"Transform"}],"nm":"Group 3","np":2,"cix":2,"bm":0,"ix":3,"mn":"ADBE Vector Group","hd":false}],"ip":0,"op":180,"st":0,"bm":0},{"ddd":0,"ind":13,"ty":4,"nm":"shirt","sr":1,"ks":{"o":{"a":0,"k":100,"ix":11},"r":{"a":0,"k":0,"ix":10},"p":{"a":0,"k":[395.466,518.888,0],"ix":2},"a":{"a":0,"k":[315.466,374.888,0],"ix":1},"s":{"a":0,"k":[100,100,100],"ix":6}},"ao":0,"shapes":[{"ty":"gr","it":[{"ind":0,"ty":"sh","ix":1,"ks":{"a":0,"k":{"i":[[-6.583,-6.79],[3.779,-14.41],[-2.81,-14.435],[-4.653,-4.228],[0,0],[3.104,-13.989],[8.423,0.281],[0,0],[1.687,18.929],[2.461,11.37],[-1.042,1.908],[-1.909,4.161],[0,0],[-3.094,-13.947],[-12.036,-1.969],[-3.648,6.484],[-2.787,12.469],[0,0]],"o":[[0,0],[-1.603,6.117],[2.812,14.434],[4.655,4.227],[0,0],[-3.105,13.988],[-8.422,-0.282],[0,0],[-0.409,-4.583],[-2.46,-11.37],[13.249,-24.263],[1.909,-4.16],[0,0],[2.43,10.955],[9.141,1.495],[3.649,-6.483],[2.721,-12.176],[0,0]],"v":[[42.042,-81.49],[32.913,-69.194],[32.538,-32.725],[52.82,-0.1],[76.64,20.635],[66.007,65.15],[0.668,75.858],[-48.837,90.087],[-63.649,56.992],[-72.274,32.525],[-75.598,-1.165],[-54.649,-70.132],[-44.073,-79.386],[-50.149,-44.35],[-25.139,-24.288],[7.903,-46.507],[21.366,-74.96],[22.205,-90.087]],"c":true},"ix":2},"nm":"Path 1","mn":"ADBE Vector Shape - Group","hd":false},{"ty":"fl","c":{"a":0,"k":[0.226999993418,0.263000009574,0.317999985639,1],"ix":4},"o":{"a":0,"k":100,"ix":5},"r":1,"bm":0,"nm":"Fill 1","mn":"ADBE Vector Graphic - Fill","hd":false},{"ty":"tr","p":{"a":0,"k":[315.091,374.888],"ix":2},"a":{"a":0,"k":[0,0],"ix":1},"s":{"a":0,"k":[100,100],"ix":3},"r":{"a":0,"k":0,"ix":6},"o":{"a":0,"k":100,"ix":7},"sk":{"a":0,"k":0,"ix":4},"sa":{"a":0,"k":0,"ix":5},"nm":"Transform"}],"nm":"Group 1","np":2,"cix":2,"bm":0,"ix":1,"mn":"ADBE Vector Group","hd":false}],"ip":0,"op":180,"st":0,"bm":0},{"ddd":0,"ind":14,"ty":4,"nm":"body_shadow","sr":1,"ks":{"o":{"a":0,"k":100,"ix":11},"r":{"a":0,"k":0,"ix":10},"p":{"a":0,"k":[392.836,484.409,0],"ix":2},"a":{"a":0,"k":[312.836,340.409,0],"ix":1},"s":{"a":0,"k":[100,100,100],"ix":6}},"ao":0,"shapes":[{"ty":"gr","it":[{"ind":0,"ty":"sh","ix":1,"ks":{"a":0,"k":{"i":[[7.206,-3.316],[0,0],[0,0],[0,0]],"o":[[0,0],[0,0],[0,0],[0,0]],"v":[[12.207,-4.476],[-19.413,10.076],[-9.214,-6.701],[16.581,-10.076]],"c":true},"ix":2},"nm":"Path 1","mn":"ADBE Vector Shape - Group","hd":false},{"ty":"fl","c":{"a":0,"k":[0.804000016755,0.560999971278,0.458999992819,1],"ix":4},"o":{"a":0,"k":100,"ix":5},"r":1,"bm":0,"nm":"Fill 1","mn":"ADBE Vector Graphic - Fill","hd":false},{"ty":"tr","p":{"a":0,"k":[322.048,310.191],"ix":2},"a":{"a":0,"k":[0,0],"ix":1},"s":{"a":0,"k":[100,100],"ix":3},"r":{"a":0,"k":0,"ix":6},"o":{"a":0,"k":100,"ix":7},"sk":{"a":0,"k":0,"ix":4},"sa":{"a":0,"k":0,"ix":5},"nm":"Transform"}],"nm":"Group 1","np":2,"cix":2,"bm":0,"ix":1,"mn":"ADBE Vector Group","hd":false},{"ty":"gr","it":[{"ind":0,"ty":"sh","ix":1,"ks":{"a":0,"k":{"i":[[-1.903,5.285],[-6.98,7.36],[0.072,-4.767],[0,0],[0,0]],"o":[[4.502,-12.498],[0.022,5.903],[-0.126,8.396],[0,0],[-2.769,-25.443]],"v":[[-8.228,-10.27],[12.355,-39.992],[11.772,-22.416],[-5.228,39.992],[-9.608,38.617]],"c":true},"ix":2},"nm":"Path 1","mn":"ADBE Vector Shape - Group","hd":false},{"ty":"fl","c":{"a":0,"k":[0.804000016755,0.560999971278,0.458999992819,1],"ix":4},"o":{"a":0,"k":100,"ix":5},"r":1,"bm":0,"nm":"Fill 1","mn":"ADBE Vector Graphic - Fill","hd":false},{"ty":"tr","p":{"a":0,"k":[249.357,342.682],"ix":2},"a":{"a":0,"k":[0,0],"ix":1},"s":{"a":0,"k":[100,100],"ix":3},"r":{"a":0,"k":0,"ix":6},"o":{"a":0,"k":100,"ix":7},"sk":{"a":0,"k":0,"ix":4},"sa":{"a":0,"k":0,"ix":5},"nm":"Transform"}],"nm":"Group 2","np":2,"cix":2,"bm":0,"ix":2,"mn":"ADBE Vector Group","hd":false},{"ty":"gr","it":[{"ind":0,"ty":"sh","ix":1,"ks":{"a":0,"k":{"i":[[-1.247,-7.773],[0,0],[0,0]],"o":[[0,0],[0,0],[0,0]],"v":[[2.783,-7.162],[6.328,14.934],[-6.328,12.707]],"c":true},"ix":2},"nm":"Path 1","mn":"ADBE Vector Shape - Group","hd":false},{"ty":"fl","c":{"a":0,"k":[0.804000016755,0.560999971278,0.458999992819,1],"ix":4},"o":{"a":0,"k":100,"ix":5},"r":1,"bm":0,"nm":"Fill 1","mn":"ADBE Vector Graphic - Fill","hd":false},{"ty":"tr","p":{"a":0,"k":[271.27,303.885],"ix":2},"a":{"a":0,"k":[0,0],"ix":1},"s":{"a":0,"k":[100,100],"ix":3},"r":{"a":0,"k":0,"ix":6},"o":{"a":0,"k":100,"ix":7},"sk":{"a":0,"k":0,"ix":4},"sa":{"a":0,"k":0,"ix":5},"nm":"Transform"}],"nm":"Group 3","np":2,"cix":2,"bm":0,"ix":3,"mn":"ADBE Vector Group","hd":false},{"ty":"gr","it":[{"ind":0,"ty":"sh","ix":1,"ks":{"a":0,"k":{"i":[[0,0],[0.077,-12.727],[-9.188,-2.062],[0,0],[0,0],[0,0],[0,0]],"o":[[0.375,0.75],[-0.078,12.728],[9.187,2.063],[0,0],[0,0],[0,0],[0,0]],"v":[[-15.389,-40.407],[-19.249,-0.447],[-2.076,38.343],[16.298,36.105],[19.327,19.407],[12.923,-0.468],[0.174,-16.595]],"c":true},"ix":2},"nm":"Path 1","mn":"ADBE Vector Shape - Group","hd":false},{"ty":"fl","c":{"a":0,"k":[0.804000016755,0.560999971278,0.458999992819,1],"ix":4},"o":{"a":0,"k":100,"ix":5},"r":1,"bm":0,"nm":"Fill 1","mn":"ADBE Vector Graphic - Fill","hd":false},{"ty":"tr","p":{"a":0,"k":[367.893,346.569],"ix":2},"a":{"a":0,"k":[0,0],"ix":1},"s":{"a":0,"k":[100,100],"ix":3},"r":{"a":0,"k":0,"ix":6},"o":{"a":0,"k":100,"ix":7},"sk":{"a":0,"k":0,"ix":4},"sa":{"a":0,"k":0,"ix":5},"nm":"Transform"}],"nm":"Group 4","np":2,"cix":2,"bm":0,"ix":4,"mn":"ADBE Vector Group","hd":false}],"ip":0,"op":180,"st":0,"bm":0},{"ddd":0,"ind":15,"ty":4,"nm":"body_skin","sr":1,"ks":{"o":{"a":0,"k":100,"ix":11},"r":{"a":0,"k":0,"ix":10},"p":{"a":0,"k":[392.835,507.059,0],"ix":2},"a":{"a":0,"k":[312.835,363.059,0],"ix":1},"s":{"a":0,"k":[100,100,100],"ix":6}},"ao":0,"shapes":[{"ty":"gr","it":[{"ind":0,"ty":"sh","ix":1,"ks":{"a":0,"k":{"i":[[15.719,-15.478],[5.177,-14.375],[-20.222,-54.992],[-1.974,2.004],[-3.213,28.116],[5.708,11.927],[11.828,-8.48]],"o":[[-7.338,7.226],[-3.196,8.871],[2.814,7.655],[1.973,-2.004],[3.212,-28.116],[-15.363,-32.099],[-12.359,8.861]],"v":[[-48.392,-61.726],[-71.079,-30.273],[-58.219,78.723],[51.603,71.352],[68.796,21.852],[72.733,-40.649],[-0.954,-77.898]],"c":true},"ix":2},"nm":"Path 1","mn":"ADBE Vector Shape - Group","hd":false},{"ty":"fl","c":{"a":0,"k":[0.847000002394,0.607999973671,0.501999978458,1],"ix":4},"o":{"a":0,"k":100,"ix":5},"r":1,"bm":0,"nm":"Fill 1","mn":"ADBE Vector Graphic - Fill","hd":false},{"ty":"tr","p":{"a":0,"k":[312.208,362.685],"ix":2},"a":{"a":0,"k":[0,0],"ix":1},"s":{"a":0,"k":[100,100],"ix":3},"r":{"a":0,"k":0,"ix":6},"o":{"a":0,"k":100,"ix":7},"sk":{"a":0,"k":0,"ix":4},"sa":{"a":0,"k":0,"ix":5},"nm":"Transform"}],"nm":"Group 1","np":2,"cix":2,"bm":0,"ix":1,"mn":"ADBE Vector Group","hd":false}],"ip":0,"op":180,"st":0,"bm":0},{"ddd":0,"ind":16,"ty":4,"nm":"arm_1","sr":1,"ks":{"o":{"a":0,"k":100,"ix":11},"r":{"a":0,"k":0,"ix":10},"p":{"a":0,"k":[329.993,536.505,0],"ix":2},"a":{"a":0,"k":[249.993,392.505,0],"ix":1},"s":{"a":0,"k":[100,100,100],"ix":6}},"ao":0,"shapes":[{"ty":"gr","it":[{"ind":0,"ty":"sh","ix":1,"ks":{"a":0,"k":{"i":[[1.085,13.473],[21.722,23.915],[6.662,-32.141],[0,0],[-7.411,-20.612],[-18.155,-3.23],[4.423,13.307]],"o":[[0,0],[-10.143,-11.166],[-5.2,25.082],[0,0],[7.413,20.612],[18.157,3.23],[-4.423,-13.308]],"v":[[14.101,-16.955],[19.445,-74.912],[-35.966,-43.392],[-34.837,0.764],[-33.712,62.92],[-10.368,82.848],[12.465,21.769]],"c":true},"ix":2},"nm":"Path 1","mn":"ADBE Vector Shape - Group","hd":false},{"ty":"fl","c":{"a":0,"k":[0.804000016755,0.560999971278,0.458999992819,1],"ix":4},"o":{"a":0,"k":100,"ix":5},"r":1,"bm":0,"nm":"Fill 1","mn":"ADBE Vector Graphic - Fill","hd":false},{"ty":"tr","p":{"a":0,"k":[255.06,390.618],"ix":2},"a":{"a":0,"k":[0,0],"ix":1},"s":{"a":0,"k":[100,100],"ix":3},"r":{"a":0,"k":0,"ix":6},"o":{"a":0,"k":100,"ix":7},"sk":{"a":0,"k":0,"ix":4},"sa":{"a":0,"k":0,"ix":5},"nm":"Transform"}],"nm":"Group 1","np":2,"cix":2,"bm":0,"ix":1,"mn":"ADBE Vector Group","hd":false}],"ip":0,"op":180,"st":0,"bm":0},{"ddd":0,"ind":17,"ty":4,"nm":"hand_1","sr":1,"ks":{"o":{"a":0,"k":100,"ix":11},"r":{"a":0,"k":0,"ix":10},"p":{"a":0,"k":[267.955,714.459,0],"ix":2},"a":{"a":0,"k":[187.955,570.459,0],"ix":1},"s":{"a":0,"k":[100,100,100],"ix":6}},"ao":0,"shapes":[{"ty":"gr","it":[{"ind":0,"ty":"sh","ix":1,"ks":{"a":0,"k":{"i":[[0.426,-2.249],[1.515,-1.97],[7.032,-1.473],[5.203,-1.828],[5.203,1.267],[-1.547,1.125],[0,0],[1.828,-0.564],[6.046,-0.282],[3.094,0.704],[0,0],[0.562,1.969],[-3.094,0.422],[-4.219,1.267],[-3.094,1.125],[-5.625,-1.125],[-3.094,-1.266]],"o":[[0,0],[-1.517,1.97],[-7.031,1.47],[-5.203,1.828],[-5.203,-1.266],[1.547,-1.125],[0,0],[-1.828,0.561],[-6.047,0.28],[-3.094,-0.704],[0,0],[-0.563,-1.967],[3.093,-0.422],[4.219,-1.264],[3.093,-1.125],[5.625,1.125],[3.094,1.267]],"v":[[39.373,-5.626],[37.796,-1.126],[24.185,10.341],[8.295,13.78],[-6.471,15.749],[-9.705,8.017],[2.81,5.344],[-5.768,4.642],[-18.986,6.469],[-32.346,7.313],[-36.002,5.305],[-39.236,0.561],[-29.111,-3.656],[-12.096,-8.72],[1.967,-12.376],[14.342,-15.892],[33.748,-12.798]],"c":true},"ix":2},"nm":"Path 1","mn":"ADBE Vector Shape - Group","hd":false},{"ty":"fl","c":{"a":0,"k":[0.804000016755,0.560999971278,0.458999992819,1],"ix":4},"o":{"a":0,"k":100,"ix":5},"r":1,"bm":0,"nm":"Fill 1","mn":"ADBE Vector Graphic - Fill","hd":false},{"ty":"tr","p":{"a":0,"k":[187.881,570.397],"ix":2},"a":{"a":0,"k":[0,0],"ix":1},"s":{"a":0,"k":[100,100],"ix":3},"r":{"a":0,"k":0,"ix":6},"o":{"a":0,"k":100,"ix":7},"sk":{"a":0,"k":0,"ix":4},"sa":{"a":0,"k":0,"ix":5},"nm":"Transform"}],"nm":"Group 1","np":2,"cix":2,"bm":0,"ix":1,"mn":"ADBE Vector Group","hd":false}],"ip":0,"op":180,"st":0,"bm":0},{"ddd":0,"ind":18,"ty":4,"nm":"forearm_1","sr":1,"ks":{"o":{"a":0,"k":100,"ix":11},"r":{"a":0,"k":0,"ix":10},"p":{"a":0,"k":[313.364,648.553,0],"ix":2},"a":{"a":0,"k":[233.364,504.553,0],"ix":1},"s":{"a":0,"k":[100,100,100],"ix":6}},"ao":0,"shapes":[{"ty":"gr","it":[{"ind":0,"ty":"sh","ix":1,"ks":{"a":0,"k":{"i":[[26.266,3.894],[7.635,-13.231],[-1.456,-36.192],[-1.513,-5.431],[-3.28,12.887],[-5.224,22.413]],"o":[[0,0],[-7.634,13.232],[1.086,26.981],[4.138,14.856],[2.175,-8.541],[5.504,-23.621]],"v":[[1.118,-64.958],[-17.478,-56.436],[-25.872,13.654],[-25.872,54.811],[-6.648,55.092],[12.113,5.029]],"c":true},"ix":2},"nm":"Path 1","mn":"ADBE Vector Shape - Group","hd":false},{"ty":"fl","c":{"a":0,"k":[0.804000016755,0.560999971278,0.458999992819,1],"ix":4},"o":{"a":0,"k":100,"ix":5},"r":1,"bm":0,"nm":"Fill 1","mn":"ADBE Vector Graphic - Fill","hd":false},{"ty":"tr","p":{"a":0,"k":[237.276,504.758],"ix":2},"a":{"a":0,"k":[0,0],"ix":1},"s":{"a":0,"k":[100,100],"ix":3},"r":{"a":0,"k":0,"ix":6},"o":{"a":0,"k":100,"ix":7},"sk":{"a":0,"k":0,"ix":4},"sa":{"a":0,"k":0,"ix":5},"nm":"Transform"}],"nm":"Group 1","np":2,"cix":2,"bm":0,"ix":1,"mn":"ADBE Vector Group","hd":false}],"ip":0,"op":180,"st":0,"bm":0},{"ddd":0,"ind":19,"ty":4,"nm":"lower_shirt","sr":1,"ks":{"o":{"a":0,"k":100,"ix":11},"r":{"a":0,"k":0,"ix":10},"p":{"a":0,"k":[403.809,597.334,0],"ix":2},"a":{"a":0,"k":[323.809,453.334,0],"ix":1},"s":{"a":0,"k":[100,100,100],"ix":6}},"ao":0,"shapes":[{"ty":"gr","it":[{"ind":0,"ty":"sh","ix":1,"ks":{"a":0,"k":{"i":[[0,0],[-4.351,-12.75],[-2.286,-6.036],[0,0],[-15.729,2.607],[0,0],[3.187,4.945],[2.516,6.805]],"o":[[0.319,0.562],[4.582,13.427],[1.197,3.162],[0,0],[15.886,-2.634],[0,0],[-3.188,-4.944],[-9.038,-24.442]],"v":[[-63.76,-0.315],[-58.074,29.502],[-53.873,47.001],[-53.49,58.509],[-26.665,48.238],[43.02,25.095],[55.082,2.424],[61.244,-34.068]],"c":true},"ix":2},"nm":"Path 1","mn":"ADBE Vector Shape - Group","hd":false},{"ty":"fl","c":{"a":0,"k":[0.226999993418,0.263000009574,0.317999985639,1],"ix":4},"o":{"a":0,"k":100,"ix":5},"r":1,"bm":0,"nm":"Fill 1","mn":"ADBE Vector Graphic - Fill","hd":false},{"ty":"tr","p":{"a":0,"k":[324.89,444.111],"ix":2},"a":{"a":0,"k":[0,0],"ix":1},"s":{"a":0,"k":[100,100],"ix":3},"r":{"a":0,"k":0,"ix":6},"o":{"a":0,"k":100,"ix":7},"sk":{"a":0,"k":0,"ix":4},"sa":{"a":0,"k":0,"ix":5},"nm":"Transform"}],"nm":"Group 1","np":2,"cix":2,"bm":0,"ix":1,"mn":"ADBE Vector Group","hd":false}],"ip":0,"op":180,"st":0,"bm":0},{"ddd":0,"ind":20,"ty":4,"nm":"foot_1","sr":1,"ks":{"o":{"a":0,"k":100,"ix":11},"r":{"a":0,"k":0,"ix":10},"p":{"a":0,"k":[763.737,722.724,0],"ix":2},"a":{"a":0,"k":[683.737,578.724,0],"ix":1},"s":{"a":0,"k":[100,100,100],"ix":6}},"ao":0,"shapes":[{"ty":"gr","it":[{"ind":0,"ty":"sh","ix":1,"ks":{"a":0,"k":{"i":[[0,0],[9.281,-18],[3.094,-4.421],[6.187,-2.018],[2.107,-2.617],[0,0],[1.406,-12.939],[2.78,-3.706],[0,0],[-2.25,-1.348],[0,0],[3.163,12.253],[-5.062,13.976],[-1.639,11.632]],"o":[[0,0],[-9.282,18],[-3.093,4.422],[-6.188,2.02],[-2.106,2.615],[0,0],[-1.406,12.936],[-5.906,7.875],[0,0],[2.25,1.351],[0,0],[-2.25,-8.719],[2.897,-7.996],[2.813,-19.969]],"v":[[25.893,-71.887],[14.325,-51.602],[1.463,-14.273],[-9.019,4.316],[-23.363,7.461],[-15.433,12.951],[-19.613,27.617],[-19.988,51.336],[-8.411,58.431],[7.012,68.773],[9.706,69.868],[6.45,59.633],[12.918,8.672],[13.762,-38.664]],"c":true},"ix":2},"nm":"Path 1","mn":"ADBE Vector Shape - Group","hd":false},{"ty":"fl","c":{"a":0,"k":[0.067000003889,0.067000003889,0.067000003889,1],"ix":4},"o":{"a":0,"k":100,"ix":5},"r":1,"bm":0,"nm":"Fill 1","mn":"ADBE Vector Graphic - Fill","hd":false},{"ty":"tr","p":{"a":0,"k":[682.616,579.671],"ix":2},"a":{"a":0,"k":[0,0],"ix":1},"s":{"a":0,"k":[100,100],"ix":3},"r":{"a":0,"k":0,"ix":6},"o":{"a":0,"k":100,"ix":7},"sk":{"a":0,"k":0,"ix":4},"sa":{"a":0,"k":0,"ix":5},"nm":"Transform"}],"nm":"Group 1","np":2,"cix":2,"bm":0,"ix":1,"mn":"ADBE Vector Group","hd":false}],"ip":0,"op":180,"st":0,"bm":0},{"ddd":0,"ind":21,"ty":4,"nm":"sole_1","sr":1,"ks":{"o":{"a":0,"k":100,"ix":11},"r":{"a":0,"k":0,"ix":10},"p":{"a":0,"k":[793.069,723.593,0],"ix":2},"a":{"a":0,"k":[713.069,579.593,0],"ix":1},"s":{"a":0,"k":[100,100,100],"ix":6}},"ao":0,"shapes":[{"ty":"gr","it":[{"ind":0,"ty":"sh","ix":1,"ks":{"a":0,"k":{"i":[[-8.156,14.709],[-0.562,3.375],[-2.72,3.365],[-6.187,0.28],[-3.656,-6.47],[3.938,-25.52],[0.562,-10.406],[14.062,-6.779],[2.813,9.842]],"o":[[0,0],[0.563,-3.375],[2.72,-3.363],[6.187,-0.281],[3.656,6.469],[-3.937,25.523],[-0.563,10.408],[-14.063,6.782],[-2.812,-9.844]],"v":[[-19.969,7.397],[-18.563,-39.939],[-6.884,-69.37],[0.281,-75.094],[18,-62.719],[24.187,-20.742],[13.5,19.967],[-1.125,68.593],[-23.344,63]],"c":true},"ix":2},"nm":"Path 1","mn":"ADBE Vector Shape - Group","hd":false},{"ty":"fl","c":{"a":0,"k":[0.54900004069,0.54900004069,0.54900004069,1],"ix":4},"o":{"a":0,"k":100,"ix":5},"r":1,"bm":0,"nm":"Fill 1","mn":"ADBE Vector Graphic - Fill","hd":false},{"ty":"tr","p":{"a":0,"k":[713.254,580.945],"ix":2},"a":{"a":0,"k":[0,0],"ix":1},"s":{"a":0,"k":[100,100],"ix":3},"r":{"a":0,"k":0,"ix":6},"o":{"a":0,"k":100,"ix":7},"sk":{"a":0,"k":0,"ix":4},"sa":{"a":0,"k":0,"ix":5},"nm":"Transform"}],"nm":"Group 1","np":2,"cix":2,"bm":0,"ix":1,"mn":"ADBE Vector Group","hd":false}],"ip":0,"op":180,"st":0,"bm":0},{"ddd":0,"ind":22,"ty":4,"nm":"calf_1","sr":1,"ks":{"o":{"a":0,"k":100,"ix":11},"r":{"a":0,"k":0,"ix":10},"p":{"a":0,"k":[652.911,734.896,0],"ix":2},"a":{"a":0,"k":[572.911,590.896,0],"ix":1},"s":{"a":0,"k":[100,100,100],"ix":6}},"ao":0,"shapes":[{"ty":"gr","it":[{"ind":0,"ty":"sh","ix":1,"ks":{"a":0,"k":{"i":[[0,0],[1.733,14.315],[0,0],[-41.444,-14.487],[-15.686,-7.805],[0,0],[-0.742,-12.725],[0,0],[26.987,1.527],[17.009,9.282]],"o":[[-0.914,-0.61],[-3.089,-25.526],[0,0],[14.151,4.947],[13.781,6.86],[0,0],[0.742,12.727],[0,0],[-29.812,-1.688],[-25.45,-13.89]],"v":[[-59.964,3.508],[-76.845,-12.622],[-35.941,-36.104],[10.466,-28.158],[46.747,-12.762],[79.934,-0.019],[72.622,20.988],[78.528,42.646],[24.059,40.676],[-34.066,26.801]],"c":true},"ix":2},"nm":"Path 1","mn":"ADBE Vector Shape - Group","hd":false},{"ty":"fl","c":{"a":0,"k":[0.156999999402,0.156999999402,0.156999999402,1],"ix":4},"o":{"a":0,"k":100,"ix":5},"r":1,"bm":0,"nm":"Fill 1","mn":"ADBE Vector Graphic - Fill","hd":false},{"ty":"tr","p":{"a":0,"k":[571.444,588.362],"ix":2},"a":{"a":0,"k":[0,0],"ix":1},"s":{"a":0,"k":[100,100],"ix":3},"r":{"a":0,"k":0,"ix":6},"o":{"a":0,"k":100,"ix":7},"sk":{"a":0,"k":0,"ix":4},"sa":{"a":0,"k":0,"ix":5},"nm":"Transform"}],"nm":"Group 1","np":2,"cix":2,"bm":0,"ix":1,"mn":"ADBE Vector Group","hd":false}],"ip":0,"op":180,"st":0,"bm":0},{"ddd":0,"ind":23,"ty":4,"nm":"calf_skin_1","sr":1,"ks":{"o":{"a":0,"k":100,"ix":11},"r":{"a":0,"k":0,"ix":10},"p":{"a":0,"k":[745.049,756.931,0],"ix":2},"a":{"a":0,"k":[665.049,612.931,0],"ix":1},"s":{"a":0,"k":[100,100,100],"ix":6}},"ao":0,"shapes":[{"ty":"gr","it":[{"ind":0,"ty":"sh","ix":1,"ks":{"a":0,"k":{"i":[[0,0],[-7.583,-1.319],[-17.25,-1.713],[7.04,3.259],[0,0]],"o":[[0,0],[7.584,1.321],[14.181,1.407],[-30.375,-14.064],[0,0]],"v":[[-43.237,-29.259],[-25.507,-27.44],[29.056,-17.287],[17.243,26],[-40.016,15.81]],"c":true},"ix":2},"nm":"Path 1","mn":"ADBE Vector Shape - Group","hd":false},{"ty":"fl","c":{"a":0,"k":[0.847000002394,0.607999973671,0.501999978458,1],"ix":4},"o":{"a":0,"k":100,"ix":5},"r":1,"bm":0,"nm":"Fill 1","mn":"ADBE Vector Graphic - Fill","hd":false},{"ty":"tr","p":{"a":0,"k":[669.573,614.476],"ix":2},"a":{"a":0,"k":[0,0],"ix":1},"s":{"a":0,"k":[100,100],"ix":3},"r":{"a":0,"k":0,"ix":6},"o":{"a":0,"k":100,"ix":7},"sk":{"a":0,"k":0,"ix":4},"sa":{"a":0,"k":0,"ix":5},"nm":"Transform"}],"nm":"Group 1","np":2,"cix":2,"bm":0,"ix":1,"mn":"ADBE Vector Group","hd":false}],"ip":0,"op":180,"st":0,"bm":0},{"ddd":0,"ind":24,"ty":4,"nm":"hips","sr":1,"ks":{"o":{"a":0,"k":100,"ix":11},"r":{"a":0,"k":0,"ix":10},"p":{"a":0,"k":[448.729,687.128,0],"ix":2},"a":{"a":0,"k":[368.729,543.128,0],"ix":1},"s":{"a":0,"k":[100,100,100],"ix":6}},"ao":0,"shapes":[{"ty":"gr","it":[{"ind":0,"ty":"sh","ix":1,"ks":{"a":0,"k":{"i":[[0,0],[0,0],[0,0]],"o":[[0,0],[0,0],[0,0]],"v":[[6.3,-7.039],[-3.888,7.039],[-6.3,-3.901]],"c":true},"ix":2},"nm":"Path 1","mn":"ADBE Vector Shape - Group","hd":false},{"ty":"fl","c":{"a":0,"k":[0.105999995213,0.105999995213,0.105999995213,1],"ix":4},"o":{"a":0,"k":100,"ix":5},"r":1,"bm":0,"nm":"Fill 1","mn":"ADBE Vector Graphic - Fill","hd":false},{"ty":"tr","p":{"a":0,"k":[293.028,499.186],"ix":2},"a":{"a":0,"k":[0,0],"ix":1},"s":{"a":0,"k":[100,100],"ix":3},"r":{"a":0,"k":0,"ix":6},"o":{"a":0,"k":100,"ix":7},"sk":{"a":0,"k":0,"ix":4},"sa":{"a":0,"k":0,"ix":5},"nm":"Transform"}],"nm":"Group 1","np":2,"cix":2,"bm":0,"ix":1,"mn":"ADBE Vector Group","hd":false},{"ty":"gr","it":[{"ind":0,"ty":"sh","ix":1,"ks":{"a":0,"k":{"i":[[-18.905,-10.163],[13.336,-10.956],[-3.367,-13.854],[0,0],[4.894,2.306],[0,0],[13.007,0.525],[0,0],[-3.73,10.359],[0,0],[0,0],[0,0]],"o":[[0,0],[-13.335,10.956],[6.188,25.454],[0,0],[-4.895,-2.306],[0,0],[-13.006,-0.526],[0,0],[3.729,-10.36],[0,0],[0,0],[0,0]],"v":[[48.336,-42.145],[14.281,-34.889],[-1.469,13.626],[22.577,52.036],[9.391,47.445],[-0.391,41.939],[-25.75,51.783],[-48.336,47.217],[-39.745,31.955],[-36.016,6.949],[-38.266,-33.443],[0,-49.796]],"c":true},"ix":2},"nm":"Path 1","mn":"ADBE Vector Shape - Group","hd":false},{"ty":"fl","c":{"a":0,"k":[0.105999995213,0.105999995213,0.105999995213,1],"ix":4},"o":{"a":0,"k":100,"ix":5},"r":1,"bm":0,"nm":"Fill 1","mn":"ADBE Vector Graphic - Fill","hd":false},{"ty":"tr","p":{"a":0,"k":[402.394,542.146],"ix":2},"a":{"a":0,"k":[0,0],"ix":1},"s":{"a":0,"k":[100,100],"ix":3},"r":{"a":0,"k":0,"ix":6},"o":{"a":0,"k":100,"ix":7},"sk":{"a":0,"k":0,"ix":4},"sa":{"a":0,"k":0,"ix":5},"nm":"Transform"}],"nm":"Group 2","np":2,"cix":2,"bm":0,"ix":2,"mn":"ADBE Vector Group","hd":false}],"ip":0,"op":180,"st":0,"bm":0},{"ddd":0,"ind":25,"ty":4,"nm":"hips_1","sr":1,"ks":{"o":{"a":0,"k":100,"ix":11},"r":{"a":0,"k":0,"ix":10},"p":{"a":0,"k":[421.456,679.835,0],"ix":2},"a":{"a":0,"k":[341.456,535.835,0],"ix":1},"s":{"a":0,"k":[100,100,100],"ix":6}},"ao":0,"shapes":[{"ty":"gr","it":[{"ind":0,"ty":"sh","ix":1,"ks":{"a":0,"k":{"i":[[38.64,-14.212],[0.054,-15.697],[-20.243,-21.266],[-9.959,-0.292],[0,0],[-15.022,3.357],[-2.839,15.003],[0,0]],"o":[[0,0],[-0.053,15.696],[20.243,21.267],[9.96,0.293],[0,0],[15.023,-3.356],[2.838,-15.003],[0,0]],"v":[[-65.32,-50.151],[-70.466,-23.966],[-53.66,43.097],[-5.157,62.187],[12.883,55.263],[43.012,58.577],[71.065,30.93],[46.436,-56.618]],"c":true},"ix":2},"nm":"Path 1","mn":"ADBE Vector Shape - Group","hd":false},{"ty":"fl","c":{"a":0,"k":[0.156999999402,0.156999999402,0.156999999402,1],"ix":4},"o":{"a":0,"k":100,"ix":5},"r":1,"bm":0,"nm":"Fill 1","mn":"ADBE Vector Graphic - Fill","hd":false},{"ty":"tr","p":{"a":0,"k":[341.175,534.1],"ix":2},"a":{"a":0,"k":[0,0],"ix":1},"s":{"a":0,"k":[100,100],"ix":3},"r":{"a":0,"k":0,"ix":6},"o":{"a":0,"k":100,"ix":7},"sk":{"a":0,"k":0,"ix":4},"sa":{"a":0,"k":0,"ix":5},"nm":"Transform"}],"nm":"Group 1","np":2,"cix":2,"bm":0,"ix":1,"mn":"ADBE Vector Group","hd":false}],"ip":0,"op":180,"st":0,"bm":0},{"ddd":0,"ind":26,"ty":4,"nm":"thigh_1","sr":1,"ks":{"o":{"a":0,"k":100,"ix":11},"r":{"a":0,"k":0,"ix":10},"p":{"a":0,"k":[543.655,688.768,0],"ix":2},"a":{"a":0,"k":[463.655,544.768,0],"ix":1},"s":{"a":0,"k":[100,100,100],"ix":6}},"ao":0,"shapes":[{"ty":"gr","it":[{"ind":0,"ty":"sh","ix":1,"ks":{"a":0,"k":{"i":[[-40.399,9.839],[-27.281,-16.594],[-12.672,-9.448],[0.724,-19.2],[12.751,0.373],[33.247,32.118]],"o":[[0,0],[23.033,14.01],[12.672,9.447],[-0.533,14.083],[-12.75,-0.374],[-33.246,-32.119]],"v":[[-50.535,-57.403],[3.746,-44.184],[66.184,-12.965],[95.151,30.864],[47.059,41.597],[-62.629,28.66]],"c":true},"ix":2},"nm":"Path 1","mn":"ADBE Vector Shape - Group","hd":false},{"ty":"fl","c":{"a":0,"k":[0.156999999402,0.156999999402,0.156999999402,1],"ix":4},"o":{"a":0,"k":100,"ix":5},"r":1,"bm":0,"nm":"Fill 1","mn":"ADBE Vector Graphic - Fill","hd":false},{"ty":"tr","p":{"a":0,"k":[458.352,550.034],"ix":2},"a":{"a":0,"k":[0,0],"ix":1},"s":{"a":0,"k":[100,100],"ix":3},"r":{"a":0,"k":0,"ix":6},"o":{"a":0,"k":100,"ix":7},"sk":{"a":0,"k":0,"ix":4},"sa":{"a":0,"k":0,"ix":5},"nm":"Transform"}],"nm":"Group 1","np":2,"cix":2,"bm":0,"ix":1,"mn":"ADBE Vector Group","hd":false}],"ip":0,"op":180,"st":0,"bm":0},{"ddd":0,"ind":27,"ty":4,"nm":"foot","sr":1,"ks":{"o":{"a":0,"k":100,"ix":11},"r":{"a":0,"k":0,"ix":10},"p":{"a":0,"k":[650.46,693.093,0],"ix":2},"a":{"a":0,"k":[570.46,549.093,0],"ix":1},"s":{"a":0,"k":[100,100,100],"ix":6}},"ao":0,"shapes":[{"ty":"gr","it":[{"ind":0,"ty":"sh","ix":1,"ks":{"a":0,"k":{"i":[[-3.055,1.989],[-4.168,7.354],[-4.048,-2.917],[0,0],[-3.305,-1.263],[-6.07,-4.177],[-2.386,-6.366],[2.782,-2.602],[1.446,-0.717],[12.474,3.152],[10.816,1.399],[9.528,0.491],[0.967,8.235],[0,0],[-10.455,-2.5]],"o":[[3.42,-2.226],[2.198,-3.877],[4.047,2.917],[0,0],[3.304,1.263],[6.07,4.176],[3.479,9.281],[-1.248,1.168],[-4.449,2.205],[-12.475,-3.149],[-10.814,-1.4],[-9.527,-0.493],[-0.966,-8.238],[0,0],[10.456,2.5]],"v":[[-32.723,-11.719],[-30.736,-29.142],[-18.477,-32.301],[-2.612,-16.353],[15.423,-6.268],[45.467,2.7],[56.717,14.845],[51.341,18.772],[50.271,28.073],[16.408,32.066],[-13.244,23.844],[-44.03,21.469],[-58.922,3.456],[-60.196,-16.604],[-47.082,-8.357]],"c":true},"ix":2},"nm":"Path 1","mn":"ADBE Vector Shape - Group","hd":false},{"ty":"fl","c":{"a":0,"k":[0.016000001571,0.016000001571,0.016000001571,1],"ix":4},"o":{"a":0,"k":100,"ix":5},"r":1,"bm":0,"nm":"Fill 1","mn":"ADBE Vector Graphic - Fill","hd":false},{"ty":"tr","p":{"a":0,"k":[571.676,549.37],"ix":2},"a":{"a":0,"k":[0,0],"ix":1},"s":{"a":0,"k":[100,100],"ix":3},"r":{"a":0,"k":0,"ix":6},"o":{"a":0,"k":100,"ix":7},"sk":{"a":0,"k":0,"ix":4},"sa":{"a":0,"k":0,"ix":5},"nm":"Transform"}],"nm":"Group 1","np":2,"cix":2,"bm":0,"ix":1,"mn":"ADBE Vector Group","hd":false}],"ip":0,"op":180,"st":0,"bm":0},{"ddd":0,"ind":28,"ty":4,"nm":"calf","sr":1,"ks":{"o":{"a":0,"k":100,"ix":11},"r":{"a":0,"k":0,"ix":10},"p":{"a":0,"k":[532.535,594.81,0],"ix":2},"a":{"a":0,"k":[452.535,450.81,0],"ix":1},"s":{"a":0,"k":[100,100,100],"ix":6}},"ao":0,"shapes":[{"ty":"gr","it":[{"ind":0,"ty":"sh","ix":1,"ks":{"a":0,"k":{"i":[[-0.034,11.584],[-11.247,3.326],[-7.096,-5.122],[-12.219,-19.089],[0,0],[9.334,-7.278],[0,0],[28.392,19.517],[3.537,7.37]],"o":[[0.008,-2.667],[11.246,-3.327],[14.493,10.464],[18.121,28.309],[0,0],[-8.535,6.655],[0,0],[-27.943,-19.209],[-3.537,-7.371]],"v":[[-62.272,-40.241],[-55.922,-65.824],[-30.155,-70.31],[10.517,-24.5],[67.169,50.552],[56.201,68.777],[36.232,74.965],[-14.112,44.871],[-50.259,-10.857]],"c":true},"ix":2},"nm":"Path 1","mn":"ADBE Vector Shape - Group","hd":false},{"ty":"fl","c":{"a":0,"k":[0.105999995213,0.105999995213,0.105999995213,1],"ix":4},"o":{"a":0,"k":100,"ix":5},"r":1,"bm":0,"nm":"Fill 1","mn":"ADBE Vector Graphic - Fill","hd":false},{"ty":"tr","p":{"a":0,"k":[450.616,449.448],"ix":2},"a":{"a":0,"k":[0,0],"ix":1},"s":{"a":0,"k":[100,100],"ix":3},"r":{"a":0,"k":0,"ix":6},"o":{"a":0,"k":100,"ix":7},"sk":{"a":0,"k":0,"ix":4},"sa":{"a":0,"k":0,"ix":5},"nm":"Transform"}],"nm":"Group 1","np":2,"cix":2,"bm":0,"ix":1,"mn":"ADBE Vector Group","hd":false}],"ip":0,"op":180,"st":0,"bm":0},{"ddd":0,"ind":29,"ty":4,"nm":"calf_skin","sr":1,"ks":{"o":{"a":0,"k":100,"ix":11},"r":{"a":0,"k":0,"ix":10},"p":{"a":0,"k":[592.886,657.861,0],"ix":2},"a":{"a":0,"k":[512.886,513.861,0],"ix":1},"s":{"a":0,"k":[100,100,100],"ix":6}},"ao":0,"shapes":[{"ty":"gr","it":[{"ind":0,"ty":"sh","ix":1,"ks":{"a":0,"k":{"i":[[-29.29,-5.417],[-10.351,-7.109],[6.737,-6.645],[5.521,4.311],[15.674,12.604]],"o":[[0,0],[9.297,6.383],[-6.735,6.645],[-5.798,-4.526],[-5.583,-4.489]],"v":[[-8.696,-30.86],[22.371,-0.011],[31.249,22.935],[12.405,31.967],[-25.705,4.372]],"c":true},"ix":2},"nm":"Path 1","mn":"ADBE Vector Shape - Group","hd":false},{"ty":"fl","c":{"a":0,"k":[0.847000002394,0.607999973671,0.501999978458,1],"ix":4},"o":{"a":0,"k":100,"ix":5},"r":1,"bm":0,"nm":"Fill 1","mn":"ADBE Vector Graphic - Fill","hd":false},{"ty":"tr","p":{"a":0,"k":[511.146,512.901],"ix":2},"a":{"a":0,"k":[0,0],"ix":1},"s":{"a":0,"k":[100,100],"ix":3},"r":{"a":0,"k":0,"ix":6},"o":{"a":0,"k":100,"ix":7},"sk":{"a":0,"k":0,"ix":4},"sa":{"a":0,"k":0,"ix":5},"nm":"Transform"}],"nm":"Group 1","np":2,"cix":2,"bm":0,"ix":1,"mn":"ADBE Vector Group","hd":false}],"ip":0,"op":180,"st":0,"bm":0},{"ddd":0,"ind":30,"ty":4,"nm":"sole","sr":1,"ks":{"o":{"a":0,"k":100,"ix":11},"r":{"a":0,"k":0,"ix":10},"p":{"a":0,"k":[654.817,718.272,0],"ix":2},"a":{"a":0,"k":[574.817,574.272,0],"ix":1},"s":{"a":0,"k":[100,100,100],"ix":6}},"ao":0,"shapes":[{"ty":"gr","it":[{"ind":0,"ty":"sh","ix":1,"ks":{"a":0,"k":{"i":[[0,0],[0,0],[0.263,-1.925],[8.766,-4.314],[10.448,1.308],[9.073,0.974],[4.805,-0.44],[1.464,3.495],[-4.798,-0.681]],"o":[[0,0],[0,0],[-0.264,1.926],[-8.765,4.311],[-10.451,-1.311],[-9.072,-0.972],[-4.805,0.441],[-3.393,-8.101],[4.73,0.674]],"v":[[50.68,-11.856],[54.991,-8.112],[56.257,-6.191],[47.839,9.495],[16.361,13.444],[-13.238,4.248],[-38.935,2.896],[-53.212,-2.922],[-50.167,-14.07]],"c":true},"ix":2},"nm":"Path 1","mn":"ADBE Vector Shape - Group","hd":false},{"ty":"fl","c":{"a":0,"k":[0.54900004069,0.54900004069,0.54900004069,1],"ix":4},"o":{"a":0,"k":100,"ix":5},"r":1,"bm":0,"nm":"Fill 1","mn":"ADBE Vector Graphic - Fill","hd":false},{"ty":"tr","p":{"a":0,"k":[574.176,574.353],"ix":2},"a":{"a":0,"k":[0,0],"ix":1},"s":{"a":0,"k":[100,100],"ix":3},"r":{"a":0,"k":0,"ix":6},"o":{"a":0,"k":100,"ix":7},"sk":{"a":0,"k":0,"ix":4},"sa":{"a":0,"k":0,"ix":5},"nm":"Transform"}],"nm":"Group 1","np":2,"cix":2,"bm":0,"ix":1,"mn":"ADBE Vector Group","hd":false}],"ip":0,"op":180,"st":0,"bm":0}],"markers":[]}