{"v":"5.6.3","fr":60,"ip":0,"op":180,"w":1100,"h":1100,"nm":"Deficit Push-Up","ddd":0,"assets":[],"layers":[{"ddd":0,"ind":1,"ty":4,"nm":"head","parent":5,"sr":1,"ks":{"o":{"a":0,"k":100,"ix":11},"r":{"a":0,"k":0,"ix":10},"p":{"a":0,"k":[846.267,395.834,0],"ix":2},"a":{"a":0,"k":[846.267,395.834,0],"ix":1},"s":{"a":0,"k":[100,100,100],"ix":6}},"ao":0,"shapes":[{"ty":"gr","it":[{"ty":"gr","it":[{"ind":0,"ty":"sh","ix":1,"ks":{"a":0,"k":{"i":[[-1.473,0.319],[1.123,-0.075],[-0.928,0.907],[0.33,0.262],[-0.582,1.063],[0.231,1.457],[0.231,0.549],[-1.377,1.111],[0.413,0.12],[-0.141,1.629],[0.699,0.937],[-0.333,0.802],[0.752,0.826],[0.949,2.323],[0.729,2.942],[0.695,1.6],[3.95,2.264],[0.511,0.83],[0.877,0.545],[-0.204,1.18],[11.884,-4.541],[0.186,-0.386],[-0.124,0.36],[4.983,-5.713],[5.053,-3.388],[-1.39,1.336],[-4.129,-4.024],[8.592,-8.291],[-10.181,2.918],[-11.78,-8.624],[-2.699,-4.434],[-5.472,-1.401],[-5.123,2.25],[-1.719,1.102]],"o":[[-1.088,0.045],[0.705,-1.111],[-0.409,-0.253],[-1.016,-0.806],[0.582,-1.064],[-0.104,-0.654],[-0.67,-1.589],[-0.41,-0.12],[0.421,-1.574],[-1.137,0.117],[0.511,-0.7],[-0.949,-0.581],[-1.663,-1.828],[-1.158,-2.836],[-0.412,-1.662],[-1.759,-4.044],[-0.745,-0.428],[-0.51,-0.83],[-0.876,-0.545],[-10.555,-7.735],[-0.745,0.284],[-0.187,0.388],[-6.361,2.391],[-8.597,9.857],[0.5,-0.335],[9.19,-8.829],[2.654,2.587],[3.101,3.518],[4.25,-1.219],[6.364,4.659],[3.292,5.407],[5.548,1.422],[1.593,-0.7],[0.994,-0.636]],"v":[[52.784,31.179],[49.416,31.582],[51.878,28.573],[50.642,27.44],[50.542,25.014],[52.846,21.32],[51.523,19.898],[52.122,15.756],[50.884,15.39],[51.727,10.61],[49.006,9.42],[50.266,7.182],[47.753,5.052],[43.423,-0.818],[41.622,-9.674],[39.878,-14.464],[32.321,-24.398],[30.317,-25.711],[28.94,-29.114],[26.139,-31.421],[-7.008,-35.833],[-7.782,-35.13],[-7.174,-34.889],[-30.575,-21.442],[-53.077,-2.699],[-49.212,-0.942],[-27.591,-7.955],[-35.579,10.924],[-17.556,16.801],[11.079,16.68],[18.451,29.431],[28.055,38.952],[43.82,36.567],[48.083,34.2]],"c":true},"ix":2},"nm":"Path 1","mn":"ADBE Vector Shape - Group","hd":false},{"ty":"fl","c":{"a":0,"k":[0.266999989748,0.172999992967,0.144999995828,1],"ix":4},"o":{"a":0,"k":100,"ix":5},"r":1,"bm":0,"nm":"Fill 1","mn":"ADBE Vector Graphic - Fill","hd":false},{"ty":"tr","p":{"a":0,"k":[711.107,139.699],"ix":2},"a":{"a":0,"k":[0,0],"ix":1},"s":{"a":0,"k":[100,100],"ix":3},"r":{"a":0,"k":0,"ix":6},"o":{"a":0,"k":100,"ix":7},"sk":{"a":0,"k":0,"ix":4},"sa":{"a":0,"k":0,"ix":5},"nm":"Transform"}],"nm":"Group 1","np":2,"cix":2,"bm":0,"ix":1,"mn":"ADBE Vector Group","hd":false},{"ty":"tr","p":{"a":0,"k":[847.044,373.227],"ix":2},"a":{"a":0,"k":[711.001,140.211],"ix":1},"s":{"a":0,"k":[148,148],"ix":3},"r":{"a":0,"k":0,"ix":6},"o":{"a":0,"k":100,"ix":7},"sk":{"a":0,"k":0,"ix":4},"sa":{"a":0,"k":0,"ix":5},"nm":"Transform"}],"nm":"hair","np":1,"cix":2,"bm":0,"ix":1,"mn":"ADBE Vector Group","hd":false},{"ty":"gr","it":[{"ty":"gr","it":[{"ind":0,"ty":"sh","ix":1,"ks":{"a":0,"k":{"i":[[4.71,-13.699],[1.067,-0.76],[2.536,-3.13],[1.105,-9.566],[-2.839,-10.426],[-1.272,-2.287],[-3.007,0.506],[-4.304,1.171],[-0.041,-0.101],[-2.193,0.325],[0,0],[-2.248,0.977],[-2.392,1.229],[-3.812,6.315],[3.873,12.014],[7.002,0.29]],"o":[[-1.023,0.808],[-4.038,2.877],[-1.694,2.092],[-1.233,10.662],[0.679,2.497],[1.544,2.776],[4.407,-0.742],[0.894,-0.227],[2.396,5.908],[0,0],[2.08,-1.268],[2.466,-1.072],[6.489,-3.335],[6.23,-10.32],[-5.4,-16.75],[-15.046,1.381]],"v":[[-27.24,-27.106],[-33.202,-23.243],[-42.259,-15.128],[-47.808,-0.029],[-45.931,32.847],[-43.53,40.257],[-36.624,43.129],[-23.373,40.707],[-13.752,38.072],[-8.535,45.244],[7.942,30.921],[15.049,28.032],[22.344,24.593],[37.683,10.812],[45.167,-25.085],[13.682,-45.569]],"c":true},"ix":2},"nm":"Path 1","mn":"ADBE Vector Shape - Group","hd":false},{"ty":"fl","c":{"a":0,"k":[0.847000002861,0.60799998045,0.501999974251,1],"ix":4},"o":{"a":0,"k":100,"ix":5},"r":1,"bm":0,"nm":"Fill 1","mn":"ADBE Vector Graphic - Fill","hd":false},{"ty":"tr","p":{"a":0,"k":[705.485,164.463],"ix":2},"a":{"a":0,"k":[0,0],"ix":1},"s":{"a":0,"k":[100,100],"ix":3},"r":{"a":0,"k":0,"ix":6},"o":{"a":0,"k":100,"ix":7},"sk":{"a":0,"k":0,"ix":4},"sa":{"a":0,"k":0,"ix":5},"nm":"Transform"}],"nm":"Group 1","np":2,"cix":2,"bm":0,"ix":1,"mn":"ADBE Vector Group","hd":false},{"ty":"gr","it":[{"ind":0,"ty":"sh","ix":1,"ks":{"a":0,"k":{"i":[[-5.18,2.957],[2.837,3.994],[2.17,-0.045],[2.133,-1.864],[1.106,-1.036],[-5.012,-3.088]],"o":[[5.169,-2.951],[-1.62,-2.282],[-3.225,0.067],[-1.839,1.606],[-3.813,3.575],[6.12,-1.855]],"v":[[9.299,3.394],[11.886,-8.219],[5.854,-10.222],[-2.503,-5.812],[-8.053,0.273],[-9.711,10.502]],"c":true},"ix":2},"nm":"Path 1","mn":"ADBE Vector Shape - Group","hd":false},{"ty":"fl","c":{"a":0,"k":[0.847000002861,0.60799998045,0.501999974251,1],"ix":4},"o":{"a":0,"k":100,"ix":5},"r":1,"bm":0,"nm":"Fill 1","mn":"ADBE Vector Graphic - Fill","hd":false},{"ty":"tr","p":{"a":0,"k":[671.631,139.964],"ix":2},"a":{"a":0,"k":[0,0],"ix":1},"s":{"a":0,"k":[100,100],"ix":3},"r":{"a":0,"k":0,"ix":6},"o":{"a":0,"k":100,"ix":7},"sk":{"a":0,"k":0,"ix":4},"sa":{"a":0,"k":0,"ix":5},"nm":"Transform"}],"nm":"Group 2","np":2,"cix":2,"bm":0,"ix":2,"mn":"ADBE Vector Group","hd":false},{"ty":"tr","p":{"a":0,"k":[837.404,408.909],"ix":2},"a":{"a":0,"k":[704.488,164.32],"ix":1},"s":{"a":0,"k":[148,148],"ix":3},"r":{"a":0,"k":0,"ix":6},"o":{"a":0,"k":100,"ix":7},"sk":{"a":0,"k":0,"ix":4},"sa":{"a":0,"k":0,"ix":5},"nm":"Transform"}],"nm":"head_skin","np":2,"cix":2,"bm":0,"ix":2,"mn":"ADBE Vector Group","hd":false}],"ip":0,"op":180,"st":0,"bm":0},{"ddd":0,"ind":2,"ty":4,"nm":"arm","parent":6,"sr":1,"ks":{"o":{"a":0,"k":100,"ix":11},"r":{"a":1,"k":[{"i":{"x":[0.702],"y":[0.658]},"o":{"x":[0.377],"y":[0.001]},"t":9,"s":[0]},{"i":{"x":[0.68],"y":[0.727]},"o":{"x":[0.351],"y":[0.126]},"t":16,"s":[4.325]},{"i":{"x":[0.634],"y":[0.662]},"o":{"x":[0.329],"y":[0.338]},"t":20,"s":[12.21]},{"i":{"x":[0.404],"y":[1]},"o":{"x":[0.164],"y":[0.565]},"t":30,"s":[28.588]},{"i":{"x":[0.707],"y":[0.373]},"o":{"x":[0.378],"y":[0]},"t":90,"s":[55]},{"i":{"x":[0.71],"y":[0.554]},"o":{"x":[0.385],"y":[0.145]},"t":103,"s":[51.179]},{"i":{"x":[0.693],"y":[0.558]},"o":{"x":[0.383],"y":[0.304]},"t":115,"s":[43.014]},{"i":{"x":[0.608],"y":[1]},"o":{"x":[0.305],"y":[0.377]},"t":129,"s":[24.543]},{"t":145,"s":[0]}],"ix":10},"p":{"a":1,"k":[{"i":{"x":0.236,"y":1},"o":{"x":0.263,"y":0.003},"t":9,"s":[617.687,441.284,0],"to":[0.39,1.286,0],"ti":[0,0,0]},{"i":{"x":0.667,"y":1},"o":{"x":0.555,"y":0},"t":90,"s":[620.027,448.999,0],"to":[0,0,0],"ti":[0.39,1.286,0]},{"t":145,"s":[617.687,441.284,0]}],"ix":2},"a":{"a":0,"k":[556.03,186.195,0],"ix":1},"s":{"a":0,"k":[148,148,100],"ix":6}},"ao":0,"shapes":[{"ty":"gr","it":[{"ind":0,"ty":"sh","ix":1,"ks":{"a":0,"k":{"i":[[-9.255,6.583],[4.875,-21.475],[6.029,-5.583],[4.685,-10.451],[5.047,-8.276],[4.714,-6.556],[5.833,-5.338],[3.836,-1.859],[5.269,1.547],[2.895,3.6],[-1.631,7.015],[-2.123,7.381],[-2.847,7.259],[-4.815,7.066],[-1.424,3.683],[-0.841,4.465],[-2.265,4.316]],"o":[[32.396,-19.675],[-0.275,8.548],[-10.783,9.987],[-4.033,8.996],[-3.983,6.53],[-4.457,6.201],[-3.028,2.772],[-4.687,2.271],[-4.367,-1.283],[-4.926,-6.126],[1.738,-7.472],[2.135,-7.428],[3.236,-8.251],[2.203,-3.232],[1.428,-3.694],[0.844,-4.481],[6.607,-12.59]],"v":[[-2.701,-65.204],[53.093,-29.012],[41.407,-3.168],[23.061,14.382],[11.056,38.652],[-1.498,57.201],[-18.194,75.204],[-25.808,81.246],[-42.462,83.332],[-53.042,75.913],[-56.237,54.246],[-50.394,35.118],[-43.058,12.938],[-30.465,-10.63],[-26.775,-17.89],[-24.569,-31.007],[-20.058,-44.449]],"c":true},"ix":2},"nm":"Path 1","mn":"ADBE Vector Shape - Group","hd":false},{"ty":"fl","c":{"a":0,"k":[0.847000002394,0.607999973671,0.501999978458,1],"ix":4},"o":{"a":0,"k":100,"ix":5},"r":1,"bm":0,"nm":"Fill 1","mn":"ADBE Vector Graphic - Fill","hd":false},{"ty":"tr","p":{"a":0,"k":[539.587,217.57],"ix":2},"a":{"a":0,"k":[0,0],"ix":1},"s":{"a":0,"k":[100,100],"ix":3},"r":{"a":0,"k":0,"ix":6},"o":{"a":0,"k":100,"ix":7},"sk":{"a":0,"k":0,"ix":4},"sa":{"a":0,"k":0,"ix":5},"nm":"Transform"}],"nm":"Group 1","np":2,"cix":2,"bm":0,"ix":1,"mn":"ADBE Vector Group","hd":false},{"ty":"gr","it":[{"ind":0,"ty":"sh","ix":1,"ks":{"a":0,"k":{"i":[[14.361,15.114],[15.113,-14.362],[-14.362,-15.114],[-15.114,14.361]],"o":[[-14.361,-15.113],[-15.114,14.36],[14.361,15.113],[15.114,-14.36]],"v":[[27.367,-26.003],[-26.003,-27.365],[-27.366,26.004],[26.003,27.366]],"c":true},"ix":2},"nm":"Path 1","mn":"ADBE Vector Shape - Group","hd":false},{"ty":"fl","c":{"a":0,"k":[0.847000002394,0.607999973671,0.501999978458,1],"ix":4},"o":{"a":0,"k":100,"ix":5},"r":1,"bm":0,"nm":"Fill 1","mn":"ADBE Vector Graphic - Fill","hd":false},{"ty":"tr","p":{"a":0,"k":[555.405,186.128],"ix":2},"a":{"a":0,"k":[0,0],"ix":1},"s":{"a":0,"k":[100,100],"ix":3},"r":{"a":0,"k":0,"ix":6},"o":{"a":0,"k":100,"ix":7},"sk":{"a":0,"k":0,"ix":4},"sa":{"a":0,"k":0,"ix":5},"nm":"Transform"}],"nm":"Group 2","np":2,"cix":2,"bm":0,"ix":2,"mn":"ADBE Vector Group","hd":false}],"ip":0,"op":180,"st":0,"bm":0},{"ddd":0,"ind":3,"ty":4,"nm":"hand","sr":1,"ks":{"o":{"a":0,"k":100,"ix":11},"r":{"a":0,"k":0,"ix":10},"p":{"a":0,"k":[502.88,741.369,0],"ix":2},"a":{"a":0,"k":[502.88,741.369,0],"ix":1},"s":{"a":0,"k":[100,100,100],"ix":6}},"ao":0,"shapes":[{"ty":"gr","it":[{"ty":"gr","it":[{"ind":0,"ty":"sh","ix":1,"ks":{"a":0,"k":{"i":[[2.063,8.023],[0.179,0.302],[0.018,0.384],[-0.091,0.058],[-0.074,0.226],[0.005,0.118],[0.005,0.144],[0.04,0.123],[0.594,0.926],[3.306,2.104],[3.151,2.005],[2.343,-0.289],[2.137,-0.052],[1.087,-0.217],[2.24,-0.42],[3.068,-4.116],[-2.576,-5.026],[-0.809,-1.12],[-2.094,-0.343],[-2.618,-0.261],[-2.522,0.003],[-0.472,-0.141],[-0.441,-0.287],[-2.973,-0.847],[-1.412,0.384],[-0.539,0.356],[-0.286,0.738],[-0.836,-0.758],[-3.081,-0.434],[-1.269,1.681]],"o":[[-0.144,-0.321],[-0.169,-0.284],[0.011,0.237],[0.204,-0.129],[0.037,-0.112],[-0.005,-0.144],[-0.005,-0.129],[-0.34,-1.033],[-0.714,-1.112],[-3.151,-2.005],[-1.992,-1.268],[-2.117,0.262],[-1.092,0.026],[-2.234,0.445],[-4.645,0.87],[-3.364,4.51],[0.628,1.227],[1.334,1.84],[2.625,0.43],[2.49,0.249],[0.493,-0.001],[0.505,0.151],[2.593,1.684],[1.406,0.402],[0.624,-0.169],[0.646,-0.427],[0.247,-0.636],[2.306,2.09],[2.072,0.292],[0.971,0.73]],"v":[[34.482,11.282],[34.12,10.267],[33.613,9.479],[34.689,9.306],[35.497,8.596],[35.525,8.244],[35.509,7.812],[35.459,7.43],[33.376,4.429],[14.372,-10.701],[4.921,-16.717],[-1.621,-19.016],[-7.596,-17.822],[-10.763,-17.374],[-17.515,-16.259],[-32.805,-10.281],[-33.969,4.957],[-31.74,8.44],[-24.115,11.419],[-16.258,11.844],[-8.711,12.017],[-7.245,12.158],[-5.855,12.898],[2.557,16.724],[6.878,17.043],[8.624,16.219],[10.201,14.456],[11.197,13.824],[19.13,18.329],[24.667,15.602]],"c":true},"ix":2},"nm":"Path 1","mn":"ADBE Vector Shape - Group","hd":false},{"ty":"fl","c":{"a":0,"k":[0.847000002861,0.60799998045,0.501999974251,1],"ix":4},"o":{"a":0,"k":100,"ix":5},"r":1,"bm":0,"nm":"Fill 1","mn":"ADBE Vector Graphic - Fill","hd":false},{"ty":"tr","p":{"a":0,"k":[478.52,389.299],"ix":2},"a":{"a":0,"k":[0,0],"ix":1},"s":{"a":0,"k":[100,100],"ix":3},"r":{"a":0,"k":0,"ix":6},"o":{"a":0,"k":100,"ix":7},"sk":{"a":0,"k":0,"ix":4},"sa":{"a":0,"k":0,"ix":5},"nm":"Transform"}],"nm":"Group 1","np":2,"cix":2,"bm":0,"ix":1,"mn":"ADBE Vector Group","hd":false},{"ty":"tr","p":{"a":0,"k":[502.88,741.369],"ix":2},"a":{"a":0,"k":[478.458,388.956],"ix":1},"s":{"a":0,"k":[148,148],"ix":3},"r":{"a":0,"k":0,"ix":6},"o":{"a":0,"k":100,"ix":7},"sk":{"a":0,"k":0,"ix":4},"sa":{"a":0,"k":0,"ix":5},"nm":"Transform"}],"nm":"hand","np":1,"cix":2,"bm":0,"ix":1,"mn":"ADBE Vector Group","hd":false},{"ty":"gr","it":[{"ty":"gr","it":[{"ind":0,"ty":"sh","ix":1,"ks":{"a":0,"k":{"i":[[0.923,-0.519],[0.228,-0.499],[0.118,-0.303],[0.308,-0.351],[0.524,-0.174],[1.196,0.021],[4.454,0.935],[0.265,0.058],[1.123,0.669],[-0.11,2.419],[-3.438,1.07],[-4.356,0.519],[-4.125,-1.407],[-4.136,-1.238],[-0.813,-0.381],[0.385,-0.781],[0.742,-0.456],[1.896,-0.169],[2.615,0.004],[0.976,-0.305]],"o":[[-0.478,0.269],[-0.135,0.295],[-0.168,0.434],[-0.35,0.398],[-1.136,0.377],[-4.55,-0.082],[-0.266,-0.057],[-1.275,-0.283],[-2.081,-1.238],[0.188,-4.1],[4.183,-1.303],[4.384,-0.523],[4.099,1.397],[1.652,0.495],[0.813,0.38],[-0.384,0.781],[-1.621,0.996],[-2.606,0.234],[-1.066,-0.001],[-0.991,0.312]],"v":[[3.789,5.242],[2.62,6.359],[2.323,7.286],[1.534,8.429],[-0.449,9.299],[-4.001,9.666],[-17.548,8.135],[-18.342,7.963],[-22.03,6.684],[-25.313,0.594],[-18.379,-6.292],[-5.565,-9.164],[7.276,-7.244],[19.539,-3.088],[24.609,-2.1],[24.577,0.413],[22.78,2.261],[17.319,3.733],[9.478,3.921],[6.819,4.437]],"c":true},"ix":2},"nm":"Path 1","mn":"ADBE Vector Shape - Group","hd":false},{"ty":"fl","c":{"a":0,"k":[0.808000028133,0.545000016689,0.455000013113,1],"ix":4},"o":{"a":0,"k":100,"ix":5},"r":1,"bm":0,"nm":"Fill 1","mn":"ADBE Vector Graphic - Fill","hd":false},{"ty":"tr","p":{"a":0,"k":[488.593,386.907],"ix":2},"a":{"a":0,"k":[0,0],"ix":1},"s":{"a":0,"k":[100,100],"ix":3},"r":{"a":0,"k":0,"ix":6},"o":{"a":0,"k":100,"ix":7},"sk":{"a":0,"k":0,"ix":4},"sa":{"a":0,"k":0,"ix":5},"nm":"Transform"}],"nm":"Group 1","np":2,"cix":2,"bm":0,"ix":1,"mn":"ADBE Vector Group","hd":false},{"ty":"tr","p":{"a":0,"k":[517.689,738.611],"ix":2},"a":{"a":0,"k":[488.464,387.092],"ix":1},"s":{"a":0,"k":[148,148],"ix":3},"r":{"a":0,"k":0,"ix":6},"o":{"a":0,"k":100,"ix":7},"sk":{"a":0,"k":0,"ix":4},"sa":{"a":0,"k":0,"ix":5},"nm":"Transform"}],"nm":"Layer 770","np":1,"cix":2,"bm":0,"ix":2,"mn":"ADBE Vector Group","hd":false}],"ip":0,"op":180,"st":0,"bm":0},{"ddd":0,"ind":4,"ty":4,"nm":"forearm","parent":2,"sr":1,"ks":{"o":{"a":0,"k":100,"ix":11},"r":{"a":1,"k":[{"i":{"x":[0.702],"y":[0.665]},"o":{"x":[0.377],"y":[0]},"t":9,"s":[0]},{"i":{"x":[0.68],"y":[0.731]},"o":{"x":[0.351],"y":[0.111]},"t":16,"s":[-8.421]},{"i":{"x":[0.634],"y":[0.686]},"o":{"x":[0.329],"y":[0.353]},"t":20,"s":[-25.604]},{"i":{"x":[0.404],"y":[1]},"o":{"x":[0.164],"y":[0.614]},"t":30,"s":[-59.23]},{"i":{"x":[0.707],"y":[0.304]},"o":{"x":[0.378],"y":[0]},"t":90,"s":[-105.5]},{"i":{"x":[0.71],"y":[0.558]},"o":{"x":[0.385],"y":[0.25]},"t":103,"s":[-101.17]},{"i":{"x":[0.678],"y":[0.712]},"o":{"x":[0.345],"y":[0.291]},"t":115,"s":[-86.56]},{"i":{"x":[0.679],"y":[0.539]},"o":{"x":[0.348],"y":[0.311]},"t":118,"s":[-79.942]},{"i":{"x":[0.675],"y":[0.61]},"o":{"x":[0.349],"y":[0.241]},"t":122,"s":[-71.123]},{"i":{"x":[0.608],"y":[1.007]},"o":{"x":[0.305],"y":[0.385]},"t":129,"s":[-48.687]},{"t":145,"s":[0]}],"ix":10},"p":{"a":0,"k":[503.675,279.721,0],"ix":2},"a":{"a":0,"k":[503.675,279.721,0],"ix":1},"s":{"a":0,"k":[100,100,100],"ix":6}},"ao":0,"shapes":[{"ty":"gr","it":[{"ind":0,"ty":"sh","ix":1,"ks":{"a":0,"k":{"i":[[10.975,-5.037],[4.016,-6.184],[2.95,-13.6],[2.239,-11.836],[1.384,-5.432],[-7.207,0.67],[-5.162,8.35],[-7.103,10.658],[-5.445,16.107],[-1.363,6.175],[4.949,6.686]],"o":[[-3.297,1.514],[-7.309,11.255],[-3.09,14.239],[-2.098,11.089],[-1.383,5.431],[3.806,-0.354],[3.539,-5.726],[8.362,-12.544],[1.914,-5.664],[1.523,-6.9],[-6.48,-8.756]],"v":[[7.746,-65.599],[-3.263,-55.496],[-23.593,-7.785],[-32.971,37.302],[-39.537,56.129],[-25.843,67.953],[-15.538,62.286],[7.237,24.898],[32.258,-20.958],[38.706,-39.897],[35.971,-59.052]],"c":true},"ix":2},"nm":"Path 1","mn":"ADBE Vector Shape - Group","hd":false},{"ty":"fl","c":{"a":0,"k":[0.847000002394,0.607999973671,0.501999978458,1],"ix":4},"o":{"a":0,"k":100,"ix":5},"r":1,"bm":0,"nm":"Fill 1","mn":"ADBE Vector Graphic - Fill","hd":false},{"ty":"tr","p":{"a":0,"k":[484.244,327.432],"ix":2},"a":{"a":0,"k":[0,0],"ix":1},"s":{"a":0,"k":[100,100],"ix":3},"r":{"a":0,"k":0,"ix":6},"o":{"a":0,"k":100,"ix":7},"sk":{"a":0,"k":0,"ix":4},"sa":{"a":0,"k":0,"ix":5},"nm":"Transform"}],"nm":"Group 1","np":2,"cix":2,"bm":0,"ix":1,"mn":"ADBE Vector Group","hd":false},{"ty":"gr","it":[{"ind":0,"ty":"sh","ix":1,"ks":{"a":0,"k":{"i":[[-0.913,11.997],[11.997,0.912],[0.912,-11.997],[-11.997,-0.913]],"o":[[0.912,-11.996],[-11.997,-0.912],[-0.912,11.996],[11.996,0.912]],"v":[[21.722,1.652],[1.652,-21.722],[-21.722,-1.652],[-1.652,21.722]],"c":true},"ix":2},"nm":"Path 1","mn":"ADBE Vector Shape - Group","hd":false},{"ty":"fl","c":{"a":0,"k":[0.847000002394,0.607999973671,0.501999978458,1],"ix":4},"o":{"a":0,"k":100,"ix":5},"r":1,"bm":0,"nm":"Fill 1","mn":"ADBE Vector Graphic - Fill","hd":false},{"ty":"tr","p":{"a":0,"k":[503.178,280.181],"ix":2},"a":{"a":0,"k":[0,0],"ix":1},"s":{"a":0,"k":[100,100],"ix":3},"r":{"a":0,"k":0,"ix":6},"o":{"a":0,"k":100,"ix":7},"sk":{"a":0,"k":0,"ix":4},"sa":{"a":0,"k":0,"ix":5},"nm":"Transform"}],"nm":"Group 2","np":2,"cix":2,"bm":0,"ix":2,"mn":"ADBE Vector Group","hd":false}],"ip":0,"op":180,"st":0,"bm":0},{"ddd":0,"ind":5,"ty":4,"nm":"neck","parent":6,"sr":1,"ks":{"o":{"a":0,"k":100,"ix":11},"r":{"a":0,"k":0,"ix":10},"p":{"a":0,"k":[776.618,402.756,0],"ix":2},"a":{"a":0,"k":[776.618,402.756,0],"ix":1},"s":{"a":0,"k":[100,100,100],"ix":6}},"ao":0,"shapes":[{"ty":"gr","it":[{"ty":"gr","it":[{"ind":0,"ty":"sh","ix":1,"ks":{"a":0,"k":{"i":[[-2.315,6.078],[3.09,-3.016],[-0.904,-3.491],[-2.27,-0.847],[-2.516,0.832]],"o":[[-4.749,-0.094],[-2.719,2.652],[0.906,3.492],[2.548,-0.866],[2.332,-6.112]],"v":[[10.067,-10.392],[-1.667,-4.185],[-9.162,6.994],[-4.494,10.323],[3.073,7.936]],"c":true},"ix":2},"nm":"Path 1","mn":"ADBE Vector Shape - Group","hd":false},{"ty":"fl","c":{"a":0,"k":[0.787999987602,0.549000024796,0.458999991417,1],"ix":4},"o":{"a":0,"k":100,"ix":5},"r":1,"bm":0,"nm":"Fill 1","mn":"ADBE Vector Graphic - Fill","hd":false},{"ty":"tr","p":{"a":0,"k":[666.389,140.182],"ix":2},"a":{"a":0,"k":[0,0],"ix":1},"s":{"a":0,"k":[100,100],"ix":3},"r":{"a":0,"k":0,"ix":6},"o":{"a":0,"k":100,"ix":7},"sk":{"a":0,"k":0,"ix":4},"sa":{"a":0,"k":0,"ix":5},"nm":"Transform"}],"nm":"Group 1","np":2,"cix":2,"bm":0,"ix":1,"mn":"ADBE Vector Group","hd":false},{"ty":"gr","it":[{"ind":0,"ty":"sh","ix":1,"ks":{"a":0,"k":{"i":[[-5.82,1.75],[0.54,-1.63],[10.759,-11.221],[2.67,-5.03],[0.239,-0.78],[5.62,-1.37],[1.51,-0.319],[-1.04,3.559],[-2.76,3.679],[-3.79,2.291],[-6.31,2.33]],"o":[[-0.17,1.681],[-4.869,14.71],[-3.781,3.939],[-0.04,0.061],[-4.9,-2.14],[-1.49,0.369],[-0.12,-4.94],[1.349,-4.601],[2.75,-3.67],[5.82,-3.52],[5.73,-2.12]],"v":[[27.375,-28.49],[26.444,-23.639],[3.515,14.571],[-6.806,26.67],[-7.375,28.49],[-22.745,26.061],[-27.255,27.18],[-23.195,6.901],[-17.945,-5.719],[-7.995,-14.26],[10.055,-23.08]],"c":true},"ix":2},"nm":"Path 1","mn":"ADBE Vector Shape - Group","hd":false},{"ty":"fl","c":{"a":0,"k":[0.787999987602,0.549000024796,0.458999991417,1],"ix":4},"o":{"a":0,"k":100,"ix":5},"r":1,"bm":0,"nm":"Fill 1","mn":"ADBE Vector Graphic - Fill","hd":false},{"ty":"tr","p":{"a":0,"k":[672.815,161.284],"ix":2},"a":{"a":0,"k":[0,0],"ix":1},"s":{"a":0,"k":[100,100],"ix":3},"r":{"a":0,"k":0,"ix":6},"o":{"a":0,"k":100,"ix":7},"sk":{"a":0,"k":0,"ix":4},"sa":{"a":0,"k":0,"ix":5},"nm":"Transform"}],"nm":"Group 2","np":2,"cix":2,"bm":0,"ix":2,"mn":"ADBE Vector Group","hd":false},{"ty":"tr","p":{"a":0,"k":[790.615,402.19],"ix":2},"a":{"a":0,"k":[672.874,159.781],"ix":1},"s":{"a":0,"k":[148,148],"ix":3},"r":{"a":0,"k":0,"ix":6},"o":{"a":0,"k":100,"ix":7},"sk":{"a":0,"k":0,"ix":4},"sa":{"a":0,"k":0,"ix":5},"nm":"Transform"}],"nm":"neck_shadow","np":2,"cix":2,"bm":0,"ix":1,"mn":"ADBE Vector Group","hd":false},{"ty":"gr","it":[{"ty":"gr","it":[{"ind":0,"ty":"sh","ix":1,"ks":{"a":0,"k":{"i":[[0.81,-2.76],[10.49,-11],[2.63,-4.96],[0.68,-1.81],[1.95,0.849],[5.62,-1.37],[1.51,-0.319],[1.881,0.29],[2.41,1.631],[-19.98,12.71],[-6.81,-0.229],[-6.661,2.491],[-5.06,-5.299]],"o":[[-4.28,14.551],[-3.69,3.87],[-0.92,1.731],[-2.02,-0.84],[-4.9,-2.141],[-1.49,0.369],[-1.87,0.4],[-2.879,-0.449],[-12.39,-6.069],[6.34,-3.21],[7.03,0.25],[6.76,-2.52],[2.76,2.9]],"v":[[46.17,-20.281],[23.39,17.219],[13.06,29.09],[10.8,33.599],[4.87,30.991],[-10.5,28.56],[-15.01,29.68],[-20.641,30.01],[-30.49,26.64],[-29.05,-15.979],[-12.95,-19.711],[17.06,-26.841],[46.27,-28.3]],"c":true},"ix":2},"nm":"Path 1","mn":"ADBE Vector Shape - Group","hd":false},{"ty":"fl","c":{"a":0,"k":[0.847000002861,0.60799998045,0.501999974251,1],"ix":4},"o":{"a":0,"k":100,"ix":5},"r":1,"bm":0,"nm":"Fill 1","mn":"ADBE Vector Graphic - Fill","hd":false},{"ty":"tr","p":{"a":0,"k":[660.57,158.785],"ix":2},"a":{"a":0,"k":[0,0],"ix":1},"s":{"a":0,"k":[100,100],"ix":3},"r":{"a":0,"k":0,"ix":6},"o":{"a":0,"k":100,"ix":7},"sk":{"a":0,"k":0,"ix":4},"sa":{"a":0,"k":0,"ix":5},"nm":"Transform"}],"nm":"Group 1","np":2,"cix":2,"bm":0,"ix":1,"mn":"ADBE Vector Group","hd":false},{"ty":"gr","it":[{"ind":0,"ty":"sh","ix":1,"ks":{"a":0,"k":{"i":[[14.094,-1.727],[0.805,14.577],[-14.041,1.725],[-0.885,-14.518]],"o":[[-14.123,1.731],[-0.801,-14.516],[14.013,-1.721],[0.888,14.58]],"v":[[1.346,24.605],[-25.617,2.825],[-1.75,-24.615],[25.529,-3.431]],"c":true},"ix":2},"nm":"Path 1","mn":"ADBE Vector Shape - Group","hd":false},{"ty":"fl","c":{"a":0,"k":[0.847000002861,0.60799998045,0.501999974251,1],"ix":4},"o":{"a":0,"k":100,"ix":5},"r":1,"bm":0,"nm":"Fill 1","mn":"ADBE Vector Graphic - Fill","hd":false},{"ty":"tr","p":{"a":0,"k":[645.33,162.889],"ix":2},"a":{"a":0,"k":[0,0],"ix":1},"s":{"a":0,"k":[100,100],"ix":3},"r":{"a":0,"k":0,"ix":6},"o":{"a":0,"k":100,"ix":7},"sk":{"a":0,"k":0,"ix":4},"sa":{"a":0,"k":0,"ix":5},"nm":"Transform"}],"nm":"Group 2","np":2,"cix":2,"bm":0,"ix":2,"mn":"ADBE Vector Group","hd":false},{"ty":"tr","p":{"a":0,"k":[776.618,402.756],"ix":2},"a":{"a":0,"k":[663.417,160.164],"ix":1},"s":{"a":0,"k":[148,148],"ix":3},"r":{"a":0,"k":0,"ix":6},"o":{"a":0,"k":100,"ix":7},"sk":{"a":0,"k":0,"ix":4},"sa":{"a":0,"k":0,"ix":5},"nm":"Transform"}],"nm":"neck_skin","np":2,"cix":2,"bm":0,"ix":2,"mn":"ADBE Vector Group","hd":false}],"ip":0,"op":180,"st":0,"bm":0},{"ddd":0,"ind":6,"ty":4,"nm":"body","parent":11,"sr":1,"ks":{"o":{"a":0,"k":100,"ix":11},"r":{"a":0,"k":0,"ix":10},"p":{"a":0,"k":[614.982,466.559,0],"ix":2},"a":{"a":0,"k":[614.982,466.559,0],"ix":1},"s":{"a":0,"k":[100,100,100],"ix":6}},"ao":0,"shapes":[{"ty":"gr","it":[{"ty":"gr","it":[{"ind":0,"ty":"sh","ix":1,"ks":{"a":0,"k":{"i":[[0.81,-0.113],[-0.744,-1.253],[-0.34,1.408],[-0.187,1.239]],"o":[[1.065,1.159],[0.752,1.267],[0.335,-1.387],[0.184,-1.223]],"v":[[-3.701,-1.64],[0.368,2.679],[2.201,2.538],[3.517,-2.723]],"c":true},"ix":2},"nm":"Path 1","mn":"ADBE Vector Shape - Group","hd":false},{"ty":"fl","c":{"a":0,"k":[0.787999987602,0.549000024796,0.458999991417,1],"ix":4},"o":{"a":0,"k":100,"ix":5},"r":1,"bm":0,"nm":"Fill 1","mn":"ADBE Vector Graphic - Fill","hd":false},{"ty":"tr","p":{"a":0,"k":[637.872,186.337],"ix":2},"a":{"a":0,"k":[0,0],"ix":1},"s":{"a":0,"k":[100,100],"ix":3},"r":{"a":0,"k":0,"ix":6},"o":{"a":0,"k":100,"ix":7},"sk":{"a":0,"k":0,"ix":4},"sa":{"a":0,"k":0,"ix":5},"nm":"Transform"}],"nm":"Group 1","np":2,"cix":2,"bm":0,"ix":1,"mn":"ADBE Vector Group","hd":false},{"ty":"gr","it":[{"ind":0,"ty":"sh","ix":1,"ks":{"a":0,"k":{"i":[[0,0],[-0.036,-0.264],[1.702,-2.461],[1.122,-3.05],[1.915,-0.89],[0.56,0.249],[0.825,2.413],[2.051,0.314],[3.592,-0.145],[3.854,-0.078],[0.084,2.056],[-2.351,-0.156],[-3.896,-1.187],[-1.35,-0.873],[-0.784,-0.786],[-0.961,-0.67],[-1.13,0.773],[-0.314,0.842],[-0.471,1.557],[-0.876,1.193]],"o":[[0.174,0.632],[-0.063,0.18],[-1.733,2.489],[-0.692,1.887],[-0.607,0.285],[-2.238,-0.994],[-0.679,-2.026],[-3.373,-0.511],[-3.777,0.163],[-0.204,-2.004],[2.323,0.059],[4.282,0.284],[1.548,0.475],[0.906,0.587],[0.822,0.834],[0.966,0.68],[0.733,-0.497],[0.605,-1.582],[0.455,-1.48],[1.861,-2.546]],"v":[[21.966,-12.219],[22.508,-9.849],[15.762,-2.236],[12.406,6.332],[8.547,11.934],[6.842,11.869],[2.848,6.104],[-0.42,2.973],[-10.64,1.76],[-22.077,2.044],[-22.508,-4.053],[-15.593,-3.591],[-3.151,-1.827],[1.235,0.141],[3.956,2.102],[6.337,4.726],[9.58,4.945],[10.948,2.84],[12.346,-1.947],[14.577,-5.939]],"c":true},"ix":2},"nm":"Path 1","mn":"ADBE Vector Shape - Group","hd":false},{"ty":"fl","c":{"a":0,"k":[0.787999987602,0.549000024796,0.458999991417,1],"ix":4},"o":{"a":0,"k":100,"ix":5},"r":1,"bm":0,"nm":"Fill 1","mn":"ADBE Vector Graphic - Fill","hd":false},{"ty":"tr","p":{"a":0,"k":[631.494,189.36],"ix":2},"a":{"a":0,"k":[0,0],"ix":1},"s":{"a":0,"k":[100,100],"ix":3},"r":{"a":0,"k":0,"ix":6},"o":{"a":0,"k":100,"ix":7},"sk":{"a":0,"k":0,"ix":4},"sa":{"a":0,"k":0,"ix":5},"nm":"Transform"}],"nm":"Group 2","np":2,"cix":2,"bm":0,"ix":2,"mn":"ADBE Vector Group","hd":false},{"ty":"tr","p":{"a":0,"k":[729.373,445.883],"ix":2},"a":{"a":0,"k":[631.494,189.303],"ix":1},"s":{"a":0,"k":[148,148],"ix":3},"r":{"a":0,"k":0,"ix":6},"o":{"a":0,"k":100,"ix":7},"sk":{"a":0,"k":0,"ix":4},"sa":{"a":0,"k":0,"ix":5},"nm":"Transform"}],"nm":"body_shadow","np":2,"cix":2,"bm":0,"ix":1,"mn":"ADBE Vector Group","hd":false},{"ty":"gr","it":[{"ty":"gr","it":[{"ind":0,"ty":"sh","ix":1,"ks":{"a":0,"k":{"i":[[12.488,-22.332],[11.259,3.513],[1.389,13.826],[0.084,2.055],[-1.795,6.892],[-15.535,-9.322]],"o":[[-9.933,17.729],[-6.332,-1.977],[-0.204,-2.004],[-0.309,-8.171],[6.769,-25.939],[15.463,9.27]],"v":[[15.062,18.309],[-14.844,42.91],[-26.81,15.004],[-27.241,8.909],[-25.088,-14.486],[8.784,-37.101]],"c":true},"ix":2},"nm":"Path 1","mn":"ADBE Vector Shape - Group","hd":false},{"ty":"fl","c":{"a":0,"k":[0.847000002861,0.60799998045,0.501999974251,1],"ix":4},"o":{"a":0,"k":100,"ix":5},"r":1,"bm":0,"nm":"Fill 1","mn":"ADBE Vector Graphic - Fill","hd":false},{"ty":"tr","p":{"a":0,"k":[636.227,176.398],"ix":2},"a":{"a":0,"k":[0,0],"ix":1},"s":{"a":0,"k":[100,100],"ix":3},"r":{"a":0,"k":0,"ix":6},"o":{"a":0,"k":100,"ix":7},"sk":{"a":0,"k":0,"ix":4},"sa":{"a":0,"k":0,"ix":5},"nm":"Transform"}],"nm":"Group 1","np":2,"cix":2,"bm":0,"ix":1,"mn":"ADBE Vector Group","hd":false},{"ty":"tr","p":{"a":0,"k":[732.971,428.527],"ix":2},"a":{"a":0,"k":[633.925,177.576],"ix":1},"s":{"a":0,"k":[148,148],"ix":3},"r":{"a":0,"k":0,"ix":6},"o":{"a":0,"k":100,"ix":7},"sk":{"a":0,"k":0,"ix":4},"sa":{"a":0,"k":0,"ix":5},"nm":"Transform"}],"nm":"body_skin","np":1,"cix":2,"bm":0,"ix":2,"mn":"ADBE Vector Group","hd":false},{"ty":"gr","it":[{"ty":"gr","it":[{"ind":0,"ty":"sh","ix":1,"ks":{"a":0,"k":{"i":[[1.919,-0.618],[8.102,-0.994],[5.224,0.012],[1.804,0.405],[3.069,3.698],[2.504,4.601],[-0.803,12.589],[-13.758,14.057],[-16.484,4.287],[-17.129,-13.643],[13.268,-18.178],[5.545,-3.959],[12.6,7.09]],"o":[[-7.749,2.495],[-5.193,0.637],[-1.924,-0.004],[-5.321,-1.196],[-3.288,-3.963],[-5.694,-10.461],[1.143,-17.908],[12.341,-12.61],[26.426,-6.871],[26.235,20.618],[-3.955,5.418],[-6.087,4.346],[-0.141,-0.151]],"v":[[-13.353,61.316],[-37.218,66.576],[-52.867,67.521],[-58.536,67.061],[-70.372,58.269],[-79.673,45.944],[-87.066,10.605],[-64.724,-36.719],[-15.213,-60.661],[61.634,-50.814],[55.258,26.759],[39.92,42.221],[-4.57,59.504]],"c":true},"ix":2},"nm":"Path 1","mn":"ADBE Vector Shape - Group","hd":false},{"ty":"fl","c":{"a":0,"k":[0.208000004292,0.238999992609,0.289999991655,1],"ix":4},"o":{"a":0,"k":100,"ix":5},"r":1,"bm":0,"nm":"Fill 1","mn":"ADBE Vector Graphic - Fill","hd":false},{"ty":"tr","p":{"a":0,"k":[590.537,191.476],"ix":2},"a":{"a":0,"k":[0,0],"ix":1},"s":{"a":0,"k":[100,100],"ix":3},"r":{"a":0,"k":0,"ix":6},"o":{"a":0,"k":100,"ix":7},"sk":{"a":0,"k":0,"ix":4},"sa":{"a":0,"k":0,"ix":5},"nm":"Transform"}],"nm":"Group 1","np":2,"cix":2,"bm":0,"ix":1,"mn":"ADBE Vector Group","hd":false},{"ty":"gr","it":[{"ind":0,"ty":"sh","ix":1,"ks":{"a":0,"k":{"i":[[1.835,30.112],[30.113,-1.835],[-1.835,-30.113],[-30.112,1.835]],"o":[[-1.836,-30.113],[-30.113,1.835],[1.835,30.113],[30.113,-1.835]],"v":[[54.524,-3.323],[-3.323,-54.524],[-54.524,3.323],[3.323,54.524]],"c":true},"ix":2},"nm":"Path 1","mn":"ADBE Vector Shape - Group","hd":false},{"ty":"fl","c":{"a":0,"k":[0.208000004292,0.238999992609,0.289999991655,1],"ix":4},"o":{"a":0,"k":100,"ix":5},"r":1,"bm":0,"nm":"Fill 1","mn":"ADBE Vector Graphic - Fill","hd":false},{"ty":"tr","p":{"a":0,"k":[553.243,203.077],"ix":2},"a":{"a":0,"k":[0,0],"ix":1},"s":{"a":0,"k":[100,100],"ix":3},"r":{"a":0,"k":0,"ix":6},"o":{"a":0,"k":100,"ix":7},"sk":{"a":0,"k":0,"ix":4},"sa":{"a":0,"k":0,"ix":5},"nm":"Transform"}],"nm":"Group 2","np":2,"cix":2,"bm":0,"ix":2,"mn":"ADBE Vector Group","hd":false},{"ty":"tr","p":{"a":0,"k":[655.982,451.559],"ix":2},"a":{"a":0,"k":[581.906,193.138],"ix":1},"s":{"a":0,"k":[148,148],"ix":3},"r":{"a":0,"k":0,"ix":6},"o":{"a":0,"k":100,"ix":7},"sk":{"a":0,"k":0,"ix":4},"sa":{"a":0,"k":0,"ix":5},"nm":"Transform"}],"nm":"shirt","np":2,"cix":2,"bm":0,"ix":3,"mn":"ADBE Vector Group","hd":false}],"ip":0,"op":180,"st":0,"bm":0},{"ddd":0,"ind":7,"ty":4,"nm":"lower_shirt","parent":11,"sr":1,"ks":{"o":{"a":0,"k":100,"ix":11},"r":{"a":0,"k":0,"ix":10},"p":{"a":0,"k":[555.214,471.93,0],"ix":2},"a":{"a":0,"k":[513.819,206.903,0],"ix":1},"s":{"a":0,"k":[148,148,100],"ix":6}},"ao":0,"shapes":[{"ty":"gr","it":[{"ind":0,"ty":"sh","ix":1,"ks":{"a":0,"k":{"i":[[2.355,9.35],[0.866,3.542],[-0.062,4.298],[4.283,-1.064],[12.271,-0.773],[5.186,-5.656],[2.324,-5.327],[0.884,-7.598],[-2.001,-6.669],[-3.361,-4.075],[-2.111,-2.017],[-10.33,3.497],[-6.115,0.099],[-7.361,3.538],[2.185,6.372]],"o":[[-0.891,-3.537],[-1.022,-4.176],[0.119,-8.4],[-2.428,0.604],[-7.706,0.485],[-3.929,4.284],[-3.057,7.003],[-0.789,6.775],[1.518,5.06],[1.857,2.252],[7.52,7.183],[5.781,-1.957],[24.378,-1.429],[-2.925,-6.072],[-3.13,-9.122]],"v":[[41.745,-0.68],[39.121,-11.301],[37.134,-24.007],[30.941,-59.41],[-22.008,-41.012],[-42.073,-31.076],[-51.211,-16.319],[-57.299,5.71],[-57.066,26.434],[-48.873,39.874],[-43.006,46.369],[-12.283,56.976],[5.947,53.139],[59.066,46.575],[49.755,27.1]],"c":true},"ix":2},"nm":"Path 1","mn":"ADBE Vector Shape - Group","hd":false},{"ty":"fl","c":{"a":0,"k":[0.20800000359,0.238999998803,0.289999988032,1],"ix":4},"o":{"a":0,"k":100,"ix":5},"r":1,"bm":0,"nm":"Fill 1","mn":"ADBE Vector Graphic - Fill","hd":false},{"ty":"tr","p":{"a":0,"k":[513.409,207.666],"ix":2},"a":{"a":0,"k":[0,0],"ix":1},"s":{"a":0,"k":[100,100],"ix":3},"r":{"a":0,"k":0,"ix":6},"o":{"a":0,"k":100,"ix":7},"sk":{"a":0,"k":0,"ix":4},"sa":{"a":0,"k":0,"ix":5},"nm":"Transform"}],"nm":"Group 1","np":2,"cix":2,"bm":0,"ix":1,"mn":"ADBE Vector Group","hd":false}],"ip":0,"op":180,"st":0,"bm":0},{"ddd":0,"ind":8,"ty":4,"nm":"thigh","parent":10,"sr":1,"ks":{"o":{"a":0,"k":100,"ix":11},"r":{"a":0,"k":0,"ix":10},"p":{"a":0,"k":[324.283,509.444,0],"ix":2},"a":{"a":0,"k":[357.784,232.25,0],"ix":1},"s":{"a":0,"k":[148,148,100],"ix":6}},"ao":0,"shapes":[{"ty":"gr","it":[{"ind":0,"ty":"sh","ix":1,"ks":{"a":0,"k":{"i":[[6.061,-20.012],[1.222,-2.232],[0.009,-0.005],[7.132,-3.367],[9.332,2.831],[-6.06,20.013],[-6.445,4.678],[0,0],[-5.464,1.058],[-6.083,-1.847]],"o":[[-0.766,2.524],[0.005,0.009],[-3.909,7.188],[-8.17,3.843],[-20.012,-6.06],[2.489,-8.216],[0,0],[4.482,-3.254],[5.846,-1.124],[20.013,6.061]],"v":[[36.232,10.608],[33.238,17.755],[33.224,17.774],[16.113,33.893],[-10.974,35.855],[-36.233,-11.354],[-22.267,-30.996],[-22.258,-30.999],[-7.135,-37.562],[10.98,-36.605]],"c":true},"ix":2},"nm":"Path 1","mn":"ADBE Vector Shape - Group","hd":false},{"ty":"fl","c":{"a":0,"k":[0.109999997008,0.113999998803,0.118000000598,1],"ix":4},"o":{"a":0,"k":100,"ix":5},"r":1,"bm":0,"nm":"Fill 1","mn":"ADBE Vector Graphic - Fill","hd":false},{"ty":"tr","p":{"a":0,"k":[435.307,214.322],"ix":2},"a":{"a":0,"k":[0,0],"ix":1},"s":{"a":0,"k":[100,100],"ix":3},"r":{"a":0,"k":0,"ix":6},"o":{"a":0,"k":100,"ix":7},"sk":{"a":0,"k":0,"ix":4},"sa":{"a":0,"k":0,"ix":5},"nm":"Transform"}],"nm":"Group 1","np":2,"cix":2,"bm":0,"ix":1,"mn":"ADBE Vector Group","hd":false},{"ty":"gr","it":[{"ind":0,"ty":"sh","ix":1,"ks":{"a":0,"k":{"i":[[6.061,-20.012],[1.222,-2.232],[0.009,-0.005],[3.278,-2.858],[3.038,-1.807],[12.717,-0.706],[16.022,3.015],[5.193,6.998],[-4.46,7.364],[-4.837,2.943],[-4.859,2.425],[-11.539,2.651],[-3.71,1.732],[0,0],[-0.715,0.465],[-4.601,1.046],[-6.083,-1.847]],"o":[[-0.766,2.524],[0.005,0.009],[-2.263,3.716],[-2.678,2.342],[-10.875,6.458],[-16.278,0.89],[-8.557,-1.611],[-5.143,-6.901],[2.962,-4.883],[4.752,-2.886],[10.421,-5.215],[4.569,-1.04],[0,0],[0.683,-0.314],[3.981,-2.551],[5.846,-1.124],[20.013,6.061]],"v":[[63.658,7.406],[60.665,14.553],[60.651,14.572],[52.137,24.478],[43.54,30.691],[7.064,40.997],[-41.472,36.095],[-64.576,25.322],[-64.594,0.997],[-52.418,-10.647],[-37.921,-16.397],[-6.405,-31.555],[5.16,-34.197],[5.169,-34.201],[7.262,-35.355],[20.291,-40.764],[38.407,-39.806]],"c":true},"ix":2},"nm":"Path 1","mn":"ADBE Vector Shape - Group","hd":false},{"ty":"fl","c":{"a":0,"k":[0.109999997008,0.113999998803,0.118000000598,1],"ix":4},"o":{"a":0,"k":100,"ix":5},"r":1,"bm":0,"nm":"Fill 1","mn":"ADBE Vector Graphic - Fill","hd":false},{"ty":"tr","p":{"a":0,"k":[407.881,217.524],"ix":2},"a":{"a":0,"k":[0,0],"ix":1},"s":{"a":0,"k":[100,100],"ix":3},"r":{"a":0,"k":0,"ix":6},"o":{"a":0,"k":100,"ix":7},"sk":{"a":0,"k":0,"ix":4},"sa":{"a":0,"k":0,"ix":5},"nm":"Transform"}],"nm":"Group 2","np":2,"cix":2,"bm":0,"ix":2,"mn":"ADBE Vector Group","hd":false}],"ip":0,"op":180,"st":0,"bm":0},{"ddd":0,"ind":9,"ty":4,"nm":"foot","sr":1,"ks":{"o":{"a":0,"k":100,"ix":11},"r":{"a":0,"k":0,"ix":10},"p":{"a":0,"k":[218.968,544.008,0],"ix":2},"a":{"a":0,"k":[218.968,544.008,0],"ix":1},"s":{"a":0,"k":[100,100,100],"ix":6}},"ao":0,"shapes":[{"ty":"gr","it":[{"ty":"gr","it":[{"ind":0,"ty":"sh","ix":1,"ks":{"a":0,"k":{"i":[[0.033,-0.065],[0.365,0.203],[0.1,0.164],[0.548,1.329],[0.434,1.362],[-0.092,1.379],[-1.292,1.835],[-1.665,1.205],[-1.6,0.577],[2.393,-0.314],[0.859,-0.562],[1.739,-5.144],[0.111,-1.115],[-0.179,-1.464],[-0.45,-1.524],[-0.485,-4.52],[-0.282,-3.778],[-0.881,-2.422],[-4.905,-1.813],[-1.665,-0.235],[-0.905,0.368],[-0.501,1.082],[-1.533,0.124],[-0.946,0.077],[-0.738,-0.413],[-0.214,-0.415],[-0.382,-0.373],[-0.122,-0.052],[-0.505,0.715],[0.241,0.969],[0.81,1.269],[0.755,0.843],[0.539,0.977],[-0.325,1.291],[-0.037,0.669],[0.521,0.479],[-0.655,0.829],[0.335,0.383],[0.17,0.156],[-0.258,0.563],[-0.125,0.705],[0.309,0.441],[0.248,0.275],[-0.125,0.348],[-0.079,0.124],[0.155,0.579],[0.208,0.518],[-0.25,0.814],[0.329,1.615],[0.846,0.386],[1.3,0.18],[3.281,0.017],[0.507,-1.476],[-0.01,-0.582],[0.115,-0.439]],"o":[[-0.159,0.32],[-0.168,-0.093],[-0.75,-1.227],[-0.545,-1.321],[-0.42,-1.318],[0.149,-2.216],[1.197,-1.701],[1.208,-0.873],[-0.168,-0.158],[-1.017,0.134],[-4.246,2.783],[-0.359,1.062],[-0.147,1.469],[0.192,1.577],[1.29,4.368],[0.404,3.767],[0.192,2.57],[1.788,4.914],[1.573,0.581],[0.933,0.132],[1.259,-0.511],[0.71,-1.533],[0.945,-0.077],[0.847,-0.069],[0.408,0.227],[0.244,0.475],[0.094,0.092],[0.764,0.326],[0.607,-0.858],[-0.367,-1.471],[-0.607,-0.954],[-0.735,-0.819],[-0.66,-1.194],[0.164,-0.65],[0.039,-0.718],[-0.67,-0.617],[0.315,-0.398],[-0.153,-0.172],[-0.608,-0.564],[0.295,-0.648],[0.094,-0.528],[-0.212,-0.303],[-0.247,-0.274],[0.049,-0.137],[0.325,-0.502],[-0.142,-0.538],[-0.316,-0.792],[0.431,-1.407],[-0.187,-0.912],[-1.195,-0.546],[-3.248,-0.45],[-1.274,-0.006],[-0.19,0.557],[0.006,0.44],[-0.016,0.065]],"v":[[-6.077,-8.37],[-6.932,-7.978],[-7.311,-8.405],[-9.161,-12.296],[-10.685,-16.303],[-11.09,-20.6],[-9.029,-27.019],[-4.32,-31.222],[-0.549,-32.99],[-3.09,-34.421],[-6.724,-33.264],[-18.848,-22.066],[-19.44,-18.762],[-19.54,-14.345],[-18.354,-9.738],[-16.016,3.872],[-14.986,15.191],[-13.74,22.796],[-2.509,33.033],[2.34,34.379],[5.294,34.367],[6.836,31.109],[10.044,29.421],[12.883,29.191],[15.079,29.512],[16.133,30.405],[16.689,31.885],[17.021,32.096],[19.112,31.642],[19.387,28.617],[17.504,24.553],[15.482,21.832],[13.342,19.32],[13.038,15.483],[13.483,13.527],[12.704,11.754],[12.599,10.156],[12.858,8.78],[12.296,8.382],[12.578,6.319],[13.307,4.21],[13.035,2.663],[12.263,1.871],[11.953,0.863],[12.174,0.484],[12.447,-1.238],[11.753,-2.757],[11.694,-5.483],[13.392,-9.632],[11.526,-11.566],[7.719,-12.512],[-2.09,-13.212],[-5.884,-11.629],[-6.061,-9.876],[-6.003,-8.568]],"c":true},"ix":2},"nm":"Path 1","mn":"ADBE Vector Shape - Group","hd":false},{"ty":"fl","c":{"a":0,"k":[0.07500000298,0.071000002325,0.067000001669,1],"ix":4},"o":{"a":0,"k":100,"ix":5},"r":1,"bm":0,"nm":"Fill 1","mn":"ADBE Vector Graphic - Fill","hd":false},{"ty":"tr","p":{"a":0,"k":[288.555,254.264],"ix":2},"a":{"a":0,"k":[0,0],"ix":1},"s":{"a":0,"k":[100,100],"ix":3},"r":{"a":0,"k":0,"ix":6},"o":{"a":0,"k":100,"ix":7},"sk":{"a":0,"k":0,"ix":4},"sa":{"a":0,"k":0,"ix":5},"nm":"Transform"}],"nm":"Group 1","np":2,"cix":2,"bm":0,"ix":1,"mn":"ADBE Vector Group","hd":false},{"ty":"tr","p":{"a":0,"k":[221.782,542.103],"ix":2},"a":{"a":0,"k":[288.527,254.316],"ix":1},"s":{"a":0,"k":[148,148],"ix":3},"r":{"a":0,"k":0,"ix":6},"o":{"a":0,"k":100,"ix":7},"sk":{"a":0,"k":0,"ix":4},"sa":{"a":0,"k":0,"ix":5},"nm":"Transform"}],"nm":"Layer 779","np":1,"cix":2,"bm":0,"ix":1,"mn":"ADBE Vector Group","hd":false},{"ty":"gr","it":[{"ty":"gr","it":[{"ind":0,"ty":"sh","ix":1,"ks":{"a":0,"k":{"i":[[-0.88,-0.437],[-0.409,-0.742],[-0.41,-1.53],[-0.674,-1.884],[-1.465,-2.795],[-0.607,-1.205],[-0.921,-1.345],[-0.021,0.149],[-0.095,-0.047],[0.439,-1.1],[0.954,-0.512],[1.065,-0.196],[5.882,1.03],[2.036,1.926],[0.94,2.74],[0.182,5.304],[1.447,4.945],[0.331,2.751],[-0.988,2.344],[-0.801,0.685],[-0.731,0.358],[-0.512,0.271],[-1.639,1.104],[-0.077,0.056],[0.223,-0.96],[0.435,-0.885],[-1.009,-4.593],[-2.949,-3.663],[-0.996,-0.588],[-1.651,1.976],[-0.465,0.382]],"o":[[0.847,-0.009],[0.76,1.377],[0.518,1.935],[1.06,2.965],[0.63,1.202],[0.733,1.456],[0.02,-0.148],[0.081,-0.068],[0.128,1.177],[-0.401,1.006],[-0.954,0.511],[-5.908,1.09],[-2.713,-0.476],[-2.121,-2.007],[-1.75,-5.108],[-0.178,-5.174],[-0.771,-2.635],[-0.307,-2.554],[0.41,-0.972],[0.618,-0.531],[0.52,-0.255],[1.747,-0.923],[0.079,-0.053],[0.701,0.693],[-0.222,0.96],[-2.075,4.218],[1.009,4.592],[0.724,0.901],[2.216,1.309],[0.385,-0.462],[0.758,-0.623]],"v":[[8.259,-2.288],[10.296,-0.984],[11.06,3.833],[12.93,9.539],[16.487,18.292],[18.552,21.695],[21.036,25.904],[21.098,25.458],[21.396,25.422],[21.207,28.932],[19.01,31.234],[15.924,32.203],[-1.887,31.691],[-9.221,28.427],[-13.789,20.984],[-15.156,5.724],[-18.85,-9.841],[-21.339,-17.779],[-20.008,-25.458],[-18.267,-28.063],[-16.169,-29.299],[-14.621,-30.088],[-9.538,-33.13],[-9.303,-33.292],[-8.652,-30.602],[-9.823,-27.895],[-11.241,-14.128],[-4.974,-1.63],[-2.473,0.742],[4.525,-0.464],[5.69,-1.836]],"c":true},"ix":2},"nm":"Path 1","mn":"ADBE Vector Shape - Group","hd":false},{"ty":"fl","c":{"a":0,"k":[0.40000000596,0.40000000596,0.40000000596,1],"ix":4},"o":{"a":0,"k":100,"ix":5},"r":1,"bm":0,"nm":"Fill 1","mn":"ADBE Vector Graphic - Fill","hd":false},{"ty":"tr","p":{"a":0,"k":[286.54,258.615],"ix":2},"a":{"a":0,"k":[0,0],"ix":1},"s":{"a":0,"k":[100,100],"ix":3},"r":{"a":0,"k":0,"ix":6},"o":{"a":0,"k":100,"ix":7},"sk":{"a":0,"k":0,"ix":4},"sa":{"a":0,"k":0,"ix":5},"nm":"Transform"}],"nm":"Group 1","np":2,"cix":2,"bm":0,"ix":1,"mn":"ADBE Vector Group","hd":false},{"ty":"tr","p":{"a":0,"k":[218.915,548.094],"ix":2},"a":{"a":0,"k":[286.59,258.365],"ix":1},"s":{"a":0,"k":[148,148],"ix":3},"r":{"a":0,"k":0,"ix":6},"o":{"a":0,"k":100,"ix":7},"sk":{"a":0,"k":0,"ix":4},"sa":{"a":0,"k":0,"ix":5},"nm":"Transform"}],"nm":"Layer 880","np":1,"cix":2,"bm":0,"ix":2,"mn":"ADBE Vector Group","hd":false},{"ty":"gr","it":[{"ty":"gr","it":[{"ind":0,"ty":"sh","ix":1,"ks":{"a":0,"k":{"i":[[0.01,-1.638],[0.157,-1.396],[0.36,-1.529],[-0.165,-1.368],[-0.349,-2.018],[-1.141,-2.127],[-2.962,-1.341],[-3.115,-0.936],[-3.751,2.03],[-0.22,0.379],[0.001,0.464],[1.677,2.529],[-0.783,6.996],[-0.343,3.291],[0.582,1.297],[1.091,0.556],[1.575,1.103],[0.572,1.835],[-0.061,1.447],[-0.095,2.247],[0.373,0.386],[0.297,0.069],[1.829,-1.602],[0.784,-1.175],[0.447,-1.691],[0.143,-2.739],[-0.318,-2.661]],"o":[[-0.008,1.405],[-0.175,1.561],[-0.314,1.335],[0.251,2.087],[0.398,2.301],[1.537,2.866],[2.963,1.341],[4.085,1.226],[0.385,-0.209],[0.232,-0.402],[0,-3.112],[-3.893,-5.866],[0.368,-3.288],[0.143,-1.367],[-0.514,-1.147],[-1.713,-0.872],[-1.574,-1.104],[-0.431,-1.383],[0.094,-2.247],[0.022,-0.537],[-0.212,-0.219],[-2.369,-0.545],[-1.063,0.93],[-0.97,1.456],[-0.7,2.641],[-0.144,2.728],[0.194,1.627]],"v":[[-14.469,-2.816],[-14.717,1.39],[-15.519,6.03],[-16.455,10.229],[-15.156,16.269],[-13.581,22.818],[-6.304,29.049],[2.963,32.069],[15.377,32.797],[16.363,31.952],[16.619,30.601],[14.081,22.381],[8.124,2.569],[9.968,-7.163],[9.744,-11.8],[6.787,-14.128],[1.726,-16.88],[-1.809,-21.304],[-2.122,-25.615],[-1.837,-32.356],[-2.189,-33.883],[-2.997,-34.282],[-9.434,-31.511],[-12.357,-28.46],[-14.242,-23.59],[-15.757,-15.523],[-14.746,-7.719]],"c":true},"ix":2},"nm":"Path 1","mn":"ADBE Vector Shape - Group","hd":false},{"ty":"fl","c":{"a":0,"k":[0.847000002861,0.60799998045,0.501999974251,1],"ix":4},"o":{"a":0,"k":100,"ix":5},"r":1,"bm":0,"nm":"Fill 1","mn":"ADBE Vector Graphic - Fill","hd":false},{"ty":"tr","p":{"a":0,"k":[289.596,254.388],"ix":2},"a":{"a":0,"k":[0,0],"ix":1},"s":{"a":0,"k":[100,100],"ix":3},"r":{"a":0,"k":0,"ix":6},"o":{"a":0,"k":100,"ix":7},"sk":{"a":0,"k":0,"ix":4},"sa":{"a":0,"k":0,"ix":5},"nm":"Transform"}],"nm":"Group 1","np":2,"cix":2,"bm":0,"ix":1,"mn":"ADBE Vector Group","hd":false},{"ty":"tr","p":{"a":0,"k":[223.469,541.764],"ix":2},"a":{"a":0,"k":[289.667,254.088],"ix":1},"s":{"a":0,"k":[148,148],"ix":3},"r":{"a":0,"k":0,"ix":6},"o":{"a":0,"k":100,"ix":7},"sk":{"a":0,"k":0,"ix":4},"sa":{"a":0,"k":0,"ix":5},"nm":"Transform"}],"nm":"Layer 881","np":1,"cix":2,"bm":0,"ix":3,"mn":"ADBE Vector Group","hd":false}],"ip":0,"op":180,"st":0,"bm":0},{"ddd":0,"ind":10,"ty":4,"nm":"calf","sr":1,"ks":{"o":{"a":0,"k":100,"ix":11},"r":{"a":1,"k":[{"i":{"x":[0.236],"y":[1]},"o":{"x":[0.263],"y":[0.001]},"t":9,"s":[0]},{"i":{"x":[0.667],"y":[1]},"o":{"x":[0.555],"y":[0]},"t":90,"s":[24]},{"t":145,"s":[0]}],"ix":10},"p":{"a":0,"k":[224.524,511.563,0],"ix":2},"a":{"a":0,"k":[224.524,511.563,0],"ix":1},"s":{"a":0,"k":[100,100,100],"ix":6}},"ao":0,"shapes":[{"ty":"gr","it":[{"ty":"gr","it":[{"ind":0,"ty":"sh","ix":1,"ks":{"a":0,"k":{"i":[[2.421,-10.112],[10.112,2.421],[-2.42,10.113],[-10.112,-2.421]],"o":[[-2.421,10.112],[-10.113,-2.42],[2.421,-10.111],[10.112,2.421]],"v":[[18.309,4.383],[-4.383,18.309],[-18.31,-4.384],[4.383,-18.309]],"c":true},"ix":2},"nm":"Path 1","mn":"ADBE Vector Shape - Group","hd":false},{"ty":"fl","c":{"a":0,"k":[0.109999999404,0.11400000006,0.118000000715,1],"ix":4},"o":{"a":0,"k":100,"ix":5},"r":1,"bm":0,"nm":"Fill 1","mn":"ADBE Vector Graphic - Fill","hd":false},{"ty":"tr","p":{"a":0,"k":[358.471,231.781],"ix":2},"a":{"a":0,"k":[0,0],"ix":1},"s":{"a":0,"k":[100,100],"ix":3},"r":{"a":0,"k":0,"ix":6},"o":{"a":0,"k":100,"ix":7},"sk":{"a":0,"k":0,"ix":4},"sa":{"a":0,"k":0,"ix":5},"nm":"Transform"}],"nm":"Group 1","np":2,"cix":2,"bm":0,"ix":1,"mn":"ADBE Vector Group","hd":false},{"ty":"gr","it":[{"ind":0,"ty":"sh","ix":1,"ks":{"a":0,"k":{"i":[[1.41,0.187],[4.43,1.218],[10.088,0.619],[3.845,2.066],[1.248,3.77],[-2.567,3.398],[-1.109,0.997],[-1.786,1.607],[-6.558,1.818],[-9.699,-3.059],[-4.242,-2.508],[-2.997,-3.988],[-0.48,-3.291],[0.496,-2.36],[1.086,-1.957],[6.024,-0.019]],"o":[[-4.53,-0.604],[-9.746,-2.678],[-4.248,-0.26],[-3.528,-1.895],[-1.34,-4.041],[0.897,-1.189],[1.785,-1.607],[5.079,-4.57],[9.841,-2.729],[4.709,1.486],[4.281,2.532],[1.997,2.659],[0.35,2.387],[-0.46,2.191],[-3.173,4.565],[-1.43,0.005]],"v":[[20.945,25.152],[7.544,21.893],[-22.315,16.935],[-35.457,15.51],[-42.866,6.383],[-41.129,-5.773],[-38.008,-8.964],[-32.651,-13.784],[-15.355,-22.719],[14.809,-21.862],[28.255,-15.719],[41.065,-4.265],[43.857,4.26],[43.629,11.467],[40.514,17.656],[25.203,25.443]],"c":true},"ix":2},"nm":"Path 1","mn":"ADBE Vector Shape - Group","hd":false},{"ty":"fl","c":{"a":0,"k":[0.109999999404,0.11400000006,0.118000000715,1],"ix":4},"o":{"a":0,"k":100,"ix":5},"r":1,"bm":0,"nm":"Fill 1","mn":"ADBE Vector Graphic - Fill","hd":false},{"ty":"tr","p":{"a":0,"k":[332.959,225.436],"ix":2},"a":{"a":0,"k":[0,0],"ix":1},"s":{"a":0,"k":[100,100],"ix":3},"r":{"a":0,"k":0,"ix":6},"o":{"a":0,"k":100,"ix":7},"sk":{"a":0,"k":0,"ix":4},"sa":{"a":0,"k":0,"ix":5},"nm":"Transform"}],"nm":"Group 2","np":2,"cix":2,"bm":0,"ix":2,"mn":"ADBE Vector Group","hd":false},{"ty":"tr","p":{"a":0,"k":[288.102,500.063],"ix":2},"a":{"a":0,"k":[333.338,225.911],"ix":1},"s":{"a":0,"k":[148,148],"ix":3},"r":{"a":0,"k":0,"ix":6},"o":{"a":0,"k":100,"ix":7},"sk":{"a":0,"k":0,"ix":4},"sa":{"a":0,"k":0,"ix":5},"nm":"Transform"}],"nm":"Layer 882","np":2,"cix":2,"bm":0,"ix":1,"mn":"ADBE Vector Group","hd":false},{"ty":"gr","it":[{"ty":"gr","it":[{"ind":0,"ty":"sh","ix":1,"ks":{"a":0,"k":{"i":[[0.154,-0.062],[1.169,-0.177],[0.885,1.046],[0.268,2.856],[-1.907,2.42],[-2.523,1.128],[-2.075,0.47]],"o":[[-0.689,0.28],[-5.199,1.464],[-1.852,-2.19],[-0.287,-3.066],[1.711,-2.17],[1.939,-0.867],[1.804,4.358]],"v":[[13.579,9.428],[1.136,12.234],[-9.768,9.55],[-13.446,1.92],[-10.572,-6.628],[-4.096,-11.674],[2.058,-13.698]],"c":true},"ix":2},"nm":"Path 1","mn":"ADBE Vector Shape - Group","hd":false},{"ty":"fl","c":{"a":0,"k":[0.847000002861,0.60799998045,0.501999974251,1],"ix":4},"o":{"a":0,"k":100,"ix":5},"r":1,"bm":0,"nm":"Fill 1","mn":"ADBE Vector Graphic - Fill","hd":false},{"ty":"tr","p":{"a":0,"k":[292.62,231.349],"ix":2},"a":{"a":0,"k":[0,0],"ix":1},"s":{"a":0,"k":[100,100],"ix":3},"r":{"a":0,"k":0,"ix":6},"o":{"a":0,"k":100,"ix":7},"sk":{"a":0,"k":0,"ix":4},"sa":{"a":0,"k":0,"ix":5},"nm":"Transform"}],"nm":"Group 1","np":2,"cix":2,"bm":0,"ix":1,"mn":"ADBE Vector Group","hd":false},{"ty":"tr","p":{"a":0,"k":[227.909,507.313],"ix":2},"a":{"a":0,"k":[292.667,230.81],"ix":1},"s":{"a":0,"k":[148,148],"ix":3},"r":{"a":0,"k":0,"ix":6},"o":{"a":0,"k":100,"ix":7},"sk":{"a":0,"k":0,"ix":4},"sa":{"a":0,"k":0,"ix":5},"nm":"Transform"}],"nm":"Layer 883","np":1,"cix":2,"bm":0,"ix":2,"mn":"ADBE Vector Group","hd":false}],"ip":0,"op":180,"st":0,"bm":0},{"ddd":0,"ind":11,"ty":4,"nm":"hips","parent":8,"sr":1,"ks":{"o":{"a":0,"k":100,"ix":11},"r":{"a":0,"k":0,"ix":10},"p":{"a":0,"k":[461.206,217.992,0],"ix":2},"a":{"a":0,"k":[477.346,488.343,0],"ix":1},"s":{"a":0,"k":[67.568,67.568,100],"ix":6}},"ao":0,"shapes":[{"ty":"gr","it":[{"ty":"gr","it":[{"ind":0,"ty":"sh","ix":1,"ks":{"a":0,"k":{"i":[[-11.871,8.26],[6.721,-8.802],[0.701,-1.089],[7.254,-4.255],[4.22,-1.129],[1.801,-0.13],[8.858,0.28],[5.488,1.367],[3.899,3.829],[0.127,0.126],[0.048,0.237],[-0.161,0.117],[-2.158,0.047],[-16.284,5.003]],"o":[[0.741,8.695],[-1.666,2.171],[-1.079,1.691],[-3.757,2.197],[-1.732,0.465],[-8.841,0.653],[-5.649,-0.175],[-5.312,-1.31],[-0.136,-0.123],[-0.174,-0.174],[-0.047,-0.173],[1.987,-0.116],[15.542,-0.292],[13.004,-3.998]],"v":[[45.797,-20.05],[41.062,1.386],[38.197,5.867],[28.292,13.194],[16.28,18.484],[10.976,19.397],[-15.774,19.417],[-32.6,17.577],[-46.966,10.052],[-47.355,9.676],[-47.736,9.012],[-47.598,8.544],[-41.182,9.59],[4.877,2.299]],"c":true},"ix":2},"nm":"Path 1","mn":"ADBE Vector Shape - Group","hd":false},{"ty":"fl","c":{"a":0,"k":[0.071000002325,0.07500000298,0.078000001609,1],"ix":4},"o":{"a":0,"k":100,"ix":5},"r":1,"bm":0,"nm":"Fill 1","mn":"ADBE Vector Graphic - Fill","hd":false},{"ty":"tr","p":{"a":0,"k":[473.043,249.106],"ix":2},"a":{"a":0,"k":[0,0],"ix":1},"s":{"a":0,"k":[100,100],"ix":3},"r":{"a":0,"k":0,"ix":6},"o":{"a":0,"k":100,"ix":7},"sk":{"a":0,"k":0,"ix":4},"sa":{"a":0,"k":0,"ix":5},"nm":"Transform"}],"nm":"Group 1","np":2,"cix":2,"bm":0,"ix":1,"mn":"ADBE Vector Group","hd":false},{"ty":"tr","p":{"a":0,"k":[493.859,534.182],"ix":2},"a":{"a":0,"k":[472.363,248.965],"ix":1},"s":{"a":0,"k":[148,148],"ix":3},"r":{"a":0,"k":0,"ix":6},"o":{"a":0,"k":100,"ix":7},"sk":{"a":0,"k":0,"ix":4},"sa":{"a":0,"k":0,"ix":5},"nm":"Transform"}],"nm":"Layer 884","np":1,"cix":2,"bm":0,"ix":1,"mn":"ADBE Vector Group","hd":false},{"ty":"gr","it":[{"ty":"gr","it":[{"ind":0,"ty":"sh","ix":1,"ks":{"a":0,"k":{"i":[[-3.122,-8.941],[10.774,-16.003],[1.478,-1.095],[5.875,-4.151],[2.263,-0.926],[1.802,-0.13],[8.859,0.28],[5.488,1.367],[3.898,3.829],[0.14,0.196],[0.105,0.154],[7.685,16.546],[-1.577,4.293],[-2.847,-0.091],[-7.769,-18.341]],"o":[[4.879,13.995],[-0.874,1.294],[-4.4,3.268],[-0.973,0.685],[-1.733,0.465],[-8.841,0.652],[-5.648,-0.175],[-5.312,-1.309],[-0.158,-0.19],[-0.113,-0.152],[-11.443,-16.025],[-3.56,-7.666],[6.739,-18.32],[29.108,0.878],[3.755,8.878]],"v":[[49.203,-10.27],[51.965,33.417],[48.379,36.969],[31.504,47.106],[26.461,49.586],[21.156,50.5],[-5.594,50.519],[-22.419,48.679],[-36.784,41.154],[-37.232,40.576],[-37.556,40.115],[-59.18,-3.052],[-56.241,-31.204],[2.824,-50.889],[45.182,-32.811]],"c":true},"ix":2},"nm":"Path 1","mn":"ADBE Vector Shape - Group","hd":false},{"ty":"fl","c":{"a":0,"k":[0.109999999404,0.11400000006,0.118000000715,1],"ix":4},"o":{"a":0,"k":100,"ix":5},"r":1,"bm":0,"nm":"Fill 1","mn":"ADBE Vector Graphic - Fill","hd":false},{"ty":"tr","p":{"a":0,"k":[462.862,218.004],"ix":2},"a":{"a":0,"k":[0,0],"ix":1},"s":{"a":0,"k":[100,100],"ix":3},"r":{"a":0,"k":0,"ix":6},"o":{"a":0,"k":100,"ix":7},"sk":{"a":0,"k":0,"ix":4},"sa":{"a":0,"k":0,"ix":5},"nm":"Transform"}],"nm":"Group 1","np":2,"cix":2,"bm":0,"ix":1,"mn":"ADBE Vector Group","hd":false},{"ty":"tr","p":{"a":0,"k":[477.346,488.343],"ix":2},"a":{"a":0,"k":[461.206,217.992],"ix":1},"s":{"a":0,"k":[148,148],"ix":3},"r":{"a":0,"k":0,"ix":6},"o":{"a":0,"k":100,"ix":7},"sk":{"a":0,"k":0,"ix":4},"sa":{"a":0,"k":0,"ix":5},"nm":"Transform"}],"nm":"Layer 885","np":1,"cix":2,"bm":0,"ix":2,"mn":"ADBE Vector Group","hd":false}],"ip":0,"op":180,"st":0,"bm":0},{"ddd":0,"ind":12,"ty":4,"nm":"thigh_1","parent":11,"sr":1,"ks":{"o":{"a":0,"k":100,"ix":11},"r":{"a":1,"k":[{"i":{"x":[0.236],"y":[1]},"o":{"x":[0.263],"y":[0.004]},"t":9,"s":[0]},{"i":{"x":[0.667],"y":[1]},"o":{"x":[0.555],"y":[0]},"t":90,"s":[6]},{"t":145,"s":[0]}],"ix":10},"p":{"a":1,"k":[{"i":{"x":0.236,"y":1},"o":{"x":0.263,"y":0.002},"t":9,"s":[476.197,500.371,0],"to":[-1.565,-0.033,0],"ti":[0,0,0]},{"i":{"x":0.667,"y":1},"o":{"x":0.555,"y":0},"t":90,"s":[466.805,500.174,0],"to":[0,0,0],"ti":[-1.565,-0.033,0]},{"t":145,"s":[476.197,500.371,0]}],"ix":2},"a":{"a":0,"k":[460.429,226.119,0],"ix":1},"s":{"a":0,"k":[148,148,100],"ix":6}},"ao":0,"shapes":[{"ty":"gr","it":[{"ind":0,"ty":"sh","ix":1,"ks":{"a":0,"k":{"i":[[1.503,-16.72],[14.699,-0.939],[0,0],[1.173,0.061],[0.418,0.034],[-1.503,16.72],[-11.91,3.238],[-2.725,0],[-0.02,-0.011],[-0.919,-0.083]],"o":[[-1.371,15.128],[0,0],[-1.132,0.082],[-0.414,-0.013],[-16.72,-1.503],[1.172,-13.011],[2.526,-0.692],[0.022,-0.003],[0.904,-0.006],[16.72,1.503]],"v":[[30.278,2.721],[1.991,30.32],[1.976,30.317],[-1.491,30.343],[-2.727,30.264],[-30.277,-2.734],[-7.972,-29.34],[-0.072,-30.397],[-0.007,-30.393],[2.727,-30.277]],"c":true},"ix":2},"nm":"Path 1","mn":"ADBE Vector Shape - Group","hd":false},{"ty":"fl","c":{"a":0,"k":[0.109999997008,0.113999998803,0.118000000598,1],"ix":4},"o":{"a":0,"k":100,"ix":5},"r":1,"bm":0,"nm":"Fill 1","mn":"ADBE Vector Graphic - Fill","hd":false},{"ty":"tr","p":{"a":0,"k":[460.146,226.465],"ix":2},"a":{"a":0,"k":[0,0],"ix":1},"s":{"a":0,"k":[100,100],"ix":3},"r":{"a":0,"k":0,"ix":6},"o":{"a":0,"k":100,"ix":7},"sk":{"a":0,"k":0,"ix":4},"sa":{"a":0,"k":0,"ix":5},"nm":"Transform"}],"nm":"Group 1","np":2,"cix":2,"bm":0,"ix":1,"mn":"ADBE Vector Group","hd":false},{"ty":"gr","it":[{"ind":0,"ty":"sh","ix":1,"ks":{"a":0,"k":{"i":[[1.503,-16.72],[14.699,-0.939],[0,0],[1.188,0.013],[9.271,1.023],[8.087,2.861],[3.042,9.189],[0.099,0.468],[-0.18,2.73],[-1.006,2.275],[-5.436,0.175],[-8.926,1.738],[-5.118,1.003],[-4.832,1.145],[-6.147,1.124],[-2.622,0.197],[-0.02,-0.011],[-0.919,-0.083]],"o":[[-1.371,15.128],[0,0],[-1.117,0.034],[-15.876,-0.127],[-8.455,-0.929],[-7.431,-2.627],[-0.141,-0.439],[-0.54,-2.672],[0.158,-2.519],[2.374,-5.373],[8.931,-0.282],[5.116,-1.003],[4.871,-0.951],[5.796,-1.376],[2.635,-0.488],[0.022,-0.003],[0.904,-0.006],[16.72,1.503]],"v":[[63.161,2.745],[34.874,30.344],[34.859,30.341],[31.392,30.367],[-14.754,26.169],[-39.723,20.768],[-63.765,6.323],[-64.125,4.972],[-64.37,-3.201],[-60.857,-10.697],[-47.368,-17.39],[-23.045,-19.053],[-7.697,-22.048],[6.877,-25.095],[24.911,-29.316],[32.812,-30.373],[32.876,-30.369],[35.61,-30.253]],"c":true},"ix":2},"nm":"Path 1","mn":"ADBE Vector Shape - Group","hd":false},{"ty":"fl","c":{"a":0,"k":[0.071000005685,0.075,0.078000005086,1],"ix":4},"o":{"a":0,"k":100,"ix":5},"r":1,"bm":0,"nm":"Fill 1","mn":"ADBE Vector Graphic - Fill","hd":false},{"ty":"tr","p":{"a":0,"k":[427.262,226.441],"ix":2},"a":{"a":0,"k":[0,0],"ix":1},"s":{"a":0,"k":[100,100],"ix":3},"r":{"a":0,"k":0,"ix":6},"o":{"a":0,"k":100,"ix":7},"sk":{"a":0,"k":0,"ix":4},"sa":{"a":0,"k":0,"ix":5},"nm":"Transform"}],"nm":"Group 2","np":2,"cix":2,"bm":0,"ix":2,"mn":"ADBE Vector Group","hd":false}],"ip":0,"op":180,"st":0,"bm":0},{"ddd":0,"ind":13,"ty":4,"nm":"calf_1","parent":12,"sr":1,"ks":{"o":{"a":0,"k":100,"ix":11},"r":{"a":0,"k":0,"ix":10},"p":{"a":0,"k":[380.592,226.26,0],"ix":2},"a":{"a":0,"k":[358.037,500.58,0],"ix":1},"s":{"a":0,"k":[67.568,67.568,100],"ix":6}},"ao":0,"shapes":[{"ty":"gr","it":[{"ty":"gr","it":[{"ind":0,"ty":"sh","ix":1,"ks":{"a":0,"k":{"i":[[1.549,-9.47],[9.47,1.549],[-1.55,9.469],[-9.47,-1.55]],"o":[[-1.55,9.471],[-9.47,-1.55],[1.549,-9.47],[9.47,1.549]],"v":[[17.148,2.805],[-2.805,17.147],[-17.146,-2.806],[2.806,-17.147]],"c":true},"ix":2},"nm":"Path 1","mn":"ADBE Vector Shape - Group","hd":false},{"ty":"fl","c":{"a":0,"k":[0.071000002325,0.07500000298,0.078000001609,1],"ix":4},"o":{"a":0,"k":100,"ix":5},"r":1,"bm":0,"nm":"Fill 1","mn":"ADBE Vector Graphic - Fill","hd":false},{"ty":"tr","p":{"a":0,"k":[380.068,226.195],"ix":2},"a":{"a":0,"k":[0,0],"ix":1},"s":{"a":0,"k":[100,100],"ix":3},"r":{"a":0,"k":0,"ix":6},"o":{"a":0,"k":100,"ix":7},"sk":{"a":0,"k":0,"ix":4},"sa":{"a":0,"k":0,"ix":5},"nm":"Transform"}],"nm":"Group 1","np":2,"cix":2,"bm":0,"ix":1,"mn":"ADBE Vector Group","hd":false},{"ty":"gr","it":[{"ind":0,"ty":"sh","ix":1,"ks":{"a":0,"k":{"i":[[1.142,0.31],[3.548,1.441],[7.984,1.606],[3.052,1.999],[1.139,3.087],[-1.889,2.52],[-0.854,0.718],[-1.407,1.184],[-5.544,0.951],[-8.456,-3.755],[-3.616,-2.673],[-2.33,-3.74],[-0.133,-2.771],[0.629,-1.833],[1.079,-1.4],[4.957,0.71]],"o":[[-3.663,-0.994],[-7.793,-3.166],[-3.339,-0.67],[-2.806,-1.838],[-1.239,-3.351],[0.668,-0.891],[1.384,-1.165],[4.067,-3.423],[8.481,-1.456],[4.106,1.824],[3.634,2.687],[1.538,2.47],[0.095,1.989],[-0.578,1.684],[-2.858,3.708],[-1.171,-0.168]],"v":[[14.091,21.594],[3.331,17.551],[-20.444,10.367],[-30.751,7.827],[-36.885,-0.063],[-36.059,-9.688],[-33.682,-12.018],[-29.495,-15.542],[-15.194,-21.578],[11.026,-17.729],[29.582,-8.884],[36.586,-0.331],[37.503,8.789],[35.185,14.599],[31.118,18.938],[17.557,22.323]],"c":true},"ix":2},"nm":"Path 1","mn":"ADBE Vector Shape - Group","hd":false},{"ty":"fl","c":{"a":0,"k":[0.071000002325,0.07500000298,0.078000001609,1],"ix":4},"o":{"a":0,"k":100,"ix":5},"r":1,"bm":0,"nm":"Fill 1","mn":"ADBE Vector Graphic - Fill","hd":false},{"ty":"tr","p":{"a":0,"k":[359.513,220.931],"ix":2},"a":{"a":0,"k":[0,0],"ix":1},"s":{"a":0,"k":[100,100],"ix":3},"r":{"a":0,"k":0,"ix":6},"o":{"a":0,"k":100,"ix":7},"sk":{"a":0,"k":0,"ix":4},"sa":{"a":0,"k":0,"ix":5},"nm":"Transform"}],"nm":"Group 2","np":2,"cix":2,"bm":0,"ix":2,"mn":"ADBE Vector Group","hd":false},{"ty":"tr","p":{"a":0,"k":[357.032,500.58],"ix":2},"a":{"a":0,"k":[379.912,226.26],"ix":1},"s":{"a":0,"k":[148,148],"ix":3},"r":{"a":0,"k":0,"ix":6},"o":{"a":0,"k":100,"ix":7},"sk":{"a":0,"k":0,"ix":4},"sa":{"a":0,"k":0,"ix":5},"nm":"Transform"}],"nm":"calf_1","np":2,"cix":2,"bm":0,"ix":1,"mn":"ADBE Vector Group","hd":false},{"ty":"gr","it":[{"ty":"gr","it":[{"ind":0,"ty":"sh","ix":1,"ks":{"a":0,"k":{"i":[[0.116,-0.018],[0.84,0.086],[0.575,0.94],[0.065,2.225],[-1.5,1.553],[-1.925,0.439],[-1.575,-0.005]],"o":[[-0.518,0.079],[-3.759,0.117],[-1.209,-1.978],[-0.071,-2.416],[1.359,-1.408],[1.488,-0.34],[1.038,3.846]],"v":[[9.437,10.021],[0.355,9.784],[-7.217,5.788],[-9.482,-0.65],[-7.008,-6.774],[-1.984,-9.604],[2.712,-10.095]],"c":true},"ix":2},"nm":"Path 1","mn":"ADBE Vector Shape - Group","hd":false},{"ty":"fl","c":{"a":0,"k":[0.787999987602,0.549000024796,0.458999991417,1],"ix":4},"o":{"a":0,"k":100,"ix":5},"r":1,"bm":0,"nm":"Fill 1","mn":"ADBE Vector Graphic - Fill","hd":false},{"ty":"tr","p":{"a":0,"k":[323.898,220.047],"ix":2},"a":{"a":0,"k":[0,0],"ix":1},"s":{"a":0,"k":[100,100],"ix":3},"r":{"a":0,"k":0,"ix":6},"o":{"a":0,"k":100,"ix":7},"sk":{"a":0,"k":0,"ix":4},"sa":{"a":0,"k":0,"ix":5},"nm":"Transform"}],"nm":"Group 1","np":2,"cix":2,"bm":0,"ix":1,"mn":"ADBE Vector Group","hd":false},{"ty":"tr","p":{"a":0,"k":[274.096,491.341],"ix":2},"a":{"a":0,"k":[323.875,220.018],"ix":1},"s":{"a":0,"k":[148,148],"ix":3},"r":{"a":0,"k":0,"ix":6},"o":{"a":0,"k":100,"ix":7},"sk":{"a":0,"k":0,"ix":4},"sa":{"a":0,"k":0,"ix":5},"nm":"Transform"}],"nm":"Layer 888","np":1,"cix":2,"bm":0,"ix":2,"mn":"ADBE Vector Group","hd":false}],"ip":0,"op":180,"st":0,"bm":0},{"ddd":0,"ind":14,"ty":4,"nm":"foot_1","sr":1,"ks":{"o":{"a":0,"k":100,"ix":11},"r":{"a":0,"k":0,"ix":10},"p":{"a":0,"k":[268.825,523.295,0],"ix":2},"a":{"a":0,"k":[268.825,523.295,0],"ix":1},"s":{"a":0,"k":[100,100,100],"ix":6}},"ao":0,"shapes":[{"ty":"gr","it":[{"ty":"gr","it":[{"ind":0,"ty":"sh","ix":1,"ks":{"a":0,"k":{"i":[[0.031,-0.058],[0.322,0.191],[0.085,0.15],[0.459,1.204],[0.357,1.23],[-0.116,1.233],[-1.2,1.613],[-1.519,1.039],[-1.103,0.754],[0.525,0.194],[0.53,-0.125],[0.782,-0.484],[1.679,-4.567],[0.127,-0.996],[-0.125,-1.316],[-0.366,-1.375],[-0.327,-4.061],[-0.164,-3.391],[-0.732,-2.19],[-4.35,-1.74],[-1.487,-0.25],[-0.82,0.307],[-0.475,0.957],[-1.376,0.076],[-0.85,0.047],[-0.651,-0.388],[-0.182,-0.377],[-0.333,-0.343],[-0.109,-0.05],[-0.469,0.628],[0.193,0.874],[0.694,1.156],[0.656,0.774],[0.46,0.887],[-0.323,1.15],[-0.048,0.598],[0.454,0.44],[-0.606,0.727],[0.29,0.35],[0.148,0.144],[-0.243,0.499],[-0.128,0.628],[0.266,0.401],[0.215,0.252],[-0.12,0.31],[-0.074,0.108],[0.124,0.523],[0.173,0.469],[-0.244,0.723],[0.256,1.454],[0.749,0.367],[1.159,0.193],[2.937,0.093],[0.489,-1.311],[0.005,-0.521],[0.114,-0.389]],"o":[[-0.15,0.283],[-0.149,-0.088],[-0.643,-1.116],[-0.456,-1.196],[-0.344,-1.191],[0.185,-1.981],[1.113,-1.495],[1.104,-0.753],[-0.485,-0.277],[-0.505,-0.186],[-0.896,0.206],[-3.869,2.39],[-0.347,0.942],[-0.166,1.313],[0.134,1.416],[1.051,3.944],[0.272,3.382],[0.111,2.306],[1.484,4.444],[1.394,0.559],[0.831,0.141],[1.14,-0.428],[0.672,-1.355],[0.85,-0.045],[0.76,-0.041],[0.36,0.213],[0.207,0.43],[0.082,0.084],[0.677,0.31],[0.565,-0.753],[-0.293,-1.327],[-0.522,-0.868],[-0.639,-0.75],[-0.562,-1.085],[0.162,-0.577],[0.052,-0.643],[-0.586,-0.57],[0.292,-0.35],[-0.133,-0.16],[-0.533,-0.519],[0.281,-0.574],[0.097,-0.471],[-0.182,-0.276],[-0.215,-0.251],[0.047,-0.122],[0.302,-0.443],[-0.115,-0.485],[-0.266,-0.717],[0.419,-1.25],[-0.146,-0.821],[-1.056,-0.518],[-2.899,-0.48],[-1.142,-0.036],[-0.185,0.494],[-0.004,0.395],[-0.016,0.059]],"v":[[-5.066,-7.62],[-5.841,-7.29],[-6.17,-7.682],[-7.735,-11.211],[-9.004,-14.835],[-9.263,-18.694],[-7.265,-24.394],[-2.948,-28.046],[0.361,-30.306],[-1.157,-31.013],[-2.572,-31.112],[-5.051,-29.932],[-16.177,-20.191],[-16.787,-17.247],[-16.982,-13.293],[-16.03,-9.139],[-14.259,3.109],[-13.606,13.271],[-12.671,20.111],[-2.856,29.548],[1.455,30.869],[4.101,30.93],[5.559,28.048],[8.473,26.612],[11.021,26.474],[12.981,26.814],[13.903,27.639],[14.366,28.978],[14.658,29.175],[16.542,28.818],[16.86,26.115],[15.271,22.43],[13.524,19.944],[11.667,17.645],[11.487,14.199],[11.932,12.46],[11.278,10.852],[11.22,9.419],[11.486,8.193],[10.992,7.821],[11.292,5.98],[11.996,4.109],[11.79,2.718],[11.117,1.989],[10.864,1.078],[11.071,0.746],[11.356,-0.792],[10.771,-2.168],[10.784,-4.612],[12.403,-8.286],[10.777,-10.064],[7.39,-11.002],[-1.378,-11.862],[-4.814,-10.535],[-5.016,-8.969],[-4.994,-7.796]],"c":true},"ix":2},"nm":"Path 1","mn":"ADBE Vector Shape - Group","hd":false},{"ty":"fl","c":{"a":0,"k":[0.07500000298,0.071000002325,0.067000001669,1],"ix":4},"o":{"a":0,"k":100,"ix":5},"r":1,"bm":0,"nm":"Fill 1","mn":"ADBE Vector Graphic - Fill","hd":false},{"ty":"tr","p":{"a":0,"k":[322.045,240.464],"ix":2},"a":{"a":0,"k":[0,0],"ix":1},"s":{"a":0,"k":[100,100],"ix":3},"r":{"a":0,"k":0,"ix":6},"o":{"a":0,"k":100,"ix":7},"sk":{"a":0,"k":0,"ix":4},"sa":{"a":0,"k":0,"ix":5},"nm":"Transform"}],"nm":"Group 1","np":2,"cix":2,"bm":0,"ix":1,"mn":"ADBE Vector Group","hd":false},{"ty":"tr","p":{"a":0,"k":[271.364,521.526],"ix":2},"a":{"a":0,"k":[322.029,240.413],"ix":1},"s":{"a":0,"k":[148,148],"ix":3},"r":{"a":0,"k":0,"ix":6},"o":{"a":0,"k":100,"ix":7},"sk":{"a":0,"k":0,"ix":4},"sa":{"a":0,"k":0,"ix":5},"nm":"Transform"}],"nm":"Layer 889","np":1,"cix":2,"bm":0,"ix":1,"mn":"ADBE Vector Group","hd":false},{"ty":"gr","it":[{"ty":"gr","it":[{"ind":0,"ty":"sh","ix":1,"ks":{"a":0,"k":{"i":[[-0.777,-0.412],[-0.349,-0.674],[-0.33,-1.381],[-0.558,-1.704],[-1.246,-2.538],[-0.515,-1.094],[-0.793,-1.228],[-0.023,0.133],[-0.084,-0.045],[0.418,-0.975],[0.867,-0.435],[0.958,-0.15],[5.244,1.064],[1.778,1.773],[0.776,2.478],[0.036,4.755],[1.178,4.463],[0.232,2.472],[-0.94,2.076],[-0.733,0.596],[-0.664,0.302],[-0.465,0.229],[-1.494,0.949],[-0.071,0.046],[0.222,-0.854],[0.411,-0.781],[-0.794,-4.138],[-2.554,-3.35],[-0.878,-0.55],[-1.525,1.729],[-0.425,0.331]],"o":[[0.758,0.013],[0.648,1.251],[0.419,1.744],[0.88,2.68],[0.536,1.093],[0.624,1.321],[0.022,-0.132],[0.073,-0.059],[0.087,1.056],[-0.384,0.89],[-0.866,0.435],[-5.318,0.835],[-2.419,-0.49],[-1.851,-1.848],[-1.446,-4.616],[-0.036,-4.639],[-0.628,-2.379],[-0.214,-2.295],[0.39,-0.86],[0.566,-0.46],[0.471,-0.216],[1.587,-0.785],[0.072,-0.046],[0.61,0.637],[-0.221,0.855],[-1.96,3.729],[0.794,4.136],[0.627,0.825],[1.955,1.226],[0.357,-0.404],[0.695,-0.54]],"v":[[7.541,-1.861],[9.334,-0.644],[9.904,3.689],[11.442,8.844],[14.42,16.768],[16.188,19.865],[18.314,23.694],[18.38,23.296],[18.646,23.272],[18.395,26.41],[16.372,28.419],[13.586,29.214],[-2.355,28.33],[-8.848,25.233],[-12.761,18.456],[-13.622,4.757],[-16.56,-9.273],[-18.599,-16.441],[-17.224,-23.288],[-15.604,-25.581],[-13.694,-26.637],[-12.289,-27.305],[-7.663,-29.91],[-7.449,-30.049],[-6.931,-27.625],[-8.043,-25.228],[-9.642,-12.93],[-4.327,-1.588],[-2.143,0.597],[4.152,-0.316],[5.229,-1.518]],"c":true},"ix":2},"nm":"Path 1","mn":"ADBE Vector Shape - Group","hd":false},{"ty":"fl","c":{"a":0,"k":[0.40000000596,0.40000000596,0.40000000596,1],"ix":4},"o":{"a":0,"k":100,"ix":5},"r":1,"bm":0,"nm":"Fill 1","mn":"ADBE Vector Graphic - Fill","hd":false},{"ty":"tr","p":{"a":0,"k":[320.225,244.344],"ix":2},"a":{"a":0,"k":[0,0],"ix":1},"s":{"a":0,"k":[100,100],"ix":3},"r":{"a":0,"k":0,"ix":6},"o":{"a":0,"k":100,"ix":7},"sk":{"a":0,"k":0,"ix":4},"sa":{"a":0,"k":0,"ix":5},"nm":"Transform"}],"nm":"Group 1","np":2,"cix":2,"bm":0,"ix":1,"mn":"ADBE Vector Group","hd":false},{"ty":"tr","p":{"a":0,"k":[268.752,527.006],"ix":2},"a":{"a":0,"k":[320.263,244.116],"ix":1},"s":{"a":0,"k":[148,148],"ix":3},"r":{"a":0,"k":0,"ix":6},"o":{"a":0,"k":100,"ix":7},"sk":{"a":0,"k":0,"ix":4},"sa":{"a":0,"k":0,"ix":5},"nm":"Transform"}],"nm":"Layer 990","np":1,"cix":2,"bm":0,"ix":2,"mn":"ADBE Vector Group","hd":false},{"ty":"gr","it":[{"ty":"gr","it":[{"ind":0,"ty":"sh","ix":1,"ks":{"a":0,"k":{"i":[[-0.161,-0.574],[-0.055,-0.165],[-1.927,-1.438],[-0.703,-0.889],[0.385,-2.765],[-3.345,-5.346],[0.075,-2.788],[0.217,-0.353],[0.351,-0.178],[3.63,1.196],[2.621,1.271],[1.309,2.603],[0.301,2.07],[0.176,1.875],[-0.312,1.187],[-0.194,1.394],[-0.041,1.258],[0.135,1.462],[-0.193,2.441],[-0.689,2.35],[-0.904,1.281],[-4.712,-1.499],[-0.29,-0.197],[-0.165,-0.276],[0.699,-1.098],[0.296,-1.267],[-0.311,-1.377],[-0.351,-1.021]],"o":[[0.047,0.168],[0.775,2.275],[0.909,0.678],[1.972,2.495],[-0.868,6.248],[1.443,2.305],[-0.01,0.415],[-0.206,0.335],[-3.408,1.728],[-2.767,-0.913],[-2.621,-1.271],[-0.971,-1.933],[-0.264,-1.815],[-0.115,-1.229],[0.36,-1.361],[0.174,-1.247],[0.046,-1.466],[-0.222,-2.392],[0.194,-2.45],[0.441,-1.504],[2.775,-3.93],[0.335,0.105],[0.266,0.18],[-1.3,0.047],[-0.698,1.099],[-0.321,1.375],[0.237,1.054],[0.195,0.564]],"v":[[0.981,-14.457],[1.134,-13.957],[5.666,-8.49],[8.236,-6.28],[7.648,2.719],[12.511,20.606],[14.589,28.029],[14.329,29.232],[13.424,29.967],[2.323,29.019],[-5.905,26.093],[-12.275,20.339],[-13.529,14.435],[-14.549,8.994],[-13.611,5.256],[-12.781,1.119],[-12.458,-2.643],[-12.59,-7.041],[-13.31,-14.055],[-11.761,-21.244],[-9.956,-25.561],[2.497,-30.196],[3.454,-29.769],[4.111,-29.074],[0.96,-27.039],[-0.353,-23.384],[-0.669,-19.198],[0.502,-16.181]],"c":true},"ix":2},"nm":"Path 1","mn":"ADBE Vector Shape - Group","hd":false},{"ty":"fl","c":{"a":0,"k":[0.787999987602,0.549000024796,0.458999991417,1],"ix":4},"o":{"a":0,"k":100,"ix":5},"r":1,"bm":0,"nm":"Fill 1","mn":"ADBE Vector Graphic - Fill","hd":false},{"ty":"tr","p":{"a":0,"k":[322.719,240.397],"ix":2},"a":{"a":0,"k":[0,0],"ix":1},"s":{"a":0,"k":[100,100],"ix":3},"r":{"a":0,"k":0,"ix":6},"o":{"a":0,"k":100,"ix":7},"sk":{"a":0,"k":0,"ix":4},"sa":{"a":0,"k":0,"ix":5},"nm":"Transform"}],"nm":"Group 1","np":2,"cix":2,"bm":0,"ix":1,"mn":"ADBE Vector Group","hd":false},{"ty":"tr","p":{"a":0,"k":[272.411,521.565],"ix":2},"a":{"a":0,"k":[322.736,240.44],"ix":1},"s":{"a":0,"k":[148,148],"ix":3},"r":{"a":0,"k":0,"ix":6},"o":{"a":0,"k":100,"ix":7},"sk":{"a":0,"k":0,"ix":4},"sa":{"a":0,"k":0,"ix":5},"nm":"Transform"}],"nm":"Layer 991","np":1,"cix":2,"bm":0,"ix":3,"mn":"ADBE Vector Group","hd":false}],"ip":0,"op":180,"st":0,"bm":0},{"ddd":0,"ind":15,"ty":4,"nm":"hand_1","sr":1,"ks":{"o":{"a":0,"k":100,"ix":11},"r":{"a":0,"k":0,"ix":10},"p":{"a":0,"k":[706.34,660.109,0],"ix":2},"a":{"a":0,"k":[706.34,660.109,0],"ix":1},"s":{"a":0,"k":[100,100,100],"ix":6}},"ao":0,"shapes":[{"ty":"gr","it":[{"ty":"gr","it":[{"ind":0,"ty":"sh","ix":1,"ks":{"a":0,"k":{"i":[[0.139,-0.057],[1.74,-1.772],[-0.206,-2.722],[-4.649,-1.815],[-2.855,-0.787],[-3.54,-0.346],[-1.166,0.096],[-1.183,0.148],[-4.305,-0.712],[-1.103,0.092],[-0.209,0.185],[-0.066,0.213],[1.757,1.522],[2.274,0.476],[2.182,0.797],[1.21,1.598],[-1.678,1.175],[-0.622,0.103],[-5.057,-1.486],[-1.668,-0.472],[-1.96,0.326],[-0.828,0.768],[0.201,1.111],[1.823,0.191],[0.752,0.89],[0.205,0.264],[1.209,0.088],[3.76,1.182],[3.245,1.401],[2.522,0.098],[1.823,-0.353],[4.141,-0.802],[3.526,-1.535]],"o":[[-2.231,0.922],[-1.96,1.997],[0.406,5.334],[2.788,1.087],[3.43,0.944],[1.165,0.113],[1.188,-0.096],[4.33,-0.543],[1.092,0.18],[0.277,-0.024],[0.166,-0.148],[0.691,-2.219],[-1.757,-1.521],[-2.274,-0.476],[-1.883,-0.689],[-1.426,-1.883],[0.42,-0.294],[5.193,-0.855],[4.075,1.198],[1.892,0.534],[1.114,-0.186],[0.829,-0.766],[-0.327,-1.803],[-1.157,-0.122],[-0.215,-0.254],[-0.741,-0.959],[-3.907,-0.283],[-3.387,-1.064],[-2.304,-0.993],[-1.855,-0.071],[-4.14,0.803],[-3.769,0.731],[-0.137,0.059]],"v":[[-30.557,-10.65],[-36.958,-7.294],[-39.325,0.208],[-29.648,11.024],[-21.033,13.219],[-10.55,15.157],[-7.045,15.255],[-3.509,14.73],[9.451,16.12],[12.754,16.357],[13.534,16.102],[13.854,15.524],[11.7,9.299],[5.363,6.581],[-1.427,5.034],[-6.107,1.654],[-4.367,-2.417],[-2.86,-3.239],[11.922,-2.193],[29.311,1.786],[35.144,2.328],[38.192,0.964],[39.33,-2.076],[35.194,-5.096],[31.944,-6.081],[31.383,-6.909],[28.076,-8.122],[16.435,-9.854],[6.025,-14.2],[-0.451,-16.378],[-5.973,-15.742],[-18.393,-13.335],[-30.145,-10.823]],"c":true},"ix":2},"nm":"Path 1","mn":"ADBE Vector Shape - Group","hd":false},{"ty":"fl","c":{"a":0,"k":[0.787999987602,0.549000024796,0.458999991417,1],"ix":4},"o":{"a":0,"k":100,"ix":5},"r":1,"bm":0,"nm":"Fill 1","mn":"ADBE Vector Graphic - Fill","hd":false},{"ty":"tr","p":{"a":0,"k":[615.926,334.051],"ix":2},"a":{"a":0,"k":[0,0],"ix":1},"s":{"a":0,"k":[100,100],"ix":3},"r":{"a":0,"k":0,"ix":6},"o":{"a":0,"k":100,"ix":7},"sk":{"a":0,"k":0,"ix":4},"sa":{"a":0,"k":0,"ix":5},"nm":"Transform"}],"nm":"Group 1","np":2,"cix":2,"bm":0,"ix":1,"mn":"ADBE Vector Group","hd":false},{"ty":"tr","p":{"a":0,"k":[706.34,660.109],"ix":2},"a":{"a":0,"k":[615.931,334.05],"ix":1},"s":{"a":0,"k":[148,148],"ix":3},"r":{"a":0,"k":0,"ix":6},"o":{"a":0,"k":100,"ix":7},"sk":{"a":0,"k":0,"ix":4},"sa":{"a":0,"k":0,"ix":5},"nm":"Transform"}],"nm":"Layer 992","np":1,"cix":2,"bm":0,"ix":1,"mn":"ADBE Vector Group","hd":false},{"ty":"gr","it":[{"ty":"gr","it":[{"ind":0,"ty":"sh","ix":1,"ks":{"a":0,"k":{"i":[[-1.316,1.582],[0.072,0.608],[2.421,1.248],[3.453,1.069],[1.547,-6.455],[2.954,-4.586],[-0.756,-0.057],[-3.942,0.79],[-2.227,-0.844],[-4.276,0.262],[-1.075,-0.276]],"o":[[0.296,-0.356],[-0.374,-3.14],[-3.212,-1.656],[-4.869,-1.508],[-1.55,6.465],[0.448,-0.696],[3.999,0.298],[2.268,-0.454],[2.631,0.996],[1.11,0.017],[1.587,0.406]],"v":[[23.197,7.926],[23.565,6.493],[16.24,-0.047],[6.175,-4.154],[-21.263,-3.053],[-23.636,7.822],[-19.049,7.604],[-6.703,5.584],[-0.284,5.554],[12.742,7.764],[15.985,8.475]],"c":true},"ix":2},"nm":"Path 1","mn":"ADBE Vector Shape - Group","hd":false},{"ty":"fl","c":{"a":0,"k":[0.749000012875,0.505999982357,0.426999986172,1],"ix":4},"o":{"a":0,"k":100,"ix":5},"r":1,"bm":0,"nm":"Fill 1","mn":"ADBE Vector Graphic - Fill","hd":false},{"ty":"tr","p":{"a":0,"k":[627.777,330.15],"ix":2},"a":{"a":0,"k":[0,0],"ix":1},"s":{"a":0,"k":[100,100],"ix":3},"r":{"a":0,"k":0,"ix":6},"o":{"a":0,"k":100,"ix":7},"sk":{"a":0,"k":0,"ix":4},"sa":{"a":0,"k":0,"ix":5},"nm":"Transform"}],"nm":"Group 1","np":2,"cix":2,"bm":0,"ix":1,"mn":"ADBE Vector Group","hd":false},{"ty":"tr","p":{"a":0,"k":[723.832,656.019],"ix":2},"a":{"a":0,"k":[627.75,331.287],"ix":1},"s":{"a":0,"k":[148,148],"ix":3},"r":{"a":0,"k":0,"ix":6},"o":{"a":0,"k":100,"ix":7},"sk":{"a":0,"k":0,"ix":4},"sa":{"a":0,"k":0,"ix":5},"nm":"Transform"}],"nm":"Layer 993","np":1,"cix":2,"bm":0,"ix":2,"mn":"ADBE Vector Group","hd":false}],"ip":0,"op":180,"st":0,"bm":0},{"ddd":0,"ind":16,"ty":4,"nm":"forearm_1","parent":17,"sr":1,"ks":{"o":{"a":0,"k":100,"ix":11},"r":{"a":1,"k":[{"i":{"x":[0.702],"y":[0.571]},"o":{"x":[0.377],"y":[0]},"t":9,"s":[0]},{"i":{"x":[0.676],"y":[0.745]},"o":{"x":[0.362],"y":[0.388]},"t":16,"s":[-24.532]},{"i":{"x":[0.587],"y":[0.749]},"o":{"x":[0.288],"y":[0.316]},"t":24,"s":[-62.201]},{"i":{"x":[0.467],"y":[1]},"o":{"x":[0.186],"y":[0.727]},"t":37,"s":[-106.103]},{"i":{"x":[0.743],"y":[-0.612]},"o":{"x":[0.43],"y":[0]},"t":90,"s":[-134]},{"i":{"x":[0.695],"y":[0.513]},"o":{"x":[0.389],"y":[0.376]},"t":114,"s":[-121.425]},{"i":{"x":[0.653],"y":[0.589]},"o":{"x":[0.327],"y":[0.372]},"t":129,"s":[-70.379]},{"i":{"x":[0.63],"y":[1]},"o":{"x":[0.305],"y":[0.422]},"t":136,"s":[-36.903]},{"t":145,"s":[0]}],"ix":10},"p":{"a":0,"k":[617.642,234.616,0],"ix":2},"a":{"a":0,"k":[617.642,234.616,0],"ix":1},"s":{"a":0,"k":[100,100,100],"ix":6}},"ao":0,"shapes":[{"ty":"gr","it":[{"ind":0,"ty":"sh","ix":1,"ks":{"a":0,"k":{"i":[[9.397,-5.753],[5.434,9.518],[-9.387,5.75],[-5.448,-9.49]],"o":[[-9.417,5.764],[-5.424,-9.499],[9.367,-5.739],[5.459,9.508]],"v":[[9.474,16.542],[-16.735,10.186],[-9.492,-16.567],[16.7,-10.28]],"c":true},"ix":2},"nm":"Path 1","mn":"ADBE Vector Shape - Group","hd":false},{"ty":"fl","c":{"a":0,"k":[0.788000009574,0.54900004069,0.458999992819,1],"ix":4},"o":{"a":0,"k":100,"ix":5},"r":1,"bm":0,"nm":"Fill 1","mn":"ADBE Vector Graphic - Fill","hd":false},{"ty":"tr","p":{"a":0,"k":[618.464,233.404],"ix":2},"a":{"a":0,"k":[0,0],"ix":1},"s":{"a":0,"k":[100,100],"ix":3},"r":{"a":0,"k":0,"ix":6},"o":{"a":0,"k":100,"ix":7},"sk":{"a":0,"k":0,"ix":4},"sa":{"a":0,"k":0,"ix":5},"nm":"Transform"}],"nm":"Group 1","np":2,"cix":2,"bm":0,"ix":1,"mn":"ADBE Vector Group","hd":false},{"ty":"gr","it":[{"ind":0,"ty":"sh","ix":1,"ks":{"a":0,"k":{"i":[[5.35,-16.6],[5.813,-11.767],[4.322,-6.995],[4.257,-0.864],[1.737,3.047],[-0.692,3.545],[-1.394,5.909],[-1.386,10.394],[-8.213,19.308],[-3.511,2.169],[-2.915,-12.116]],"o":[[-2.332,7.234],[-3.459,7.001],[-3.018,4.885],[-3.772,0.765],[-1.464,-2.567],[0.985,-5.049],[2.205,-9.34],[2.74,-20.557],[1.734,-4.076],[9.661,-5.968],[3.273,13.603]],"v":[[22.109,-17.265],[3.055,25.699],[-11.28,59.748],[-20.6,65.924],[-29.09,60.94],[-30.904,53.068],[-26.977,37.728],[-21.247,8.669],[-6.901,-52.175],[1.454,-60.721],[28.322,-51.807]],"c":true},"ix":2},"nm":"Path 1","mn":"ADBE Vector Shape - Group","hd":false},{"ty":"fl","c":{"a":0,"k":[0.788000009574,0.54900004069,0.458999992819,1],"ix":4},"o":{"a":0,"k":100,"ix":5},"r":1,"bm":0,"nm":"Fill 1","mn":"ADBE Vector Graphic - Fill","hd":false},{"ty":"tr","p":{"a":0,"k":[607.655,278.572],"ix":2},"a":{"a":0,"k":[0,0],"ix":1},"s":{"a":0,"k":[100,100],"ix":3},"r":{"a":0,"k":0,"ix":6},"o":{"a":0,"k":100,"ix":7},"sk":{"a":0,"k":0,"ix":4},"sa":{"a":0,"k":0,"ix":5},"nm":"Transform"}],"nm":"Group 2","np":2,"cix":2,"bm":0,"ix":2,"mn":"ADBE Vector Group","hd":false}],"ip":0,"op":180,"st":0,"bm":0},{"ddd":0,"ind":17,"ty":4,"nm":"arm_1","parent":6,"sr":1,"ks":{"o":{"a":0,"k":100,"ix":11},"r":{"a":1,"k":[{"i":{"x":[0.702],"y":[0.576]},"o":{"x":[0.377],"y":[0]},"t":9,"s":[0]},{"i":{"x":[0.676],"y":[0.688]},"o":{"x":[0.362],"y":[0.358]},"t":16,"s":[14.962]},{"i":{"x":[0.587],"y":[0.703]},"o":{"x":[0.288],"y":[0.315]},"t":24,"s":[39.536]},{"i":{"x":[0.467],"y":[1]},"o":{"x":[0.186],"y":[0.594]},"t":37,"s":[74.691]},{"i":{"x":[0.743],"y":[0.014]},"o":{"x":[0.43],"y":[0]},"t":90,"s":[107]},{"i":{"x":[0.695],"y":[0.596]},"o":{"x":[0.389],"y":[0.338]},"t":114,"s":[90.593]},{"i":{"x":[0.653],"y":[0.615]},"o":{"x":[0.327],"y":[0.411]},"t":129,"s":[45.289]},{"i":{"x":[0.63],"y":[1]},"o":{"x":[0.305],"y":[0.423]},"t":136,"s":[22.974]},{"t":145,"s":[0]}],"ix":10},"p":{"a":1,"k":[{"i":{"x":0.236,"y":1},"o":{"x":0.263,"y":0},"t":9,"s":[739.277,431.627,0],"to":[-1.621,-7.123,0],"ti":[0,0,0]},{"i":{"x":0.667,"y":1},"o":{"x":0.555,"y":0},"t":90,"s":[729.552,388.887,0],"to":[0,0,0],"ti":[-1.621,-7.123,0]},{"t":145,"s":[739.277,431.627,0]}],"ix":2},"a":{"a":0,"k":[638.186,179.671,0],"ix":1},"s":{"a":0,"k":[148,148,100],"ix":6}},"ao":0,"shapes":[{"ty":"gr","it":[{"ind":0,"ty":"sh","ix":1,"ks":{"a":0,"k":{"i":[[5.415,-5.14],[6.014,1.596],[2.046,3.849],[-0.261,1.986],[-1.154,5.123],[-13.292,-13.892],[2.049,-1.375]],"o":[[-5.492,5.213],[-7.175,-1.903],[-6.533,-12.293],[0.684,-5.206],[9.905,-43.979],[17.31,18.093],[-2.547,1.71]],"v":[[-2.742,46.618],[-23.785,51.559],[-37.467,40.716],[-34.497,8.681],[-35.14,-7.593],[26.691,-39.263],[21.624,8.518]],"c":true},"ix":2},"nm":"Path 1","mn":"ADBE Vector Shape - Group","hd":false},{"ty":"fl","c":{"a":0,"k":[0.788000009574,0.54900004069,0.458999992819,1],"ix":4},"o":{"a":0,"k":100,"ix":5},"r":1,"bm":0,"nm":"Fill 1","mn":"ADBE Vector Graphic - Fill","hd":false},{"ty":"tr","p":{"a":0,"k":[637.222,199.714],"ix":2},"a":{"a":0,"k":[0,0],"ix":1},"s":{"a":0,"k":[100,100],"ix":3},"r":{"a":0,"k":0,"ix":6},"o":{"a":0,"k":100,"ix":7},"sk":{"a":0,"k":0,"ix":4},"sa":{"a":0,"k":0,"ix":5},"nm":"Transform"}],"nm":"Group 1","np":2,"cix":2,"bm":0,"ix":1,"mn":"ADBE Vector Group","hd":false}],"ip":0,"op":180,"st":0,"bm":0},{"ddd":0,"ind":18,"ty":4,"nm":"mat","sr":1,"ks":{"o":{"a":0,"k":100,"ix":11},"r":{"a":0,"k":0,"ix":10},"p":{"a":0,"k":[590.473,718.836,0],"ix":2},"a":{"a":0,"k":[537.643,373.731,0],"ix":1},"s":{"a":0,"k":[148,148,100],"ix":6}},"ao":0,"shapes":[{"ty":"gr","it":[{"ind":0,"ty":"sh","ix":1,"ks":{"a":0,"k":{"i":[[0,0],[0,0],[0,0],[0,0]],"o":[[0,0],[0,0],[0,0],[0,0]],"v":[[-29.89,8.473],[-29.89,21.103],[29.89,-11.205],[29.89,-21.103]],"c":true},"ix":2},"nm":"Path 1","mn":"ADBE Vector Shape - Group","hd":false},{"ty":"fl","c":{"a":0,"k":[0.258999992819,0.258999992819,0.258999992819,1],"ix":4},"o":{"a":0,"k":100,"ix":5},"r":1,"bm":0,"nm":"Fill 1","mn":"ADBE Vector Graphic - Fill","hd":false},{"ty":"tr","p":{"a":0,"k":[642.577,353.5],"ix":2},"a":{"a":0,"k":[0,0],"ix":1},"s":{"a":0,"k":[100,100],"ix":3},"r":{"a":0,"k":0,"ix":6},"o":{"a":0,"k":100,"ix":7},"sk":{"a":0,"k":0,"ix":4},"sa":{"a":0,"k":0,"ix":5},"nm":"Transform"}],"nm":"Group 1","np":2,"cix":2,"bm":0,"ix":1,"mn":"ADBE Vector Group","hd":false},{"ty":"gr","it":[{"ind":0,"ty":"sh","ix":1,"ks":{"a":0,"k":{"i":[[0,0],[0,0],[0,0],[0,0]],"o":[[0,0],[0,0],[0,0],[0,0]],"v":[[-71.27,4.185],[11.49,25.391],[71.27,-4.185],[-11.491,-25.391]],"c":true},"ix":2},"nm":"Path 1","mn":"ADBE Vector Shape - Group","hd":false},{"ty":"fl","c":{"a":0,"k":[0.419999994016,0.419999994016,0.419999994016,1],"ix":4},"o":{"a":0,"k":100,"ix":5},"r":1,"bm":0,"nm":"Fill 1","mn":"ADBE Vector Graphic - Fill","hd":false},{"ty":"tr","p":{"a":0,"k":[601.198,336.582],"ix":2},"a":{"a":0,"k":[0,0],"ix":1},"s":{"a":0,"k":[100,100],"ix":3},"r":{"a":0,"k":0,"ix":6},"o":{"a":0,"k":100,"ix":7},"sk":{"a":0,"k":0,"ix":4},"sa":{"a":0,"k":0,"ix":5},"nm":"Transform"}],"nm":"Group 2","np":2,"cix":2,"bm":0,"ix":2,"mn":"ADBE Vector Group","hd":false},{"ty":"gr","it":[{"ind":0,"ty":"sh","ix":1,"ks":{"a":0,"k":{"i":[[0,0],[0,0],[0,0],[0,0],[0,0]],"o":[[0,0],[0,0],[0,0],[0,0],[0,0]],"v":[[-71.27,-12.733],[-71.27,-0.925],[11.139,21.103],[71.27,-11.205],[71.27,-21.103]],"c":true},"ix":2},"nm":"Path 1","mn":"ADBE Vector Shape - Group","hd":false},{"ty":"fl","c":{"a":0,"k":[0.337000020345,0.337000020345,0.337000020345,1],"ix":4},"o":{"a":0,"k":100,"ix":5},"r":1,"bm":0,"nm":"Fill 1","mn":"ADBE Vector Graphic - Fill","hd":false},{"ty":"tr","p":{"a":0,"k":[601.198,353.5],"ix":2},"a":{"a":0,"k":[0,0],"ix":1},"s":{"a":0,"k":[100,100],"ix":3},"r":{"a":0,"k":0,"ix":6},"o":{"a":0,"k":100,"ix":7},"sk":{"a":0,"k":0,"ix":4},"sa":{"a":0,"k":0,"ix":5},"nm":"Transform"}],"nm":"Group 3","np":2,"cix":2,"bm":0,"ix":3,"mn":"ADBE Vector Group","hd":false},{"ty":"gr","it":[{"ind":0,"ty":"sh","ix":1,"ks":{"a":0,"k":{"i":[[0,0],[0,0],[0,0],[0,0]],"o":[[0,0],[0,0],[0,0],[0,0]],"v":[[-32.606,9.244],[-32.606,23.02],[32.605,-12.223],[32.605,-23.02]],"c":true},"ix":2},"nm":"Path 1","mn":"ADBE Vector Shape - Group","hd":false},{"ty":"fl","c":{"a":0,"k":[0.258999992819,0.258999992819,0.258999992819,1],"ix":4},"o":{"a":0,"k":100,"ix":5},"r":1,"bm":0,"nm":"Fill 1","mn":"ADBE Vector Graphic - Fill","hd":false},{"ty":"tr","p":{"a":0,"k":[525.703,413.251],"ix":2},"a":{"a":0,"k":[0,0],"ix":1},"s":{"a":0,"k":[100,100],"ix":3},"r":{"a":0,"k":0,"ix":6},"o":{"a":0,"k":100,"ix":7},"sk":{"a":0,"k":0,"ix":4},"sa":{"a":0,"k":0,"ix":5},"nm":"Transform"}],"nm":"Group 4","np":2,"cix":2,"bm":0,"ix":4,"mn":"ADBE Vector Group","hd":false},{"ty":"gr","it":[{"ind":0,"ty":"sh","ix":1,"ks":{"a":0,"k":{"i":[[0,0],[0,0],[0,0],[0,0]],"o":[[0,0],[0,0],[0,0],[0,0]],"v":[[-77.745,4.565],[12.534,27.699],[77.745,-4.566],[-12.534,-27.699]],"c":true},"ix":2},"nm":"Path 1","mn":"ADBE Vector Shape - Group","hd":false},{"ty":"fl","c":{"a":0,"k":[0.419999994016,0.419999994016,0.419999994016,1],"ix":4},"o":{"a":0,"k":100,"ix":5},"r":1,"bm":0,"nm":"Fill 1","mn":"ADBE Vector Graphic - Fill","hd":false},{"ty":"tr","p":{"a":0,"k":[480.563,394.796],"ix":2},"a":{"a":0,"k":[0,0],"ix":1},"s":{"a":0,"k":[100,100],"ix":3},"r":{"a":0,"k":0,"ix":6},"o":{"a":0,"k":100,"ix":7},"sk":{"a":0,"k":0,"ix":4},"sa":{"a":0,"k":0,"ix":5},"nm":"Transform"}],"nm":"Group 5","np":2,"cix":2,"bm":0,"ix":5,"mn":"ADBE Vector Group","hd":false},{"ty":"gr","it":[{"ind":0,"ty":"sh","ix":1,"ks":{"a":0,"k":{"i":[[0,0],[0,0],[0,0],[0,0],[0,0]],"o":[[0,0],[0,0],[0,0],[0,0],[0,0]],"v":[[-77.745,-13.889],[-77.745,-1.009],[12.151,23.02],[77.745,-12.223],[77.745,-23.02]],"c":true},"ix":2},"nm":"Path 1","mn":"ADBE Vector Shape - Group","hd":false},{"ty":"fl","c":{"a":0,"k":[0.337000020345,0.337000020345,0.337000020345,1],"ix":4},"o":{"a":0,"k":100,"ix":5},"r":1,"bm":0,"nm":"Fill 1","mn":"ADBE Vector Graphic - Fill","hd":false},{"ty":"tr","p":{"a":0,"k":[480.563,413.251],"ix":2},"a":{"a":0,"k":[0,0],"ix":1},"s":{"a":0,"k":[100,100],"ix":3},"r":{"a":0,"k":0,"ix":6},"o":{"a":0,"k":100,"ix":7},"sk":{"a":0,"k":0,"ix":4},"sa":{"a":0,"k":0,"ix":5},"nm":"Transform"}],"nm":"Group 6","np":2,"cix":2,"bm":0,"ix":6,"mn":"ADBE Vector Group","hd":false}],"ip":0,"op":180,"st":0,"bm":0}],"markers":[]}